2026-08-22 13:37:37.138 [info] [main] Log level: Info
2026-08-22 13:37:37.138 [info] [main] Validating found git in: "git"
2026-08-22 13:37:37.138 [info] [main] Using git "2.25.1" from "git"
2026-08-22 13:37:37.138 [info] [Model][doInitialScan] Initial repository scan started
2026-08-22 13:37:37.138 [info] > git rev-parse --show-toplevel [4ms]
2026-08-22 13:37:37.138 [info] fatal: not a git repository (or any parent up to mount point /voc)
Stopping at filesystem boundary (GIT_DISCOVERY_ACROSS_FILESYSTEM not set).
2026-08-22 13:37:37.138 [info] > git rev-parse --show-toplevel [4ms]
2026-08-22 13:37:37.138 [info] fatal: not a git repository (or any parent up to mount point /voc)
Stopping at filesystem boundary (GIT_DISCOVERY_ACROSS_FILESYSTEM not set).
2026-08-22 13:37:37.138 [info] > git rev-parse --show-toplevel [4ms]
2026-08-22 13:37:37.138 [info] fatal: not a git repository (or any parent up to mount point /voc)
Stopping at filesystem boundary (GIT_DISCOVERY_ACROSS_FILESYSTEM not set).
2026-08-22 13:37:37.138 [info] > git rev-parse --show-toplevel [4ms]
2026-08-22 13:37:37.138 [info] fatal: not a git repository (or any parent up to mount point /voc)
Stopping at filesystem boundary (GIT_DISCOVERY_ACROSS_FILESYSTEM not set).
2026-08-22 13:37:37.138 [info] > git rev-parse --show-toplevel [4ms]
2026-08-22 13:37:37.138 [info] fatal: not a git repository (or any parent up to mount point /voc)
Stopping at filesystem boundary (GIT_DISCOVERY_ACROSS_FILESYSTEM not set).
2026-08-22 13:37:37.138 [info] > git rev-parse --show-toplevel [4ms]
2026-08-22 13:37:37.138 [info] fatal: not a git repository (or any parent up to mount point /voc)
Stopping at filesystem boundary (GIT_DISCOVERY_ACROSS_FILESYSTEM not set).
2026-08-22 13:37:37.138 [info] > git rev-parse --show-toplevel [4ms]
2026-08-22 13:37:37.138 [info] fatal: not a git repository (or any parent up to mount point /voc)
Stopping at filesystem boundary (GIT_DISCOVERY_ACROSS_FILESYSTEM not set).
2026-08-22 13:37:37.138 [info] > git rev-parse --show-toplevel [5ms]
2026-08-22 13:37:37.138 [info] fatal: not a git repository (or any parent up to mount point /voc)
Stopping at filesystem boundary (GIT_DISCOVERY_ACROSS_FILESYSTEM not set).
2026-08-22 13:37:37.138 [info] > git rev-parse --show-toplevel [4ms]
2026-08-22 13:37:37.138 [info] fatal: not a git repository (or any parent up to mount point /voc)
Stopping at filesystem boundary (GIT_DISCOVERY_ACROSS_FILESYSTEM not set).
2026-08-22 13:37:37.141 [info] > git rev-parse --show-toplevel [4ms]
2026-08-22 13:37:37.141 [info] fatal: not a git repository (or any parent up to mount point /voc)
Stopping at filesystem boundary (GIT_DISCOVERY_ACROSS_FILESYSTEM not set).
2026-08-22 13:37:37.141 [info] > git rev-parse --show-toplevel [3ms]
2026-08-22 13:37:37.141 [info] fatal: not a git repository (or any parent up to mount point /voc)
Stopping at filesystem boundary (GIT_DISCOVERY_ACROSS_FILESYSTEM not set).
2026-08-22 13:37:37.141 [info] [Model][doInitialScan] Initial repository scan completed - repositories (0), closed repositories (0), parent repositories (0), unsafe repositories (0)
2026-08-22 13:47:31.937 [info] > git init [270ms]
2026-08-22 13:47:31.951 [info] > git rev-parse --show-toplevel [9ms]
2026-08-22 13:47:31.965 [info] > git rev-parse --git-dir --git-common-dir --show-superproject-working-tree [10ms]
2026-08-22 13:47:31.973 [info] [Model][openRepository] Opened repository (path): /voc/work
2026-08-22 13:47:31.973 [info] [Model][openRepository] Opened repository (real path): /voc/work
2026-08-22 13:47:31.973 [info] [Model][openRepository] Opened repository (kind): repository
2026-08-22 13:47:31.984 [info] [Git][getRemotes] No remotes found in the git config file
2026-08-22 13:47:31.991 [info] > git config --get commit.template [8ms]
2026-08-22 13:47:31.995 [info] > git for-each-ref --format=%(refname)%00%(upstream:short)%00%(objectname)%00%(upstream:track)%00%(upstream:remotename)%00%(upstream:remoteref) refs/heads/master refs/remotes/master [14ms]
2026-08-22 13:47:31.995 [warning] [Git][getBranch] No such branch: master
2026-08-22 13:47:32.021 [info] > git for-each-ref --sort -committerdate --format %(refname)%00%(objectname)%00%(*objectname) [15ms]
2026-08-22 13:47:32.239 [info] > git status -z -uall [236ms]
2026-08-22 13:47:32.259 [info] [Git][getRemotes] No remotes found in the git config file
2026-08-22 13:47:32.264 [info] > git config --get commit.template [8ms]
2026-08-22 13:47:32.264 [info] > git for-each-ref --format=%(refname)%00%(upstream:short)%00%(objectname)%00%(upstream:track)%00%(upstream:remotename)%00%(upstream:remoteref) refs/heads/master refs/remotes/master [15ms]
2026-08-22 13:47:32.264 [warning] [Git][getBranch] No such branch: master
2026-08-22 13:47:32.268 [error] [GitHistoryProvider][resolveHEADMergeBase] Failed to resolve merge base for master: Error: No such branch: master.
2026-08-22 13:47:32.271 [info] > git for-each-ref --format=%(refname)%00%(upstream:short)%00%(objectname)%00%(upstream:track)%00%(upstream:remotename)%00%(upstream:remoteref) refs/heads/master refs/remotes/master [12ms]
2026-08-22 13:47:32.275 [warning] [Git][getBranch] No such branch: master
2026-08-22 13:47:32.296 [info] > git for-each-ref --sort -committerdate --format %(refname)%00%(objectname)%00%(*objectname) [15ms]
2026-08-22 13:47:32.324 [info] > git status -z -uall [46ms]
2026-08-22 13:47:33.023 [info] > git log --format=%H%n%aN%n%aE%n%at%n%ct%n%P%n%D%n%B -z --shortstat -n50 --skip=0 --topo-order --decorate=full --stdin [12ms]
2026-08-22 13:47:33.023 [info] fatal: bad revision 'refs/heads/master'
2026-08-22 13:47:33.024 [error] [GitHistoryProvider][provideHistoryItems] Failed to get history items with options '{"historyItemRefs":["refs/heads/master"],"limit":50,"skip":0}': Failed to execute git {
  "exitCode": 128,
  "gitCommand": "log",
  "stdout": "",
  "stderr": "fatal: bad revision 'refs/heads/master'\n"
}
2026-08-22 13:47:33.669 [info] > git check-ignore -v -z --stdin [11ms]
2026-08-22 13:47:36.891 [info] [Git][getRemotes] No remotes found in the git config file
2026-08-22 13:47:36.894 [info] > git config --get commit.template [8ms]
2026-08-22 13:47:36.902 [info] > git for-each-ref --format=%(refname)%00%(upstream:short)%00%(objectname)%00%(upstream:track)%00%(upstream:remotename)%00%(upstream:remoteref) refs/heads/master refs/remotes/master [11ms]
2026-08-22 13:47:36.902 [warning] [Git][getBranch] No such branch: master
2026-08-22 13:47:36.923 [info] > git for-each-ref --sort -committerdate --format %(refname)%00%(objectname)%00%(*objectname) [11ms]
2026-08-22 13:47:36.989 [info] > git status -z -uall [80ms]
2026-08-22 13:47:41.998 [info] [Git][getRemotes] No remotes found in the git config file
2026-08-22 13:47:42.005 [info] > git config --get commit.template [8ms]
2026-08-22 13:47:42.013 [info] > git for-each-ref --format=%(refname)%00%(upstream:short)%00%(objectname)%00%(upstream:track)%00%(upstream:remotename)%00%(upstream:remoteref) refs/heads/master refs/remotes/master [12ms]
2026-08-22 13:47:42.013 [warning] [Git][getBranch] No such branch: master
2026-08-22 13:47:42.038 [info] > git for-each-ref --sort -committerdate --format %(refname)%00%(objectname)%00%(*objectname) [16ms]
2026-08-22 13:47:42.106 [info] > git status -z -uall [87ms]
2026-08-22 13:47:47.114 [info] [Git][getRemotes] No remotes found in the git config file
2026-08-22 13:47:47.121 [info] > git config --get commit.template [8ms]
2026-08-22 13:47:47.129 [info] > git for-each-ref --format=%(refname)%00%(upstream:short)%00%(objectname)%00%(upstream:track)%00%(upstream:remotename)%00%(upstream:remoteref) refs/heads/master refs/remotes/master [12ms]
2026-08-22 13:47:47.129 [warning] [Git][getBranch] No such branch: master
2026-08-22 13:47:47.150 [info] > git for-each-ref --sort -committerdate --format %(refname)%00%(objectname)%00%(*objectname) [11ms]
2026-08-22 13:47:47.214 [info] > git status -z -uall [78ms]
2026-08-22 13:47:51.491 [info] > git add -A -- . [3960ms]
2026-08-22 13:47:54.737 [info] > git check-ignore -v -z --stdin [16ms]
2026-08-22 13:47:54.890 [info] > git show --textconv :.git/COMMIT_EDITMSG [13ms]
2026-08-22 13:47:54.895 [info] > git ls-files --stage -- .git/COMMIT_EDITMSG [14ms]
2026-08-22 13:47:54.902 [info] > git hash-object -t tree /dev/null [8ms]
2026-08-22 13:47:54.902 [warning] [GitFileSystemProvider][readFile] File not found - git:/voc/work/.git/COMMIT_EDITMSG.git?%7B%22path%22%3A%22%2Fvoc%2Fwork%2F.git%2FCOMMIT_EDITMSG%22%2C%22ref%22%3A%22%22%7D
2026-08-22 13:47:54.909 [info] > git hash-object -t tree /dev/null [11ms]
2026-08-22 13:47:54.909 [warning] [GitFileSystemProvider][stat] File not found - git:/voc/work/.git/COMMIT_EDITMSG.git?%7B%22path%22%3A%22%2Fvoc%2Fwork%2F.git%2FCOMMIT_EDITMSG%22%2C%22ref%22%3A%22%22%7D
2026-08-22 13:49:16.620 [info] > git -c user.useConfigOnly=true commit --quiet [85125ms]
2026-08-22 13:49:16.621 [info] Aborting commit due to empty commit message.
2026-08-22 13:49:16.629 [info] [Git][getRemotes] No remotes found in the git config file
2026-08-22 13:49:16.635 [info] > git config --get commit.template [10ms]
2026-08-22 13:49:16.642 [info] > git for-each-ref --format=%(refname)%00%(upstream:short)%00%(objectname)%00%(upstream:track)%00%(upstream:remotename)%00%(upstream:remoteref) refs/heads/master refs/remotes/master [12ms]
2026-08-22 13:49:16.642 [warning] [Git][getBranch] No such branch: master
2026-08-22 13:49:16.663 [info] > git for-each-ref --sort -committerdate --format %(refname)%00%(objectname)%00%(*objectname) [12ms]
2026-08-22 13:49:16.883 [info] > git status -z -uall [235ms]
2026-08-22 13:49:16.894 [info] [Git][getRemotes] No remotes found in the git config file
2026-08-22 13:49:16.901 [info] > git config --get commit.template [8ms]
2026-08-22 13:49:16.908 [info] > git for-each-ref --format=%(refname)%00%(upstream:short)%00%(objectname)%00%(upstream:track)%00%(upstream:remotename)%00%(upstream:remoteref) refs/heads/master refs/remotes/master [11ms]
2026-08-22 13:49:16.909 [warning] [Git][getBranch] No such branch: master
2026-08-22 13:49:16.932 [info] > git for-each-ref --sort -committerdate --format %(refname)%00%(objectname)%00%(*objectname) [13ms]
2026-08-22 13:49:16.966 [info] > git status -z -uall [50ms]
2026-08-22 13:49:21.974 [info] [Git][getRemotes] No remotes found in the git config file
2026-08-22 13:49:21.979 [info] > git config --get commit.template [6ms]
2026-08-22 13:49:21.986 [info] > git for-each-ref --format=%(refname)%00%(upstream:short)%00%(objectname)%00%(upstream:track)%00%(upstream:remotename)%00%(upstream:remoteref) refs/heads/master refs/remotes/master [8ms]
2026-08-22 13:49:21.987 [warning] [Git][getBranch] No such branch: master
2026-08-22 13:49:22.008 [info] > git for-each-ref --sort -committerdate --format %(refname)%00%(objectname)%00%(*objectname) [11ms]
2026-08-22 13:49:22.082 [info] > git status -z -uall [87ms]
2026-08-22 13:49:26.873 [info] > git check-ignore -v -z --stdin [8ms]
2026-08-22 13:49:27.091 [info] [Git][getRemotes] No remotes found in the git config file
2026-08-22 13:49:27.096 [info] > git config --get commit.template [6ms]
2026-08-22 13:49:27.103 [info] > git for-each-ref --format=%(refname)%00%(upstream:short)%00%(objectname)%00%(upstream:track)%00%(upstream:remotename)%00%(upstream:remoteref) refs/heads/master refs/remotes/master [7ms]
2026-08-22 13:49:27.103 [warning] [Git][getBranch] No such branch: master
2026-08-22 13:49:27.124 [info] > git for-each-ref --sort -committerdate --format %(refname)%00%(objectname)%00%(*objectname) [8ms]
2026-08-22 13:49:27.162 [info] > git status -z -uall [50ms]
2026-08-22 13:49:32.171 [info] [Git][getRemotes] No remotes found in the git config file
2026-08-22 13:49:32.176 [info] > git config --get commit.template [5ms]
2026-08-22 13:49:32.182 [info] > git for-each-ref --format=%(refname)%00%(upstream:short)%00%(objectname)%00%(upstream:track)%00%(upstream:remotename)%00%(upstream:remoteref) refs/heads/master refs/remotes/master [8ms]
2026-08-22 13:49:32.183 [warning] [Git][getBranch] No such branch: master
2026-08-22 13:49:32.198 [info] > git for-each-ref --sort -committerdate --format %(refname)%00%(objectname)%00%(*objectname) [8ms]
2026-08-22 13:49:32.324 [info] > git status -z -uall [138ms]
2026-08-22 13:49:37.332 [info] [Git][getRemotes] No remotes found in the git config file
2026-08-22 13:49:37.336 [info] > git config --get commit.template [5ms]
2026-08-22 13:49:37.342 [info] > git for-each-ref --format=%(refname)%00%(upstream:short)%00%(objectname)%00%(upstream:track)%00%(upstream:remotename)%00%(upstream:remoteref) refs/heads/master refs/remotes/master [7ms]
2026-08-22 13:49:37.342 [warning] [Git][getBranch] No such branch: master
2026-08-22 13:49:37.361 [info] > git for-each-ref --sort -committerdate --format %(refname)%00%(objectname)%00%(*objectname) [9ms]
2026-08-22 13:49:37.392 [info] > git status -z -uall [43ms]
2026-08-22 13:49:42.404 [info] [Git][getRemotes] No remotes found in the git config file
2026-08-22 13:49:42.408 [info] > git config --get commit.template [9ms]
2026-08-22 13:49:42.413 [info] > git for-each-ref --format=%(refname)%00%(upstream:short)%00%(objectname)%00%(upstream:track)%00%(upstream:remotename)%00%(upstream:remoteref) refs/heads/master refs/remotes/master [10ms]
2026-08-22 13:49:42.413 [warning] [Git][getBranch] No such branch: master
2026-08-22 13:49:42.429 [info] > git for-each-ref --sort -committerdate --format %(refname)%00%(objectname)%00%(*objectname) [8ms]
2026-08-22 13:49:42.482 [info] > git status -z -uall [65ms]
2026-08-22 13:49:47.493 [info] [Git][getRemotes] No remotes found in the git config file
2026-08-22 13:49:47.498 [info] > git config --get commit.template [9ms]
2026-08-22 13:49:47.502 [info] > git for-each-ref --format=%(refname)%00%(upstream:short)%00%(objectname)%00%(upstream:track)%00%(upstream:remotename)%00%(upstream:remoteref) refs/heads/master refs/remotes/master [9ms]
2026-08-22 13:49:47.502 [warning] [Git][getBranch] No such branch: master
2026-08-22 13:49:47.517 [info] > git for-each-ref --sort -committerdate --format %(refname)%00%(objectname)%00%(*objectname) [8ms]
2026-08-22 13:49:47.553 [info] > git status -z -uall [48ms]
2026-08-22 13:49:52.561 [info] [Git][getRemotes] No remotes found in the git config file
2026-08-22 13:49:52.565 [info] > git config --get commit.template [5ms]
2026-08-22 13:49:52.573 [info] > git for-each-ref --format=%(refname)%00%(upstream:short)%00%(objectname)%00%(upstream:track)%00%(upstream:remotename)%00%(upstream:remoteref) refs/heads/master refs/remotes/master [9ms]
2026-08-22 13:49:52.573 [warning] [Git][getBranch] No such branch: master
2026-08-22 13:49:52.590 [info] > git for-each-ref --sort -committerdate --format %(refname)%00%(objectname)%00%(*objectname) [10ms]
2026-08-22 13:49:52.626 [info] > git status -z -uall [50ms]
2026-08-22 13:49:57.634 [info] [Git][getRemotes] No remotes found in the git config file
2026-08-22 13:49:57.639 [info] > git config --get commit.template [6ms]
2026-08-22 13:49:57.647 [info] > git for-each-ref --format=%(refname)%00%(upstream:short)%00%(objectname)%00%(upstream:track)%00%(upstream:remotename)%00%(upstream:remoteref) refs/heads/master refs/remotes/master [9ms]
2026-08-22 13:49:57.647 [warning] [Git][getBranch] No such branch: master
2026-08-22 13:49:57.665 [info] > git for-each-ref --sort -committerdate --format %(refname)%00%(objectname)%00%(*objectname) [11ms]
2026-08-22 13:49:57.755 [info] > git status -z -uall [104ms]
2026-08-22 13:50:02.766 [info] [Git][getRemotes] No remotes found in the git config file
2026-08-22 13:50:02.771 [info] > git config --get commit.template [9ms]
2026-08-22 13:50:02.775 [info] > git for-each-ref --format=%(refname)%00%(upstream:short)%00%(objectname)%00%(upstream:track)%00%(upstream:remotename)%00%(upstream:remoteref) refs/heads/master refs/remotes/master [9ms]
2026-08-22 13:50:02.775 [warning] [Git][getBranch] No such branch: master
2026-08-22 13:50:02.796 [info] > git for-each-ref --sort -committerdate --format %(refname)%00%(objectname)%00%(*objectname) [11ms]
2026-08-22 13:50:02.837 [info] > git status -z -uall [55ms]
2026-08-22 13:50:07.846 [info] [Git][getRemotes] No remotes found in the git config file
2026-08-22 13:50:07.851 [info] > git config --get commit.template [5ms]
2026-08-22 13:50:07.856 [info] > git for-each-ref --format=%(refname)%00%(upstream:short)%00%(objectname)%00%(upstream:track)%00%(upstream:remotename)%00%(upstream:remoteref) refs/heads/master refs/remotes/master [7ms]
2026-08-22 13:50:07.856 [warning] [Git][getBranch] No such branch: master
2026-08-22 13:50:07.875 [info] > git for-each-ref --sort -committerdate --format %(refname)%00%(objectname)%00%(*objectname) [8ms]
2026-08-22 13:50:07.914 [info] > git status -z -uall [50ms]
2026-08-22 13:50:12.922 [info] [Git][getRemotes] No remotes found in the git config file
2026-08-22 13:50:12.926 [info] > git config --get commit.template [6ms]
2026-08-22 13:50:12.932 [info] > git for-each-ref --format=%(refname)%00%(upstream:short)%00%(objectname)%00%(upstream:track)%00%(upstream:remotename)%00%(upstream:remoteref) refs/heads/master refs/remotes/master [7ms]
2026-08-22 13:50:12.932 [warning] [Git][getBranch] No such branch: master
2026-08-22 13:50:12.948 [info] > git for-each-ref --sort -committerdate --format %(refname)%00%(objectname)%00%(*objectname) [9ms]
2026-08-22 13:50:12.982 [info] > git status -z -uall [46ms]
2026-08-22 13:50:19.650 [info] [Git][getRemotes] No remotes found in the git config file
2026-08-22 13:50:19.655 [info] > git config --get commit.template [6ms]
2026-08-22 13:50:19.662 [info] > git for-each-ref --format=%(refname)%00%(upstream:short)%00%(objectname)%00%(upstream:track)%00%(upstream:remotename)%00%(upstream:remoteref) refs/heads/master refs/remotes/master [8ms]
2026-08-22 13:50:19.662 [warning] [Git][getBranch] No such branch: master
2026-08-22 13:50:19.679 [info] > git for-each-ref --sort -committerdate --format %(refname)%00%(objectname)%00%(*objectname) [10ms]
2026-08-22 13:50:19.718 [info] > git status -z -uall [52ms]
2026-08-22 13:50:22.791 [info] > git for-each-ref --sort -committerdate --format %(refname)%00%(objectname)%00%(*objectname)%00%(parent)%00%(*parent)%00%(authorname)%00%(*authorname)%00%(committerdate:unix)%00%(*committerdate:unix)%00%(subject)%00%(*subject)%00%(upstream:track) [7ms]
2026-08-22 13:50:24.387 [info] > git for-each-ref --sort -committerdate --format %(refname)%00%(objectname)%00%(*objectname)%00%(parent)%00%(*parent)%00%(authorname)%00%(*authorname)%00%(committerdate:unix)%00%(*committerdate:unix)%00%(subject)%00%(*subject)%00%(upstream:track) [8ms]
2026-08-22 13:50:24.728 [info] [Git][getRemotes] No remotes found in the git config file
2026-08-22 13:50:24.733 [info] > git config --get commit.template [8ms]
2026-08-22 13:50:24.736 [info] > git for-each-ref --format=%(refname)%00%(upstream:short)%00%(objectname)%00%(upstream:track)%00%(upstream:remotename)%00%(upstream:remoteref) refs/heads/master refs/remotes/master [8ms]
2026-08-22 13:50:24.736 [warning] [Git][getBranch] No such branch: master
2026-08-22 13:50:24.751 [info] > git for-each-ref --sort -committerdate --format %(refname)%00%(objectname)%00%(*objectname) [8ms]
2026-08-22 13:50:24.787 [info] > git status -z -uall [47ms]
2026-08-22 13:50:25.243 [info] > git for-each-ref --sort -committerdate --format %(refname)%00%(objectname)%00%(*objectname)%00%(parent)%00%(*parent)%00%(authorname)%00%(*authorname)%00%(committerdate:unix)%00%(*committerdate:unix)%00%(subject)%00%(*subject)%00%(upstream:track) [7ms]
2026-08-22 13:50:29.795 [info] [Git][getRemotes] No remotes found in the git config file
2026-08-22 13:50:29.800 [info] > git config --get commit.template [6ms]
2026-08-22 13:50:29.807 [info] > git for-each-ref --format=%(refname)%00%(upstream:short)%00%(objectname)%00%(upstream:track)%00%(upstream:remotename)%00%(upstream:remoteref) refs/heads/master refs/remotes/master [8ms]
2026-08-22 13:50:29.807 [warning] [Git][getBranch] No such branch: master
2026-08-22 13:50:29.828 [info] > git for-each-ref --sort -committerdate --format %(refname)%00%(objectname)%00%(*objectname) [10ms]
2026-08-22 13:50:29.859 [info] > git status -z -uall [45ms]
2026-08-22 13:50:34.870 [info] [Git][getRemotes] No remotes found in the git config file
2026-08-22 13:50:34.875 [info] > git config --get commit.template [9ms]
2026-08-22 13:50:34.880 [info] > git for-each-ref --format=%(refname)%00%(upstream:short)%00%(objectname)%00%(upstream:track)%00%(upstream:remotename)%00%(upstream:remoteref) refs/heads/master refs/remotes/master [10ms]
2026-08-22 13:50:34.880 [warning] [Git][getBranch] No such branch: master
2026-08-22 13:50:34.897 [info] > git for-each-ref --sort -committerdate --format %(refname)%00%(objectname)%00%(*objectname) [10ms]
2026-08-22 13:50:34.937 [info] > git status -z -uall [53ms]
2026-08-22 13:50:39.949 [info] [Git][getRemotes] No remotes found in the git config file
2026-08-22 13:50:39.953 [info] > git config --get commit.template [8ms]
2026-08-22 13:50:39.958 [info] > git for-each-ref --format=%(refname)%00%(upstream:short)%00%(objectname)%00%(upstream:track)%00%(upstream:remotename)%00%(upstream:remoteref) refs/heads/master refs/remotes/master [9ms]
2026-08-22 13:50:39.958 [warning] [Git][getBranch] No such branch: master
2026-08-22 13:50:39.975 [info] > git for-each-ref --sort -committerdate --format %(refname)%00%(objectname)%00%(*objectname) [11ms]
2026-08-22 13:50:40.016 [info] > git status -z -uall [54ms]
2026-08-22 13:50:45.022 [info] [Git][getRemotes] No remotes found in the git config file
2026-08-22 13:50:45.027 [info] > git config --get commit.template [6ms]
2026-08-22 13:50:45.034 [info] > git for-each-ref --format=%(refname)%00%(upstream:short)%00%(objectname)%00%(upstream:track)%00%(upstream:remotename)%00%(upstream:remoteref) refs/heads/master refs/remotes/master [9ms]
2026-08-22 13:50:45.034 [warning] [Git][getBranch] No such branch: master
2026-08-22 13:50:45.051 [info] > git for-each-ref --sort -committerdate --format %(refname)%00%(objectname)%00%(*objectname) [10ms]
2026-08-22 13:50:45.086 [info] > git status -z -uall [48ms]
2026-08-22 13:50:47.546 [info] > git check-ignore -v -z --stdin [8ms]
2026-08-22 13:50:48.258 [info] > git check-ignore -v -z --stdin [9ms]
2026-08-22 13:50:50.094 [info] [Git][getRemotes] No remotes found in the git config file
2026-08-22 13:50:50.098 [info] > git config --get commit.template [5ms]
2026-08-22 13:50:50.104 [info] > git for-each-ref --format=%(refname)%00%(upstream:short)%00%(objectname)%00%(upstream:track)%00%(upstream:remotename)%00%(upstream:remoteref) refs/heads/master refs/remotes/master [7ms]
2026-08-22 13:50:50.104 [warning] [Git][getBranch] No such branch: master
2026-08-22 13:50:50.120 [info] > git for-each-ref --sort -committerdate --format %(refname)%00%(objectname)%00%(*objectname) [9ms]
2026-08-22 13:50:50.194 [info] > git status -z -uall [87ms]
2026-08-22 13:50:51.629 [info] > git check-ignore -v -z --stdin [9ms]
2026-08-22 13:50:53.834 [info] > git ls-files --stage -- .local/share/code-server/logs/20260822T133720/exthost1/vscode.git/Git.log [8ms]
2026-08-22 13:50:53.845 [info] > git show --textconv :.local/share/code-server/logs/20260822T133720/exthost1/vscode.git/Git.log [22ms]
2026-08-22 13:50:53.850 [info] > git cat-file -s 4008c42f98f0b057adeec073c6e17f38eed2a3df [13ms]
2026-08-22 13:50:54.339 [info] > git check-ignore -v -z --stdin [8ms]
2026-08-22 13:50:54.987 [info] > git show --textconv HEAD:.local/share/code-server/logs/20260822T133720/exthost1/vscode.git/Git.log [9ms]
2026-08-22 13:50:54.988 [warning] [GitFileSystemProvider][readFile] File not found - git:/voc/work/.local/share/code-server/logs/20260822T133720/exthost1/vscode.git/Git.log.git?%7B%22path%22%3A%22%2Fvoc%2Fwork%2F.local%2Fshare%2Fcode-server%2Flogs%2F20260822T133720%2Fexthost1%2Fvscode.git%2FGit.log%22%2C%22ref%22%3A%22HEAD%22%7D
2026-08-22 13:50:54.992 [info] > git ls-tree -l HEAD -- .local/share/code-server/logs/20260822T133720/exthost1/vscode.git/Git.log [10ms]
2026-08-22 13:50:54.995 [info] fatal: Not a valid object name HEAD
2026-08-22 13:50:54.995 [warning] [GitFileSystemProvider][stat] File not found - git:/voc/work/.local/share/code-server/logs/20260822T133720/exthost1/vscode.git/Git.log.git?%7B%22path%22%3A%22%2Fvoc%2Fwork%2F.local%2Fshare%2Fcode-server%2Flogs%2F20260822T133720%2Fexthost1%2Fvscode.git%2FGit.log%22%2C%22ref%22%3A%22HEAD%22%7D
2026-08-22 13:50:55.202 [info] [Git][getRemotes] No remotes found in the git config file
2026-08-22 13:50:55.206 [info] > git config --get commit.template [5ms]
2026-08-22 13:50:55.211 [info] > git for-each-ref --format=%(refname)%00%(upstream:short)%00%(objectname)%00%(upstream:track)%00%(upstream:remotename)%00%(upstream:remoteref) refs/heads/master refs/remotes/master [6ms]
2026-08-22 13:50:55.211 [warning] [Git][getBranch] No such branch: master
2026-08-22 13:50:55.227 [info] > git for-each-ref --sort -committerdate --format %(refname)%00%(objectname)%00%(*objectname) [9ms]
2026-08-22 13:50:55.261 [info] > git status -z -uall [46ms]
2026-08-22 13:51:00.269 [info] [Git][getRemotes] No remotes found in the git config file
2026-08-22 13:51:00.274 [info] > git config --get commit.template [5ms]
2026-08-22 13:51:00.279 [info] > git for-each-ref --format=%(refname)%00%(upstream:short)%00%(objectname)%00%(upstream:track)%00%(upstream:remotename)%00%(upstream:remoteref) refs/heads/master refs/remotes/master [7ms]
2026-08-22 13:51:00.279 [warning] [Git][getBranch] No such branch: master
2026-08-22 13:51:00.294 [info] > git for-each-ref --sort -committerdate --format %(refname)%00%(objectname)%00%(*objectname) [8ms]
2026-08-22 13:51:00.330 [info] > git status -z -uall [47ms]
2026-08-22 13:51:05.340 [info] [Git][getRemotes] No remotes found in the git config file
2026-08-22 13:51:05.344 [info] > git config --get commit.template [8ms]
2026-08-22 13:51:05.348 [info] > git for-each-ref --format=%(refname)%00%(upstream:short)%00%(objectname)%00%(upstream:track)%00%(upstream:remotename)%00%(upstream:remoteref) refs/heads/master refs/remotes/master [8ms]
2026-08-22 13:51:05.348 [warning] [Git][getBranch] No such branch: master
2026-08-22 13:51:05.363 [info] > git for-each-ref --sort -committerdate --format %(refname)%00%(objectname)%00%(*objectname) [9ms]
2026-08-22 13:51:05.397 [info] > git status -z -uall [46ms]
2026-08-22 13:51:10.407 [info] [Git][getRemotes] No remotes found in the git config file
2026-08-22 13:51:10.411 [info] > git config --get commit.template [7ms]
2026-08-22 13:51:10.418 [info] > git for-each-ref --format=%(refname)%00%(upstream:short)%00%(objectname)%00%(upstream:track)%00%(upstream:remotename)%00%(upstream:remoteref) refs/heads/master refs/remotes/master [8ms]
2026-08-22 13:51:10.418 [warning] [Git][getBranch] No such branch: master
2026-08-22 13:51:10.433 [info] > git for-each-ref --sort -committerdate --format %(refname)%00%(objectname)%00%(*objectname) [8ms]
2026-08-22 13:51:10.470 [info] > git status -z -uall [49ms]
2026-08-22 13:51:15.480 [info] [Git][getRemotes] No remotes found in the git config file
2026-08-22 13:51:15.486 [info] > git config --get commit.template [9ms]
2026-08-22 13:51:15.490 [info] > git for-each-ref --format=%(refname)%00%(upstream:short)%00%(objectname)%00%(upstream:track)%00%(upstream:remotename)%00%(upstream:remoteref) refs/heads/master refs/remotes/master [10ms]
2026-08-22 13:51:15.490 [warning] [Git][getBranch] No such branch: master
2026-08-22 13:51:15.506 [info] > git for-each-ref --sort -committerdate --format %(refname)%00%(objectname)%00%(*objectname) [10ms]
2026-08-22 13:51:15.542 [info] > git status -z -uall [49ms]
2026-08-22 13:51:16.475 [info] > git check-ignore -v -z --stdin [9ms]
2026-08-22 13:51:20.549 [info] [Git][getRemotes] No remotes found in the git config file
2026-08-22 13:51:20.554 [info] > git config --get commit.template [6ms]
2026-08-22 13:51:20.560 [info] > git for-each-ref --format=%(refname)%00%(upstream:short)%00%(objectname)%00%(upstream:track)%00%(upstream:remotename)%00%(upstream:remoteref) refs/heads/master refs/remotes/master [8ms]
2026-08-22 13:51:20.560 [warning] [Git][getBranch] No such branch: master
2026-08-22 13:51:20.581 [info] > git for-each-ref --sort -committerdate --format %(refname)%00%(objectname)%00%(*objectname) [9ms]
2026-08-22 13:51:20.620 [info] > git status -z -uall [52ms]
2026-08-22 13:51:37.581 [info] [Git][getRemotes] No remotes found in the git config file
2026-08-22 13:51:37.586 [info] > git ls-files --stage -- .local/share/code-server/logs/20260822T133720/exthost1/vscode.git/Git.log [9ms]
2026-08-22 13:51:37.593 [info] > git config --get commit.template [12ms]
2026-08-22 13:51:37.597 [info] > git for-each-ref --format=%(refname)%00%(upstream:short)%00%(objectname)%00%(upstream:track)%00%(upstream:remotename)%00%(upstream:remoteref) refs/heads/master refs/remotes/master [13ms]
2026-08-22 13:51:37.597 [warning] [Git][getBranch] No such branch: master
2026-08-22 13:51:37.603 [info] > git cat-file -s 4008c42f98f0b057adeec073c6e17f38eed2a3df [15ms]
2026-08-22 13:51:37.613 [info] > git for-each-ref --sort -committerdate --format %(refname)%00%(objectname)%00%(*objectname) [10ms]
2026-08-22 13:51:37.664 [info] > git status -z -uall [64ms]
2026-08-22 13:51:42.675 [info] [Git][getRemotes] No remotes found in the git config file
2026-08-22 13:51:42.680 [info] > git config --get commit.template [9ms]
2026-08-22 13:51:42.685 [info] > git for-each-ref --format=%(refname)%00%(upstream:short)%00%(objectname)%00%(upstream:track)%00%(upstream:remotename)%00%(upstream:remoteref) refs/heads/master refs/remotes/master [10ms]
2026-08-22 13:51:42.685 [warning] [Git][getBranch] No such branch: master
2026-08-22 13:51:42.702 [info] > git for-each-ref --sort -committerdate --format %(refname)%00%(objectname)%00%(*objectname) [11ms]
2026-08-22 13:51:42.738 [info] > git status -z -uall [50ms]
2026-08-22 13:51:44.128 [info] > git check-ignore -v -z --stdin [11ms]
2026-08-22 13:51:47.747 [info] [Git][getRemotes] No remotes found in the git config file
2026-08-22 13:51:47.752 [info] > git config --get commit.template [8ms]
2026-08-22 13:51:47.755 [info] > git for-each-ref --format=%(refname)%00%(upstream:short)%00%(objectname)%00%(upstream:track)%00%(upstream:remotename)%00%(upstream:remoteref) refs/heads/master refs/remotes/master [8ms]
2026-08-22 13:51:47.755 [warning] [Git][getBranch] No such branch: master
2026-08-22 13:51:47.769 [info] > git for-each-ref --sort -committerdate --format %(refname)%00%(objectname)%00%(*objectname) [9ms]
2026-08-22 13:51:47.805 [info] > git status -z -uall [47ms]
2026-08-22 13:51:52.812 [info] [Git][getRemotes] No remotes found in the git config file
2026-08-22 13:51:52.817 [info] > git config --get commit.template [5ms]
2026-08-22 13:51:52.823 [info] > git for-each-ref --format=%(refname)%00%(upstream:short)%00%(objectname)%00%(upstream:track)%00%(upstream:remotename)%00%(upstream:remoteref) refs/heads/master refs/remotes/master [8ms]
2026-08-22 13:51:52.823 [warning] [Git][getBranch] No such branch: master
2026-08-22 13:51:52.838 [info] > git for-each-ref --sort -committerdate --format %(refname)%00%(objectname)%00%(*objectname) [8ms]
2026-08-22 13:51:52.915 [info] > git status -z -uall [88ms]
2026-08-22 13:51:57.923 [info] [Git][getRemotes] No remotes found in the git config file
2026-08-22 13:51:57.927 [info] > git config --get commit.template [5ms]
2026-08-22 13:51:57.933 [info] > git for-each-ref --format=%(refname)%00%(upstream:short)%00%(objectname)%00%(upstream:track)%00%(upstream:remotename)%00%(upstream:remoteref) refs/heads/master refs/remotes/master [7ms]
2026-08-22 13:51:57.933 [warning] [Git][getBranch] No such branch: master
2026-08-22 13:51:57.951 [info] > git for-each-ref --sort -committerdate --format %(refname)%00%(objectname)%00%(*objectname) [8ms]
2026-08-22 13:51:57.988 [info] > git status -z -uall [48ms]
2026-08-22 13:52:02.995 [info] [Git][getRemotes] No remotes found in the git config file
2026-08-22 13:52:03.000 [info] > git config --get commit.template [6ms]
2026-08-22 13:52:03.006 [info] > git for-each-ref --format=%(refname)%00%(upstream:short)%00%(objectname)%00%(upstream:track)%00%(upstream:remotename)%00%(upstream:remoteref) refs/heads/master refs/remotes/master [8ms]
2026-08-22 13:52:03.006 [warning] [Git][getBranch] No such branch: master
2026-08-22 13:52:03.021 [info] > git for-each-ref --sort -committerdate --format %(refname)%00%(objectname)%00%(*objectname) [8ms]
2026-08-22 13:52:03.058 [info] > git status -z -uall [48ms]
2026-08-22 13:52:08.066 [info] [Git][getRemotes] No remotes found in the git config file
2026-08-22 13:52:08.070 [info] > git config --get commit.template [5ms]
2026-08-22 13:52:08.076 [info] > git for-each-ref --format=%(refname)%00%(upstream:short)%00%(objectname)%00%(upstream:track)%00%(upstream:remotename)%00%(upstream:remoteref) refs/heads/master refs/remotes/master [7ms]
2026-08-22 13:52:08.076 [warning] [Git][getBranch] No such branch: master
2026-08-22 13:52:08.094 [info] > git for-each-ref --sort -committerdate --format %(refname)%00%(objectname)%00%(*objectname) [8ms]
2026-08-22 13:52:08.131 [info] > git status -z -uall [48ms]
2026-08-22 13:52:13.139 [info] [Git][getRemotes] No remotes found in the git config file
2026-08-22 13:52:13.144 [info] > git config --get commit.template [6ms]
2026-08-22 13:52:13.152 [info] > git for-each-ref --format=%(refname)%00%(upstream:short)%00%(objectname)%00%(upstream:track)%00%(upstream:remotename)%00%(upstream:remoteref) refs/heads/master refs/remotes/master [10ms]
2026-08-22 13:52:13.152 [warning] [Git][getBranch] No such branch: master
2026-08-22 13:52:13.166 [info] > git for-each-ref --sort -committerdate --format %(refname)%00%(objectname)%00%(*objectname) [8ms]
2026-08-22 13:52:13.201 [info] > git status -z -uall [46ms]
2026-08-22 13:52:18.211 [info] [Git][getRemotes] No remotes found in the git config file
2026-08-22 13:52:18.215 [info] > git config --get commit.template [8ms]
2026-08-22 13:52:18.220 [info] > git for-each-ref --format=%(refname)%00%(upstream:short)%00%(objectname)%00%(upstream:track)%00%(upstream:remotename)%00%(upstream:remoteref) refs/heads/master refs/remotes/master [10ms]
2026-08-22 13:52:18.220 [warning] [Git][getBranch] No such branch: master
2026-08-22 13:52:18.235 [info] > git for-each-ref --sort -committerdate --format %(refname)%00%(objectname)%00%(*objectname) [8ms]
2026-08-22 13:52:18.269 [info] > git status -z -uall [45ms]
2026-08-22 13:52:23.277 [info] [Git][getRemotes] No remotes found in the git config file
2026-08-22 13:52:23.282 [info] > git config --get commit.template [6ms]
2026-08-22 13:52:23.286 [info] > git for-each-ref --format=%(refname)%00%(upstream:short)%00%(objectname)%00%(upstream:track)%00%(upstream:remotename)%00%(upstream:remoteref) refs/heads/master refs/remotes/master [7ms]
2026-08-22 13:52:23.286 [warning] [Git][getBranch] No such branch: master
2026-08-22 13:52:23.302 [info] > git for-each-ref --sort -committerdate --format %(refname)%00%(objectname)%00%(*objectname) [9ms]
2026-08-22 13:52:23.336 [info] > git status -z -uall [46ms]
2026-08-22 13:52:28.347 [info] [Git][getRemotes] No remotes found in the git config file
2026-08-22 13:52:28.351 [info] > git config --get commit.template [9ms]
2026-08-22 13:52:28.355 [info] > git for-each-ref --format=%(refname)%00%(upstream:short)%00%(objectname)%00%(upstream:track)%00%(upstream:remotename)%00%(upstream:remoteref) refs/heads/master refs/remotes/master [9ms]
2026-08-22 13:52:28.355 [warning] [Git][getBranch] No such branch: master
2026-08-22 13:52:28.369 [info] > git for-each-ref --sort -committerdate --format %(refname)%00%(objectname)%00%(*objectname) [8ms]
2026-08-22 13:52:28.403 [info] > git status -z -uall [45ms]
2026-08-22 13:52:33.414 [info] [Git][getRemotes] No remotes found in the git config file
2026-08-22 13:52:33.418 [info] > git config --get commit.template [8ms]
2026-08-22 13:52:33.422 [info] > git for-each-ref --format=%(refname)%00%(upstream:short)%00%(objectname)%00%(upstream:track)%00%(upstream:remotename)%00%(upstream:remoteref) refs/heads/master refs/remotes/master [9ms]
2026-08-22 13:52:33.422 [warning] [Git][getBranch] No such branch: master
2026-08-22 13:52:33.438 [info] > git for-each-ref --sort -committerdate --format %(refname)%00%(objectname)%00%(*objectname) [9ms]
2026-08-22 13:52:33.476 [info] > git status -z -uall [49ms]
2026-08-22 13:52:38.486 [info] [Git][getRemotes] No remotes found in the git config file
2026-08-22 13:52:38.490 [info] > git config --get commit.template [8ms]
2026-08-22 13:52:38.494 [info] > git for-each-ref --format=%(refname)%00%(upstream:short)%00%(objectname)%00%(upstream:track)%00%(upstream:remotename)%00%(upstream:remoteref) refs/heads/master refs/remotes/master [8ms]
2026-08-22 13:52:38.494 [warning] [Git][getBranch] No such branch: master
2026-08-22 13:52:38.510 [info] > git for-each-ref --sort -committerdate --format %(refname)%00%(objectname)%00%(*objectname) [8ms]
2026-08-22 13:52:38.552 [info] > git status -z -uall [54ms]
2026-08-22 13:52:43.559 [info] [Git][getRemotes] No remotes found in the git config file
2026-08-22 13:52:43.563 [info] > git config --get commit.template [5ms]
2026-08-22 13:52:43.568 [info] > git for-each-ref --format=%(refname)%00%(upstream:short)%00%(objectname)%00%(upstream:track)%00%(upstream:remotename)%00%(upstream:remoteref) refs/heads/master refs/remotes/master [7ms]
2026-08-22 13:52:43.568 [warning] [Git][getBranch] No such branch: master
2026-08-22 13:52:43.582 [info] > git for-each-ref --sort -committerdate --format %(refname)%00%(objectname)%00%(*objectname) [8ms]
2026-08-22 13:52:43.618 [info] > git status -z -uall [46ms]
2026-08-22 13:52:48.629 [info] [Git][getRemotes] No remotes found in the git config file
2026-08-22 13:52:48.634 [info] > git config --get commit.template [9ms]
2026-08-22 13:52:48.637 [info] > git for-each-ref --format=%(refname)%00%(upstream:short)%00%(objectname)%00%(upstream:track)%00%(upstream:remotename)%00%(upstream:remoteref) refs/heads/master refs/remotes/master [8ms]
2026-08-22 13:52:48.638 [warning] [Git][getBranch] No such branch: master
2026-08-22 13:52:48.653 [info] > git for-each-ref --sort -committerdate --format %(refname)%00%(objectname)%00%(*objectname) [9ms]
2026-08-22 13:52:48.690 [info] > git status -z -uall [49ms]
2026-08-22 13:53:06.379 [info] [Git][getRemotes] No remotes found in the git config file
2026-08-22 13:53:06.379 [info] > git ls-files --stage -- .local/share/code-server/logs/20260822T133720/exthost1/vscode.git/Git.log [7ms]
2026-08-22 13:53:06.386 [info] > git config --get commit.template [10ms]
2026-08-22 13:53:06.387 [info] > git for-each-ref --format=%(refname)%00%(upstream:short)%00%(objectname)%00%(upstream:track)%00%(upstream:remotename)%00%(upstream:remoteref) refs/heads/master refs/remotes/master [8ms]
2026-08-22 13:53:06.387 [warning] [Git][getBranch] No such branch: master
2026-08-22 13:53:06.397 [info] > git cat-file -s 4008c42f98f0b057adeec073c6e17f38eed2a3df [12ms]
2026-08-22 13:53:06.400 [info] > git for-each-ref --sort -committerdate --format %(refname)%00%(objectname)%00%(*objectname) [8ms]
2026-08-22 13:53:06.471 [info] > git status -z -uall [82ms]
2026-08-22 13:53:11.479 [info] [Git][getRemotes] No remotes found in the git config file
2026-08-22 13:53:11.484 [info] > git config --get commit.template [6ms]
2026-08-22 13:53:11.490 [info] > git for-each-ref --format=%(refname)%00%(upstream:short)%00%(objectname)%00%(upstream:track)%00%(upstream:remotename)%00%(upstream:remoteref) refs/heads/master refs/remotes/master [7ms]
2026-08-22 13:53:11.490 [warning] [Git][getBranch] No such branch: master
2026-08-22 13:53:11.505 [info] > git for-each-ref --sort -committerdate --format %(refname)%00%(objectname)%00%(*objectname) [9ms]
2026-08-22 13:53:11.540 [info] > git status -z -uall [47ms]
2026-08-22 13:53:16.549 [info] [Git][getRemotes] No remotes found in the git config file
2026-08-22 13:53:16.553 [info] > git config --get commit.template [5ms]
2026-08-22 13:53:16.559 [info] > git for-each-ref --format=%(refname)%00%(upstream:short)%00%(objectname)%00%(upstream:track)%00%(upstream:remotename)%00%(upstream:remoteref) refs/heads/master refs/remotes/master [7ms]
2026-08-22 13:53:16.559 [warning] [Git][getBranch] No such branch: master
2026-08-22 13:53:16.578 [info] > git for-each-ref --sort -committerdate --format %(refname)%00%(objectname)%00%(*objectname) [8ms]
2026-08-22 13:53:16.613 [info] > git status -z -uall [46ms]
2026-08-22 14:03:25.422 [info] [Git][getRemotes] No remotes found in the git config file
2026-08-22 14:03:25.426 [info] > git ls-files --stage -- .local/share/code-server/logs/20260822T133720/exthost1/vscode.git/Git.log [12ms]
2026-08-22 14:03:25.430 [info] > git config --get commit.template [11ms]
2026-08-22 14:03:25.436 [info] > git for-each-ref --format=%(refname)%00%(upstream:short)%00%(objectname)%00%(upstream:track)%00%(upstream:remotename)%00%(upstream:remoteref) refs/heads/master refs/remotes/master [14ms]
2026-08-22 14:03:25.436 [warning] [Git][getBranch] No such branch: master
2026-08-22 14:03:25.443 [info] > git cat-file -s 4008c42f98f0b057adeec073c6e17f38eed2a3df [13ms]
2026-08-22 14:03:25.451 [info] > git for-each-ref --sort -committerdate --format %(refname)%00%(objectname)%00%(*objectname) [8ms]
2026-08-22 14:03:25.667 [info] > git status -z -uall [227ms]
2026-08-22 14:03:30.674 [info] [Git][getRemotes] No remotes found in the git config file
2026-08-22 14:03:30.679 [info] > git config --get commit.template [6ms]
2026-08-22 14:03:30.684 [info] > git for-each-ref --format=%(refname)%00%(upstream:short)%00%(objectname)%00%(upstream:track)%00%(upstream:remotename)%00%(upstream:remoteref) refs/heads/master refs/remotes/master [8ms]
2026-08-22 14:03:30.685 [warning] [Git][getBranch] No such branch: master
2026-08-22 14:03:30.701 [info] > git for-each-ref --sort -committerdate --format %(refname)%00%(objectname)%00%(*objectname) [10ms]
2026-08-22 14:03:30.738 [info] > git status -z -uall [50ms]
2026-08-22 14:03:35.531 [info] > git show --textconv :AI-RAG_W2_store.py [25ms]
2026-08-22 14:03:35.531 [info] > git show --textconv HEAD:AI-RAG_W2_store.py [22ms]
2026-08-22 14:03:35.531 [info] > git ls-tree -l HEAD -- AI-RAG_W2_store.py [17ms]
2026-08-22 14:03:35.531 [info] fatal: Not a valid object name HEAD
2026-08-22 14:03:35.531 [warning] [GitFileSystemProvider][stat] File not found - git:/voc/work/AI-RAG_W2_store.py.git?%7B%22path%22%3A%22%2Fvoc%2Fwork%2FAI-RAG_W2_store.py%22%2C%22ref%22%3A%22HEAD%22%7D
2026-08-22 14:03:35.532 [warning] [GitFileSystemProvider][readFile] File not found - git:/voc/work/AI-RAG_W2_store.py.git?%7B%22path%22%3A%22%2Fvoc%2Fwork%2FAI-RAG_W2_store.py%22%2C%22ref%22%3A%22HEAD%22%7D
2026-08-22 14:03:35.532 [info] > git ls-files --stage -- AI-RAG_W2_store.py [21ms]
2026-08-22 14:03:35.553 [info] > git cat-file -s 35e3d6da10140c7e3cb887039cc58fd9c5dad66a [17ms]
2026-08-22 14:03:35.749 [info] [Git][getRemotes] No remotes found in the git config file
2026-08-22 14:03:35.753 [info] > git config --get commit.template [8ms]
2026-08-22 14:03:35.757 [info] > git for-each-ref --format=%(refname)%00%(upstream:short)%00%(objectname)%00%(upstream:track)%00%(upstream:remotename)%00%(upstream:remoteref) refs/heads/master refs/remotes/master [8ms]
2026-08-22 14:03:35.757 [warning] [Git][getBranch] No such branch: master
2026-08-22 14:03:35.775 [info] > git for-each-ref --sort -committerdate --format %(refname)%00%(objectname)%00%(*objectname) [10ms]
2026-08-22 14:03:35.820 [info] > git status -z -uall [58ms]
2026-08-22 14:03:44.137 [info] [Git][getRemotes] No remotes found in the git config file
2026-08-22 14:03:44.141 [info] > git config --get commit.template [5ms]
2026-08-22 14:03:44.147 [info] > git for-each-ref --format=%(refname)%00%(upstream:short)%00%(objectname)%00%(upstream:track)%00%(upstream:remotename)%00%(upstream:remoteref) refs/heads/master refs/remotes/master [7ms]
2026-08-22 14:03:44.148 [warning] [Git][getBranch] No such branch: master
2026-08-22 14:03:44.164 [info] > git for-each-ref --sort -committerdate --format %(refname)%00%(objectname)%00%(*objectname) [9ms]
2026-08-22 14:03:44.202 [info] > git status -z -uall [50ms]
2026-08-22 14:03:49.210 [info] [Git][getRemotes] No remotes found in the git config file
2026-08-22 14:03:49.215 [info] > git config --get commit.template [5ms]
2026-08-22 14:03:49.220 [info] > git for-each-ref --format=%(refname)%00%(upstream:short)%00%(objectname)%00%(upstream:track)%00%(upstream:remotename)%00%(upstream:remoteref) refs/heads/master refs/remotes/master [7ms]
2026-08-22 14:03:49.221 [warning] [Git][getBranch] No such branch: master
2026-08-22 14:03:49.240 [info] > git for-each-ref --sort -committerdate --format %(refname)%00%(objectname)%00%(*objectname) [10ms]
2026-08-22 14:03:49.280 [info] > git status -z -uall [53ms]
2026-08-22 14:03:55.140 [info] [Git][getRemotes] No remotes found in the git config file
2026-08-22 14:03:55.145 [info] > git config --get commit.template [5ms]
2026-08-22 14:03:55.150 [info] > git for-each-ref --format=%(refname)%00%(upstream:short)%00%(objectname)%00%(upstream:track)%00%(upstream:remotename)%00%(upstream:remoteref) refs/heads/master refs/remotes/master [7ms]
2026-08-22 14:03:55.150 [warning] [Git][getBranch] No such branch: master
2026-08-22 14:03:55.164 [info] > git for-each-ref --sort -committerdate --format %(refname)%00%(objectname)%00%(*objectname) [8ms]
2026-08-22 14:03:55.213 [info] > git status -z -uall [59ms]
2026-08-22 14:03:58.803 [info] > git show --textconv HEAD:AI-RAG_W2_settings.py [11ms]
2026-08-22 14:03:58.804 [warning] [GitFileSystemProvider][readFile] File not found - git:/voc/work/AI-RAG_W2_settings.py.git?%7B%22path%22%3A%22%2Fvoc%2Fwork%2FAI-RAG_W2_settings.py%22%2C%22ref%22%3A%22HEAD%22%7D
2026-08-22 14:03:58.808 [info] > git ls-tree -l HEAD -- AI-RAG_W2_settings.py [11ms]
2026-08-22 14:03:58.808 [info] fatal: Not a valid object name HEAD
2026-08-22 14:03:58.809 [warning] [GitFileSystemProvider][stat] File not found - git:/voc/work/AI-RAG_W2_settings.py.git?%7B%22path%22%3A%22%2Fvoc%2Fwork%2FAI-RAG_W2_settings.py%22%2C%22ref%22%3A%22HEAD%22%7D
2026-08-22 14:03:58.813 [info] > git ls-files --stage -- AI-RAG_W2_settings.py [18ms]
2026-08-22 14:03:58.817 [info] > git show --textconv :AI-RAG_W2_settings.py [27ms]
2026-08-22 14:03:58.828 [info] > git cat-file -s 4692639d2d44332d85536e1b4531d7964a04cd8c [12ms]
2026-08-22 14:04:00.223 [info] [Git][getRemotes] No remotes found in the git config file
2026-08-22 14:04:00.227 [info] > git config --get commit.template [8ms]
2026-08-22 14:04:00.231 [info] > git for-each-ref --format=%(refname)%00%(upstream:short)%00%(objectname)%00%(upstream:track)%00%(upstream:remotename)%00%(upstream:remoteref) refs/heads/master refs/remotes/master [8ms]
2026-08-22 14:04:00.231 [warning] [Git][getBranch] No such branch: master
2026-08-22 14:04:00.250 [info] > git for-each-ref --sort -committerdate --format %(refname)%00%(objectname)%00%(*objectname) [7ms]
2026-08-22 14:04:00.290 [info] > git status -z -uall [50ms]
2026-08-22 14:04:07.148 [info] [Git][getRemotes] No remotes found in the git config file
2026-08-22 14:04:07.153 [info] > git config --get commit.template [7ms]
2026-08-22 14:04:07.157 [info] > git for-each-ref --format=%(refname)%00%(upstream:short)%00%(objectname)%00%(upstream:track)%00%(upstream:remotename)%00%(upstream:remoteref) refs/heads/master refs/remotes/master [7ms]
2026-08-22 14:04:07.157 [warning] [Git][getBranch] No such branch: master
2026-08-22 14:04:07.177 [info] > git for-each-ref --sort -committerdate --format %(refname)%00%(objectname)%00%(*objectname) [9ms]
2026-08-22 14:04:07.223 [info] > git status -z -uall [58ms]
2026-08-22 14:04:12.233 [info] [Git][getRemotes] No remotes found in the git config file
2026-08-22 14:04:12.237 [info] > git config --get commit.template [8ms]
2026-08-22 14:04:12.242 [info] > git for-each-ref --format=%(refname)%00%(upstream:short)%00%(objectname)%00%(upstream:track)%00%(upstream:remotename)%00%(upstream:remoteref) refs/heads/master refs/remotes/master [9ms]
2026-08-22 14:04:12.242 [warning] [Git][getBranch] No such branch: master
2026-08-22 14:04:12.260 [info] > git for-each-ref --sort -committerdate --format %(refname)%00%(objectname)%00%(*objectname) [8ms]
2026-08-22 14:04:12.299 [info] > git status -z -uall [50ms]
2026-08-22 14:04:17.311 [info] [Git][getRemotes] No remotes found in the git config file
2026-08-22 14:04:17.316 [info] > git config --get commit.template [9ms]
2026-08-22 14:04:17.320 [info] > git for-each-ref --format=%(refname)%00%(upstream:short)%00%(objectname)%00%(upstream:track)%00%(upstream:remotename)%00%(upstream:remoteref) refs/heads/master refs/remotes/master [9ms]
2026-08-22 14:04:17.321 [warning] [Git][getBranch] No such branch: master
2026-08-22 14:04:17.336 [info] > git for-each-ref --sort -committerdate --format %(refname)%00%(objectname)%00%(*objectname) [8ms]
2026-08-22 14:04:17.375 [info] > git status -z -uall [50ms]
2026-08-22 14:04:22.383 [info] [Git][getRemotes] No remotes found in the git config file
2026-08-22 14:04:22.388 [info] > git config --get commit.template [5ms]
2026-08-22 14:04:22.393 [info] > git for-each-ref --format=%(refname)%00%(upstream:short)%00%(objectname)%00%(upstream:track)%00%(upstream:remotename)%00%(upstream:remoteref) refs/heads/master refs/remotes/master [7ms]
2026-08-22 14:04:22.393 [warning] [Git][getBranch] No such branch: master
2026-08-22 14:04:22.408 [info] > git for-each-ref --sort -committerdate --format %(refname)%00%(objectname)%00%(*objectname) [8ms]
2026-08-22 14:04:22.448 [info] > git status -z -uall [51ms]
2026-08-22 14:04:27.457 [info] [Git][getRemotes] No remotes found in the git config file
2026-08-22 14:04:27.461 [info] > git config --get commit.template [6ms]
2026-08-22 14:04:27.467 [info] > git for-each-ref --format=%(refname)%00%(upstream:short)%00%(objectname)%00%(upstream:track)%00%(upstream:remotename)%00%(upstream:remoteref) refs/heads/master refs/remotes/master [7ms]
2026-08-22 14:04:27.467 [warning] [Git][getBranch] No such branch: master
2026-08-22 14:04:27.483 [info] > git for-each-ref --sort -committerdate --format %(refname)%00%(objectname)%00%(*objectname) [9ms]
2026-08-22 14:04:27.568 [info] > git status -z -uall [97ms]
2026-08-22 14:04:29.023 [info] > git check-ignore -v -z --stdin [8ms]
2026-08-22 14:04:32.579 [info] [Git][getRemotes] No remotes found in the git config file
2026-08-22 14:04:32.584 [info] > git config --get commit.template [9ms]
2026-08-22 14:04:32.588 [info] > git for-each-ref --format=%(refname)%00%(upstream:short)%00%(objectname)%00%(upstream:track)%00%(upstream:remotename)%00%(upstream:remoteref) refs/heads/master refs/remotes/master [9ms]
2026-08-22 14:04:32.588 [warning] [Git][getBranch] No such branch: master
2026-08-22 14:04:32.604 [info] > git for-each-ref --sort -committerdate --format %(refname)%00%(objectname)%00%(*objectname) [9ms]
2026-08-22 14:04:32.646 [info] > git status -z -uall [54ms]
2026-08-22 14:04:37.655 [info] [Git][getRemotes] No remotes found in the git config file
2026-08-22 14:04:37.661 [info] > git config --get commit.template [7ms]
2026-08-22 14:04:37.665 [info] > git for-each-ref --format=%(refname)%00%(upstream:short)%00%(objectname)%00%(upstream:track)%00%(upstream:remotename)%00%(upstream:remoteref) refs/heads/master refs/remotes/master [7ms]
2026-08-22 14:04:37.665 [warning] [Git][getBranch] No such branch: master
2026-08-22 14:04:37.681 [info] > git for-each-ref --sort -committerdate --format %(refname)%00%(objectname)%00%(*objectname) [9ms]
2026-08-22 14:04:37.729 [info] > git status -z -uall [60ms]
2026-08-22 14:04:41.033 [info] > git show --textconv :.git/COMMIT_EDITMSG [9ms]
2026-08-22 14:04:41.033 [warning] [GitFileSystemProvider][readFile] File not found - git:/voc/work/.git/COMMIT_EDITMSG.git?%7B%22path%22%3A%22%2Fvoc%2Fwork%2F.git%2FCOMMIT_EDITMSG%22%2C%22ref%22%3A%22%22%7D
2026-08-22 14:04:41.038 [info] > git ls-files --stage -- .git/COMMIT_EDITMSG [11ms]
2026-08-22 14:04:41.042 [warning] [GitFileSystemProvider][stat] File not found - git:/voc/work/.git/COMMIT_EDITMSG.git?%7B%22path%22%3A%22%2Fvoc%2Fwork%2F.git%2FCOMMIT_EDITMSG%22%2C%22ref%22%3A%22%22%7D
2026-08-22 14:04:50.186 [info] > git -c user.useConfigOnly=true commit --quiet [10836ms]
2026-08-22 14:04:50.186 [info] Aborting commit due to empty commit message.
2026-08-22 14:04:50.191 [info] [Git][getRemotes] No remotes found in the git config file
2026-08-22 14:04:50.195 [info] > git config --get commit.template [5ms]
2026-08-22 14:04:50.201 [info] > git for-each-ref --format=%(refname)%00%(upstream:short)%00%(objectname)%00%(upstream:track)%00%(upstream:remotename)%00%(upstream:remoteref) refs/heads/master refs/remotes/master [7ms]
2026-08-22 14:04:50.201 [warning] [Git][getBranch] No such branch: master
2026-08-22 14:04:50.216 [info] > git for-each-ref --sort -committerdate --format %(refname)%00%(objectname)%00%(*objectname) [8ms]
2026-08-22 14:04:50.259 [info] > git status -z -uall [54ms]
2026-08-22 14:04:50.272 [info] [Git][getRemotes] No remotes found in the git config file
2026-08-22 14:04:50.275 [info] > git config --get commit.template [9ms]
2026-08-22 14:04:50.280 [info] > git for-each-ref --format=%(refname)%00%(upstream:short)%00%(objectname)%00%(upstream:track)%00%(upstream:remotename)%00%(upstream:remoteref) refs/heads/master refs/remotes/master [8ms]
2026-08-22 14:04:50.280 [warning] [Git][getBranch] No such branch: master
2026-08-22 14:04:50.296 [info] > git for-each-ref --sort -committerdate --format %(refname)%00%(objectname)%00%(*objectname) [9ms]
2026-08-22 14:04:50.330 [info] > git status -z -uall [46ms]
2026-08-22 14:04:50.962 [info] > git show --textconv HEAD:AI-RAG_W2_settings.py [12ms]
2026-08-22 14:04:50.962 [warning] [GitFileSystemProvider][readFile] File not found - git:/voc/work/AI-RAG_W2_settings.py.git?%7B%22path%22%3A%22%2Fvoc%2Fwork%2FAI-RAG_W2_settings.py%22%2C%22ref%22%3A%22HEAD%22%7D
2026-08-22 14:04:50.966 [info] > git ls-tree -l HEAD -- AI-RAG_W2_settings.py [11ms]
2026-08-22 14:04:50.969 [info] fatal: Not a valid object name HEAD
2026-08-22 14:04:50.970 [warning] [GitFileSystemProvider][stat] File not found - git:/voc/work/AI-RAG_W2_settings.py.git?%7B%22path%22%3A%22%2Fvoc%2Fwork%2FAI-RAG_W2_settings.py%22%2C%22ref%22%3A%22HEAD%22%7D
2026-08-22 14:04:50.970 [info] > git ls-files --stage -- AI-RAG_W2_settings.py [17ms]
2026-08-22 14:04:50.975 [info] > git show --textconv :AI-RAG_W2_settings.py [28ms]
2026-08-22 14:04:50.983 [info] > git cat-file -s 4692639d2d44332d85536e1b4531d7964a04cd8c [9ms]
2026-08-22 14:04:53.671 [info] > git show --textconv :.git/COMMIT_EDITMSG [9ms]
2026-08-22 14:04:53.672 [warning] [GitFileSystemProvider][readFile] File not found - git:/voc/work/.git/COMMIT_EDITMSG.git?%7B%22path%22%3A%22%2Fvoc%2Fwork%2F.git%2FCOMMIT_EDITMSG%22%2C%22ref%22%3A%22%22%7D
2026-08-22 14:04:53.675 [info] > git ls-files --stage -- .git/COMMIT_EDITMSG [9ms]
2026-08-22 14:04:53.675 [warning] [GitFileSystemProvider][stat] File not found - git:/voc/work/.git/COMMIT_EDITMSG.git?%7B%22path%22%3A%22%2Fvoc%2Fwork%2F.git%2FCOMMIT_EDITMSG%22%2C%22ref%22%3A%22%22%7D
2026-08-22 14:04:54.853 [info] > git -c user.useConfigOnly=true commit --quiet [2308ms]
2026-08-22 14:04:54.853 [info] Aborting commit due to empty commit message.
2026-08-22 14:04:54.861 [info] [Git][getRemotes] No remotes found in the git config file
2026-08-22 14:04:54.866 [info] > git config --get commit.template [9ms]
2026-08-22 14:04:54.870 [info] > git for-each-ref --format=%(refname)%00%(upstream:short)%00%(objectname)%00%(upstream:track)%00%(upstream:remotename)%00%(upstream:remoteref) refs/heads/master refs/remotes/master [9ms]
2026-08-22 14:04:54.870 [warning] [Git][getBranch] No such branch: master
2026-08-22 14:04:54.885 [info] > git for-each-ref --sort -committerdate --format %(refname)%00%(objectname)%00%(*objectname) [8ms]
2026-08-22 14:04:54.924 [info] > git status -z -uall [50ms]
2026-08-22 14:04:55.343 [info] [Git][getRemotes] No remotes found in the git config file
2026-08-22 14:04:55.347 [info] > git config --get commit.template [8ms]
2026-08-22 14:04:55.351 [info] > git for-each-ref --format=%(refname)%00%(upstream:short)%00%(objectname)%00%(upstream:track)%00%(upstream:remotename)%00%(upstream:remoteref) refs/heads/master refs/remotes/master [8ms]
2026-08-22 14:04:55.352 [warning] [Git][getBranch] No such branch: master
2026-08-22 14:04:55.367 [info] > git for-each-ref --sort -committerdate --format %(refname)%00%(objectname)%00%(*objectname) [8ms]
2026-08-22 14:04:55.403 [info] > git status -z -uall [48ms]
2026-08-22 14:04:55.725 [info] > git show --textconv HEAD:AI-RAG_W2_settings.py [11ms]
2026-08-22 14:04:55.725 [warning] [GitFileSystemProvider][readFile] File not found - git:/voc/work/AI-RAG_W2_settings.py.git?%7B%22path%22%3A%22%2Fvoc%2Fwork%2FAI-RAG_W2_settings.py%22%2C%22ref%22%3A%22HEAD%22%7D
2026-08-22 14:04:55.734 [info] > git show --textconv :AI-RAG_W2_settings.py [23ms]
2026-08-22 14:04:55.734 [info] > git ls-tree -l HEAD -- AI-RAG_W2_settings.py [15ms]
2026-08-22 14:04:55.737 [info] fatal: Not a valid object name HEAD
2026-08-22 14:04:55.738 [warning] [GitFileSystemProvider][stat] File not found - git:/voc/work/AI-RAG_W2_settings.py.git?%7B%22path%22%3A%22%2Fvoc%2Fwork%2FAI-RAG_W2_settings.py%22%2C%22ref%22%3A%22HEAD%22%7D
2026-08-22 14:04:55.738 [info] > git ls-files --stage -- AI-RAG_W2_settings.py [21ms]
2026-08-22 14:04:55.754 [info] > git cat-file -s 4692639d2d44332d85536e1b4531d7964a04cd8c [9ms]
2026-08-22 14:05:00.412 [info] [Git][getRemotes] No remotes found in the git config file
2026-08-22 14:05:00.417 [info] > git config --get commit.template [6ms]
2026-08-22 14:05:00.423 [info] > git for-each-ref --format=%(refname)%00%(upstream:short)%00%(objectname)%00%(upstream:track)%00%(upstream:remotename)%00%(upstream:remoteref) refs/heads/master refs/remotes/master [8ms]
2026-08-22 14:05:00.423 [warning] [Git][getBranch] No such branch: master
2026-08-22 14:05:00.438 [info] > git for-each-ref --sort -committerdate --format %(refname)%00%(objectname)%00%(*objectname) [9ms]
2026-08-22 14:05:00.478 [info] > git status -z -uall [51ms]
2026-08-22 14:05:05.487 [info] [Git][getRemotes] No remotes found in the git config file
2026-08-22 14:05:05.494 [info] > git config --get commit.template [9ms]
2026-08-22 14:05:05.500 [info] > git for-each-ref --format=%(refname)%00%(upstream:short)%00%(objectname)%00%(upstream:track)%00%(upstream:remotename)%00%(upstream:remoteref) refs/heads/master refs/remotes/master [10ms]
2026-08-22 14:05:05.500 [warning] [Git][getBranch] No such branch: master
2026-08-22 14:05:05.517 [info] > git for-each-ref --sort -committerdate --format %(refname)%00%(objectname)%00%(*objectname) [11ms]
2026-08-22 14:05:05.572 [info] > git status -z -uall [68ms]
2026-08-22 14:05:08.930 [info] > git -c user.useConfigOnly=true commit --quiet --amend [8ms]
2026-08-22 14:05:08.930 [info] fatal: You have nothing to amend.
2026-08-22 14:05:08.941 [info] > git config --get-all user.name [7ms]
2026-08-22 14:05:08.951 [info] > git config --get-all user.email [6ms]
2026-08-22 14:05:08.957 [info] [Git][getRemotes] No remotes found in the git config file
2026-08-22 14:05:08.961 [info] > git config --get commit.template [5ms]
2026-08-22 14:05:08.967 [info] > git for-each-ref --format=%(refname)%00%(upstream:short)%00%(objectname)%00%(upstream:track)%00%(upstream:remotename)%00%(upstream:remoteref) refs/heads/master refs/remotes/master [7ms]
2026-08-22 14:05:08.967 [warning] [Git][getBranch] No such branch: master
2026-08-22 14:05:08.982 [info] > git for-each-ref --sort -committerdate --format %(refname)%00%(objectname)%00%(*objectname) [8ms]
2026-08-22 14:05:09.022 [info] > git status -z -uall [51ms]
2026-08-22 14:05:10.583 [info] [Git][getRemotes] No remotes found in the git config file
2026-08-22 14:05:10.588 [info] > git config --get commit.template [8ms]
2026-08-22 14:05:10.592 [info] > git for-each-ref --format=%(refname)%00%(upstream:short)%00%(objectname)%00%(upstream:track)%00%(upstream:remotename)%00%(upstream:remoteref) refs/heads/master refs/remotes/master [9ms]
2026-08-22 14:05:10.592 [warning] [Git][getBranch] No such branch: master
2026-08-22 14:05:10.609 [info] > git for-each-ref --sort -committerdate --format %(refname)%00%(objectname)%00%(*objectname) [9ms]
2026-08-22 14:05:10.649 [info] > git status -z -uall [53ms]
2026-08-22 14:05:15.657 [info] [Git][getRemotes] No remotes found in the git config file
2026-08-22 14:05:15.661 [info] > git config --get commit.template [5ms]
2026-08-22 14:05:15.667 [info] > git for-each-ref --format=%(refname)%00%(upstream:short)%00%(objectname)%00%(upstream:track)%00%(upstream:remotename)%00%(upstream:remoteref) refs/heads/master refs/remotes/master [8ms]
2026-08-22 14:05:15.667 [warning] [Git][getBranch] No such branch: master
2026-08-22 14:05:15.682 [info] > git for-each-ref --sort -committerdate --format %(refname)%00%(objectname)%00%(*objectname) [8ms]
2026-08-22 14:05:15.722 [info] > git status -z -uall [51ms]
2026-08-22 14:05:20.458 [info] > git show --textconv HEAD:AI-RAG_W2_settings.py [9ms]
2026-08-22 14:05:20.459 [warning] [GitFileSystemProvider][readFile] File not found - git:/voc/work/AI-RAG_W2_settings.py.git?%7B%22path%22%3A%22%2Fvoc%2Fwork%2FAI-RAG_W2_settings.py%22%2C%22ref%22%3A%22HEAD%22%7D
2026-08-22 14:05:20.464 [info] > git ls-files --stage -- AI-RAG_W2_settings.py [11ms]
2026-08-22 14:05:20.473 [info] > git show --textconv :AI-RAG_W2_settings.py [27ms]
2026-08-22 14:05:20.473 [info] > git ls-tree -l HEAD -- AI-RAG_W2_settings.py [18ms]
2026-08-22 14:05:20.477 [info] fatal: Not a valid object name HEAD
2026-08-22 14:05:20.477 [warning] [GitFileSystemProvider][stat] File not found - git:/voc/work/AI-RAG_W2_settings.py.git?%7B%22path%22%3A%22%2Fvoc%2Fwork%2FAI-RAG_W2_settings.py%22%2C%22ref%22%3A%22HEAD%22%7D
2026-08-22 14:05:20.485 [info] > git cat-file -s 4692639d2d44332d85536e1b4531d7964a04cd8c [13ms]
2026-08-22 14:05:20.733 [info] [Git][getRemotes] No remotes found in the git config file
2026-08-22 14:05:20.734 [info] > git config --get commit.template [5ms]
2026-08-22 14:05:20.741 [info] > git for-each-ref --format=%(refname)%00%(upstream:short)%00%(objectname)%00%(upstream:track)%00%(upstream:remotename)%00%(upstream:remoteref) refs/heads/master refs/remotes/master [8ms]
2026-08-22 14:05:20.744 [warning] [Git][getBranch] No such branch: master
2026-08-22 14:05:20.764 [info] > git for-each-ref --sort -committerdate --format %(refname)%00%(objectname)%00%(*objectname) [12ms]
2026-08-22 14:05:20.803 [info] > git status -z -uall [55ms]
2026-08-22 14:05:21.082 [info] > git ls-files --stage -- AI-RAG_W2_store.py [8ms]
2026-08-22 14:05:21.088 [info] > git show --textconv :AI-RAG_W2_store.py [18ms]
2026-08-22 14:05:21.094 [info] > git cat-file -s 35e3d6da10140c7e3cb887039cc58fd9c5dad66a [8ms]
2026-08-22 14:05:22.398 [info] > git show --textconv HEAD:AI-RAG_W2_store.py [11ms]
2026-08-22 14:05:22.399 [warning] [GitFileSystemProvider][readFile] File not found - git:/voc/work/AI-RAG_W2_store.py.git?%7B%22path%22%3A%22%2Fvoc%2Fwork%2FAI-RAG_W2_store.py%22%2C%22ref%22%3A%22HEAD%22%7D
2026-08-22 14:05:22.403 [info] > git ls-tree -l HEAD -- AI-RAG_W2_store.py [13ms]
2026-08-22 14:05:22.406 [info] fatal: Not a valid object name HEAD
2026-08-22 14:05:22.407 [warning] [GitFileSystemProvider][stat] File not found - git:/voc/work/AI-RAG_W2_store.py.git?%7B%22path%22%3A%22%2Fvoc%2Fwork%2FAI-RAG_W2_store.py%22%2C%22ref%22%3A%22HEAD%22%7D
2026-08-22 14:05:24.297 [info] > git ls-files --stage -- AI-RAG_W2_settings.py [11ms]
2026-08-22 14:05:24.303 [info] > git show --textconv :AI-RAG_W2_settings.py [21ms]
2026-08-22 14:05:24.310 [info] > git cat-file -s 4692639d2d44332d85536e1b4531d7964a04cd8c [8ms]
2026-08-22 14:05:25.668 [info] > git show --textconv HEAD:AI-RAG_W2_settings.py [9ms]
2026-08-22 14:05:25.669 [warning] [GitFileSystemProvider][readFile] File not found - git:/voc/work/AI-RAG_W2_settings.py.git?%7B%22path%22%3A%22%2Fvoc%2Fwork%2FAI-RAG_W2_settings.py%22%2C%22ref%22%3A%22HEAD%22%7D
2026-08-22 14:05:25.673 [info] > git ls-tree -l HEAD -- AI-RAG_W2_settings.py [11ms]
2026-08-22 14:05:25.676 [info] fatal: Not a valid object name HEAD
2026-08-22 14:05:25.676 [warning] [GitFileSystemProvider][stat] File not found - git:/voc/work/AI-RAG_W2_settings.py.git?%7B%22path%22%3A%22%2Fvoc%2Fwork%2FAI-RAG_W2_settings.py%22%2C%22ref%22%3A%22HEAD%22%7D
2026-08-22 14:05:25.811 [info] [Git][getRemotes] No remotes found in the git config file
2026-08-22 14:05:25.815 [info] > git config --get commit.template [5ms]
2026-08-22 14:05:25.821 [info] > git for-each-ref --format=%(refname)%00%(upstream:short)%00%(objectname)%00%(upstream:track)%00%(upstream:remotename)%00%(upstream:remoteref) refs/heads/master refs/remotes/master [7ms]
2026-08-22 14:05:25.821 [warning] [Git][getBranch] No such branch: master
2026-08-22 14:05:25.840 [info] > git for-each-ref --sort -committerdate --format %(refname)%00%(objectname)%00%(*objectname) [8ms]
2026-08-22 14:05:25.883 [info] > git status -z -uall [54ms]
2026-08-22 14:05:30.894 [info] [Git][getRemotes] No remotes found in the git config file
2026-08-22 14:05:30.900 [info] > git config --get commit.template [9ms]
2026-08-22 14:05:30.903 [info] > git for-each-ref --format=%(refname)%00%(upstream:short)%00%(objectname)%00%(upstream:track)%00%(upstream:remotename)%00%(upstream:remoteref) refs/heads/master refs/remotes/master [9ms]
2026-08-22 14:05:30.903 [warning] [Git][getBranch] No such branch: master
2026-08-22 14:05:30.919 [info] > git for-each-ref --sort -committerdate --format %(refname)%00%(objectname)%00%(*objectname) [8ms]
2026-08-22 14:05:31.001 [info] > git status -z -uall [94ms]
2026-08-22 14:05:42.243 [info] [Git][getRemotes] No remotes found in the git config file
2026-08-22 14:05:42.252 [info] > git for-each-ref --format=%(refname)%00%(upstream:short)%00%(objectname)%00%(upstream:track)%00%(upstream:remotename)%00%(upstream:remoteref) refs/heads/master refs/remotes/master [9ms]
2026-08-22 14:05:42.252 [warning] [Git][getBranch] No such branch: master
2026-08-22 14:05:42.252 [info] > git ls-files --stage -- AI-RAG_W2_settings.py [16ms]
2026-08-22 14:05:42.263 [info] > git config --get commit.template [24ms]
2026-08-22 14:05:42.273 [info] > git cat-file -s 4692639d2d44332d85536e1b4531d7964a04cd8c [11ms]
2026-08-22 14:05:42.283 [info] > git for-each-ref --sort -committerdate --format %(refname)%00%(objectname)%00%(*objectname) [11ms]
2026-08-22 14:05:42.328 [info] > git status -z -uall [59ms]
2026-08-22 14:05:45.743 [info] > git ls-files --stage -- AI-RAG_W2_store.py [10ms]
2026-08-22 14:05:45.750 [info] > git show --textconv :AI-RAG_W2_store.py [20ms]
2026-08-22 14:05:45.758 [info] > git cat-file -s 35e3d6da10140c7e3cb887039cc58fd9c5dad66a [10ms]
2026-08-22 14:05:46.781 [info] > git show --textconv HEAD:AI-RAG_W2_store.py [9ms]
2026-08-22 14:05:46.781 [warning] [GitFileSystemProvider][readFile] File not found - git:/voc/work/AI-RAG_W2_store.py.git?%7B%22path%22%3A%22%2Fvoc%2Fwork%2FAI-RAG_W2_store.py%22%2C%22ref%22%3A%22HEAD%22%7D
2026-08-22 14:05:46.788 [info] > git ls-tree -l HEAD -- AI-RAG_W2_store.py [12ms]
2026-08-22 14:05:46.794 [info] fatal: Not a valid object name HEAD
2026-08-22 14:05:46.795 [warning] [GitFileSystemProvider][stat] File not found - git:/voc/work/AI-RAG_W2_store.py.git?%7B%22path%22%3A%22%2Fvoc%2Fwork%2FAI-RAG_W2_store.py%22%2C%22ref%22%3A%22HEAD%22%7D
2026-08-22 14:05:47.081 [info] > git ls-files --stage -- .local/share/code-server/logs/20260822T133720/exthost1/remoteexthost.log [8ms]
2026-08-22 14:05:47.089 [info] > git show --textconv :.local/share/code-server/logs/20260822T133720/exthost1/remoteexthost.log [20ms]
2026-08-22 14:05:47.097 [info] > git cat-file -s bf5abec50dbb8b6739fa9426de035cfeb00565a4 [12ms]
2026-08-22 14:05:47.338 [info] [Git][getRemotes] No remotes found in the git config file
2026-08-22 14:05:47.346 [info] > git config --get commit.template [10ms]
2026-08-22 14:05:47.354 [info] > git for-each-ref --format=%(refname)%00%(upstream:short)%00%(objectname)%00%(upstream:track)%00%(upstream:remotename)%00%(upstream:remoteref) refs/heads/master refs/remotes/master [13ms]
2026-08-22 14:05:47.354 [warning] [Git][getBranch] No such branch: master
2026-08-22 14:05:47.369 [info] > git for-each-ref --sort -committerdate --format %(refname)%00%(objectname)%00%(*objectname) [8ms]
2026-08-22 14:05:47.414 [info] > git status -z -uall [56ms]
2026-08-22 14:05:48.125 [info] > git ls-files --stage -- AI-RAG_W2_settings.py [9ms]
2026-08-22 14:05:48.133 [info] > git show --textconv :AI-RAG_W2_settings.py [21ms]
2026-08-22 14:05:48.141 [info] > git cat-file -s 4692639d2d44332d85536e1b4531d7964a04cd8c [12ms]
2026-08-22 14:05:48.906 [info] > git ls-files --stage -- AI-RAG_W2_store.py [10ms]
2026-08-22 14:05:48.913 [info] > git show --textconv :AI-RAG_W2_store.py [20ms]
2026-08-22 14:05:48.920 [info] > git cat-file -s 35e3d6da10140c7e3cb887039cc58fd9c5dad66a [10ms]
2026-08-22 14:05:50.007 [info] > git show --textconv HEAD:AI-RAG_W2_store.py [9ms]
2026-08-22 14:05:50.008 [warning] [GitFileSystemProvider][readFile] File not found - git:/voc/work/AI-RAG_W2_store.py.git?%7B%22path%22%3A%22%2Fvoc%2Fwork%2FAI-RAG_W2_store.py%22%2C%22ref%22%3A%22HEAD%22%7D
2026-08-22 14:05:50.015 [info] > git ls-tree -l HEAD -- AI-RAG_W2_store.py [13ms]
2026-08-22 14:05:50.023 [info] fatal: Not a valid object name HEAD
2026-08-22 14:05:50.023 [warning] [GitFileSystemProvider][stat] File not found - git:/voc/work/AI-RAG_W2_store.py.git?%7B%22path%22%3A%22%2Fvoc%2Fwork%2FAI-RAG_W2_store.py%22%2C%22ref%22%3A%22HEAD%22%7D
2026-08-22 14:05:52.422 [info] [Git][getRemotes] No remotes found in the git config file
2026-08-22 14:05:52.430 [info] > git config --get commit.template [9ms]
2026-08-22 14:05:52.437 [info] > git for-each-ref --format=%(refname)%00%(upstream:short)%00%(objectname)%00%(upstream:track)%00%(upstream:remotename)%00%(upstream:remoteref) refs/heads/master refs/remotes/master [12ms]
2026-08-22 14:05:52.437 [warning] [Git][getBranch] No such branch: master
2026-08-22 14:05:52.455 [info] > git for-each-ref --sort -committerdate --format %(refname)%00%(objectname)%00%(*objectname) [11ms]
2026-08-22 14:05:52.507 [info] > git status -z -uall [66ms]
2026-08-22 14:05:57.518 [info] [Git][getRemotes] No remotes found in the git config file
2026-08-22 14:05:57.526 [info] > git config --get commit.template [12ms]
2026-08-22 14:05:57.526 [info] > git for-each-ref --format=%(refname)%00%(upstream:short)%00%(objectname)%00%(upstream:track)%00%(upstream:remotename)%00%(upstream:remoteref) refs/heads/master refs/remotes/master [8ms]
2026-08-22 14:05:57.526 [warning] [Git][getBranch] No such branch: master
2026-08-22 14:05:57.544 [info] > git for-each-ref --sort -committerdate --format %(refname)%00%(objectname)%00%(*objectname) [11ms]
2026-08-22 14:05:57.588 [info] > git status -z -uall [58ms]
2026-08-22 14:06:02.596 [info] [Git][getRemotes] No remotes found in the git config file
2026-08-22 14:06:02.604 [info] > git config --get commit.template [9ms]
2026-08-22 14:06:02.612 [info] > git for-each-ref --format=%(refname)%00%(upstream:short)%00%(objectname)%00%(upstream:track)%00%(upstream:remotename)%00%(upstream:remoteref) refs/heads/master refs/remotes/master [13ms]
2026-08-22 14:06:02.612 [warning] [Git][getBranch] No such branch: master
2026-08-22 14:06:02.628 [info] > git for-each-ref --sort -committerdate --format %(refname)%00%(objectname)%00%(*objectname) [9ms]
2026-08-22 14:06:02.673 [info] > git status -z -uall [57ms]
2026-08-22 14:06:06.183 [info] > git add -A -- . [303ms]
2026-08-22 14:06:06.196 [info] > git -c user.useConfigOnly=true commit --quiet --amend [9ms]
2026-08-22 14:06:06.196 [info] fatal: You have nothing to amend.
2026-08-22 14:06:06.207 [info] > git config --get-all user.name [7ms]
2026-08-22 14:06:06.217 [info] > git config --get-all user.email [7ms]
2026-08-22 14:06:06.225 [info] [Git][getRemotes] No remotes found in the git config file
2026-08-22 14:06:06.232 [info] > git config --get commit.template [11ms]
2026-08-22 14:06:06.239 [info] > git for-each-ref --format=%(refname)%00%(upstream:short)%00%(objectname)%00%(upstream:track)%00%(upstream:remotename)%00%(upstream:remoteref) refs/heads/master refs/remotes/master [14ms]
2026-08-22 14:06:06.239 [warning] [Git][getBranch] No such branch: master
2026-08-22 14:06:06.254 [info] > git for-each-ref --sort -committerdate --format %(refname)%00%(objectname)%00%(*objectname) [8ms]
2026-08-22 14:06:06.286 [info] > git status -z -uall [43ms]
2026-08-22 14:06:07.681 [info] [Git][getRemotes] No remotes found in the git config file
2026-08-22 14:06:07.689 [info] > git config --get commit.template [9ms]
2026-08-22 14:06:07.696 [info] > git for-each-ref --format=%(refname)%00%(upstream:short)%00%(objectname)%00%(upstream:track)%00%(upstream:remotename)%00%(upstream:remoteref) refs/heads/master refs/remotes/master [12ms]
2026-08-22 14:06:07.696 [warning] [Git][getBranch] No such branch: master
2026-08-22 14:06:07.713 [info] > git for-each-ref --sort -committerdate --format %(refname)%00%(objectname)%00%(*objectname) [10ms]
2026-08-22 14:06:07.757 [info] > git status -z -uall [57ms]
2026-08-22 14:06:08.083 [info] > git ls-files --stage -- AI-RAG_W2_store.py [8ms]
2026-08-22 14:06:08.099 [info] > git cat-file -s 410e64c16b5c602bd3a5de96c4648722b2bd5b36 [12ms]
2026-08-22 14:06:08.371 [info] > git show --textconv :AI-RAG_W2_store.py [15ms]
2026-08-22 14:06:12.765 [info] [Git][getRemotes] No remotes found in the git config file
2026-08-22 14:06:12.773 [info] > git config --get commit.template [9ms]
2026-08-22 14:06:12.781 [info] > git for-each-ref --format=%(refname)%00%(upstream:short)%00%(objectname)%00%(upstream:track)%00%(upstream:remotename)%00%(upstream:remoteref) refs/heads/master refs/remotes/master [12ms]
2026-08-22 14:06:12.782 [warning] [Git][getBranch] No such branch: master
2026-08-22 14:06:12.805 [info] > git for-each-ref --sort -committerdate --format %(refname)%00%(objectname)%00%(*objectname) [8ms]
2026-08-22 14:06:12.850 [info] > git status -z -uall [57ms]
2026-08-22 14:06:17.857 [info] [Git][getRemotes] No remotes found in the git config file
2026-08-22 14:06:17.865 [info] > git config --get commit.template [9ms]
2026-08-22 14:06:17.872 [info] > git for-each-ref --format=%(refname)%00%(upstream:short)%00%(objectname)%00%(upstream:track)%00%(upstream:remotename)%00%(upstream:remoteref) refs/heads/master refs/remotes/master [12ms]
2026-08-22 14:06:17.873 [warning] [Git][getBranch] No such branch: master
2026-08-22 14:06:17.891 [info] > git for-each-ref --sort -committerdate --format %(refname)%00%(objectname)%00%(*objectname) [10ms]
2026-08-22 14:06:17.937 [info] > git status -z -uall [60ms]
2026-08-22 14:06:22.364 [info] > git show --textconv :.git/COMMIT_EDITMSG [11ms]
2026-08-22 14:06:22.364 [warning] [GitFileSystemProvider][readFile] File not found - git:/voc/work/.git/COMMIT_EDITMSG.git?%7B%22path%22%3A%22%2Fvoc%2Fwork%2F.git%2FCOMMIT_EDITMSG%22%2C%22ref%22%3A%22%22%7D
2026-08-22 14:06:22.371 [info] > git ls-files --stage -- .git/COMMIT_EDITMSG [15ms]
2026-08-22 14:06:22.378 [warning] [GitFileSystemProvider][stat] File not found - git:/voc/work/.git/COMMIT_EDITMSG.git?%7B%22path%22%3A%22%2Fvoc%2Fwork%2F.git%2FCOMMIT_EDITMSG%22%2C%22ref%22%3A%22%22%7D
2026-08-22 14:06:23.150 [info] > git ls-files --stage -- AI-RAG_W2_store.py [8ms]
2026-08-22 14:06:23.162 [info] > git cat-file -s 410e64c16b5c602bd3a5de96c4648722b2bd5b36 [8ms]
2026-08-22 14:06:23.439 [info] > git show --textconv :AI-RAG_W2_store.py [16ms]
2026-08-22 14:07:40.007 [info] > git -c user.useConfigOnly=true commit --quiet [79130ms]
2026-08-22 14:07:40.007 [info] Aborting commit due to empty commit message.
2026-08-22 14:07:40.013 [info] > git ls-files --stage -- AI-RAG_W2_store.py [17ms]
2026-08-22 14:07:40.026 [info] [Git][getRemotes] No remotes found in the git config file
2026-08-22 14:07:40.026 [info] > git config --get commit.template [14ms]
2026-08-22 14:07:40.041 [info] > git for-each-ref --format=%(refname)%00%(upstream:short)%00%(objectname)%00%(upstream:track)%00%(upstream:remotename)%00%(upstream:remoteref) refs/heads/master refs/remotes/master [16ms]
2026-08-22 14:07:40.041 [warning] [Git][getBranch] No such branch: master
2026-08-22 14:07:40.057 [info] > git cat-file -s 410e64c16b5c602bd3a5de96c4648722b2bd5b36 [37ms]
2026-08-22 14:07:40.066 [info] > git for-each-ref --sort -committerdate --format %(refname)%00%(objectname)%00%(*objectname) [10ms]
2026-08-22 14:07:40.191 [info] > git status -z -uall [139ms]
2026-08-22 14:07:40.216 [info] > git config --get commit.template [15ms]
2026-08-22 14:07:40.221 [info] [Git][getRemotes] No remotes found in the git config file
2026-08-22 14:07:40.242 [info] > git for-each-ref --format=%(refname)%00%(upstream:short)%00%(objectname)%00%(upstream:track)%00%(upstream:remotename)%00%(upstream:remoteref) refs/heads/master refs/remotes/master [21ms]
2026-08-22 14:07:40.242 [warning] [Git][getBranch] No such branch: master
2026-08-22 14:07:40.260 [info] > git for-each-ref --sort -committerdate --format %(refname)%00%(objectname)%00%(*objectname) [9ms]
2026-08-22 14:07:40.310 [info] > git status -z -uall [63ms]
2026-08-22 14:07:40.696 [info] > git show --textconv HEAD:AI-RAG_W2_store.py [9ms]
2026-08-22 14:07:40.697 [warning] [GitFileSystemProvider][readFile] File not found - git:/voc/work/AI-RAG_W2_store.py.git?%7B%22path%22%3A%22%2Fvoc%2Fwork%2FAI-RAG_W2_store.py%22%2C%22ref%22%3A%22HEAD%22%7D
2026-08-22 14:07:40.704 [info] > git ls-tree -l HEAD -- AI-RAG_W2_store.py [13ms]
2026-08-22 14:07:40.704 [info] fatal: Not a valid object name HEAD
2026-08-22 14:07:40.704 [warning] [GitFileSystemProvider][stat] File not found - git:/voc/work/AI-RAG_W2_store.py.git?%7B%22path%22%3A%22%2Fvoc%2Fwork%2FAI-RAG_W2_store.py%22%2C%22ref%22%3A%22HEAD%22%7D
2026-08-22 14:07:42.066 [info] > git show --textconv HEAD:AI-RAG_W2_settings.py [10ms]
2026-08-22 14:07:42.066 [warning] [GitFileSystemProvider][readFile] File not found - git:/voc/work/AI-RAG_W2_settings.py.git?%7B%22path%22%3A%22%2Fvoc%2Fwork%2FAI-RAG_W2_settings.py%22%2C%22ref%22%3A%22HEAD%22%7D
2026-08-22 14:07:42.073 [info] > git show --textconv :AI-RAG_W2_settings.py [21ms]
2026-08-22 14:07:42.081 [info] > git ls-files --stage -- AI-RAG_W2_settings.py [21ms]
2026-08-22 14:07:42.091 [info] > git ls-tree -l HEAD -- AI-RAG_W2_settings.py [27ms]
2026-08-22 14:07:42.093 [info] fatal: Not a valid object name HEAD
2026-08-22 14:07:42.094 [warning] [GitFileSystemProvider][stat] File not found - git:/voc/work/AI-RAG_W2_settings.py.git?%7B%22path%22%3A%22%2Fvoc%2Fwork%2FAI-RAG_W2_settings.py%22%2C%22ref%22%3A%22HEAD%22%7D
2026-08-22 14:07:42.108 [info] > git cat-file -s 811f67fe43f6015f71cd879041d704c5965f515b [17ms]
2026-08-22 14:07:43.261 [info] > git show --textconv HEAD:AI-RAG_W2_store.py [11ms]
2026-08-22 14:07:43.261 [warning] [GitFileSystemProvider][readFile] File not found - git:/voc/work/AI-RAG_W2_store.py.git?%7B%22path%22%3A%22%2Fvoc%2Fwork%2FAI-RAG_W2_store.py%22%2C%22ref%22%3A%22HEAD%22%7D
2026-08-22 14:07:43.269 [info] > git show --textconv :AI-RAG_W2_store.py [22ms]
2026-08-22 14:07:43.270 [info] > git ls-tree -l HEAD -- AI-RAG_W2_store.py [13ms]
2026-08-22 14:07:43.277 [info] fatal: Not a valid object name HEAD
2026-08-22 14:07:43.277 [warning] [GitFileSystemProvider][stat] File not found - git:/voc/work/AI-RAG_W2_store.py.git?%7B%22path%22%3A%22%2Fvoc%2Fwork%2FAI-RAG_W2_store.py%22%2C%22ref%22%3A%22HEAD%22%7D
2026-08-22 14:07:43.277 [info] > git ls-files --stage -- AI-RAG_W2_store.py [24ms]
2026-08-22 14:07:43.298 [info] > git cat-file -s 410e64c16b5c602bd3a5de96c4648722b2bd5b36 [9ms]
2026-08-22 14:07:47.166 [info] [Git][getRemotes] No remotes found in the git config file
2026-08-22 14:07:47.175 [info] > git config --get commit.template [11ms]
2026-08-22 14:07:47.182 [info] > git for-each-ref --format=%(refname)%00%(upstream:short)%00%(objectname)%00%(upstream:track)%00%(upstream:remotename)%00%(upstream:remoteref) refs/heads/master refs/remotes/master [12ms]
2026-08-22 14:07:47.183 [warning] [Git][getBranch] No such branch: master
2026-08-22 14:07:47.205 [info] > git for-each-ref --sort -committerdate --format %(refname)%00%(objectname)%00%(*objectname) [9ms]
2026-08-22 14:07:47.250 [info] > git status -z -uall [57ms]
2026-08-22 14:07:52.258 [info] [Git][getRemotes] No remotes found in the git config file
2026-08-22 14:07:52.266 [info] > git config --get commit.template [9ms]
2026-08-22 14:07:52.274 [info] > git for-each-ref --format=%(refname)%00%(upstream:short)%00%(objectname)%00%(upstream:track)%00%(upstream:remotename)%00%(upstream:remoteref) refs/heads/master refs/remotes/master [12ms]
2026-08-22 14:07:52.274 [warning] [Git][getBranch] No such branch: master
2026-08-22 14:07:52.296 [info] > git for-each-ref --sort -committerdate --format %(refname)%00%(objectname)%00%(*objectname) [8ms]
2026-08-22 14:07:52.341 [info] > git status -z -uall [56ms]
2026-08-22 14:07:56.536 [info] > git for-each-ref --sort -committerdate --format %(refname)%00%(objectname)%00%(*objectname)%00%(parent)%00%(*parent)%00%(authorname)%00%(*authorname)%00%(committerdate:unix)%00%(*committerdate:unix)%00%(subject)%00%(*subject)%00%(upstream:track) [10ms]
2026-08-22 14:07:57.348 [info] [Git][getRemotes] No remotes found in the git config file
2026-08-22 14:07:57.357 [info] > git config --get commit.template [9ms]
2026-08-22 14:07:57.364 [info] > git for-each-ref --format=%(refname)%00%(upstream:short)%00%(objectname)%00%(upstream:track)%00%(upstream:remotename)%00%(upstream:remoteref) refs/heads/master refs/remotes/master [12ms]
2026-08-22 14:07:57.364 [warning] [Git][getBranch] No such branch: master
2026-08-22 14:07:57.378 [info] > git for-each-ref --sort -committerdate --format %(refname)%00%(objectname)%00%(*objectname) [7ms]
2026-08-22 14:07:57.422 [info] > git status -z -uall [54ms]
2026-08-22 14:07:57.961 [info] > git for-each-ref --sort -committerdate --format %(refname)%00%(objectname)%00%(*objectname)%00%(parent)%00%(*parent)%00%(authorname)%00%(*authorname)%00%(committerdate:unix)%00%(*committerdate:unix)%00%(subject)%00%(*subject)%00%(upstream:track) [8ms]
2026-08-22 14:08:02.430 [info] [Git][getRemotes] No remotes found in the git config file
2026-08-22 14:08:02.438 [info] > git config --get commit.template [9ms]
2026-08-22 14:08:02.446 [info] > git for-each-ref --format=%(refname)%00%(upstream:short)%00%(objectname)%00%(upstream:track)%00%(upstream:remotename)%00%(upstream:remoteref) refs/heads/master refs/remotes/master [12ms]
2026-08-22 14:08:02.446 [warning] [Git][getBranch] No such branch: master
2026-08-22 14:08:02.469 [info] > git for-each-ref --sort -committerdate --format %(refname)%00%(objectname)%00%(*objectname) [9ms]
2026-08-22 14:08:02.517 [info] > git status -z -uall [60ms]
2026-08-22 14:08:07.525 [info] [Git][getRemotes] No remotes found in the git config file
2026-08-22 14:08:07.533 [info] > git config --get commit.template [9ms]
2026-08-22 14:08:07.540 [info] > git for-each-ref --format=%(refname)%00%(upstream:short)%00%(objectname)%00%(upstream:track)%00%(upstream:remotename)%00%(upstream:remoteref) refs/heads/master refs/remotes/master [11ms]
2026-08-22 14:08:07.541 [warning] [Git][getBranch] No such branch: master
2026-08-22 14:08:07.563 [info] > git for-each-ref --sort -committerdate --format %(refname)%00%(objectname)%00%(*objectname) [8ms]
2026-08-22 14:08:07.608 [info] > git status -z -uall [56ms]
2026-08-22 14:08:12.616 [info] [Git][getRemotes] No remotes found in the git config file
2026-08-22 14:08:12.623 [info] > git config --get commit.template [8ms]
2026-08-22 14:08:12.631 [info] > git for-each-ref --format=%(refname)%00%(upstream:short)%00%(objectname)%00%(upstream:track)%00%(upstream:remotename)%00%(upstream:remoteref) refs/heads/master refs/remotes/master [12ms]
2026-08-22 14:08:12.631 [warning] [Git][getBranch] No such branch: master
2026-08-22 14:08:12.653 [info] > git for-each-ref --sort -committerdate --format %(refname)%00%(objectname)%00%(*objectname) [9ms]
2026-08-22 14:08:12.696 [info] > git status -z -uall [54ms]
2026-08-22 14:08:47.772 [info] [Git][getRemotes] No remotes found in the git config file
2026-08-22 14:08:47.780 [info] > git config --get commit.template [9ms]
2026-08-22 14:08:47.788 [info] > git for-each-ref --format=%(refname)%00%(upstream:short)%00%(objectname)%00%(upstream:track)%00%(upstream:remotename)%00%(upstream:remoteref) refs/heads/master refs/remotes/master [12ms]
2026-08-22 14:08:47.788 [warning] [Git][getBranch] No such branch: master
2026-08-22 14:08:47.806 [info] > git for-each-ref --sort -committerdate --format %(refname)%00%(objectname)%00%(*objectname) [11ms]
2026-08-22 14:08:47.897 [info] > git status -z -uall [105ms]
2026-08-22 14:08:52.908 [info] [Git][getRemotes] No remotes found in the git config file
2026-08-22 14:08:52.916 [info] > git for-each-ref --format=%(refname)%00%(upstream:short)%00%(objectname)%00%(upstream:track)%00%(upstream:remotename)%00%(upstream:remoteref) refs/heads/master refs/remotes/master [8ms]
2026-08-22 14:08:52.916 [warning] [Git][getBranch] No such branch: master
2026-08-22 14:08:52.916 [info] > git config --get commit.template [12ms]
2026-08-22 14:08:52.940 [info] > git for-each-ref --sort -committerdate --format %(refname)%00%(objectname)%00%(*objectname) [10ms]
2026-08-22 14:08:52.985 [info] > git status -z -uall [58ms]
2026-08-22 14:08:57.997 [info] [Git][getRemotes] No remotes found in the git config file
2026-08-22 14:08:57.997 [info] > git config --get commit.template [5ms]
2026-08-22 14:08:58.005 [info] > git for-each-ref --format=%(refname)%00%(upstream:short)%00%(objectname)%00%(upstream:track)%00%(upstream:remotename)%00%(upstream:remoteref) refs/heads/master refs/remotes/master [8ms]
2026-08-22 14:08:58.005 [warning] [Git][getBranch] No such branch: master
2026-08-22 14:08:58.029 [info] > git for-each-ref --sort -committerdate --format %(refname)%00%(objectname)%00%(*objectname) [9ms]
2026-08-22 14:08:58.074 [info] > git status -z -uall [58ms]
2026-08-22 14:08:58.737 [info] > git -c user.useConfigOnly=true commit --quiet --amend [8ms]
2026-08-22 14:08:58.737 [info] fatal: You have nothing to amend.
2026-08-22 14:08:58.748 [info] > git config --get-all user.name [7ms]
2026-08-22 14:08:58.759 [info] > git config --get-all user.email [7ms]
2026-08-22 14:08:58.769 [info] [Git][getRemotes] No remotes found in the git config file
2026-08-22 14:08:58.769 [info] > git config --get commit.template [5ms]
2026-08-22 14:08:58.783 [info] > git for-each-ref --format=%(refname)%00%(upstream:short)%00%(objectname)%00%(upstream:track)%00%(upstream:remotename)%00%(upstream:remoteref) refs/heads/master refs/remotes/master [15ms]
2026-08-22 14:08:58.783 [warning] [Git][getBranch] No such branch: master
2026-08-22 14:08:58.807 [info] > git for-each-ref --sort -committerdate --format %(refname)%00%(objectname)%00%(*objectname) [9ms]
2026-08-22 14:08:58.840 [info] > git status -z -uall [46ms]
2026-08-22 14:09:04.581 [info] > git show --textconv :.git/COMMIT_EDITMSG [8ms]
2026-08-22 14:09:04.582 [warning] [GitFileSystemProvider][readFile] File not found - git:/voc/work/.git/COMMIT_EDITMSG.git?%7B%22path%22%3A%22%2Fvoc%2Fwork%2F.git%2FCOMMIT_EDITMSG%22%2C%22ref%22%3A%22%22%7D
2026-08-22 14:09:04.590 [info] > git ls-files --stage -- .git/COMMIT_EDITMSG [14ms]
2026-08-22 14:09:04.597 [warning] [GitFileSystemProvider][stat] File not found - git:/voc/work/.git/COMMIT_EDITMSG.git?%7B%22path%22%3A%22%2Fvoc%2Fwork%2F.git%2FCOMMIT_EDITMSG%22%2C%22ref%22%3A%22%22%7D
2026-08-22 14:09:47.297 [info] > git remote add origin https://github.com/jpanigra/work.git [39ms]
2026-08-22 14:09:47.310 [info] > git config --get commit.template [8ms]
2026-08-22 14:09:47.317 [info] > git for-each-ref --format=%(refname)%00%(upstream:short)%00%(objectname)%00%(upstream:track)%00%(upstream:remotename)%00%(upstream:remoteref) refs/heads/master refs/remotes/master [11ms]
2026-08-22 14:09:47.317 [warning] [Git][getBranch] No such branch: master
2026-08-22 14:09:47.342 [info] > git for-each-ref --sort -committerdate --format %(refname)%00%(objectname)%00%(*objectname) [9ms]
2026-08-22 14:09:47.384 [info] > git status -z -uall [55ms]
2026-08-22 14:09:47.414 [info] > git push -u origin master [23ms]
2026-08-22 14:09:47.414 [info] error: src refspec master does not match any
error: failed to push some refs to 'https://github.com/jpanigra/work.git'
2026-08-22 14:09:47.425 [info] > git config --get commit.template [6ms]
2026-08-22 14:09:47.432 [info] > git for-each-ref --format=%(refname)%00%(upstream:short)%00%(objectname)%00%(upstream:track)%00%(upstream:remotename)%00%(upstream:remoteref) refs/heads/master refs/remotes/master [9ms]
2026-08-22 14:09:47.432 [warning] [Git][getBranch] No such branch: master
2026-08-22 14:09:47.456 [info] > git for-each-ref --sort -committerdate --format %(refname)%00%(objectname)%00%(*objectname) [9ms]
2026-08-22 14:09:47.504 [info] > git status -z -uall [60ms]
2026-08-22 14:10:03.139 [info] > git -c user.useConfigOnly=true commit --quiet [60194ms]
2026-08-22 14:10:03.139 [info] Aborting commit due to empty commit message.
2026-08-22 14:10:03.150 [info] > git config --get commit.template [6ms]
2026-08-22 14:10:03.158 [info] > git for-each-ref --format=%(refname)%00%(upstream:short)%00%(objectname)%00%(upstream:track)%00%(upstream:remotename)%00%(upstream:remoteref) refs/heads/master refs/remotes/master [9ms]
2026-08-22 14:10:03.158 [warning] [Git][getBranch] No such branch: master
2026-08-22 14:10:03.184 [info] > git for-each-ref --sort -committerdate --format %(refname)%00%(objectname)%00%(*objectname) [11ms]
2026-08-22 14:10:03.279 [info] > git status -z -uall [110ms]
2026-08-22 14:10:03.295 [info] > git config --get commit.template [6ms]
2026-08-22 14:10:03.303 [info] > git for-each-ref --format=%(refname)%00%(upstream:short)%00%(objectname)%00%(upstream:track)%00%(upstream:remotename)%00%(upstream:remoteref) refs/heads/master refs/remotes/master [9ms]
2026-08-22 14:10:03.303 [warning] [Git][getBranch] No such branch: master
2026-08-22 14:10:03.329 [info] > git for-each-ref --sort -committerdate --format %(refname)%00%(objectname)%00%(*objectname) [10ms]
2026-08-22 14:10:03.367 [info] > git status -z -uall [52ms]
2026-08-22 14:10:08.381 [info] > git config --get commit.template [7ms]
2026-08-22 14:10:08.389 [info] > git for-each-ref --format=%(refname)%00%(upstream:short)%00%(objectname)%00%(upstream:track)%00%(upstream:remotename)%00%(upstream:remoteref) refs/heads/master refs/remotes/master [9ms]
2026-08-22 14:10:08.389 [warning] [Git][getBranch] No such branch: master
2026-08-22 14:10:08.417 [info] > git for-each-ref --sort -committerdate --format %(refname)%00%(objectname)%00%(*objectname) [12ms]
2026-08-22 14:10:08.464 [info] > git status -z -uall [64ms]
2026-08-22 14:10:13.478 [info] > git config --get commit.template [7ms]
2026-08-22 14:10:13.486 [info] > git for-each-ref --format=%(refname)%00%(upstream:short)%00%(objectname)%00%(upstream:track)%00%(upstream:remotename)%00%(upstream:remoteref) refs/heads/master refs/remotes/master [10ms]
2026-08-22 14:10:13.486 [warning] [Git][getBranch] No such branch: master
2026-08-22 14:10:13.509 [info] > git for-each-ref --sort -committerdate --format %(refname)%00%(objectname)%00%(*objectname) [9ms]
2026-08-22 14:10:13.553 [info] > git status -z -uall [57ms]
2026-08-22 14:10:18.566 [info] > git config --get commit.template [6ms]
2026-08-22 14:10:18.574 [info] > git for-each-ref --format=%(refname)%00%(upstream:short)%00%(objectname)%00%(upstream:track)%00%(upstream:remotename)%00%(upstream:remoteref) refs/heads/master refs/remotes/master [10ms]
2026-08-22 14:10:18.574 [warning] [Git][getBranch] No such branch: master
2026-08-22 14:10:18.599 [info] > git for-each-ref --sort -committerdate --format %(refname)%00%(objectname)%00%(*objectname) [9ms]
2026-08-22 14:10:18.647 [info] > git status -z -uall [61ms]
2026-08-22 14:10:23.661 [info] > git config --get commit.template [7ms]
2026-08-22 14:10:23.669 [info] > git for-each-ref --format=%(refname)%00%(upstream:short)%00%(objectname)%00%(upstream:track)%00%(upstream:remotename)%00%(upstream:remoteref) refs/heads/master refs/remotes/master [11ms]
2026-08-22 14:10:23.670 [warning] [Git][getBranch] No such branch: master
2026-08-22 14:10:23.694 [info] > git for-each-ref --sort -committerdate --format %(refname)%00%(objectname)%00%(*objectname) [10ms]
2026-08-22 14:10:23.741 [info] > git status -z -uall [61ms]
2026-08-22 14:10:28.754 [info] > git config --get commit.template [6ms]
2026-08-22 14:10:28.762 [info] > git for-each-ref --format=%(refname)%00%(upstream:short)%00%(objectname)%00%(upstream:track)%00%(upstream:remotename)%00%(upstream:remoteref) refs/heads/master refs/remotes/master [10ms]
2026-08-22 14:10:28.762 [warning] [Git][getBranch] No such branch: master
2026-08-22 14:10:28.787 [info] > git for-each-ref --sort -committerdate --format %(refname)%00%(objectname)%00%(*objectname) [11ms]
2026-08-22 14:10:28.832 [info] > git status -z -uall [59ms]
2026-08-22 14:10:33.845 [info] > git config --get commit.template [6ms]
2026-08-22 14:10:33.853 [info] > git for-each-ref --format=%(refname)%00%(upstream:short)%00%(objectname)%00%(upstream:track)%00%(upstream:remotename)%00%(upstream:remoteref) refs/heads/master refs/remotes/master [10ms]
2026-08-22 14:10:33.853 [warning] [Git][getBranch] No such branch: master
2026-08-22 14:10:33.876 [info] > git for-each-ref --sort -committerdate --format %(refname)%00%(objectname)%00%(*objectname) [9ms]
2026-08-22 14:10:33.921 [info] > git status -z -uall [58ms]
2026-08-22 14:10:38.935 [info] > git config --get commit.template [6ms]
2026-08-22 14:10:38.943 [info] > git for-each-ref --format=%(refname)%00%(upstream:short)%00%(objectname)%00%(upstream:track)%00%(upstream:remotename)%00%(upstream:remoteref) refs/heads/master refs/remotes/master [10ms]
2026-08-22 14:10:38.943 [warning] [Git][getBranch] No such branch: master
2026-08-22 14:10:38.960 [info] > git for-each-ref --sort -committerdate --format %(refname)%00%(objectname)%00%(*objectname) [10ms]
2026-08-22 14:10:39.004 [info] > git status -z -uall [57ms]
2026-08-22 14:10:44.017 [info] > git config --get commit.template [6ms]
2026-08-22 14:10:44.025 [info] > git for-each-ref --format=%(refname)%00%(upstream:short)%00%(objectname)%00%(upstream:track)%00%(upstream:remotename)%00%(upstream:remoteref) refs/heads/master refs/remotes/master [10ms]
2026-08-22 14:10:44.025 [warning] [Git][getBranch] No such branch: master
2026-08-22 14:10:44.043 [info] > git for-each-ref --sort -committerdate --format %(refname)%00%(objectname)%00%(*objectname) [11ms]
2026-08-22 14:10:44.091 [info] > git status -z -uall [62ms]
2026-08-22 14:10:49.105 [info] > git config --get commit.template [7ms]
2026-08-22 14:10:49.112 [info] > git for-each-ref --format=%(refname)%00%(upstream:short)%00%(objectname)%00%(upstream:track)%00%(upstream:remotename)%00%(upstream:remoteref) refs/heads/master refs/remotes/master [10ms]
2026-08-22 14:10:49.113 [warning] [Git][getBranch] No such branch: master
2026-08-22 14:10:49.132 [info] > git for-each-ref --sort -committerdate --format %(refname)%00%(objectname)%00%(*objectname) [11ms]
2026-08-22 14:10:49.181 [info] > git status -z -uall [64ms]
2026-08-22 14:10:54.194 [info] > git config --get commit.template [6ms]
2026-08-22 14:10:54.202 [info] > git for-each-ref --format=%(refname)%00%(upstream:short)%00%(objectname)%00%(upstream:track)%00%(upstream:remotename)%00%(upstream:remoteref) refs/heads/master refs/remotes/master [11ms]
2026-08-22 14:10:54.202 [warning] [Git][getBranch] No such branch: master
2026-08-22 14:10:54.220 [info] > git for-each-ref --sort -committerdate --format %(refname)%00%(objectname)%00%(*objectname) [11ms]
2026-08-22 14:10:54.262 [info] > git status -z -uall [56ms]
2026-08-22 14:10:59.274 [info] > git config --get commit.template [6ms]
2026-08-22 14:10:59.281 [info] > git for-each-ref --format=%(refname)%00%(upstream:short)%00%(objectname)%00%(upstream:track)%00%(upstream:remotename)%00%(upstream:remoteref) refs/heads/master refs/remotes/master [9ms]
2026-08-22 14:10:59.281 [warning] [Git][getBranch] No such branch: master
2026-08-22 14:10:59.297 [info] > git for-each-ref --sort -committerdate --format %(refname)%00%(objectname)%00%(*objectname) [9ms]
2026-08-22 14:10:59.340 [info] > git status -z -uall [55ms]
2026-08-22 14:11:04.353 [info] > git config --get commit.template [5ms]
2026-08-22 14:11:04.361 [info] > git for-each-ref --format=%(refname)%00%(upstream:short)%00%(objectname)%00%(upstream:track)%00%(upstream:remotename)%00%(upstream:remoteref) refs/heads/master refs/remotes/master [11ms]
2026-08-22 14:11:04.361 [warning] [Git][getBranch] No such branch: master
2026-08-22 14:11:04.384 [info] > git for-each-ref --sort -committerdate --format %(refname)%00%(objectname)%00%(*objectname) [10ms]
2026-08-22 14:11:04.482 [info] > git status -z -uall [111ms]
2026-08-22 14:11:09.495 [info] > git config --get commit.template [7ms]
2026-08-22 14:11:09.503 [info] > git for-each-ref --format=%(refname)%00%(upstream:short)%00%(objectname)%00%(upstream:track)%00%(upstream:remotename)%00%(upstream:remoteref) refs/heads/master refs/remotes/master [11ms]
2026-08-22 14:11:09.503 [warning] [Git][getBranch] No such branch: master
2026-08-22 14:11:09.519 [info] > git for-each-ref --sort -committerdate --format %(refname)%00%(objectname)%00%(*objectname) [9ms]
2026-08-22 14:11:09.565 [info] > git status -z -uall [58ms]
2026-08-22 14:11:14.578 [info] > git config --get commit.template [6ms]
2026-08-22 14:11:14.586 [info] > git for-each-ref --format=%(refname)%00%(upstream:short)%00%(objectname)%00%(upstream:track)%00%(upstream:remotename)%00%(upstream:remoteref) refs/heads/master refs/remotes/master [10ms]
2026-08-22 14:11:14.586 [warning] [Git][getBranch] No such branch: master
2026-08-22 14:11:14.606 [info] > git for-each-ref --sort -committerdate --format %(refname)%00%(objectname)%00%(*objectname) [11ms]
2026-08-22 14:11:14.657 [info] > git status -z -uall [66ms]
2026-08-22 14:11:19.670 [info] > git config --get commit.template [6ms]
2026-08-22 14:11:19.678 [info] > git for-each-ref --format=%(refname)%00%(upstream:short)%00%(objectname)%00%(upstream:track)%00%(upstream:remotename)%00%(upstream:remoteref) refs/heads/master refs/remotes/master [11ms]
2026-08-22 14:11:19.679 [warning] [Git][getBranch] No such branch: master
2026-08-22 14:11:19.704 [info] > git for-each-ref --sort -committerdate --format %(refname)%00%(objectname)%00%(*objectname) [11ms]
2026-08-22 14:11:19.751 [info] > git status -z -uall [61ms]
2026-08-22 14:11:24.764 [info] > git config --get commit.template [6ms]
2026-08-22 14:11:24.772 [info] > git for-each-ref --format=%(refname)%00%(upstream:short)%00%(objectname)%00%(upstream:track)%00%(upstream:remotename)%00%(upstream:remoteref) refs/heads/master refs/remotes/master [10ms]
2026-08-22 14:11:24.772 [warning] [Git][getBranch] No such branch: master
2026-08-22 14:11:24.796 [info] > git for-each-ref --sort -committerdate --format %(refname)%00%(objectname)%00%(*objectname) [10ms]
2026-08-22 14:11:24.841 [info] > git status -z -uall [58ms]
2026-08-22 14:11:29.853 [info] > git config --get commit.template [6ms]
2026-08-22 14:11:29.862 [info] > git for-each-ref --format=%(refname)%00%(upstream:short)%00%(objectname)%00%(upstream:track)%00%(upstream:remotename)%00%(upstream:remoteref) refs/heads/master refs/remotes/master [10ms]
2026-08-22 14:11:29.862 [warning] [Git][getBranch] No such branch: master
2026-08-22 14:11:29.878 [info] > git for-each-ref --sort -committerdate --format %(refname)%00%(objectname)%00%(*objectname) [9ms]
2026-08-22 14:11:29.923 [info] > git status -z -uall [56ms]
2026-08-22 14:11:34.934 [info] > git config --get commit.template [5ms]
2026-08-22 14:11:34.942 [info] > git for-each-ref --format=%(refname)%00%(upstream:short)%00%(objectname)%00%(upstream:track)%00%(upstream:remotename)%00%(upstream:remoteref) refs/heads/master refs/remotes/master [8ms]
2026-08-22 14:11:34.943 [warning] [Git][getBranch] No such branch: master
2026-08-22 14:11:34.966 [info] > git for-each-ref --sort -committerdate --format %(refname)%00%(objectname)%00%(*objectname) [9ms]
2026-08-22 14:11:35.009 [info] > git status -z -uall [56ms]
2026-08-22 14:11:40.024 [info] > git config --get commit.template [7ms]
2026-08-22 14:11:40.032 [info] > git for-each-ref --format=%(refname)%00%(upstream:short)%00%(objectname)%00%(upstream:track)%00%(upstream:remotename)%00%(upstream:remoteref) refs/heads/master refs/remotes/master [12ms]
2026-08-22 14:11:40.032 [warning] [Git][getBranch] No such branch: master
2026-08-22 14:11:40.051 [info] > git for-each-ref --sort -committerdate --format %(refname)%00%(objectname)%00%(*objectname) [12ms]
2026-08-22 14:11:40.097 [info] > git status -z -uall [61ms]
2026-08-22 14:11:45.111 [info] > git config --get commit.template [8ms]
2026-08-22 14:11:45.118 [info] > git for-each-ref --format=%(refname)%00%(upstream:short)%00%(objectname)%00%(upstream:track)%00%(upstream:remotename)%00%(upstream:remoteref) refs/heads/master refs/remotes/master [11ms]
2026-08-22 14:11:45.118 [warning] [Git][getBranch] No such branch: master
2026-08-22 14:11:45.137 [info] > git for-each-ref --sort -committerdate --format %(refname)%00%(objectname)%00%(*objectname) [12ms]
2026-08-22 14:11:45.183 [info] > git status -z -uall [61ms]
2026-08-22 14:11:50.197 [info] > git config --get commit.template [6ms]
2026-08-22 14:11:50.204 [info] > git for-each-ref --format=%(refname)%00%(upstream:short)%00%(objectname)%00%(upstream:track)%00%(upstream:remotename)%00%(upstream:remoteref) refs/heads/master refs/remotes/master [9ms]
2026-08-22 14:11:50.204 [warning] [Git][getBranch] No such branch: master
2026-08-22 14:11:50.223 [info] > git for-each-ref --sort -committerdate --format %(refname)%00%(objectname)%00%(*objectname) [11ms]
2026-08-22 14:11:50.267 [info] > git status -z -uall [58ms]
2026-08-22 14:11:55.279 [info] > git config --get commit.template [6ms]
2026-08-22 14:11:55.287 [info] > git for-each-ref --format=%(refname)%00%(upstream:short)%00%(objectname)%00%(upstream:track)%00%(upstream:remotename)%00%(upstream:remoteref) refs/heads/master refs/remotes/master [10ms]
2026-08-22 14:11:55.287 [warning] [Git][getBranch] No such branch: master
2026-08-22 14:11:55.303 [info] > git for-each-ref --sort -committerdate --format %(refname)%00%(objectname)%00%(*objectname) [9ms]
2026-08-22 14:11:55.345 [info] > git status -z -uall [54ms]
2026-08-22 14:12:00.358 [info] > git config --get commit.template [6ms]
2026-08-22 14:12:00.366 [info] > git for-each-ref --format=%(refname)%00%(upstream:short)%00%(objectname)%00%(upstream:track)%00%(upstream:remotename)%00%(upstream:remoteref) refs/heads/master refs/remotes/master [10ms]
2026-08-22 14:12:00.366 [warning] [Git][getBranch] No such branch: master
2026-08-22 14:12:00.390 [info] > git for-each-ref --sort -committerdate --format %(refname)%00%(objectname)%00%(*objectname) [9ms]
2026-08-22 14:12:00.435 [info] > git status -z -uall [58ms]
2026-08-22 14:12:05.448 [info] > git config --get commit.template [6ms]
2026-08-22 14:12:05.457 [info] > git for-each-ref --format=%(refname)%00%(upstream:short)%00%(objectname)%00%(upstream:track)%00%(upstream:remotename)%00%(upstream:remoteref) refs/heads/master refs/remotes/master [10ms]
2026-08-22 14:12:05.457 [warning] [Git][getBranch] No such branch: master
2026-08-22 14:12:05.481 [info] > git for-each-ref --sort -committerdate --format %(refname)%00%(objectname)%00%(*objectname) [10ms]
2026-08-22 14:12:05.581 [info] > git status -z -uall [113ms]
2026-08-22 14:12:10.596 [info] > git config --get commit.template [8ms]
2026-08-22 14:12:10.603 [info] > git for-each-ref --format=%(refname)%00%(upstream:short)%00%(objectname)%00%(upstream:track)%00%(upstream:remotename)%00%(upstream:remoteref) refs/heads/master refs/remotes/master [11ms]
2026-08-22 14:12:10.603 [warning] [Git][getBranch] No such branch: master
2026-08-22 14:12:10.628 [info] > git for-each-ref --sort -committerdate --format %(refname)%00%(objectname)%00%(*objectname) [10ms]
2026-08-22 14:12:10.676 [info] > git status -z -uall [62ms]
2026-08-22 14:12:15.690 [info] > git config --get commit.template [7ms]
2026-08-22 14:12:15.697 [info] > git for-each-ref --format=%(refname)%00%(upstream:short)%00%(objectname)%00%(upstream:track)%00%(upstream:remotename)%00%(upstream:remoteref) refs/heads/master refs/remotes/master [10ms]
2026-08-22 14:12:15.697 [warning] [Git][getBranch] No such branch: master
2026-08-22 14:12:15.722 [info] > git for-each-ref --sort -committerdate --format %(refname)%00%(objectname)%00%(*objectname) [10ms]
2026-08-22 14:12:15.766 [info] > git status -z -uall [57ms]
2026-08-22 14:12:20.779 [info] > git config --get commit.template [6ms]
2026-08-22 14:12:20.787 [info] > git for-each-ref --format=%(refname)%00%(upstream:short)%00%(objectname)%00%(upstream:track)%00%(upstream:remotename)%00%(upstream:remoteref) refs/heads/master refs/remotes/master [10ms]
2026-08-22 14:12:20.787 [warning] [Git][getBranch] No such branch: master
2026-08-22 14:12:20.806 [info] > git for-each-ref --sort -committerdate --format %(refname)%00%(objectname)%00%(*objectname) [10ms]
2026-08-22 14:12:20.850 [info] > git status -z -uall [58ms]
2026-08-22 14:12:25.864 [info] > git config --get commit.template [7ms]
2026-08-22 14:12:25.872 [info] > git for-each-ref --format=%(refname)%00%(upstream:short)%00%(objectname)%00%(upstream:track)%00%(upstream:remotename)%00%(upstream:remoteref) refs/heads/master refs/remotes/master [10ms]
2026-08-22 14:12:25.873 [warning] [Git][getBranch] No such branch: master
2026-08-22 14:12:25.897 [info] > git for-each-ref --sort -committerdate --format %(refname)%00%(objectname)%00%(*objectname) [9ms]
2026-08-22 14:12:25.946 [info] > git status -z -uall [61ms]
2026-08-22 14:12:30.958 [info] > git config --get commit.template [6ms]
2026-08-22 14:12:30.967 [info] > git for-each-ref --format=%(refname)%00%(upstream:short)%00%(objectname)%00%(upstream:track)%00%(upstream:remotename)%00%(upstream:remoteref) refs/heads/master refs/remotes/master [11ms]
2026-08-22 14:12:30.967 [warning] [Git][getBranch] No such branch: master
2026-08-22 14:12:30.985 [info] > git for-each-ref --sort -committerdate --format %(refname)%00%(objectname)%00%(*objectname) [10ms]
2026-08-22 14:12:31.032 [info] > git status -z -uall [61ms]
2026-08-22 14:12:36.046 [info] > git config --get commit.template [6ms]
2026-08-22 14:12:36.056 [info] > git for-each-ref --format=%(refname)%00%(upstream:short)%00%(objectname)%00%(upstream:track)%00%(upstream:remotename)%00%(upstream:remoteref) refs/heads/master refs/remotes/master [13ms]
2026-08-22 14:12:36.057 [warning] [Git][getBranch] No such branch: master
2026-08-22 14:12:36.085 [info] > git for-each-ref --sort -committerdate --format %(refname)%00%(objectname)%00%(*objectname) [13ms]
2026-08-22 14:12:36.140 [info] > git status -z -uall [71ms]
2026-08-22 14:12:41.154 [info] > git config --get commit.template [6ms]
2026-08-22 14:12:41.162 [info] > git for-each-ref --format=%(refname)%00%(upstream:short)%00%(objectname)%00%(upstream:track)%00%(upstream:remotename)%00%(upstream:remoteref) refs/heads/master refs/remotes/master [10ms]
2026-08-22 14:12:41.162 [warning] [Git][getBranch] No such branch: master
2026-08-22 14:12:41.188 [info] > git for-each-ref --sort -committerdate --format %(refname)%00%(objectname)%00%(*objectname) [11ms]
2026-08-22 14:12:41.232 [info] > git status -z -uall [59ms]
2026-08-22 14:12:46.248 [info] > git config --get commit.template [7ms]
2026-08-22 14:12:46.256 [info] > git for-each-ref --format=%(refname)%00%(upstream:short)%00%(objectname)%00%(upstream:track)%00%(upstream:remotename)%00%(upstream:remoteref) refs/heads/master refs/remotes/master [11ms]
2026-08-22 14:12:46.256 [warning] [Git][getBranch] No such branch: master
2026-08-22 14:12:46.276 [info] > git for-each-ref --sort -committerdate --format %(refname)%00%(objectname)%00%(*objectname) [12ms]
2026-08-22 14:12:46.333 [info] > git status -z -uall [73ms]
2026-08-22 14:12:51.348 [info] > git config --get commit.template [7ms]
2026-08-22 14:12:51.356 [info] > git for-each-ref --format=%(refname)%00%(upstream:short)%00%(objectname)%00%(upstream:track)%00%(upstream:remotename)%00%(upstream:remoteref) refs/heads/master refs/remotes/master [11ms]
2026-08-22 14:12:51.356 [warning] [Git][getBranch] No such branch: master
2026-08-22 14:12:51.375 [info] > git for-each-ref --sort -committerdate --format %(refname)%00%(objectname)%00%(*objectname) [11ms]
2026-08-22 14:12:51.431 [info] > git status -z -uall [71ms]
2026-08-22 14:12:56.444 [info] > git config --get commit.template [5ms]
2026-08-22 14:12:56.453 [info] > git for-each-ref --format=%(refname)%00%(upstream:short)%00%(objectname)%00%(upstream:track)%00%(upstream:remotename)%00%(upstream:remoteref) refs/heads/master refs/remotes/master [10ms]
2026-08-22 14:12:56.453 [warning] [Git][getBranch] No such branch: master
2026-08-22 14:12:56.478 [info] > git for-each-ref --sort -committerdate --format %(refname)%00%(objectname)%00%(*objectname) [10ms]
2026-08-22 14:12:56.522 [info] > git status -z -uall [58ms]
2026-08-22 14:13:01.535 [info] > git config --get commit.template [6ms]
2026-08-22 14:13:01.543 [info] > git for-each-ref --format=%(refname)%00%(upstream:short)%00%(objectname)%00%(upstream:track)%00%(upstream:remotename)%00%(upstream:remoteref) refs/heads/master refs/remotes/master [10ms]
2026-08-22 14:13:01.543 [warning] [Git][getBranch] No such branch: master
2026-08-22 14:13:01.568 [info] > git for-each-ref --sort -committerdate --format %(refname)%00%(objectname)%00%(*objectname) [9ms]
2026-08-22 14:13:01.616 [info] > git status -z -uall [61ms]
2026-08-22 14:13:06.630 [info] > git config --get commit.template [7ms]
2026-08-22 14:13:06.638 [info] > git for-each-ref --format=%(refname)%00%(upstream:short)%00%(objectname)%00%(upstream:track)%00%(upstream:remotename)%00%(upstream:remoteref) refs/heads/master refs/remotes/master [11ms]
2026-08-22 14:13:06.638 [warning] [Git][getBranch] No such branch: master
2026-08-22 14:13:06.657 [info] > git for-each-ref --sort -committerdate --format %(refname)%00%(objectname)%00%(*objectname) [12ms]
2026-08-22 14:13:06.769 [info] > git status -z -uall [127ms]
2026-08-22 14:13:11.784 [info] > git config --get commit.template [7ms]
2026-08-22 14:13:11.792 [info] > git for-each-ref --format=%(refname)%00%(upstream:short)%00%(objectname)%00%(upstream:track)%00%(upstream:remotename)%00%(upstream:remoteref) refs/heads/master refs/remotes/master [10ms]
2026-08-22 14:13:11.793 [warning] [Git][getBranch] No such branch: master
2026-08-22 14:13:11.817 [info] > git for-each-ref --sort -committerdate --format %(refname)%00%(objectname)%00%(*objectname) [10ms]
2026-08-22 14:13:11.863 [info] > git status -z -uall [59ms]
2026-08-22 14:13:16.875 [info] > git config --get commit.template [6ms]
2026-08-22 14:13:16.883 [info] > git for-each-ref --format=%(refname)%00%(upstream:short)%00%(objectname)%00%(upstream:track)%00%(upstream:remotename)%00%(upstream:remoteref) refs/heads/master refs/remotes/master [10ms]
2026-08-22 14:13:16.884 [warning] [Git][getBranch] No such branch: master
2026-08-22 14:13:16.907 [info] > git for-each-ref --sort -committerdate --format %(refname)%00%(objectname)%00%(*objectname) [10ms]
2026-08-22 14:13:16.953 [info] > git status -z -uall [59ms]
2026-08-22 14:13:21.966 [info] > git config --get commit.template [6ms]
2026-08-22 14:13:21.975 [info] > git for-each-ref --format=%(refname)%00%(upstream:short)%00%(objectname)%00%(upstream:track)%00%(upstream:remotename)%00%(upstream:remoteref) refs/heads/master refs/remotes/master [12ms]
2026-08-22 14:13:21.975 [warning] [Git][getBranch] No such branch: master
2026-08-22 14:13:21.994 [info] > git for-each-ref --sort -committerdate --format %(refname)%00%(objectname)%00%(*objectname) [12ms]
2026-08-22 14:13:22.043 [info] > git status -z -uall [64ms]
2026-08-22 14:13:27.054 [info] > git config --get commit.template [6ms]
2026-08-22 14:13:27.061 [info] > git for-each-ref --format=%(refname)%00%(upstream:short)%00%(objectname)%00%(upstream:track)%00%(upstream:remotename)%00%(upstream:remoteref) refs/heads/master refs/remotes/master [9ms]
2026-08-22 14:13:27.061 [warning] [Git][getBranch] No such branch: master
2026-08-22 14:13:27.086 [info] > git for-each-ref --sort -committerdate --format %(refname)%00%(objectname)%00%(*objectname) [10ms]
2026-08-22 14:13:27.133 [info] > git status -z -uall [60ms]
2026-08-22 14:13:32.146 [info] > git config --get commit.template [6ms]
2026-08-22 14:13:32.154 [info] > git for-each-ref --format=%(refname)%00%(upstream:short)%00%(objectname)%00%(upstream:track)%00%(upstream:remotename)%00%(upstream:remoteref) refs/heads/master refs/remotes/master [10ms]
2026-08-22 14:13:32.154 [warning] [Git][getBranch] No such branch: master
2026-08-22 14:13:32.183 [info] > git for-each-ref --sort -committerdate --format %(refname)%00%(objectname)%00%(*objectname) [14ms]
2026-08-22 14:13:32.232 [info] > git status -z -uall [67ms]
2026-08-22 14:13:37.244 [info] > git config --get commit.template [6ms]
2026-08-22 14:13:37.252 [info] > git for-each-ref --format=%(refname)%00%(upstream:short)%00%(objectname)%00%(upstream:track)%00%(upstream:remotename)%00%(upstream:remoteref) refs/heads/master refs/remotes/master [10ms]
2026-08-22 14:13:37.252 [warning] [Git][getBranch] No such branch: master
2026-08-22 14:13:37.277 [info] > git for-each-ref --sort -committerdate --format %(refname)%00%(objectname)%00%(*objectname) [9ms]
2026-08-22 14:13:37.325 [info] > git status -z -uall [61ms]
2026-08-22 14:13:42.338 [info] > git config --get commit.template [6ms]
2026-08-22 14:13:42.346 [info] > git for-each-ref --format=%(refname)%00%(upstream:short)%00%(objectname)%00%(upstream:track)%00%(upstream:remotename)%00%(upstream:remoteref) refs/heads/master refs/remotes/master [10ms]
2026-08-22 14:13:42.346 [warning] [Git][getBranch] No such branch: master
2026-08-22 14:13:42.371 [info] > git for-each-ref --sort -committerdate --format %(refname)%00%(objectname)%00%(*objectname) [9ms]
2026-08-22 14:13:42.415 [info] > git status -z -uall [57ms]
2026-08-22 14:13:47.430 [info] > git config --get commit.template [6ms]
2026-08-22 14:13:47.439 [info] > git for-each-ref --format=%(refname)%00%(upstream:short)%00%(objectname)%00%(upstream:track)%00%(upstream:remotename)%00%(upstream:remoteref) refs/heads/master refs/remotes/master [12ms]
2026-08-22 14:13:47.439 [warning] [Git][getBranch] No such branch: master
2026-08-22 14:13:47.466 [info] > git for-each-ref --sort -committerdate --format %(refname)%00%(objectname)%00%(*objectname) [12ms]
2026-08-22 14:13:47.524 [info] > git status -z -uall [74ms]
2026-08-22 14:13:52.539 [info] > git config --get commit.template [7ms]
2026-08-22 14:13:52.547 [info] > git for-each-ref --format=%(refname)%00%(upstream:short)%00%(objectname)%00%(upstream:track)%00%(upstream:remotename)%00%(upstream:remoteref) refs/heads/master refs/remotes/master [10ms]
2026-08-22 14:13:52.548 [warning] [Git][getBranch] No such branch: master
2026-08-22 14:13:52.574 [info] > git for-each-ref --sort -committerdate --format %(refname)%00%(objectname)%00%(*objectname) [12ms]
2026-08-22 14:13:52.625 [info] > git status -z -uall [66ms]
2026-08-22 14:13:57.638 [info] > git config --get commit.template [6ms]
2026-08-22 14:13:57.645 [info] > git for-each-ref --format=%(refname)%00%(upstream:short)%00%(objectname)%00%(upstream:track)%00%(upstream:remotename)%00%(upstream:remoteref) refs/heads/master refs/remotes/master [9ms]
2026-08-22 14:13:57.646 [warning] [Git][getBranch] No such branch: master
2026-08-22 14:13:57.663 [info] > git for-each-ref --sort -committerdate --format %(refname)%00%(objectname)%00%(*objectname) [10ms]
2026-08-22 14:13:57.713 [info] > git status -z -uall [64ms]
2026-08-22 14:14:02.726 [info] > git config --get commit.template [6ms]
2026-08-22 14:14:02.734 [info] > git for-each-ref --format=%(refname)%00%(upstream:short)%00%(objectname)%00%(upstream:track)%00%(upstream:remotename)%00%(upstream:remoteref) refs/heads/master refs/remotes/master [9ms]
2026-08-22 14:14:02.734 [warning] [Git][getBranch] No such branch: master
2026-08-22 14:14:02.758 [info] > git for-each-ref --sort -committerdate --format %(refname)%00%(objectname)%00%(*objectname) [9ms]
2026-08-22 14:14:02.805 [info] > git status -z -uall [59ms]
2026-08-22 14:14:07.817 [info] > git config --get commit.template [6ms]
2026-08-22 14:14:07.826 [info] > git for-each-ref --format=%(refname)%00%(upstream:short)%00%(objectname)%00%(upstream:track)%00%(upstream:remotename)%00%(upstream:remoteref) refs/heads/master refs/remotes/master [11ms]
2026-08-22 14:14:07.826 [warning] [Git][getBranch] No such branch: master
2026-08-22 14:14:07.854 [info] > git for-each-ref --sort -committerdate --format %(refname)%00%(objectname)%00%(*objectname) [12ms]
2026-08-22 14:14:07.954 [info] > git status -z -uall [116ms]
2026-08-22 14:14:12.968 [info] > git config --get commit.template [7ms]
2026-08-22 14:14:12.976 [info] > git for-each-ref --format=%(refname)%00%(upstream:short)%00%(objectname)%00%(upstream:track)%00%(upstream:remotename)%00%(upstream:remoteref) refs/heads/master refs/remotes/master [11ms]
2026-08-22 14:14:12.976 [warning] [Git][getBranch] No such branch: master
2026-08-22 14:14:13.011 [info] > git for-each-ref --sort -committerdate --format %(refname)%00%(objectname)%00%(*objectname) [18ms]
2026-08-22 14:14:13.058 [info] > git status -z -uall [69ms]
2026-08-22 14:14:18.071 [info] > git config --get commit.template [6ms]
2026-08-22 14:14:18.079 [info] > git for-each-ref --format=%(refname)%00%(upstream:short)%00%(objectname)%00%(upstream:track)%00%(upstream:remotename)%00%(upstream:remoteref) refs/heads/master refs/remotes/master [11ms]
2026-08-22 14:14:18.079 [warning] [Git][getBranch] No such branch: master
2026-08-22 14:14:18.103 [info] > git for-each-ref --sort -committerdate --format %(refname)%00%(objectname)%00%(*objectname) [10ms]
2026-08-22 14:14:18.149 [info] > git status -z -uall [59ms]
2026-08-22 14:14:23.163 [info] > git config --get commit.template [7ms]
2026-08-22 14:14:23.170 [info] > git for-each-ref --format=%(refname)%00%(upstream:short)%00%(objectname)%00%(upstream:track)%00%(upstream:remotename)%00%(upstream:remoteref) refs/heads/master refs/remotes/master [10ms]
2026-08-22 14:14:23.170 [warning] [Git][getBranch] No such branch: master
2026-08-22 14:14:23.197 [info] > git for-each-ref --sort -committerdate --format %(refname)%00%(objectname)%00%(*objectname) [11ms]
2026-08-22 14:14:23.248 [info] > git status -z -uall [66ms]
2026-08-22 14:14:26.629 [info] > git log --oneline --cherry master...master@{upstream} -- [10ms]
2026-08-22 14:14:26.629 [info] fatal: no such branch: 'master...master'
2026-08-22 14:14:27.856 [info] > git pull --tags [1223ms]
2026-08-22 14:14:27.856 [info] There is no tracking information for the current branch.
Please specify which branch you want to merge with.
See git-pull(1) for details.

    git pull <remote> <branch>

If you wish to set tracking information for this branch you can do so with:

    git branch --set-upstream-to=origin/<branch> master
2026-08-22 14:14:27.868 [info] > git config --get commit.template [6ms]
2026-08-22 14:14:27.876 [info] > git for-each-ref --format=%(refname)%00%(upstream:short)%00%(objectname)%00%(upstream:track)%00%(upstream:remotename)%00%(upstream:remoteref) refs/heads/master refs/remotes/master [9ms]
2026-08-22 14:14:27.876 [warning] [Git][getBranch] No such branch: master
2026-08-22 14:14:27.902 [info] > git for-each-ref --sort -committerdate --format %(refname)%00%(objectname)%00%(*objectname) [10ms]
2026-08-22 14:14:27.949 [info] > git status -z -uall [61ms]
2026-08-22 14:14:28.261 [info] > git config --get commit.template [6ms]
2026-08-22 14:14:28.271 [info] > git for-each-ref --format=%(refname)%00%(upstream:short)%00%(objectname)%00%(upstream:track)%00%(upstream:remotename)%00%(upstream:remoteref) refs/heads/master refs/remotes/master [12ms]
2026-08-22 14:14:28.272 [warning] [Git][getBranch] No such branch: master
2026-08-22 14:14:28.299 [info] > git for-each-ref --sort -committerdate --format %(refname)%00%(objectname)%00%(*objectname) [13ms]
2026-08-22 14:14:28.347 [info] > git status -z -uall [64ms]
2026-08-22 14:14:33.361 [info] > git config --get commit.template [7ms]
2026-08-22 14:14:33.368 [info] > git for-each-ref --format=%(refname)%00%(upstream:short)%00%(objectname)%00%(upstream:track)%00%(upstream:remotename)%00%(upstream:remoteref) refs/heads/master refs/remotes/master [10ms]
2026-08-22 14:14:33.369 [warning] [Git][getBranch] No such branch: master
2026-08-22 14:14:33.394 [info] > git for-each-ref --sort -committerdate --format %(refname)%00%(objectname)%00%(*objectname) [11ms]
2026-08-22 14:14:33.450 [info] > git status -z -uall [70ms]
2026-08-22 14:14:38.463 [info] > git config --get commit.template [7ms]
2026-08-22 14:14:38.471 [info] > git for-each-ref --format=%(refname)%00%(upstream:short)%00%(objectname)%00%(upstream:track)%00%(upstream:remotename)%00%(upstream:remoteref) refs/heads/master refs/remotes/master [11ms]
2026-08-22 14:14:38.471 [warning] [Git][getBranch] No such branch: master
2026-08-22 14:14:38.488 [info] > git for-each-ref --sort -committerdate --format %(refname)%00%(objectname)%00%(*objectname) [10ms]
2026-08-22 14:14:38.533 [info] > git status -z -uall [58ms]
2026-08-22 14:14:43.546 [info] > git config --get commit.template [6ms]
2026-08-22 14:14:43.554 [info] > git for-each-ref --format=%(refname)%00%(upstream:short)%00%(objectname)%00%(upstream:track)%00%(upstream:remotename)%00%(upstream:remoteref) refs/heads/master refs/remotes/master [11ms]
2026-08-22 14:14:43.554 [warning] [Git][getBranch] No such branch: master
2026-08-22 14:14:43.577 [info] > git for-each-ref --sort -committerdate --format %(refname)%00%(objectname)%00%(*objectname) [9ms]
2026-08-22 14:14:43.620 [info] > git status -z -uall [55ms]
2026-08-22 14:14:48.642 [info] > git config --get commit.template [14ms]
2026-08-22 14:14:48.650 [info] > git for-each-ref --format=%(refname)%00%(upstream:short)%00%(objectname)%00%(upstream:track)%00%(upstream:remotename)%00%(upstream:remoteref) refs/heads/master refs/remotes/master [19ms]
2026-08-22 14:14:48.650 [warning] [Git][getBranch] No such branch: master
2026-08-22 14:14:48.671 [info] > git for-each-ref --sort -committerdate --format %(refname)%00%(objectname)%00%(*objectname) [14ms]
2026-08-22 14:14:48.735 [info] > git status -z -uall [81ms]
2026-08-22 14:14:53.749 [info] > git config --get commit.template [7ms]
2026-08-22 14:14:53.756 [info] > git for-each-ref --format=%(refname)%00%(upstream:short)%00%(objectname)%00%(upstream:track)%00%(upstream:remotename)%00%(upstream:remoteref) refs/heads/master refs/remotes/master [11ms]
2026-08-22 14:14:53.756 [warning] [Git][getBranch] No such branch: master
2026-08-22 14:14:53.774 [info] > git for-each-ref --sort -committerdate --format %(refname)%00%(objectname)%00%(*objectname) [11ms]
2026-08-22 14:14:53.822 [info] > git status -z -uall [62ms]
2026-08-22 14:14:58.836 [info] > git config --get commit.template [6ms]
2026-08-22 14:14:58.844 [info] > git for-each-ref --format=%(refname)%00%(upstream:short)%00%(objectname)%00%(upstream:track)%00%(upstream:remotename)%00%(upstream:remoteref) refs/heads/master refs/remotes/master [11ms]
2026-08-22 14:14:58.844 [warning] [Git][getBranch] No such branch: master
2026-08-22 14:14:58.870 [info] > git for-each-ref --sort -committerdate --format %(refname)%00%(objectname)%00%(*objectname) [12ms]
2026-08-22 14:14:58.924 [info] > git status -z -uall [69ms]
2026-08-22 14:15:03.936 [info] > git config --get commit.template [6ms]
2026-08-22 14:15:03.943 [info] > git for-each-ref --format=%(refname)%00%(upstream:short)%00%(objectname)%00%(upstream:track)%00%(upstream:remotename)%00%(upstream:remoteref) refs/heads/master refs/remotes/master [9ms]
2026-08-22 14:15:03.944 [warning] [Git][getBranch] No such branch: master
2026-08-22 14:15:03.975 [info] > git for-each-ref --sort -committerdate --format %(refname)%00%(objectname)%00%(*objectname) [16ms]
2026-08-22 14:15:04.011 [info] > git status -z -uall [56ms]
2026-08-22 14:15:09.026 [info] > git config --get commit.template [8ms]
2026-08-22 14:15:09.035 [info] > git for-each-ref --format=%(refname)%00%(upstream:short)%00%(objectname)%00%(upstream:track)%00%(upstream:remotename)%00%(upstream:remoteref) refs/heads/master refs/remotes/master [13ms]
2026-08-22 14:15:09.035 [warning] [Git][getBranch] No such branch: master
2026-08-22 14:15:09.053 [info] > git for-each-ref --sort -committerdate --format %(refname)%00%(objectname)%00%(*objectname) [11ms]
2026-08-22 14:15:09.163 [info] > git status -z -uall [124ms]
2026-08-22 14:15:14.177 [info] > git config --get commit.template [7ms]
2026-08-22 14:15:14.184 [info] > git for-each-ref --format=%(refname)%00%(upstream:short)%00%(objectname)%00%(upstream:track)%00%(upstream:remotename)%00%(upstream:remoteref) refs/heads/master refs/remotes/master [10ms]
2026-08-22 14:15:14.184 [warning] [Git][getBranch] No such branch: master
2026-08-22 14:15:14.201 [info] > git for-each-ref --sort -committerdate --format %(refname)%00%(objectname)%00%(*objectname) [9ms]
2026-08-22 14:15:14.248 [info] > git status -z -uall [60ms]
2026-08-22 14:15:19.263 [info] > git config --get commit.template [8ms]
2026-08-22 14:15:19.272 [info] > git for-each-ref --format=%(refname)%00%(upstream:short)%00%(objectname)%00%(upstream:track)%00%(upstream:remotename)%00%(upstream:remoteref) refs/heads/master refs/remotes/master [13ms]
2026-08-22 14:15:19.272 [warning] [Git][getBranch] No such branch: master
2026-08-22 14:15:19.292 [info] > git for-each-ref --sort -committerdate --format %(refname)%00%(objectname)%00%(*objectname) [12ms]
2026-08-22 14:15:19.341 [info] > git status -z -uall [65ms]
2026-08-22 14:15:24.354 [info] > git config --get commit.template [6ms]
2026-08-22 14:15:24.361 [info] > git for-each-ref --format=%(refname)%00%(upstream:short)%00%(objectname)%00%(upstream:track)%00%(upstream:remotename)%00%(upstream:remoteref) refs/heads/master refs/remotes/master [10ms]
2026-08-22 14:15:24.361 [warning] [Git][getBranch] No such branch: master
2026-08-22 14:15:24.377 [info] > git for-each-ref --sort -committerdate --format %(refname)%00%(objectname)%00%(*objectname) [10ms]
2026-08-22 14:15:24.423 [info] > git status -z -uall [59ms]
2026-08-22 14:15:29.437 [info] > git config --get commit.template [7ms]
2026-08-22 14:15:29.446 [info] > git for-each-ref --format=%(refname)%00%(upstream:short)%00%(objectname)%00%(upstream:track)%00%(upstream:remotename)%00%(upstream:remoteref) refs/heads/master refs/remotes/master [12ms]
2026-08-22 14:15:29.446 [warning] [Git][getBranch] No such branch: master
2026-08-22 14:15:29.480 [info] > git for-each-ref --sort -committerdate --format %(refname)%00%(objectname)%00%(*objectname) [20ms]
2026-08-22 14:15:29.529 [info] > git status -z -uall [72ms]
2026-08-22 14:15:34.544 [info] > git config --get commit.template [8ms]
2026-08-22 14:15:34.552 [info] > git for-each-ref --format=%(refname)%00%(upstream:short)%00%(objectname)%00%(upstream:track)%00%(upstream:remotename)%00%(upstream:remoteref) refs/heads/master refs/remotes/master [13ms]
2026-08-22 14:15:34.552 [warning] [Git][getBranch] No such branch: master
2026-08-22 14:15:34.576 [info] > git for-each-ref --sort -committerdate --format %(refname)%00%(objectname)%00%(*objectname) [15ms]
2026-08-22 14:15:34.630 [info] > git status -z -uall [74ms]
2026-08-22 14:15:39.643 [info] > git config --get commit.template [6ms]
2026-08-22 14:15:39.651 [info] > git for-each-ref --format=%(refname)%00%(upstream:short)%00%(objectname)%00%(upstream:track)%00%(upstream:remotename)%00%(upstream:remoteref) refs/heads/master refs/remotes/master [11ms]
2026-08-22 14:15:39.652 [warning] [Git][getBranch] No such branch: master
2026-08-22 14:15:39.670 [info] > git for-each-ref --sort -committerdate --format %(refname)%00%(objectname)%00%(*objectname) [12ms]
2026-08-22 14:15:39.718 [info] > git status -z -uall [63ms]
2026-08-22 14:15:44.731 [info] > git config --get commit.template [6ms]
2026-08-22 14:15:44.739 [info] > git for-each-ref --format=%(refname)%00%(upstream:short)%00%(objectname)%00%(upstream:track)%00%(upstream:remotename)%00%(upstream:remoteref) refs/heads/master refs/remotes/master [10ms]
2026-08-22 14:15:44.739 [warning] [Git][getBranch] No such branch: master
2026-08-22 14:15:44.756 [info] > git for-each-ref --sort -committerdate --format %(refname)%00%(objectname)%00%(*objectname) [10ms]
2026-08-22 14:15:44.801 [info] > git status -z -uall [58ms]
2026-08-22 14:15:49.814 [info] > git config --get commit.template [6ms]
2026-08-22 14:15:49.822 [info] > git for-each-ref --format=%(refname)%00%(upstream:short)%00%(objectname)%00%(upstream:track)%00%(upstream:remotename)%00%(upstream:remoteref) refs/heads/master refs/remotes/master [11ms]
2026-08-22 14:15:49.823 [warning] [Git][getBranch] No such branch: master
2026-08-22 14:15:49.847 [info] > git for-each-ref --sort -committerdate --format %(refname)%00%(objectname)%00%(*objectname) [10ms]
2026-08-22 14:15:49.895 [info] > git status -z -uall [61ms]
2026-08-22 14:15:54.908 [info] > git config --get commit.template [7ms]
2026-08-22 14:15:54.918 [info] > git for-each-ref --format=%(refname)%00%(upstream:short)%00%(objectname)%00%(upstream:track)%00%(upstream:remotename)%00%(upstream:remoteref) refs/heads/master refs/remotes/master [13ms]
2026-08-22 14:15:54.918 [warning] [Git][getBranch] No such branch: master
2026-08-22 14:15:54.942 [info] > git for-each-ref --sort -committerdate --format %(refname)%00%(objectname)%00%(*objectname) [11ms]
2026-08-22 14:15:54.990 [info] > git status -z -uall [62ms]
2026-08-22 14:16:00.004 [info] > git config --get commit.template [6ms]
2026-08-22 14:16:00.011 [info] > git for-each-ref --format=%(refname)%00%(upstream:short)%00%(objectname)%00%(upstream:track)%00%(upstream:remotename)%00%(upstream:remoteref) refs/heads/master refs/remotes/master [10ms]
2026-08-22 14:16:00.011 [warning] [Git][getBranch] No such branch: master
2026-08-22 14:16:00.028 [info] > git for-each-ref --sort -committerdate --format %(refname)%00%(objectname)%00%(*objectname) [11ms]
2026-08-22 14:16:00.073 [info] > git status -z -uall [58ms]
2026-08-22 14:16:05.086 [info] > git config --get commit.template [6ms]
2026-08-22 14:16:05.095 [info] > git for-each-ref --format=%(refname)%00%(upstream:short)%00%(objectname)%00%(upstream:track)%00%(upstream:remotename)%00%(upstream:remoteref) refs/heads/master refs/remotes/master [12ms]
2026-08-22 14:16:05.095 [warning] [Git][getBranch] No such branch: master
2026-08-22 14:16:05.114 [info] > git for-each-ref --sort -committerdate --format %(refname)%00%(objectname)%00%(*objectname) [12ms]
2026-08-22 14:16:05.169 [info] > git status -z -uall [70ms]
2026-08-22 14:16:10.181 [info] > git config --get commit.template [6ms]
2026-08-22 14:16:10.189 [info] > git for-each-ref --format=%(refname)%00%(upstream:short)%00%(objectname)%00%(upstream:track)%00%(upstream:remotename)%00%(upstream:remoteref) refs/heads/master refs/remotes/master [9ms]
2026-08-22 14:16:10.189 [warning] [Git][getBranch] No such branch: master
2026-08-22 14:16:10.206 [info] > git for-each-ref --sort -committerdate --format %(refname)%00%(objectname)%00%(*objectname) [10ms]
2026-08-22 14:16:10.312 [info] > git status -z -uall [119ms]
2026-08-22 14:16:15.332 [info] > git config --get commit.template [13ms]
2026-08-22 14:16:15.345 [info] > git for-each-ref --format=%(refname)%00%(upstream:short)%00%(objectname)%00%(upstream:track)%00%(upstream:remotename)%00%(upstream:remoteref) refs/heads/master refs/remotes/master [22ms]
2026-08-22 14:16:15.345 [warning] [Git][getBranch] No such branch: master
2026-08-22 14:16:15.372 [info] > git for-each-ref --sort -committerdate --format %(refname)%00%(objectname)%00%(*objectname) [10ms]
2026-08-22 14:16:15.416 [info] > git status -z -uall [57ms]
2026-08-22 14:16:20.429 [info] > git config --get commit.template [6ms]
2026-08-22 14:16:20.436 [info] > git for-each-ref --format=%(refname)%00%(upstream:short)%00%(objectname)%00%(upstream:track)%00%(upstream:remotename)%00%(upstream:remoteref) refs/heads/master refs/remotes/master [10ms]
2026-08-22 14:16:20.436 [warning] [Git][getBranch] No such branch: master
2026-08-22 14:16:20.464 [info] > git for-each-ref --sort -committerdate --format %(refname)%00%(objectname)%00%(*objectname) [10ms]
2026-08-22 14:16:20.509 [info] > git status -z -uall [58ms]
2026-08-22 14:16:25.522 [info] > git config --get commit.template [6ms]
2026-08-22 14:16:25.530 [info] > git for-each-ref --format=%(refname)%00%(upstream:short)%00%(objectname)%00%(upstream:track)%00%(upstream:remotename)%00%(upstream:remoteref) refs/heads/master refs/remotes/master [10ms]
2026-08-22 14:16:25.530 [warning] [Git][getBranch] No such branch: master
2026-08-22 14:16:25.553 [info] > git for-each-ref --sort -committerdate --format %(refname)%00%(objectname)%00%(*objectname) [10ms]
2026-08-22 14:16:25.597 [info] > git status -z -uall [57ms]
2026-08-22 14:16:30.610 [info] > git config --get commit.template [6ms]
2026-08-22 14:16:30.617 [info] > git for-each-ref --format=%(refname)%00%(upstream:short)%00%(objectname)%00%(upstream:track)%00%(upstream:remotename)%00%(upstream:remoteref) refs/heads/master refs/remotes/master [10ms]
2026-08-22 14:16:30.617 [warning] [Git][getBranch] No such branch: master
2026-08-22 14:16:30.634 [info] > git for-each-ref --sort -committerdate --format %(refname)%00%(objectname)%00%(*objectname) [10ms]
2026-08-22 14:16:30.683 [info] > git status -z -uall [61ms]
2026-08-22 14:16:35.696 [info] > git config --get commit.template [6ms]
2026-08-22 14:16:35.703 [info] > git for-each-ref --format=%(refname)%00%(upstream:short)%00%(objectname)%00%(upstream:track)%00%(upstream:remotename)%00%(upstream:remoteref) refs/heads/master refs/remotes/master [9ms]
2026-08-22 14:16:35.703 [warning] [Git][getBranch] No such branch: master
2026-08-22 14:16:35.727 [info] > git for-each-ref --sort -committerdate --format %(refname)%00%(objectname)%00%(*objectname) [10ms]
2026-08-22 14:16:35.772 [info] > git status -z -uall [57ms]
2026-08-22 14:16:40.785 [info] > git config --get commit.template [7ms]
2026-08-22 14:16:40.792 [info] > git for-each-ref --format=%(refname)%00%(upstream:short)%00%(objectname)%00%(upstream:track)%00%(upstream:remotename)%00%(upstream:remoteref) refs/heads/master refs/remotes/master [9ms]
2026-08-22 14:16:40.792 [warning] [Git][getBranch] No such branch: master
2026-08-22 14:16:40.817 [info] > git for-each-ref --sort -committerdate --format %(refname)%00%(objectname)%00%(*objectname) [10ms]
2026-08-22 14:16:40.862 [info] > git status -z -uall [58ms]
2026-08-22 14:16:45.874 [info] > git config --get commit.template [6ms]
2026-08-22 14:16:45.881 [info] > git for-each-ref --format=%(refname)%00%(upstream:short)%00%(objectname)%00%(upstream:track)%00%(upstream:remotename)%00%(upstream:remoteref) refs/heads/master refs/remotes/master [10ms]
2026-08-22 14:16:45.881 [warning] [Git][getBranch] No such branch: master
2026-08-22 14:16:45.907 [info] > git for-each-ref --sort -committerdate --format %(refname)%00%(objectname)%00%(*objectname) [11ms]
2026-08-22 14:16:45.955 [info] > git status -z -uall [63ms]
2026-08-22 14:16:50.969 [info] > git config --get commit.template [8ms]
2026-08-22 14:16:50.977 [info] > git for-each-ref --format=%(refname)%00%(upstream:short)%00%(objectname)%00%(upstream:track)%00%(upstream:remotename)%00%(upstream:remoteref) refs/heads/master refs/remotes/master [12ms]
2026-08-22 14:16:50.977 [warning] [Git][getBranch] No such branch: master
2026-08-22 14:16:51.000 [info] > git for-each-ref --sort -committerdate --format %(refname)%00%(objectname)%00%(*objectname) [9ms]
2026-08-22 14:16:51.045 [info] > git status -z -uall [56ms]
2026-08-22 14:16:54.387 [info] > git push [9ms]
2026-08-22 14:16:54.387 [info] fatal: The current branch master has no upstream branch.
To push the current branch and set the remote as upstream, use

    git push --set-upstream origin master
2026-08-22 14:16:54.398 [info] > git config --get commit.template [6ms]
2026-08-22 14:16:54.406 [info] > git for-each-ref --format=%(refname)%00%(upstream:short)%00%(objectname)%00%(upstream:track)%00%(upstream:remotename)%00%(upstream:remoteref) refs/heads/master refs/remotes/master [10ms]
2026-08-22 14:16:54.406 [warning] [Git][getBranch] No such branch: master
2026-08-22 14:16:54.431 [info] > git for-each-ref --sort -committerdate --format %(refname)%00%(objectname)%00%(*objectname) [10ms]
2026-08-22 14:16:54.477 [info] > git status -z -uall [60ms]
2026-08-22 14:16:56.058 [info] > git config --get commit.template [5ms]
2026-08-22 14:16:56.065 [info] > git for-each-ref --format=%(refname)%00%(upstream:short)%00%(objectname)%00%(upstream:track)%00%(upstream:remotename)%00%(upstream:remoteref) refs/heads/master refs/remotes/master [9ms]
2026-08-22 14:16:56.065 [warning] [Git][getBranch] No such branch: master
2026-08-22 14:16:56.086 [info] > git for-each-ref --sort -committerdate --format %(refname)%00%(objectname)%00%(*objectname) [8ms]
2026-08-22 14:16:56.127 [info] > git status -z -uall [52ms]
2026-08-22 14:17:01.140 [info] > git config --get commit.template [6ms]
2026-08-22 14:17:01.149 [info] > git for-each-ref --format=%(refname)%00%(upstream:short)%00%(objectname)%00%(upstream:track)%00%(upstream:remotename)%00%(upstream:remoteref) refs/heads/master refs/remotes/master [11ms]
2026-08-22 14:17:01.149 [warning] [Git][getBranch] No such branch: master
2026-08-22 14:17:01.166 [info] > git for-each-ref --sort -committerdate --format %(refname)%00%(objectname)%00%(*objectname) [10ms]
2026-08-22 14:17:01.218 [info] > git status -z -uall [66ms]
2026-08-22 14:17:01.802 [info] > git push -u origin master [24ms]
2026-08-22 14:17:01.802 [info] error: src refspec master does not match any
error: failed to push some refs to 'https://github.com/jpanigra/work.git'
2026-08-22 14:17:01.814 [info] > git config --get commit.template [7ms]
2026-08-22 14:17:01.822 [info] > git for-each-ref --format=%(refname)%00%(upstream:short)%00%(objectname)%00%(upstream:track)%00%(upstream:remotename)%00%(upstream:remoteref) refs/heads/master refs/remotes/master [11ms]
2026-08-22 14:17:01.822 [warning] [Git][getBranch] No such branch: master
2026-08-22 14:17:01.849 [info] > git for-each-ref --sort -committerdate --format %(refname)%00%(objectname)%00%(*objectname) [12ms]
2026-08-22 14:17:01.912 [info] > git status -z -uall [78ms]
2026-08-22 14:17:06.245 [info] > git config --get commit.template [20ms]
2026-08-22 14:17:06.252 [info] > git for-each-ref --format=%(refname)%00%(upstream:short)%00%(objectname)%00%(upstream:track)%00%(upstream:remotename)%00%(upstream:remoteref) refs/heads/master refs/remotes/master [20ms]
2026-08-22 14:17:06.252 [warning] [Git][getBranch] No such branch: master
2026-08-22 14:17:06.278 [info] > git for-each-ref --sort -committerdate --format %(refname)%00%(objectname)%00%(*objectname) [11ms]
2026-08-22 14:17:06.327 [info] > git status -z -uall [63ms]
2026-08-22 14:17:12.103 [info] > git fetch [1178ms]
2026-08-22 14:17:12.113 [info] > git config --get commit.template [6ms]
2026-08-22 14:17:12.122 [info] > git for-each-ref --format=%(refname)%00%(upstream:short)%00%(objectname)%00%(upstream:track)%00%(upstream:remotename)%00%(upstream:remoteref) refs/heads/master refs/remotes/master [11ms]
2026-08-22 14:17:12.122 [warning] [Git][getBranch] No such branch: master
2026-08-22 14:17:12.147 [info] > git for-each-ref --sort -committerdate --format %(refname)%00%(objectname)%00%(*objectname) [10ms]
2026-08-22 14:17:12.247 [info] > git status -z -uall [113ms]
2026-08-22 14:17:12.260 [info] > git config --get commit.template [7ms]
2026-08-22 14:17:12.267 [info] > git for-each-ref --format=%(refname)%00%(upstream:short)%00%(objectname)%00%(upstream:track)%00%(upstream:remotename)%00%(upstream:remoteref) refs/heads/master refs/remotes/master [10ms]
2026-08-22 14:17:12.267 [warning] [Git][getBranch] No such branch: master
2026-08-22 14:17:12.290 [info] > git for-each-ref --sort -committerdate --format %(refname)%00%(objectname)%00%(*objectname) [10ms]
2026-08-22 14:17:12.333 [info] > git status -z -uall [56ms]
2026-08-22 14:17:17.346 [info] > git config --get commit.template [7ms]
2026-08-22 14:17:17.354 [info] > git for-each-ref --format=%(refname)%00%(upstream:short)%00%(objectname)%00%(upstream:track)%00%(upstream:remotename)%00%(upstream:remoteref) refs/heads/master refs/remotes/master [11ms]
2026-08-22 14:17:17.354 [warning] [Git][getBranch] No such branch: master
2026-08-22 14:17:17.378 [info] > git for-each-ref --sort -committerdate --format %(refname)%00%(objectname)%00%(*objectname) [10ms]
2026-08-22 14:17:17.427 [info] > git status -z -uall [62ms]
2026-08-22 14:17:22.440 [info] > git config --get commit.template [7ms]
2026-08-22 14:17:22.448 [info] > git for-each-ref --format=%(refname)%00%(upstream:short)%00%(objectname)%00%(upstream:track)%00%(upstream:remotename)%00%(upstream:remoteref) refs/heads/master refs/remotes/master [10ms]
2026-08-22 14:17:22.448 [warning] [Git][getBranch] No such branch: master
2026-08-22 14:17:22.465 [info] > git for-each-ref --sort -committerdate --format %(refname)%00%(objectname)%00%(*objectname) [10ms]
2026-08-22 14:17:22.507 [info] > git status -z -uall [55ms]
2026-08-22 14:17:26.369 [info] > git add -A -- . [161ms]
2026-08-22 14:17:28.296 [info] > git show --textconv :.git/COMMIT_EDITMSG [10ms]
2026-08-22 14:17:28.296 [warning] [GitFileSystemProvider][readFile] File not found - git:/voc/work/.git/COMMIT_EDITMSG.git?%7B%22path%22%3A%22%2Fvoc%2Fwork%2F.git%2FCOMMIT_EDITMSG%22%2C%22ref%22%3A%22%22%7D
2026-08-22 14:17:28.304 [info] > git ls-files --stage -- .git/COMMIT_EDITMSG [14ms]
2026-08-22 14:17:28.311 [warning] [GitFileSystemProvider][stat] File not found - git:/voc/work/.git/COMMIT_EDITMSG.git?%7B%22path%22%3A%22%2Fvoc%2Fwork%2F.git%2FCOMMIT_EDITMSG%22%2C%22ref%22%3A%22%22%7D
2026-08-22 14:18:30.794 [info] > git check-ignore -v -z --stdin [15ms]
2026-08-22 14:18:40.151 [info] > git check-ignore -v -z --stdin [11ms]
2026-08-22 14:19:02.532 [info] > git -c user.useConfigOnly=true commit --quiet [96157ms]
2026-08-22 14:19:02.532 [info] Aborting commit due to empty commit message.
2026-08-22 14:19:02.543 [info] > git config --get commit.template [7ms]
2026-08-22 14:19:02.551 [info] > git for-each-ref --format=%(refname)%00%(upstream:short)%00%(objectname)%00%(upstream:track)%00%(upstream:remotename)%00%(upstream:remoteref) refs/heads/master refs/remotes/master [10ms]
2026-08-22 14:19:02.551 [warning] [Git][getBranch] No such branch: master
2026-08-22 14:19:02.594 [info] > git for-each-ref --sort -committerdate --format %(refname)%00%(objectname)%00%(*objectname) [29ms]
2026-08-22 14:19:02.734 [info] > git status -z -uall [172ms]
2026-08-22 14:19:02.749 [info] > git config --get commit.template [8ms]
2026-08-22 14:19:02.756 [info] > git for-each-ref --format=%(refname)%00%(upstream:short)%00%(objectname)%00%(upstream:track)%00%(upstream:remotename)%00%(upstream:remoteref) refs/heads/master refs/remotes/master [10ms]
2026-08-22 14:19:02.756 [warning] [Git][getBranch] No such branch: master
2026-08-22 14:19:02.782 [info] > git for-each-ref --sort -committerdate --format %(refname)%00%(objectname)%00%(*objectname) [11ms]
2026-08-22 14:19:02.827 [info] > git status -z -uall [58ms]
2026-08-22 14:19:07.849 [info] > git config --get commit.template [16ms]
2026-08-22 14:19:07.858 [info] > git for-each-ref --format=%(refname)%00%(upstream:short)%00%(objectname)%00%(upstream:track)%00%(upstream:remotename)%00%(upstream:remoteref) refs/heads/master refs/remotes/master [18ms]
2026-08-22 14:19:07.858 [warning] [Git][getBranch] No such branch: master
2026-08-22 14:19:07.883 [info] > git for-each-ref --sort -committerdate --format %(refname)%00%(objectname)%00%(*objectname) [18ms]
2026-08-22 14:19:07.967 [info] > git status -z -uall [105ms]
2026-08-22 14:20:08.644 [info] > git config --get commit.template [8ms]
2026-08-22 14:20:08.652 [info] > git for-each-ref --format=%(refname)%00%(upstream:short)%00%(objectname)%00%(upstream:track)%00%(upstream:remotename)%00%(upstream:remoteref) refs/heads/master refs/remotes/master [12ms]
2026-08-22 14:20:08.652 [warning] [Git][getBranch] No such branch: master
2026-08-22 14:20:08.671 [info] > git for-each-ref --sort -committerdate --format %(refname)%00%(objectname)%00%(*objectname) [11ms]
2026-08-22 14:20:08.822 [info] > git status -z -uall [165ms]
2026-08-22 14:20:13.835 [info] > git config --get commit.template [7ms]
2026-08-22 14:20:13.843 [info] > git for-each-ref --format=%(refname)%00%(upstream:short)%00%(objectname)%00%(upstream:track)%00%(upstream:remotename)%00%(upstream:remoteref) refs/heads/master refs/remotes/master [10ms]
2026-08-22 14:20:13.843 [warning] [Git][getBranch] No such branch: master
2026-08-22 14:20:13.871 [info] > git for-each-ref --sort -committerdate --format %(refname)%00%(objectname)%00%(*objectname) [12ms]
2026-08-22 14:20:13.926 [info] > git status -z -uall [71ms]
2026-08-22 14:20:18.941 [info] > git config --get commit.template [7ms]
2026-08-22 14:20:18.948 [info] > git for-each-ref --format=%(refname)%00%(upstream:short)%00%(objectname)%00%(upstream:track)%00%(upstream:remotename)%00%(upstream:remoteref) refs/heads/master refs/remotes/master [10ms]
2026-08-22 14:20:18.948 [warning] [Git][getBranch] No such branch: master
2026-08-22 14:20:18.974 [info] > git for-each-ref --sort -committerdate --format %(refname)%00%(objectname)%00%(*objectname) [18ms]
2026-08-22 14:20:19.036 [info] > git status -z -uall [84ms]
2026-08-22 14:20:24.049 [info] > git config --get commit.template [5ms]
2026-08-22 14:20:24.056 [info] > git for-each-ref --format=%(refname)%00%(upstream:short)%00%(objectname)%00%(upstream:track)%00%(upstream:remotename)%00%(upstream:remoteref) refs/heads/master refs/remotes/master [10ms]
2026-08-22 14:20:24.056 [warning] [Git][getBranch] No such branch: master
2026-08-22 14:20:24.073 [info] > git for-each-ref --sort -committerdate --format %(refname)%00%(objectname)%00%(*objectname) [10ms]
2026-08-22 14:20:24.126 [info] > git status -z -uall [66ms]
2026-08-22 14:20:29.139 [info] > git config --get commit.template [6ms]
2026-08-22 14:20:29.146 [info] > git for-each-ref --format=%(refname)%00%(upstream:short)%00%(objectname)%00%(upstream:track)%00%(upstream:remotename)%00%(upstream:remoteref) refs/heads/master refs/remotes/master [9ms]
2026-08-22 14:20:29.146 [warning] [Git][getBranch] No such branch: master
2026-08-22 14:20:29.166 [info] > git for-each-ref --sort -committerdate --format %(refname)%00%(objectname)%00%(*objectname) [12ms]
2026-08-22 14:20:29.226 [info] > git status -z -uall [76ms]
2026-08-22 14:20:34.241 [info] > git config --get commit.template [8ms]
2026-08-22 14:20:34.249 [info] > git for-each-ref --format=%(refname)%00%(upstream:short)%00%(objectname)%00%(upstream:track)%00%(upstream:remotename)%00%(upstream:remoteref) refs/heads/master refs/remotes/master [12ms]
2026-08-22 14:20:34.249 [warning] [Git][getBranch] No such branch: master
2026-08-22 14:20:34.267 [info] > git for-each-ref --sort -committerdate --format %(refname)%00%(objectname)%00%(*objectname) [11ms]
2026-08-22 14:20:34.327 [info] > git status -z -uall [74ms]
2026-08-22 14:20:39.341 [info] > git config --get commit.template [7ms]
2026-08-22 14:20:39.349 [info] > git for-each-ref --format=%(refname)%00%(upstream:short)%00%(objectname)%00%(upstream:track)%00%(upstream:remotename)%00%(upstream:remoteref) refs/heads/master refs/remotes/master [12ms]
2026-08-22 14:20:39.349 [warning] [Git][getBranch] No such branch: master
2026-08-22 14:20:39.367 [info] > git for-each-ref --sort -committerdate --format %(refname)%00%(objectname)%00%(*objectname) [11ms]
2026-08-22 14:20:39.429 [info] > git status -z -uall [76ms]
2026-08-22 14:20:44.443 [info] > git config --get commit.template [7ms]
2026-08-22 14:20:44.451 [info] > git for-each-ref --format=%(refname)%00%(upstream:short)%00%(objectname)%00%(upstream:track)%00%(upstream:remotename)%00%(upstream:remoteref) refs/heads/master refs/remotes/master [11ms]
2026-08-22 14:20:44.451 [warning] [Git][getBranch] No such branch: master
2026-08-22 14:20:44.471 [info] > git for-each-ref --sort -committerdate --format %(refname)%00%(objectname)%00%(*objectname) [12ms]
2026-08-22 14:20:44.531 [info] > git status -z -uall [76ms]
2026-08-22 14:20:49.544 [info] > git config --get commit.template [7ms]
2026-08-22 14:20:49.552 [info] > git for-each-ref --format=%(refname)%00%(upstream:short)%00%(objectname)%00%(upstream:track)%00%(upstream:remotename)%00%(upstream:remoteref) refs/heads/master refs/remotes/master [11ms]
2026-08-22 14:20:49.552 [warning] [Git][getBranch] No such branch: master
2026-08-22 14:20:49.569 [info] > git for-each-ref --sort -committerdate --format %(refname)%00%(objectname)%00%(*objectname) [10ms]
2026-08-22 14:20:49.628 [info] > git status -z -uall [72ms]
2026-08-22 14:20:54.643 [info] > git config --get commit.template [7ms]
2026-08-22 14:20:54.650 [info] > git for-each-ref --format=%(refname)%00%(upstream:short)%00%(objectname)%00%(upstream:track)%00%(upstream:remotename)%00%(upstream:remoteref) refs/heads/master refs/remotes/master [11ms]
2026-08-22 14:20:54.650 [warning] [Git][getBranch] No such branch: master
2026-08-22 14:20:54.668 [info] > git for-each-ref --sort -committerdate --format %(refname)%00%(objectname)%00%(*objectname) [11ms]
2026-08-22 14:20:54.727 [info] > git status -z -uall [73ms]
2026-08-22 14:20:59.740 [info] > git config --get commit.template [5ms]
2026-08-22 14:20:59.747 [info] > git for-each-ref --format=%(refname)%00%(upstream:short)%00%(objectname)%00%(upstream:track)%00%(upstream:remotename)%00%(upstream:remoteref) refs/heads/master refs/remotes/master [10ms]
2026-08-22 14:20:59.747 [warning] [Git][getBranch] No such branch: master
2026-08-22 14:20:59.770 [info] > git for-each-ref --sort -committerdate --format %(refname)%00%(objectname)%00%(*objectname) [10ms]
2026-08-22 14:20:59.826 [info] > git status -z -uall [69ms]
2026-08-22 14:21:04.837 [info] > git config --get commit.template [5ms]
2026-08-22 14:21:04.844 [info] > git for-each-ref --format=%(refname)%00%(upstream:short)%00%(objectname)%00%(upstream:track)%00%(upstream:remotename)%00%(upstream:remoteref) refs/heads/master refs/remotes/master [9ms]
2026-08-22 14:21:04.844 [warning] [Git][getBranch] No such branch: master
2026-08-22 14:21:04.861 [info] > git for-each-ref --sort -committerdate --format %(refname)%00%(objectname)%00%(*objectname) [11ms]
2026-08-22 14:21:04.916 [info] > git status -z -uall [68ms]
2026-08-22 14:21:09.929 [info] > git config --get commit.template [6ms]
2026-08-22 14:21:09.937 [info] > git for-each-ref --format=%(refname)%00%(upstream:short)%00%(objectname)%00%(upstream:track)%00%(upstream:remotename)%00%(upstream:remoteref) refs/heads/master refs/remotes/master [10ms]
2026-08-22 14:21:09.938 [warning] [Git][getBranch] No such branch: master
2026-08-22 14:21:09.954 [info] > git for-each-ref --sort -committerdate --format %(refname)%00%(objectname)%00%(*objectname) [10ms]
2026-08-22 14:21:10.066 [info] > git status -z -uall [125ms]
2026-08-22 14:21:15.078 [info] > git config --get commit.template [6ms]
2026-08-22 14:21:15.086 [info] > git for-each-ref --format=%(refname)%00%(upstream:short)%00%(objectname)%00%(upstream:track)%00%(upstream:remotename)%00%(upstream:remoteref) refs/heads/master refs/remotes/master [10ms]
2026-08-22 14:21:15.086 [warning] [Git][getBranch] No such branch: master
2026-08-22 14:21:15.103 [info] > git for-each-ref --sort -committerdate --format %(refname)%00%(objectname)%00%(*objectname) [11ms]
2026-08-22 14:21:15.156 [info] > git status -z -uall [66ms]
2026-08-22 14:21:20.169 [info] > git config --get commit.template [7ms]
2026-08-22 14:21:20.177 [info] > git for-each-ref --format=%(refname)%00%(upstream:short)%00%(objectname)%00%(upstream:track)%00%(upstream:remotename)%00%(upstream:remoteref) refs/heads/master refs/remotes/master [11ms]
2026-08-22 14:21:20.177 [warning] [Git][getBranch] No such branch: master
2026-08-22 14:21:20.194 [info] > git for-each-ref --sort -committerdate --format %(refname)%00%(objectname)%00%(*objectname) [10ms]
2026-08-22 14:21:20.253 [info] > git status -z -uall [72ms]
2026-08-22 14:21:25.171 [info] > git show --textconv HEAD:pydantic_demo.py [15ms]
2026-08-22 14:21:25.171 [warning] [GitFileSystemProvider][readFile] File not found - git:/voc/work/pydantic_demo.py.git?%7B%22path%22%3A%22%2Fvoc%2Fwork%2Fpydantic_demo.py%22%2C%22ref%22%3A%22HEAD%22%7D
2026-08-22 14:21:25.178 [info] > git ls-tree -l HEAD -- pydantic_demo.py [17ms]
2026-08-22 14:21:25.185 [info] fatal: Not a valid object name HEAD
2026-08-22 14:21:25.186 [warning] [GitFileSystemProvider][stat] File not found - git:/voc/work/pydantic_demo.py.git?%7B%22path%22%3A%22%2Fvoc%2Fwork%2Fpydantic_demo.py%22%2C%22ref%22%3A%22HEAD%22%7D
2026-08-22 14:21:25.186 [info] > git ls-files --stage -- pydantic_demo.py [27ms]
2026-08-22 14:21:25.197 [info] > git show --textconv :pydantic_demo.py [44ms]
2026-08-22 14:21:25.211 [info] > git cat-file -s 3e69d0b7d9e92dd2fbf4b95aa0a9f4d97379c331 [14ms]
2026-08-22 14:21:25.267 [info] > git config --get commit.template [6ms]
2026-08-22 14:21:25.275 [info] > git for-each-ref --format=%(refname)%00%(upstream:short)%00%(objectname)%00%(upstream:track)%00%(upstream:remotename)%00%(upstream:remoteref) refs/heads/master refs/remotes/master [11ms]
2026-08-22 14:21:25.275 [warning] [Git][getBranch] No such branch: master
2026-08-22 14:21:25.294 [info] > git for-each-ref --sort -committerdate --format %(refname)%00%(objectname)%00%(*objectname) [12ms]
2026-08-22 14:21:25.348 [info] > git status -z -uall [69ms]
2026-08-22 14:21:30.361 [info] > git config --get commit.template [6ms]
2026-08-22 14:21:30.369 [info] > git for-each-ref --format=%(refname)%00%(upstream:short)%00%(objectname)%00%(upstream:track)%00%(upstream:remotename)%00%(upstream:remoteref) refs/heads/master refs/remotes/master [11ms]
2026-08-22 14:21:30.369 [warning] [Git][getBranch] No such branch: master
2026-08-22 14:21:30.385 [info] > git for-each-ref --sort -committerdate --format %(refname)%00%(objectname)%00%(*objectname) [10ms]
2026-08-22 14:21:30.437 [info] > git status -z -uall [65ms]
2026-08-22 14:21:35.452 [info] > git config --get commit.template [6ms]
2026-08-22 14:21:35.459 [info] > git for-each-ref --format=%(refname)%00%(upstream:short)%00%(objectname)%00%(upstream:track)%00%(upstream:remotename)%00%(upstream:remoteref) refs/heads/master refs/remotes/master [10ms]
2026-08-22 14:21:35.459 [warning] [Git][getBranch] No such branch: master
2026-08-22 14:21:35.478 [info] > git for-each-ref --sort -committerdate --format %(refname)%00%(objectname)%00%(*objectname) [11ms]
2026-08-22 14:21:35.533 [info] > git status -z -uall [70ms]
2026-08-22 14:21:40.547 [info] > git config --get commit.template [6ms]
2026-08-22 14:21:40.555 [info] > git for-each-ref --format=%(refname)%00%(upstream:short)%00%(objectname)%00%(upstream:track)%00%(upstream:remotename)%00%(upstream:remoteref) refs/heads/master refs/remotes/master [11ms]
2026-08-22 14:21:40.555 [warning] [Git][getBranch] No such branch: master
2026-08-22 14:21:40.575 [info] > git for-each-ref --sort -committerdate --format %(refname)%00%(objectname)%00%(*objectname) [13ms]
2026-08-22 14:21:40.635 [info] > git status -z -uall [76ms]
2026-08-22 14:21:45.648 [info] > git config --get commit.template [6ms]
2026-08-22 14:21:45.658 [info] > git for-each-ref --format=%(refname)%00%(upstream:short)%00%(objectname)%00%(upstream:track)%00%(upstream:remotename)%00%(upstream:remoteref) refs/heads/master refs/remotes/master [13ms]
2026-08-22 14:21:45.658 [warning] [Git][getBranch] No such branch: master
2026-08-22 14:21:45.676 [info] > git for-each-ref --sort -committerdate --format %(refname)%00%(objectname)%00%(*objectname) [11ms]
2026-08-22 14:21:45.734 [info] > git status -z -uall [72ms]
2026-08-22 14:21:50.748 [info] > git config --get commit.template [7ms]
2026-08-22 14:21:50.756 [info] > git for-each-ref --format=%(refname)%00%(upstream:short)%00%(objectname)%00%(upstream:track)%00%(upstream:remotename)%00%(upstream:remoteref) refs/heads/master refs/remotes/master [11ms]
2026-08-22 14:21:50.756 [warning] [Git][getBranch] No such branch: master
2026-08-22 14:21:50.776 [info] > git for-each-ref --sort -committerdate --format %(refname)%00%(objectname)%00%(*objectname) [13ms]
2026-08-22 14:21:50.832 [info] > git status -z -uall [72ms]
2026-08-22 14:21:55.847 [info] > git config --get commit.template [8ms]
2026-08-22 14:21:55.854 [info] > git for-each-ref --format=%(refname)%00%(upstream:short)%00%(objectname)%00%(upstream:track)%00%(upstream:remotename)%00%(upstream:remoteref) refs/heads/master refs/remotes/master [11ms]
2026-08-22 14:21:55.854 [warning] [Git][getBranch] No such branch: master
2026-08-22 14:21:55.872 [info] > git for-each-ref --sort -committerdate --format %(refname)%00%(objectname)%00%(*objectname) [11ms]
2026-08-22 14:21:55.935 [info] > git status -z -uall [77ms]
2026-08-22 14:21:56.701 [info] > git show --textconv HEAD:pydantic_demo.py [14ms]
2026-08-22 14:21:56.701 [warning] [GitFileSystemProvider][readFile] File not found - git:/voc/work/pydantic_demo.py.git?%7B%22path%22%3A%22%2Fvoc%2Fwork%2Fpydantic_demo.py%22%2C%22ref%22%3A%22HEAD%22%7D
2026-08-22 14:21:56.709 [info] > git show --textconv :pydantic_demo.py [25ms]
2026-08-22 14:21:56.716 [info] > git ls-tree -l HEAD -- pydantic_demo.py [24ms]
2026-08-22 14:21:56.722 [info] fatal: Not a valid object name HEAD
2026-08-22 14:21:56.723 [warning] [GitFileSystemProvider][stat] File not found - git:/voc/work/pydantic_demo.py.git?%7B%22path%22%3A%22%2Fvoc%2Fwork%2Fpydantic_demo.py%22%2C%22ref%22%3A%22HEAD%22%7D
2026-08-22 14:21:56.723 [info] > git ls-files --stage -- pydantic_demo.py [33ms]
2026-08-22 14:21:56.746 [info] > git cat-file -s 3e69d0b7d9e92dd2fbf4b95aa0a9f4d97379c331 [11ms]
2026-08-22 14:22:07.349 [info] > git config --get commit.template [7ms]
2026-08-22 14:22:07.358 [info] > git for-each-ref --format=%(refname)%00%(upstream:short)%00%(objectname)%00%(upstream:track)%00%(upstream:remotename)%00%(upstream:remoteref) refs/heads/master refs/remotes/master [12ms]
2026-08-22 14:22:07.358 [warning] [Git][getBranch] No such branch: master
2026-08-22 14:22:07.383 [info] > git for-each-ref --sort -committerdate --format %(refname)%00%(objectname)%00%(*objectname) [12ms]
2026-08-22 14:22:07.438 [info] > git status -z -uall [70ms]
2026-08-22 14:22:12.453 [info] > git config --get commit.template [7ms]
2026-08-22 14:22:12.462 [info] > git for-each-ref --format=%(refname)%00%(upstream:short)%00%(objectname)%00%(upstream:track)%00%(upstream:remotename)%00%(upstream:remoteref) refs/heads/master refs/remotes/master [11ms]
2026-08-22 14:22:12.462 [warning] [Git][getBranch] No such branch: master
2026-08-22 14:22:12.481 [info] > git for-each-ref --sort -committerdate --format %(refname)%00%(objectname)%00%(*objectname) [13ms]
2026-08-22 14:22:12.585 [info] > git status -z -uall [120ms]
2026-08-22 14:22:17.598 [info] > git config --get commit.template [6ms]
2026-08-22 14:22:17.606 [info] > git for-each-ref --format=%(refname)%00%(upstream:short)%00%(objectname)%00%(upstream:track)%00%(upstream:remotename)%00%(upstream:remoteref) refs/heads/master refs/remotes/master [10ms]
2026-08-22 14:22:17.606 [warning] [Git][getBranch] No such branch: master
2026-08-22 14:22:17.624 [info] > git for-each-ref --sort -committerdate --format %(refname)%00%(objectname)%00%(*objectname) [11ms]
2026-08-22 14:22:17.677 [info] > git status -z -uall [67ms]
2026-08-22 14:22:22.693 [info] > git config --get commit.template [7ms]
2026-08-22 14:22:22.701 [info] > git for-each-ref --format=%(refname)%00%(upstream:short)%00%(objectname)%00%(upstream:track)%00%(upstream:remotename)%00%(upstream:remoteref) refs/heads/master refs/remotes/master [11ms]
2026-08-22 14:22:22.702 [warning] [Git][getBranch] No such branch: master
2026-08-22 14:22:22.727 [info] > git for-each-ref --sort -committerdate --format %(refname)%00%(objectname)%00%(*objectname) [18ms]
2026-08-22 14:22:22.784 [info] > git status -z -uall [78ms]
2026-08-22 14:22:27.799 [info] > git config --get commit.template [8ms]
2026-08-22 14:22:27.806 [info] > git for-each-ref --format=%(refname)%00%(upstream:short)%00%(objectname)%00%(upstream:track)%00%(upstream:remotename)%00%(upstream:remoteref) refs/heads/master refs/remotes/master [11ms]
2026-08-22 14:22:27.806 [warning] [Git][getBranch] No such branch: master
2026-08-22 14:22:27.827 [info] > git for-each-ref --sort -committerdate --format %(refname)%00%(objectname)%00%(*objectname) [14ms]
2026-08-22 14:22:27.883 [info] > git status -z -uall [73ms]
2026-08-22 14:22:32.897 [info] > git config --get commit.template [7ms]
2026-08-22 14:22:32.904 [info] > git for-each-ref --format=%(refname)%00%(upstream:short)%00%(objectname)%00%(upstream:track)%00%(upstream:remotename)%00%(upstream:remoteref) refs/heads/master refs/remotes/master [10ms]
2026-08-22 14:22:32.904 [warning] [Git][getBranch] No such branch: master
2026-08-22 14:22:32.922 [info] > git for-each-ref --sort -committerdate --format %(refname)%00%(objectname)%00%(*objectname) [11ms]
2026-08-22 14:22:32.976 [info] > git status -z -uall [68ms]
2026-08-22 14:22:37.989 [info] > git config --get commit.template [7ms]
2026-08-22 14:22:37.997 [info] > git for-each-ref --format=%(refname)%00%(upstream:short)%00%(objectname)%00%(upstream:track)%00%(upstream:remotename)%00%(upstream:remoteref) refs/heads/master refs/remotes/master [11ms]
2026-08-22 14:22:37.998 [warning] [Git][getBranch] No such branch: master
2026-08-22 14:22:38.022 [info] > git for-each-ref --sort -committerdate --format %(refname)%00%(objectname)%00%(*objectname) [11ms]
2026-08-22 14:22:38.077 [info] > git status -z -uall [69ms]
2026-08-22 14:22:43.092 [info] > git config --get commit.template [7ms]
2026-08-22 14:22:43.099 [info] > git for-each-ref --format=%(refname)%00%(upstream:short)%00%(objectname)%00%(upstream:track)%00%(upstream:remotename)%00%(upstream:remoteref) refs/heads/master refs/remotes/master [10ms]
2026-08-22 14:22:43.099 [warning] [Git][getBranch] No such branch: master
2026-08-22 14:22:43.125 [info] > git for-each-ref --sort -committerdate --format %(refname)%00%(objectname)%00%(*objectname) [9ms]
2026-08-22 14:22:43.184 [info] > git status -z -uall [72ms]
2026-08-22 14:22:48.198 [info] > git config --get commit.template [5ms]
2026-08-22 14:22:48.205 [info] > git for-each-ref --format=%(refname)%00%(upstream:short)%00%(objectname)%00%(upstream:track)%00%(upstream:remotename)%00%(upstream:remoteref) refs/heads/master refs/remotes/master [9ms]
2026-08-22 14:22:48.205 [warning] [Git][getBranch] No such branch: master
2026-08-22 14:22:48.223 [info] > git for-each-ref --sort -committerdate --format %(refname)%00%(objectname)%00%(*objectname) [11ms]
2026-08-22 14:22:48.274 [info] > git status -z -uall [65ms]
2026-08-22 14:22:53.287 [info] > git config --get commit.template [6ms]
2026-08-22 14:22:53.294 [info] > git for-each-ref --format=%(refname)%00%(upstream:short)%00%(objectname)%00%(upstream:track)%00%(upstream:remotename)%00%(upstream:remoteref) refs/heads/master refs/remotes/master [9ms]
2026-08-22 14:22:53.294 [warning] [Git][getBranch] No such branch: master
2026-08-22 14:22:53.312 [info] > git for-each-ref --sort -committerdate --format %(refname)%00%(objectname)%00%(*objectname) [11ms]
2026-08-22 14:22:53.373 [info] > git status -z -uall [75ms]
2026-08-22 14:22:58.388 [info] > git config --get commit.template [7ms]
2026-08-22 14:22:58.396 [info] > git for-each-ref --format=%(refname)%00%(upstream:short)%00%(objectname)%00%(upstream:track)%00%(upstream:remotename)%00%(upstream:remoteref) refs/heads/master refs/remotes/master [11ms]
2026-08-22 14:22:58.396 [warning] [Git][getBranch] No such branch: master
2026-08-22 14:22:58.414 [info] > git for-each-ref --sort -committerdate --format %(refname)%00%(objectname)%00%(*objectname) [11ms]
2026-08-22 14:22:58.472 [info] > git status -z -uall [72ms]
2026-08-22 14:23:03.485 [info] > git config --get commit.template [7ms]
2026-08-22 14:23:03.493 [info] > git for-each-ref --format=%(refname)%00%(upstream:short)%00%(objectname)%00%(upstream:track)%00%(upstream:remotename)%00%(upstream:remoteref) refs/heads/master refs/remotes/master [11ms]
2026-08-22 14:23:03.493 [warning] [Git][getBranch] No such branch: master
2026-08-22 14:23:03.510 [info] > git for-each-ref --sort -committerdate --format %(refname)%00%(objectname)%00%(*objectname) [10ms]
2026-08-22 14:23:03.567 [info] > git status -z -uall [70ms]
2026-08-22 14:23:08.584 [info] > git config --get commit.template [8ms]
2026-08-22 14:23:08.593 [info] > git for-each-ref --format=%(refname)%00%(upstream:short)%00%(objectname)%00%(upstream:track)%00%(upstream:remotename)%00%(upstream:remoteref) refs/heads/master refs/remotes/master [9ms]
2026-08-22 14:23:08.594 [warning] [Git][getBranch] No such branch: master
2026-08-22 14:23:08.621 [info] > git for-each-ref --sort -committerdate --format %(refname)%00%(objectname)%00%(*objectname) [12ms]
2026-08-22 14:23:08.680 [info] > git status -z -uall [74ms]
2026-08-22 14:23:13.694 [info] > git config --get commit.template [7ms]
2026-08-22 14:23:13.703 [info] > git for-each-ref --format=%(refname)%00%(upstream:short)%00%(objectname)%00%(upstream:track)%00%(upstream:remotename)%00%(upstream:remoteref) refs/heads/master refs/remotes/master [12ms]
2026-08-22 14:23:13.703 [warning] [Git][getBranch] No such branch: master
2026-08-22 14:23:13.723 [info] > git for-each-ref --sort -committerdate --format %(refname)%00%(objectname)%00%(*objectname) [14ms]
2026-08-22 14:23:13.855 [info] > git status -z -uall [149ms]
2026-08-22 14:23:18.869 [info] > git config --get commit.template [6ms]
2026-08-22 14:23:18.879 [info] > git for-each-ref --format=%(refname)%00%(upstream:short)%00%(objectname)%00%(upstream:track)%00%(upstream:remotename)%00%(upstream:remoteref) refs/heads/master refs/remotes/master [12ms]
2026-08-22 14:23:18.879 [warning] [Git][getBranch] No such branch: master
2026-08-22 14:23:18.902 [info] > git for-each-ref --sort -committerdate --format %(refname)%00%(objectname)%00%(*objectname) [10ms]
2026-08-22 14:23:18.960 [info] > git status -z -uall [71ms]
2026-08-22 14:23:23.974 [info] > git config --get commit.template [6ms]
2026-08-22 14:23:23.981 [info] > git for-each-ref --format=%(refname)%00%(upstream:short)%00%(objectname)%00%(upstream:track)%00%(upstream:remotename)%00%(upstream:remoteref) refs/heads/master refs/remotes/master [10ms]
2026-08-22 14:23:23.981 [warning] [Git][getBranch] No such branch: master
2026-08-22 14:23:23.998 [info] > git for-each-ref --sort -committerdate --format %(refname)%00%(objectname)%00%(*objectname) [10ms]
2026-08-22 14:23:24.050 [info] > git status -z -uall [65ms]
2026-08-22 14:23:29.063 [info] > git config --get commit.template [7ms]
2026-08-22 14:23:29.071 [info] > git for-each-ref --format=%(refname)%00%(upstream:short)%00%(objectname)%00%(upstream:track)%00%(upstream:remotename)%00%(upstream:remoteref) refs/heads/master refs/remotes/master [10ms]
2026-08-22 14:23:29.071 [warning] [Git][getBranch] No such branch: master
2026-08-22 14:23:29.088 [info] > git for-each-ref --sort -committerdate --format %(refname)%00%(objectname)%00%(*objectname) [9ms]
2026-08-22 14:23:29.143 [info] > git status -z -uall [68ms]
2026-08-22 14:23:34.156 [info] > git config --get commit.template [6ms]
2026-08-22 14:23:34.163 [info] > git for-each-ref --format=%(refname)%00%(upstream:short)%00%(objectname)%00%(upstream:track)%00%(upstream:remotename)%00%(upstream:remoteref) refs/heads/master refs/remotes/master [10ms]
2026-08-22 14:23:34.163 [warning] [Git][getBranch] No such branch: master
2026-08-22 14:23:34.183 [info] > git for-each-ref --sort -committerdate --format %(refname)%00%(objectname)%00%(*objectname) [13ms]
2026-08-22 14:23:34.247 [info] > git status -z -uall [80ms]
2026-08-22 14:23:40.370 [info] > git config --get commit.template [6ms]
2026-08-22 14:23:40.379 [info] > git for-each-ref --format=%(refname)%00%(upstream:short)%00%(objectname)%00%(upstream:track)%00%(upstream:remotename)%00%(upstream:remoteref) refs/heads/master refs/remotes/master [10ms]
2026-08-22 14:23:40.379 [warning] [Git][getBranch] No such branch: master
2026-08-22 14:23:40.394 [info] > git for-each-ref --sort -committerdate --format %(refname)%00%(objectname)%00%(*objectname) [8ms]
2026-08-22 14:23:40.450 [info] > git status -z -uall [67ms]
2026-08-22 14:23:45.462 [info] > git config --get commit.template [6ms]
2026-08-22 14:23:45.469 [info] > git for-each-ref --format=%(refname)%00%(upstream:short)%00%(objectname)%00%(upstream:track)%00%(upstream:remotename)%00%(upstream:remoteref) refs/heads/master refs/remotes/master [9ms]
2026-08-22 14:23:45.469 [warning] [Git][getBranch] No such branch: master
2026-08-22 14:23:45.487 [info] > git for-each-ref --sort -committerdate --format %(refname)%00%(objectname)%00%(*objectname) [11ms]
2026-08-22 14:23:45.545 [info] > git status -z -uall [72ms]
2026-08-22 14:23:50.560 [info] > git config --get commit.template [8ms]
2026-08-22 14:23:50.568 [info] > git for-each-ref --format=%(refname)%00%(upstream:short)%00%(objectname)%00%(upstream:track)%00%(upstream:remotename)%00%(upstream:remoteref) refs/heads/master refs/remotes/master [12ms]
2026-08-22 14:23:50.568 [warning] [Git][getBranch] No such branch: master
2026-08-22 14:23:50.588 [info] > git for-each-ref --sort -committerdate --format %(refname)%00%(objectname)%00%(*objectname) [13ms]
2026-08-22 14:23:50.650 [info] > git status -z -uall [78ms]
2026-08-22 14:24:02.371 [info] > git config --get commit.template [7ms]
2026-08-22 14:24:02.379 [info] > git for-each-ref --format=%(refname)%00%(upstream:short)%00%(objectname)%00%(upstream:track)%00%(upstream:remotename)%00%(upstream:remoteref) refs/heads/master refs/remotes/master [11ms]
2026-08-22 14:24:02.380 [warning] [Git][getBranch] No such branch: master
2026-08-22 14:24:02.397 [info] > git for-each-ref --sort -committerdate --format %(refname)%00%(objectname)%00%(*objectname) [10ms]
2026-08-22 14:24:02.459 [info] > git status -z -uall [75ms]
2026-08-22 14:24:07.472 [info] > git config --get commit.template [6ms]
2026-08-22 14:24:07.480 [info] > git for-each-ref --format=%(refname)%00%(upstream:short)%00%(objectname)%00%(upstream:track)%00%(upstream:remotename)%00%(upstream:remoteref) refs/heads/master refs/remotes/master [10ms]
2026-08-22 14:24:07.480 [warning] [Git][getBranch] No such branch: master
2026-08-22 14:24:07.504 [info] > git for-each-ref --sort -committerdate --format %(refname)%00%(objectname)%00%(*objectname) [10ms]
2026-08-22 14:24:07.557 [info] > git status -z -uall [66ms]
2026-08-22 14:24:12.572 [info] > git config --get commit.template [9ms]
2026-08-22 14:24:12.580 [info] > git for-each-ref --format=%(refname)%00%(upstream:short)%00%(objectname)%00%(upstream:track)%00%(upstream:remotename)%00%(upstream:remoteref) refs/heads/master refs/remotes/master [13ms]
2026-08-22 14:24:12.580 [warning] [Git][getBranch] No such branch: master
2026-08-22 14:24:12.599 [info] > git for-each-ref --sort -committerdate --format %(refname)%00%(objectname)%00%(*objectname) [12ms]
2026-08-22 14:24:12.668 [info] > git status -z -uall [84ms]
2026-08-22 14:24:17.681 [info] > git config --get commit.template [6ms]
2026-08-22 14:24:17.689 [info] > git for-each-ref --format=%(refname)%00%(upstream:short)%00%(objectname)%00%(upstream:track)%00%(upstream:remotename)%00%(upstream:remoteref) refs/heads/master refs/remotes/master [10ms]
2026-08-22 14:24:17.689 [warning] [Git][getBranch] No such branch: master
2026-08-22 14:24:17.712 [info] > git for-each-ref --sort -committerdate --format %(refname)%00%(objectname)%00%(*objectname) [9ms]
2026-08-22 14:24:17.815 [info] > git status -z -uall [116ms]
2026-08-22 14:24:22.828 [info] > git config --get commit.template [6ms]
2026-08-22 14:24:22.836 [info] > git for-each-ref --format=%(refname)%00%(upstream:short)%00%(objectname)%00%(upstream:track)%00%(upstream:remotename)%00%(upstream:remoteref) refs/heads/master refs/remotes/master [10ms]
2026-08-22 14:24:22.836 [warning] [Git][getBranch] No such branch: master
2026-08-22 14:24:22.852 [info] > git for-each-ref --sort -committerdate --format %(refname)%00%(objectname)%00%(*objectname) [9ms]
2026-08-22 14:24:22.908 [info] > git status -z -uall [68ms]
2026-08-22 14:24:27.921 [info] > git config --get commit.template [7ms]
2026-08-22 14:24:27.930 [info] > git for-each-ref --format=%(refname)%00%(upstream:short)%00%(objectname)%00%(upstream:track)%00%(upstream:remotename)%00%(upstream:remoteref) refs/heads/master refs/remotes/master [11ms]
2026-08-22 14:24:27.930 [warning] [Git][getBranch] No such branch: master
2026-08-22 14:24:27.947 [info] > git for-each-ref --sort -committerdate --format %(refname)%00%(objectname)%00%(*objectname) [11ms]
2026-08-22 14:24:28.008 [info] > git status -z -uall [75ms]
2026-08-22 14:24:33.022 [info] > git config --get commit.template [7ms]
2026-08-22 14:24:33.029 [info] > git for-each-ref --format=%(refname)%00%(upstream:short)%00%(objectname)%00%(upstream:track)%00%(upstream:remotename)%00%(upstream:remoteref) refs/heads/master refs/remotes/master [10ms]
2026-08-22 14:24:33.029 [warning] [Git][getBranch] No such branch: master
2026-08-22 14:24:33.047 [info] > git for-each-ref --sort -committerdate --format %(refname)%00%(objectname)%00%(*objectname) [10ms]
2026-08-22 14:24:33.104 [info] > git status -z -uall [71ms]
2026-08-22 14:24:38.116 [info] > git config --get commit.template [6ms]
2026-08-22 14:24:38.124 [info] > git for-each-ref --format=%(refname)%00%(upstream:short)%00%(objectname)%00%(upstream:track)%00%(upstream:remotename)%00%(upstream:remoteref) refs/heads/master refs/remotes/master [10ms]
2026-08-22 14:24:38.124 [warning] [Git][getBranch] No such branch: master
2026-08-22 14:24:38.139 [info] > git for-each-ref --sort -committerdate --format %(refname)%00%(objectname)%00%(*objectname) [9ms]
2026-08-22 14:24:38.192 [info] > git status -z -uall [64ms]
2026-08-22 14:24:43.205 [info] > git config --get commit.template [6ms]
2026-08-22 14:24:43.213 [info] > git for-each-ref --format=%(refname)%00%(upstream:short)%00%(objectname)%00%(upstream:track)%00%(upstream:remotename)%00%(upstream:remoteref) refs/heads/master refs/remotes/master [11ms]
2026-08-22 14:24:43.213 [warning] [Git][getBranch] No such branch: master
2026-08-22 14:24:43.229 [info] > git for-each-ref --sort -committerdate --format %(refname)%00%(objectname)%00%(*objectname) [9ms]
2026-08-22 14:24:43.287 [info] > git status -z -uall [70ms]
2026-08-22 14:24:48.300 [info] > git config --get commit.template [6ms]
2026-08-22 14:24:48.308 [info] > git for-each-ref --format=%(refname)%00%(upstream:short)%00%(objectname)%00%(upstream:track)%00%(upstream:remotename)%00%(upstream:remoteref) refs/heads/master refs/remotes/master [10ms]
2026-08-22 14:24:48.308 [warning] [Git][getBranch] No such branch: master
2026-08-22 14:24:48.325 [info] > git for-each-ref --sort -committerdate --format %(refname)%00%(objectname)%00%(*objectname) [10ms]
2026-08-22 14:24:48.380 [info] > git status -z -uall [68ms]
2026-08-22 14:24:53.393 [info] > git config --get commit.template [5ms]
2026-08-22 14:24:53.399 [info] > git for-each-ref --format=%(refname)%00%(upstream:short)%00%(objectname)%00%(upstream:track)%00%(upstream:remotename)%00%(upstream:remoteref) refs/heads/master refs/remotes/master [9ms]
2026-08-22 14:24:53.400 [warning] [Git][getBranch] No such branch: master
2026-08-22 14:24:53.416 [info] > git for-each-ref --sort -committerdate --format %(refname)%00%(objectname)%00%(*objectname) [9ms]
2026-08-22 14:24:53.469 [info] > git status -z -uall [66ms]
2026-08-22 14:24:58.482 [info] > git config --get commit.template [6ms]
2026-08-22 14:24:58.491 [info] > git for-each-ref --format=%(refname)%00%(upstream:short)%00%(objectname)%00%(upstream:track)%00%(upstream:remotename)%00%(upstream:remoteref) refs/heads/master refs/remotes/master [11ms]
2026-08-22 14:24:58.491 [warning] [Git][getBranch] No such branch: master
2026-08-22 14:24:58.509 [info] > git for-each-ref --sort -committerdate --format %(refname)%00%(objectname)%00%(*objectname) [11ms]
2026-08-22 14:24:58.565 [info] > git status -z -uall [70ms]
2026-08-22 14:25:03.580 [info] > git config --get commit.template [7ms]
2026-08-22 14:25:03.587 [info] > git for-each-ref --format=%(refname)%00%(upstream:short)%00%(objectname)%00%(upstream:track)%00%(upstream:remotename)%00%(upstream:remoteref) refs/heads/master refs/remotes/master [10ms]
2026-08-22 14:25:03.587 [warning] [Git][getBranch] No such branch: master
2026-08-22 14:25:03.604 [info] > git for-each-ref --sort -committerdate --format %(refname)%00%(objectname)%00%(*objectname) [10ms]
2026-08-22 14:25:03.659 [info] > git status -z -uall [68ms]
2026-08-22 14:25:08.676 [info] > git config --get commit.template [10ms]
2026-08-22 14:25:08.684 [info] > git for-each-ref --format=%(refname)%00%(upstream:short)%00%(objectname)%00%(upstream:track)%00%(upstream:remotename)%00%(upstream:remoteref) refs/heads/master refs/remotes/master [14ms]
2026-08-22 14:25:08.684 [warning] [Git][getBranch] No such branch: master
2026-08-22 14:25:08.704 [info] > git for-each-ref --sort -committerdate --format %(refname)%00%(objectname)%00%(*objectname) [13ms]
2026-08-22 14:25:08.769 [info] > git status -z -uall [81ms]
2026-08-22 14:25:13.783 [info] > git config --get commit.template [7ms]
2026-08-22 14:25:13.791 [info] > git for-each-ref --format=%(refname)%00%(upstream:short)%00%(objectname)%00%(upstream:track)%00%(upstream:remotename)%00%(upstream:remoteref) refs/heads/master refs/remotes/master [11ms]
2026-08-22 14:25:13.791 [warning] [Git][getBranch] No such branch: master
2026-08-22 14:25:13.808 [info] > git for-each-ref --sort -committerdate --format %(refname)%00%(objectname)%00%(*objectname) [10ms]
2026-08-22 14:25:13.867 [info] > git status -z -uall [72ms]
2026-08-22 14:25:18.880 [info] > git config --get commit.template [6ms]
2026-08-22 14:25:18.888 [info] > git for-each-ref --format=%(refname)%00%(upstream:short)%00%(objectname)%00%(upstream:track)%00%(upstream:remotename)%00%(upstream:remoteref) refs/heads/master refs/remotes/master [10ms]
2026-08-22 14:25:18.888 [warning] [Git][getBranch] No such branch: master
2026-08-22 14:25:18.906 [info] > git for-each-ref --sort -committerdate --format %(refname)%00%(objectname)%00%(*objectname) [11ms]
2026-08-22 14:25:19.012 [info] > git status -z -uall [120ms]
2026-08-22 14:25:24.026 [info] > git config --get commit.template [7ms]
2026-08-22 14:25:24.033 [info] > git for-each-ref --format=%(refname)%00%(upstream:short)%00%(objectname)%00%(upstream:track)%00%(upstream:remotename)%00%(upstream:remoteref) refs/heads/master refs/remotes/master [10ms]
2026-08-22 14:25:24.033 [warning] [Git][getBranch] No such branch: master
2026-08-22 14:25:24.052 [info] > git for-each-ref --sort -committerdate --format %(refname)%00%(objectname)%00%(*objectname) [11ms]
2026-08-22 14:25:24.107 [info] > git status -z -uall [70ms]
2026-08-22 14:25:29.121 [info] > git config --get commit.template [7ms]
2026-08-22 14:25:29.129 [info] > git for-each-ref --format=%(refname)%00%(upstream:short)%00%(objectname)%00%(upstream:track)%00%(upstream:remotename)%00%(upstream:remoteref) refs/heads/master refs/remotes/master [11ms]
2026-08-22 14:25:29.129 [warning] [Git][getBranch] No such branch: master
2026-08-22 14:25:29.147 [info] > git for-each-ref --sort -committerdate --format %(refname)%00%(objectname)%00%(*objectname) [12ms]
2026-08-22 14:25:29.202 [info] > git status -z -uall [70ms]
2026-08-22 14:25:34.214 [info] > git config --get commit.template [6ms]
2026-08-22 14:25:34.222 [info] > git for-each-ref --format=%(refname)%00%(upstream:short)%00%(objectname)%00%(upstream:track)%00%(upstream:remotename)%00%(upstream:remoteref) refs/heads/master refs/remotes/master [10ms]
2026-08-22 14:25:34.222 [warning] [Git][getBranch] No such branch: master
2026-08-22 14:25:34.240 [info] > git for-each-ref --sort -committerdate --format %(refname)%00%(objectname)%00%(*objectname) [11ms]
2026-08-22 14:25:34.300 [info] > git status -z -uall [74ms]
2026-08-22 14:25:39.313 [info] > git config --get commit.template [6ms]
2026-08-22 14:25:39.321 [info] > git for-each-ref --format=%(refname)%00%(upstream:short)%00%(objectname)%00%(upstream:track)%00%(upstream:remotename)%00%(upstream:remoteref) refs/heads/master refs/remotes/master [11ms]
2026-08-22 14:25:39.322 [warning] [Git][getBranch] No such branch: master
2026-08-22 14:25:39.338 [info] > git for-each-ref --sort -committerdate --format %(refname)%00%(objectname)%00%(*objectname) [10ms]
2026-08-22 14:25:39.393 [info] > git status -z -uall [68ms]
2026-08-22 14:25:44.406 [info] > git config --get commit.template [6ms]
2026-08-22 14:25:44.413 [info] > git for-each-ref --format=%(refname)%00%(upstream:short)%00%(objectname)%00%(upstream:track)%00%(upstream:remotename)%00%(upstream:remoteref) refs/heads/master refs/remotes/master [9ms]
2026-08-22 14:25:44.413 [warning] [Git][getBranch] No such branch: master
2026-08-22 14:25:44.429 [info] > git for-each-ref --sort -committerdate --format %(refname)%00%(objectname)%00%(*objectname) [9ms]
2026-08-22 14:25:44.483 [info] > git status -z -uall [66ms]
2026-08-22 14:25:49.497 [info] > git config --get commit.template [6ms]
2026-08-22 14:25:49.504 [info] > git for-each-ref --format=%(refname)%00%(upstream:short)%00%(objectname)%00%(upstream:track)%00%(upstream:remotename)%00%(upstream:remoteref) refs/heads/master refs/remotes/master [10ms]
2026-08-22 14:25:49.504 [warning] [Git][getBranch] No such branch: master
2026-08-22 14:25:49.529 [info] > git for-each-ref --sort -committerdate --format %(refname)%00%(objectname)%00%(*objectname) [11ms]
2026-08-22 14:25:49.586 [info] > git status -z -uall [71ms]
2026-08-22 14:25:54.599 [info] > git config --get commit.template [6ms]
2026-08-22 14:25:54.606 [info] > git for-each-ref --format=%(refname)%00%(upstream:short)%00%(objectname)%00%(upstream:track)%00%(upstream:remotename)%00%(upstream:remoteref) refs/heads/master refs/remotes/master [9ms]
2026-08-22 14:25:54.606 [warning] [Git][getBranch] No such branch: master
2026-08-22 14:25:54.624 [info] > git for-each-ref --sort -committerdate --format %(refname)%00%(objectname)%00%(*objectname) [11ms]
2026-08-22 14:25:54.681 [info] > git status -z -uall [70ms]
2026-08-22 14:25:59.694 [info] > git config --get commit.template [6ms]
2026-08-22 14:25:59.701 [info] > git for-each-ref --format=%(refname)%00%(upstream:short)%00%(objectname)%00%(upstream:track)%00%(upstream:remotename)%00%(upstream:remoteref) refs/heads/master refs/remotes/master [9ms]
2026-08-22 14:25:59.702 [warning] [Git][getBranch] No such branch: master
2026-08-22 14:25:59.718 [info] > git for-each-ref --sort -committerdate --format %(refname)%00%(objectname)%00%(*objectname) [10ms]
2026-08-22 14:25:59.780 [info] > git status -z -uall [75ms]
2026-08-22 14:26:04.795 [info] > git config --get commit.template [7ms]
2026-08-22 14:26:04.804 [info] > git for-each-ref --format=%(refname)%00%(upstream:short)%00%(objectname)%00%(upstream:track)%00%(upstream:remotename)%00%(upstream:remoteref) refs/heads/master refs/remotes/master [9ms]
2026-08-22 14:26:04.804 [warning] [Git][getBranch] No such branch: master
2026-08-22 14:26:04.832 [info] > git for-each-ref --sort -committerdate --format %(refname)%00%(objectname)%00%(*objectname) [12ms]
2026-08-22 14:26:04.915 [info] > git status -z -uall [100ms]
2026-08-22 14:26:09.928 [info] > git config --get commit.template [5ms]
2026-08-22 14:26:09.936 [info] > git for-each-ref --format=%(refname)%00%(upstream:short)%00%(objectname)%00%(upstream:track)%00%(upstream:remotename)%00%(upstream:remoteref) refs/heads/master refs/remotes/master [10ms]
2026-08-22 14:26:09.936 [warning] [Git][getBranch] No such branch: master
2026-08-22 14:26:09.959 [info] > git for-each-ref --sort -committerdate --format %(refname)%00%(objectname)%00%(*objectname) [10ms]
2026-08-22 14:26:10.012 [info] > git status -z -uall [66ms]
2026-08-22 14:26:15.026 [info] > git config --get commit.template [6ms]
2026-08-22 14:26:15.033 [info] > git for-each-ref --format=%(refname)%00%(upstream:short)%00%(objectname)%00%(upstream:track)%00%(upstream:remotename)%00%(upstream:remoteref) refs/heads/master refs/remotes/master [10ms]
2026-08-22 14:26:15.033 [warning] [Git][getBranch] No such branch: master
2026-08-22 14:26:15.054 [info] > git for-each-ref --sort -committerdate --format %(refname)%00%(objectname)%00%(*objectname) [14ms]
2026-08-22 14:26:15.117 [info] > git status -z -uall [79ms]
2026-08-22 14:26:20.130 [info] > git config --get commit.template [7ms]
2026-08-22 14:26:20.137 [info] > git for-each-ref --format=%(refname)%00%(upstream:short)%00%(objectname)%00%(upstream:track)%00%(upstream:remotename)%00%(upstream:remoteref) refs/heads/master refs/remotes/master [10ms]
2026-08-22 14:26:20.138 [warning] [Git][getBranch] No such branch: master
2026-08-22 14:26:20.154 [info] > git for-each-ref --sort -committerdate --format %(refname)%00%(objectname)%00%(*objectname) [10ms]
2026-08-22 14:26:20.263 [info] > git status -z -uall [122ms]
2026-08-22 14:26:25.277 [info] > git config --get commit.template [7ms]
2026-08-22 14:26:25.284 [info] > git for-each-ref --format=%(refname)%00%(upstream:short)%00%(objectname)%00%(upstream:track)%00%(upstream:remotename)%00%(upstream:remoteref) refs/heads/master refs/remotes/master [11ms]
2026-08-22 14:26:25.285 [warning] [Git][getBranch] No such branch: master
2026-08-22 14:26:25.304 [info] > git for-each-ref --sort -committerdate --format %(refname)%00%(objectname)%00%(*objectname) [12ms]
2026-08-22 14:26:25.361 [info] > git status -z -uall [72ms]
2026-08-22 14:26:30.373 [info] > git config --get commit.template [6ms]
2026-08-22 14:26:30.380 [info] > git for-each-ref --format=%(refname)%00%(upstream:short)%00%(objectname)%00%(upstream:track)%00%(upstream:remotename)%00%(upstream:remoteref) refs/heads/master refs/remotes/master [9ms]
2026-08-22 14:26:30.380 [warning] [Git][getBranch] No such branch: master
2026-08-22 14:26:30.397 [info] > git for-each-ref --sort -committerdate --format %(refname)%00%(objectname)%00%(*objectname) [10ms]
2026-08-22 14:26:30.450 [info] > git status -z -uall [66ms]
2026-08-22 14:26:35.463 [info] > git config --get commit.template [6ms]
2026-08-22 14:26:35.471 [info] > git for-each-ref --format=%(refname)%00%(upstream:short)%00%(objectname)%00%(upstream:track)%00%(upstream:remotename)%00%(upstream:remoteref) refs/heads/master refs/remotes/master [11ms]
2026-08-22 14:26:35.471 [warning] [Git][getBranch] No such branch: master
2026-08-22 14:26:35.487 [info] > git for-each-ref --sort -committerdate --format %(refname)%00%(objectname)%00%(*objectname) [10ms]
2026-08-22 14:26:35.540 [info] > git status -z -uall [66ms]
2026-08-22 14:26:40.553 [info] > git config --get commit.template [6ms]
2026-08-22 14:26:40.560 [info] > git for-each-ref --format=%(refname)%00%(upstream:short)%00%(objectname)%00%(upstream:track)%00%(upstream:remotename)%00%(upstream:remoteref) refs/heads/master refs/remotes/master [10ms]
2026-08-22 14:26:40.560 [warning] [Git][getBranch] No such branch: master
2026-08-22 14:26:40.578 [info] > git for-each-ref --sort -committerdate --format %(refname)%00%(objectname)%00%(*objectname) [12ms]
2026-08-22 14:26:40.638 [info] > git status -z -uall [75ms]
2026-08-22 14:26:45.651 [info] > git config --get commit.template [5ms]
2026-08-22 14:26:45.664 [info] > git for-each-ref --format=%(refname)%00%(upstream:short)%00%(objectname)%00%(upstream:track)%00%(upstream:remotename)%00%(upstream:remoteref) refs/heads/master refs/remotes/master [16ms]
2026-08-22 14:26:45.665 [warning] [Git][getBranch] No such branch: master
2026-08-22 14:26:45.681 [info] > git for-each-ref --sort -committerdate --format %(refname)%00%(objectname)%00%(*objectname) [10ms]
2026-08-22 14:26:45.733 [info] > git status -z -uall [64ms]
2026-08-22 14:26:48.215 [info] > git show --textconv HEAD:pipeline_starter.py [11ms]
2026-08-22 14:26:48.215 [warning] [GitFileSystemProvider][readFile] File not found - git:/voc/work/pipeline_starter.py.git?%7B%22path%22%3A%22%2Fvoc%2Fwork%2Fpipeline_starter.py%22%2C%22ref%22%3A%22HEAD%22%7D
2026-08-22 14:26:48.222 [info] > git ls-tree -l HEAD -- pipeline_starter.py [13ms]
2026-08-22 14:26:48.228 [info] fatal: Not a valid object name HEAD
2026-08-22 14:26:48.229 [warning] [GitFileSystemProvider][stat] File not found - git:/voc/work/pipeline_starter.py.git?%7B%22path%22%3A%22%2Fvoc%2Fwork%2Fpipeline_starter.py%22%2C%22ref%22%3A%22HEAD%22%7D
2026-08-22 14:26:48.229 [info] > git ls-files --stage -- pipeline_starter.py [22ms]
2026-08-22 14:26:48.233 [info] > git show --textconv :pipeline_starter.py [32ms]
2026-08-22 14:26:48.246 [info] > git cat-file -s 2a73b54201ac952e7d2506e8fa08771562771b0e [13ms]
2026-08-22 14:26:49.265 [info] > git ls-files --stage -- pydantic_demo.py [12ms]
2026-08-22 14:26:49.273 [info] > git show --textconv HEAD:pydantic_demo.py [21ms]
2026-08-22 14:26:49.273 [warning] [GitFileSystemProvider][readFile] File not found - git:/voc/work/pydantic_demo.py.git?%7B%22path%22%3A%22%2Fvoc%2Fwork%2Fpydantic_demo.py%22%2C%22ref%22%3A%22HEAD%22%7D
2026-08-22 14:26:49.280 [info] > git ls-tree -l HEAD -- pydantic_demo.py [24ms]
2026-08-22 14:26:49.280 [info] fatal: Not a valid object name HEAD
2026-08-22 14:26:49.280 [warning] [GitFileSystemProvider][stat] File not found - git:/voc/work/pydantic_demo.py.git?%7B%22path%22%3A%22%2Fvoc%2Fwork%2Fpydantic_demo.py%22%2C%22ref%22%3A%22HEAD%22%7D
2026-08-22 14:26:49.280 [info] > git show --textconv :pydantic_demo.py [32ms]
2026-08-22 14:26:49.288 [info] > git cat-file -s 3e69d0b7d9e92dd2fbf4b95aa0a9f4d97379c331 [19ms]
2026-08-22 14:26:52.393 [info] > git config --get commit.template [7ms]
2026-08-22 14:26:52.401 [info] > git for-each-ref --format=%(refname)%00%(upstream:short)%00%(objectname)%00%(upstream:track)%00%(upstream:remotename)%00%(upstream:remoteref) refs/heads/master refs/remotes/master [10ms]
2026-08-22 14:26:52.401 [warning] [Git][getBranch] No such branch: master
2026-08-22 14:26:52.427 [info] > git for-each-ref --sort -committerdate --format %(refname)%00%(objectname)%00%(*objectname) [12ms]
2026-08-22 14:26:52.484 [info] > git status -z -uall [72ms]
2026-08-22 14:26:57.497 [info] > git config --get commit.template [7ms]
2026-08-22 14:26:57.504 [info] > git for-each-ref --format=%(refname)%00%(upstream:short)%00%(objectname)%00%(upstream:track)%00%(upstream:remotename)%00%(upstream:remoteref) refs/heads/master refs/remotes/master [10ms]
2026-08-22 14:26:57.505 [warning] [Git][getBranch] No such branch: master
2026-08-22 14:26:57.522 [info] > git for-each-ref --sort -committerdate --format %(refname)%00%(objectname)%00%(*objectname) [11ms]
2026-08-22 14:26:57.580 [info] > git status -z -uall [72ms]
2026-08-22 14:27:02.593 [info] > git config --get commit.template [7ms]
2026-08-22 14:27:02.600 [info] > git for-each-ref --format=%(refname)%00%(upstream:short)%00%(objectname)%00%(upstream:track)%00%(upstream:remotename)%00%(upstream:remoteref) refs/heads/master refs/remotes/master [10ms]
2026-08-22 14:27:02.600 [warning] [Git][getBranch] No such branch: master
2026-08-22 14:27:02.618 [info] > git for-each-ref --sort -committerdate --format %(refname)%00%(objectname)%00%(*objectname) [10ms]
2026-08-22 14:27:02.673 [info] > git status -z -uall [68ms]
2026-08-22 14:27:07.690 [info] > git config --get commit.template [7ms]
2026-08-22 14:27:07.697 [info] > git for-each-ref --format=%(refname)%00%(upstream:short)%00%(objectname)%00%(upstream:track)%00%(upstream:remotename)%00%(upstream:remoteref) refs/heads/master refs/remotes/master [11ms]
2026-08-22 14:27:07.697 [warning] [Git][getBranch] No such branch: master
2026-08-22 14:27:07.715 [info] > git for-each-ref --sort -committerdate --format %(refname)%00%(objectname)%00%(*objectname) [11ms]
2026-08-22 14:27:07.773 [info] > git status -z -uall [72ms]
2026-08-22 14:27:12.786 [info] > git config --get commit.template [6ms]
2026-08-22 14:27:12.794 [info] > git for-each-ref --format=%(refname)%00%(upstream:short)%00%(objectname)%00%(upstream:track)%00%(upstream:remotename)%00%(upstream:remoteref) refs/heads/master refs/remotes/master [10ms]
2026-08-22 14:27:12.794 [warning] [Git][getBranch] No such branch: master
2026-08-22 14:27:12.818 [info] > git for-each-ref --sort -committerdate --format %(refname)%00%(objectname)%00%(*objectname) [11ms]
2026-08-22 14:27:12.873 [info] > git status -z -uall [68ms]
2026-08-22 14:27:17.885 [info] > git config --get commit.template [6ms]
2026-08-22 14:27:17.892 [info] > git for-each-ref --format=%(refname)%00%(upstream:short)%00%(objectname)%00%(upstream:track)%00%(upstream:remotename)%00%(upstream:remoteref) refs/heads/master refs/remotes/master [9ms]
2026-08-22 14:27:17.892 [warning] [Git][getBranch] No such branch: master
2026-08-22 14:27:17.916 [info] > git for-each-ref --sort -committerdate --format %(refname)%00%(objectname)%00%(*objectname) [9ms]
2026-08-22 14:27:17.971 [info] > git status -z -uall [68ms]
2026-08-22 14:27:22.986 [info] > git config --get commit.template [6ms]
2026-08-22 14:27:22.993 [info] > git for-each-ref --format=%(refname)%00%(upstream:short)%00%(objectname)%00%(upstream:track)%00%(upstream:remotename)%00%(upstream:remoteref) refs/heads/master refs/remotes/master [10ms]
2026-08-22 14:27:22.993 [warning] [Git][getBranch] No such branch: master
2026-08-22 14:27:23.011 [info] > git for-each-ref --sort -committerdate --format %(refname)%00%(objectname)%00%(*objectname) [11ms]
2026-08-22 14:27:23.115 [info] > git status -z -uall [118ms]
2026-08-22 14:27:28.129 [info] > git config --get commit.template [7ms]
2026-08-22 14:27:28.137 [info] > git for-each-ref --format=%(refname)%00%(upstream:short)%00%(objectname)%00%(upstream:track)%00%(upstream:remotename)%00%(upstream:remoteref) refs/heads/master refs/remotes/master [11ms]
2026-08-22 14:27:28.137 [warning] [Git][getBranch] No such branch: master
2026-08-22 14:27:28.162 [info] > git for-each-ref --sort -committerdate --format %(refname)%00%(objectname)%00%(*objectname) [10ms]
2026-08-22 14:27:28.218 [info] > git status -z -uall [69ms]
2026-08-22 14:27:33.231 [info] > git config --get commit.template [6ms]
2026-08-22 14:27:33.238 [info] > git for-each-ref --format=%(refname)%00%(upstream:short)%00%(objectname)%00%(upstream:track)%00%(upstream:remotename)%00%(upstream:remoteref) refs/heads/master refs/remotes/master [10ms]
2026-08-22 14:27:33.238 [warning] [Git][getBranch] No such branch: master
2026-08-22 14:27:33.262 [info] > git for-each-ref --sort -committerdate --format %(refname)%00%(objectname)%00%(*objectname) [11ms]
2026-08-22 14:27:33.316 [info] > git status -z -uall [67ms]
2026-08-22 14:27:38.329 [info] > git config --get commit.template [6ms]
2026-08-22 14:27:38.337 [info] > git for-each-ref --format=%(refname)%00%(upstream:short)%00%(objectname)%00%(upstream:track)%00%(upstream:remotename)%00%(upstream:remoteref) refs/heads/master refs/remotes/master [10ms]
2026-08-22 14:27:38.337 [warning] [Git][getBranch] No such branch: master
2026-08-22 14:27:38.357 [info] > git for-each-ref --sort -committerdate --format %(refname)%00%(objectname)%00%(*objectname) [12ms]
2026-08-22 14:27:38.418 [info] > git status -z -uall [77ms]
2026-08-22 14:27:43.431 [info] > git config --get commit.template [7ms]
2026-08-22 14:27:43.438 [info] > git for-each-ref --format=%(refname)%00%(upstream:short)%00%(objectname)%00%(upstream:track)%00%(upstream:remotename)%00%(upstream:remoteref) refs/heads/master refs/remotes/master [9ms]
2026-08-22 14:27:43.439 [warning] [Git][getBranch] No such branch: master
2026-08-22 14:27:43.456 [info] > git for-each-ref --sort -committerdate --format %(refname)%00%(objectname)%00%(*objectname) [11ms]
2026-08-22 14:27:43.517 [info] > git status -z -uall [75ms]
2026-08-22 14:27:48.531 [info] > git config --get commit.template [7ms]
2026-08-22 14:27:48.538 [info] > git for-each-ref --format=%(refname)%00%(upstream:short)%00%(objectname)%00%(upstream:track)%00%(upstream:remotename)%00%(upstream:remoteref) refs/heads/master refs/remotes/master [10ms]
2026-08-22 14:27:48.538 [warning] [Git][getBranch] No such branch: master
2026-08-22 14:27:48.557 [info] > git for-each-ref --sort -committerdate --format %(refname)%00%(objectname)%00%(*objectname) [12ms]
2026-08-22 14:27:48.621 [info] > git status -z -uall [79ms]
2026-08-22 14:27:53.635 [info] > git config --get commit.template [6ms]
2026-08-22 14:27:53.642 [info] > git for-each-ref --format=%(refname)%00%(upstream:short)%00%(objectname)%00%(upstream:track)%00%(upstream:remotename)%00%(upstream:remoteref) refs/heads/master refs/remotes/master [10ms]
2026-08-22 14:27:53.642 [warning] [Git][getBranch] No such branch: master
2026-08-22 14:27:53.667 [info] > git for-each-ref --sort -committerdate --format %(refname)%00%(objectname)%00%(*objectname) [10ms]
2026-08-22 14:27:53.726 [info] > git status -z -uall [72ms]
2026-08-22 14:27:58.739 [info] > git config --get commit.template [6ms]
2026-08-22 14:27:58.748 [info] > git for-each-ref --format=%(refname)%00%(upstream:short)%00%(objectname)%00%(upstream:track)%00%(upstream:remotename)%00%(upstream:remoteref) refs/heads/master refs/remotes/master [11ms]
2026-08-22 14:27:58.748 [warning] [Git][getBranch] No such branch: master
2026-08-22 14:27:58.769 [info] > git for-each-ref --sort -committerdate --format %(refname)%00%(objectname)%00%(*objectname) [14ms]
2026-08-22 14:27:58.834 [info] > git status -z -uall [82ms]
2026-08-22 14:28:03.850 [info] > git config --get commit.template [9ms]
2026-08-22 14:28:03.860 [info] > git for-each-ref --format=%(refname)%00%(upstream:short)%00%(objectname)%00%(upstream:track)%00%(upstream:remotename)%00%(upstream:remoteref) refs/heads/master refs/remotes/master [15ms]
2026-08-22 14:28:03.860 [warning] [Git][getBranch] No such branch: master
2026-08-22 14:28:03.887 [info] > git for-each-ref --sort -committerdate --format %(refname)%00%(objectname)%00%(*objectname) [12ms]
2026-08-22 14:28:03.956 [info] > git status -z -uall [83ms]
2026-08-22 14:28:08.971 [info] > git config --get commit.template [7ms]
2026-08-22 14:28:08.978 [info] > git for-each-ref --format=%(refname)%00%(upstream:short)%00%(objectname)%00%(upstream:track)%00%(upstream:remotename)%00%(upstream:remoteref) refs/heads/master refs/remotes/master [10ms]
2026-08-22 14:28:08.979 [warning] [Git][getBranch] No such branch: master
2026-08-22 14:28:08.996 [info] > git for-each-ref --sort -committerdate --format %(refname)%00%(objectname)%00%(*objectname) [10ms]
2026-08-22 14:28:09.061 [info] > git status -z -uall [78ms]
2026-08-22 14:28:14.074 [info] > git config --get commit.template [5ms]
2026-08-22 14:28:14.081 [info] > git for-each-ref --format=%(refname)%00%(upstream:short)%00%(objectname)%00%(upstream:track)%00%(upstream:remotename)%00%(upstream:remoteref) refs/heads/master refs/remotes/master [10ms]
2026-08-22 14:28:14.081 [warning] [Git][getBranch] No such branch: master
2026-08-22 14:28:14.107 [info] > git for-each-ref --sort -committerdate --format %(refname)%00%(objectname)%00%(*objectname) [10ms]
2026-08-22 14:28:14.163 [info] > git status -z -uall [70ms]
2026-08-22 14:28:19.177 [info] > git config --get commit.template [6ms]
2026-08-22 14:28:19.185 [info] > git for-each-ref --format=%(refname)%00%(upstream:short)%00%(objectname)%00%(upstream:track)%00%(upstream:remotename)%00%(upstream:remoteref) refs/heads/master refs/remotes/master [10ms]
2026-08-22 14:28:19.185 [warning] [Git][getBranch] No such branch: master
2026-08-22 14:28:19.202 [info] > git for-each-ref --sort -committerdate --format %(refname)%00%(objectname)%00%(*objectname) [10ms]
2026-08-22 14:28:19.259 [info] > git status -z -uall [70ms]
2026-08-22 14:31:18.142 [info] > git config --get commit.template [9ms]
2026-08-22 14:31:18.150 [info] > git for-each-ref --format=%(refname)%00%(upstream:short)%00%(objectname)%00%(upstream:track)%00%(upstream:remotename)%00%(upstream:remoteref) refs/heads/master refs/remotes/master [13ms]
2026-08-22 14:31:18.150 [warning] [Git][getBranch] No such branch: master
2026-08-22 14:31:18.167 [info] > git for-each-ref --sort -committerdate --format %(refname)%00%(objectname)%00%(*objectname) [10ms]
2026-08-22 14:31:18.310 [info] > git status -z -uall [156ms]
2026-08-22 14:31:23.323 [info] > git config --get commit.template [6ms]
2026-08-22 14:31:23.331 [info] > git for-each-ref --format=%(refname)%00%(upstream:short)%00%(objectname)%00%(upstream:track)%00%(upstream:remotename)%00%(upstream:remoteref) refs/heads/master refs/remotes/master [9ms]
2026-08-22 14:31:23.331 [warning] [Git][getBranch] No such branch: master
2026-08-22 14:31:23.348 [info] > git for-each-ref --sort -committerdate --format %(refname)%00%(objectname)%00%(*objectname) [10ms]
2026-08-22 14:31:23.404 [info] > git status -z -uall [68ms]
2026-08-22 14:31:28.418 [info] > git config --get commit.template [7ms]
2026-08-22 14:31:28.428 [info] > git for-each-ref --format=%(refname)%00%(upstream:short)%00%(objectname)%00%(upstream:track)%00%(upstream:remotename)%00%(upstream:remoteref) refs/heads/master refs/remotes/master [13ms]
2026-08-22 14:31:28.428 [warning] [Git][getBranch] No such branch: master
2026-08-22 14:31:28.445 [info] > git for-each-ref --sort -committerdate --format %(refname)%00%(objectname)%00%(*objectname) [9ms]
2026-08-22 14:31:28.505 [info] > git status -z -uall [73ms]
2026-08-22 14:31:33.519 [info] > git config --get commit.template [7ms]
2026-08-22 14:31:33.528 [info] > git for-each-ref --format=%(refname)%00%(upstream:short)%00%(objectname)%00%(upstream:track)%00%(upstream:remotename)%00%(upstream:remoteref) refs/heads/master refs/remotes/master [13ms]
2026-08-22 14:31:33.528 [warning] [Git][getBranch] No such branch: master
2026-08-22 14:31:33.546 [info] > git for-each-ref --sort -committerdate --format %(refname)%00%(objectname)%00%(*objectname) [9ms]
2026-08-22 14:31:33.602 [info] > git status -z -uall [68ms]
2026-08-22 14:31:38.614 [info] > git config --get commit.template [6ms]
2026-08-22 14:31:38.622 [info] > git for-each-ref --format=%(refname)%00%(upstream:short)%00%(objectname)%00%(upstream:track)%00%(upstream:remotename)%00%(upstream:remoteref) refs/heads/master refs/remotes/master [10ms]
2026-08-22 14:31:38.622 [warning] [Git][getBranch] No such branch: master
2026-08-22 14:31:38.639 [info] > git for-each-ref --sort -committerdate --format %(refname)%00%(objectname)%00%(*objectname) [9ms]
2026-08-22 14:31:38.695 [info] > git status -z -uall [69ms]
2026-08-22 14:31:43.709 [info] > git config --get commit.template [6ms]
2026-08-22 14:31:43.716 [info] > git for-each-ref --format=%(refname)%00%(upstream:short)%00%(objectname)%00%(upstream:track)%00%(upstream:remotename)%00%(upstream:remoteref) refs/heads/master refs/remotes/master [9ms]
2026-08-22 14:31:43.716 [warning] [Git][getBranch] No such branch: master
2026-08-22 14:31:43.740 [info] > git for-each-ref --sort -committerdate --format %(refname)%00%(objectname)%00%(*objectname) [9ms]
2026-08-22 14:31:43.798 [info] > git status -z -uall [70ms]
2026-08-22 14:31:48.813 [info] > git config --get commit.template [7ms]
2026-08-22 14:31:48.820 [info] > git for-each-ref --format=%(refname)%00%(upstream:short)%00%(objectname)%00%(upstream:track)%00%(upstream:remotename)%00%(upstream:remoteref) refs/heads/master refs/remotes/master [11ms]
2026-08-22 14:31:48.821 [warning] [Git][getBranch] No such branch: master
2026-08-22 14:31:48.838 [info] > git for-each-ref --sort -committerdate --format %(refname)%00%(objectname)%00%(*objectname) [11ms]
2026-08-22 14:31:48.899 [info] > git status -z -uall [75ms]
2026-08-22 14:31:53.912 [info] > git config --get commit.template [6ms]
2026-08-22 14:31:53.920 [info] > git for-each-ref --format=%(refname)%00%(upstream:short)%00%(objectname)%00%(upstream:track)%00%(upstream:remotename)%00%(upstream:remoteref) refs/heads/master refs/remotes/master [9ms]
2026-08-22 14:31:53.920 [warning] [Git][getBranch] No such branch: master
2026-08-22 14:31:53.937 [info] > git for-each-ref --sort -committerdate --format %(refname)%00%(objectname)%00%(*objectname) [10ms]
2026-08-22 14:31:53.995 [info] > git status -z -uall [71ms]
2026-08-22 14:31:59.010 [info] > git config --get commit.template [7ms]
2026-08-22 14:31:59.018 [info] > git for-each-ref --format=%(refname)%00%(upstream:short)%00%(objectname)%00%(upstream:track)%00%(upstream:remotename)%00%(upstream:remoteref) refs/heads/master refs/remotes/master [12ms]
2026-08-22 14:31:59.019 [warning] [Git][getBranch] No such branch: master
2026-08-22 14:31:59.038 [info] > git for-each-ref --sort -committerdate --format %(refname)%00%(objectname)%00%(*objectname) [13ms]
2026-08-22 14:31:59.099 [info] > git status -z -uall [77ms]
2026-08-22 14:32:04.114 [info] > git config --get commit.template [7ms]
2026-08-22 14:32:04.121 [info] > git for-each-ref --format=%(refname)%00%(upstream:short)%00%(objectname)%00%(upstream:track)%00%(upstream:remotename)%00%(upstream:remoteref) refs/heads/master refs/remotes/master [11ms]
2026-08-22 14:32:04.122 [warning] [Git][getBranch] No such branch: master
2026-08-22 14:32:04.140 [info] > git for-each-ref --sort -committerdate --format %(refname)%00%(objectname)%00%(*objectname) [12ms]
2026-08-22 14:32:04.197 [info] > git status -z -uall [72ms]
2026-08-22 14:32:09.211 [info] > git config --get commit.template [6ms]
2026-08-22 14:32:09.220 [info] > git for-each-ref --format=%(refname)%00%(upstream:short)%00%(objectname)%00%(upstream:track)%00%(upstream:remotename)%00%(upstream:remoteref) refs/heads/master refs/remotes/master [11ms]
2026-08-22 14:32:09.220 [warning] [Git][getBranch] No such branch: master
2026-08-22 14:32:09.237 [info] > git for-each-ref --sort -committerdate --format %(refname)%00%(objectname)%00%(*objectname) [10ms]
2026-08-22 14:32:09.293 [info] > git status -z -uall [69ms]
2026-08-22 14:32:14.308 [info] > git config --get commit.template [8ms]
2026-08-22 14:32:14.316 [info] > git for-each-ref --format=%(refname)%00%(upstream:short)%00%(objectname)%00%(upstream:track)%00%(upstream:remotename)%00%(upstream:remoteref) refs/heads/master refs/remotes/master [12ms]
2026-08-22 14:32:14.316 [warning] [Git][getBranch] No such branch: master
2026-08-22 14:32:14.334 [info] > git for-each-ref --sort -committerdate --format %(refname)%00%(objectname)%00%(*objectname) [11ms]
2026-08-22 14:32:14.399 [info] > git status -z -uall [79ms]
2026-08-22 14:32:19.413 [info] > git config --get commit.template [7ms]
2026-08-22 14:32:19.421 [info] > git for-each-ref --format=%(refname)%00%(upstream:short)%00%(objectname)%00%(upstream:track)%00%(upstream:remotename)%00%(upstream:remoteref) refs/heads/master refs/remotes/master [10ms]
2026-08-22 14:32:19.421 [warning] [Git][getBranch] No such branch: master
2026-08-22 14:32:19.438 [info] > git for-each-ref --sort -committerdate --format %(refname)%00%(objectname)%00%(*objectname) [10ms]
2026-08-22 14:32:19.557 [info] > git status -z -uall [132ms]
2026-08-22 14:32:24.571 [info] > git config --get commit.template [7ms]
2026-08-22 14:32:24.578 [info] > git for-each-ref --format=%(refname)%00%(upstream:short)%00%(objectname)%00%(upstream:track)%00%(upstream:remotename)%00%(upstream:remoteref) refs/heads/master refs/remotes/master [10ms]
2026-08-22 14:32:24.578 [warning] [Git][getBranch] No such branch: master
2026-08-22 14:32:24.596 [info] > git for-each-ref --sort -committerdate --format %(refname)%00%(objectname)%00%(*objectname) [11ms]
2026-08-22 14:32:24.652 [info] > git status -z -uall [70ms]
2026-08-22 14:32:29.665 [info] > git config --get commit.template [6ms]
2026-08-22 14:32:29.673 [info] > git for-each-ref --format=%(refname)%00%(upstream:short)%00%(objectname)%00%(upstream:track)%00%(upstream:remotename)%00%(upstream:remoteref) refs/heads/master refs/remotes/master [11ms]
2026-08-22 14:32:29.673 [warning] [Git][getBranch] No such branch: master
2026-08-22 14:32:29.691 [info] > git for-each-ref --sort -committerdate --format %(refname)%00%(objectname)%00%(*objectname) [10ms]
2026-08-22 14:32:29.753 [info] > git status -z -uall [76ms]
2026-08-22 14:32:34.768 [info] > git config --get commit.template [7ms]
2026-08-22 14:32:34.776 [info] > git for-each-ref --format=%(refname)%00%(upstream:short)%00%(objectname)%00%(upstream:track)%00%(upstream:remotename)%00%(upstream:remoteref) refs/heads/master refs/remotes/master [10ms]
2026-08-22 14:32:34.776 [warning] [Git][getBranch] No such branch: master
2026-08-22 14:32:34.795 [info] > git for-each-ref --sort -committerdate --format %(refname)%00%(objectname)%00%(*objectname) [12ms]
2026-08-22 14:32:34.855 [info] > git status -z -uall [75ms]
2026-08-22 14:32:39.868 [info] > git config --get commit.template [6ms]
2026-08-22 14:32:39.877 [info] > git for-each-ref --format=%(refname)%00%(upstream:short)%00%(objectname)%00%(upstream:track)%00%(upstream:remotename)%00%(upstream:remoteref) refs/heads/master refs/remotes/master [10ms]
2026-08-22 14:32:39.877 [warning] [Git][getBranch] No such branch: master
2026-08-22 14:32:39.896 [info] > git for-each-ref --sort -committerdate --format %(refname)%00%(objectname)%00%(*objectname) [12ms]
2026-08-22 14:32:39.964 [info] > git status -z -uall [83ms]
2026-08-22 14:32:44.978 [info] > git config --get commit.template [6ms]
2026-08-22 14:32:44.986 [info] > git for-each-ref --format=%(refname)%00%(upstream:short)%00%(objectname)%00%(upstream:track)%00%(upstream:remotename)%00%(upstream:remoteref) refs/heads/master refs/remotes/master [10ms]
2026-08-22 14:32:44.986 [warning] [Git][getBranch] No such branch: master
2026-08-22 14:32:45.003 [info] > git for-each-ref --sort -committerdate --format %(refname)%00%(objectname)%00%(*objectname) [10ms]
2026-08-22 14:32:45.059 [info] > git status -z -uall [69ms]
2026-08-22 14:32:50.072 [info] > git config --get commit.template [6ms]
2026-08-22 14:32:50.080 [info] > git for-each-ref --format=%(refname)%00%(upstream:short)%00%(objectname)%00%(upstream:track)%00%(upstream:remotename)%00%(upstream:remoteref) refs/heads/master refs/remotes/master [10ms]
2026-08-22 14:32:50.080 [warning] [Git][getBranch] No such branch: master
2026-08-22 14:32:50.098 [info] > git for-each-ref --sort -committerdate --format %(refname)%00%(objectname)%00%(*objectname) [11ms]
2026-08-22 14:32:50.154 [info] > git status -z -uall [70ms]
2026-08-22 14:32:55.168 [info] > git config --get commit.template [7ms]
2026-08-22 14:32:55.175 [info] > git for-each-ref --format=%(refname)%00%(upstream:short)%00%(objectname)%00%(upstream:track)%00%(upstream:remotename)%00%(upstream:remoteref) refs/heads/master refs/remotes/master [11ms]
2026-08-22 14:32:55.176 [warning] [Git][getBranch] No such branch: master
2026-08-22 14:32:55.194 [info] > git for-each-ref --sort -committerdate --format %(refname)%00%(objectname)%00%(*objectname) [12ms]
2026-08-22 14:32:55.251 [info] > git status -z -uall [72ms]
2026-08-22 14:33:00.265 [info] > git config --get commit.template [6ms]
2026-08-22 14:33:00.273 [info] > git for-each-ref --format=%(refname)%00%(upstream:short)%00%(objectname)%00%(upstream:track)%00%(upstream:remotename)%00%(upstream:remoteref) refs/heads/master refs/remotes/master [11ms]
2026-08-22 14:33:00.273 [warning] [Git][getBranch] No such branch: master
2026-08-22 14:33:00.290 [info] > git for-each-ref --sort -committerdate --format %(refname)%00%(objectname)%00%(*objectname) [10ms]
2026-08-22 14:33:00.347 [info] > git status -z -uall [70ms]
2026-08-22 14:33:05.360 [info] > git config --get commit.template [5ms]
2026-08-22 14:33:05.368 [info] > git for-each-ref --format=%(refname)%00%(upstream:short)%00%(objectname)%00%(upstream:track)%00%(upstream:remotename)%00%(upstream:remoteref) refs/heads/master refs/remotes/master [9ms]
2026-08-22 14:33:05.368 [warning] [Git][getBranch] No such branch: master
2026-08-22 14:33:05.386 [info] > git for-each-ref --sort -committerdate --format %(refname)%00%(objectname)%00%(*objectname) [10ms]
2026-08-22 14:33:05.439 [info] > git status -z -uall [67ms]
2026-08-22 14:33:10.454 [info] > git config --get commit.template [9ms]
2026-08-22 14:33:10.463 [info] > git for-each-ref --format=%(refname)%00%(upstream:short)%00%(objectname)%00%(upstream:track)%00%(upstream:remotename)%00%(upstream:remoteref) refs/heads/master refs/remotes/master [10ms]
2026-08-22 14:33:10.463 [warning] [Git][getBranch] No such branch: master
2026-08-22 14:33:10.481 [info] > git for-each-ref --sort -committerdate --format %(refname)%00%(objectname)%00%(*objectname) [10ms]
2026-08-22 14:33:10.534 [info] > git status -z -uall [67ms]
2026-08-22 14:33:15.549 [info] > git config --get commit.template [8ms]
2026-08-22 14:33:15.559 [info] > git for-each-ref --format=%(refname)%00%(upstream:short)%00%(objectname)%00%(upstream:track)%00%(upstream:remotename)%00%(upstream:remoteref) refs/heads/master refs/remotes/master [14ms]
2026-08-22 14:33:15.559 [warning] [Git][getBranch] No such branch: master
2026-08-22 14:33:15.582 [info] > git for-each-ref --sort -committerdate --format %(refname)%00%(objectname)%00%(*objectname) [14ms]
2026-08-22 14:33:15.658 [info] > git status -z -uall [94ms]
2026-08-22 14:33:20.675 [info] > git config --get commit.template [8ms]
2026-08-22 14:33:20.682 [info] > git for-each-ref --format=%(refname)%00%(upstream:short)%00%(objectname)%00%(upstream:track)%00%(upstream:remotename)%00%(upstream:remoteref) refs/heads/master refs/remotes/master [11ms]
2026-08-22 14:33:20.682 [warning] [Git][getBranch] No such branch: master
2026-08-22 14:33:20.707 [info] > git for-each-ref --sort -committerdate --format %(refname)%00%(objectname)%00%(*objectname) [10ms]
2026-08-22 14:33:20.824 [info] > git status -z -uall [130ms]
2026-08-22 14:33:26.477 [info] > git config --get commit.template [7ms]
2026-08-22 14:33:26.485 [info] > git for-each-ref --format=%(refname)%00%(upstream:short)%00%(objectname)%00%(upstream:track)%00%(upstream:remotename)%00%(upstream:remoteref) refs/heads/master refs/remotes/master [11ms]
2026-08-22 14:33:26.485 [warning] [Git][getBranch] No such branch: master
2026-08-22 14:33:26.501 [info] > git for-each-ref --sort -committerdate --format %(refname)%00%(objectname)%00%(*objectname) [10ms]
2026-08-22 14:33:26.554 [info] > git status -z -uall [66ms]
2026-08-22 14:33:31.566 [info] > git config --get commit.template [6ms]
2026-08-22 14:33:31.574 [info] > git for-each-ref --format=%(refname)%00%(upstream:short)%00%(objectname)%00%(upstream:track)%00%(upstream:remotename)%00%(upstream:remoteref) refs/heads/master refs/remotes/master [10ms]
2026-08-22 14:33:31.574 [warning] [Git][getBranch] No such branch: master
2026-08-22 14:33:31.592 [info] > git for-each-ref --sort -committerdate --format %(refname)%00%(objectname)%00%(*objectname) [11ms]
2026-08-22 14:33:31.648 [info] > git status -z -uall [70ms]
2026-08-22 14:33:36.662 [info] > git config --get commit.template [7ms]
2026-08-22 14:33:36.669 [info] > git for-each-ref --format=%(refname)%00%(upstream:short)%00%(objectname)%00%(upstream:track)%00%(upstream:remotename)%00%(upstream:remoteref) refs/heads/master refs/remotes/master [10ms]
2026-08-22 14:33:36.669 [warning] [Git][getBranch] No such branch: master
2026-08-22 14:33:36.693 [info] > git for-each-ref --sort -committerdate --format %(refname)%00%(objectname)%00%(*objectname) [9ms]
2026-08-22 14:33:36.748 [info] > git status -z -uall [68ms]
2026-08-22 14:33:41.762 [info] > git config --get commit.template [6ms]
2026-08-22 14:33:41.770 [info] > git for-each-ref --format=%(refname)%00%(upstream:short)%00%(objectname)%00%(upstream:track)%00%(upstream:remotename)%00%(upstream:remoteref) refs/heads/master refs/remotes/master [11ms]
2026-08-22 14:33:41.770 [warning] [Git][getBranch] No such branch: master
2026-08-22 14:33:41.787 [info] > git for-each-ref --sort -committerdate --format %(refname)%00%(objectname)%00%(*objectname) [10ms]
2026-08-22 14:33:41.843 [info] > git status -z -uall [69ms]
2026-08-22 14:33:46.856 [info] > git config --get commit.template [7ms]
2026-08-22 14:33:46.865 [info] > git for-each-ref --format=%(refname)%00%(upstream:short)%00%(objectname)%00%(upstream:track)%00%(upstream:remotename)%00%(upstream:remoteref) refs/heads/master refs/remotes/master [12ms]
2026-08-22 14:33:46.865 [warning] [Git][getBranch] No such branch: master
2026-08-22 14:33:46.882 [info] > git for-each-ref --sort -committerdate --format %(refname)%00%(objectname)%00%(*objectname) [11ms]
2026-08-22 14:33:46.940 [info] > git status -z -uall [71ms]
2026-08-22 14:33:51.954 [info] > git config --get commit.template [7ms]
2026-08-22 14:33:51.962 [info] > git for-each-ref --format=%(refname)%00%(upstream:short)%00%(objectname)%00%(upstream:track)%00%(upstream:remotename)%00%(upstream:remoteref) refs/heads/master refs/remotes/master [11ms]
2026-08-22 14:33:51.962 [warning] [Git][getBranch] No such branch: master
2026-08-22 14:33:51.981 [info] > git for-each-ref --sort -committerdate --format %(refname)%00%(objectname)%00%(*objectname) [12ms]
2026-08-22 14:33:52.038 [info] > git status -z -uall [72ms]
2026-08-22 14:33:57.051 [info] > git config --get commit.template [6ms]
2026-08-22 14:33:57.060 [info] > git for-each-ref --format=%(refname)%00%(upstream:short)%00%(objectname)%00%(upstream:track)%00%(upstream:remotename)%00%(upstream:remoteref) refs/heads/master refs/remotes/master [12ms]
2026-08-22 14:33:57.060 [warning] [Git][getBranch] No such branch: master
2026-08-22 14:33:57.076 [info] > git for-each-ref --sort -committerdate --format %(refname)%00%(objectname)%00%(*objectname) [9ms]
2026-08-22 14:33:57.129 [info] > git status -z -uall [65ms]
2026-08-22 14:34:02.144 [info] > git config --get commit.template [8ms]
2026-08-22 14:34:02.153 [info] > git for-each-ref --format=%(refname)%00%(upstream:short)%00%(objectname)%00%(upstream:track)%00%(upstream:remotename)%00%(upstream:remoteref) refs/heads/master refs/remotes/master [12ms]
2026-08-22 14:34:02.153 [warning] [Git][getBranch] No such branch: master
2026-08-22 14:34:02.172 [info] > git for-each-ref --sort -committerdate --format %(refname)%00%(objectname)%00%(*objectname) [11ms]
2026-08-22 14:34:02.234 [info] > git status -z -uall [77ms]
2026-08-22 14:34:07.247 [info] > git config --get commit.template [5ms]
2026-08-22 14:34:07.255 [info] > git for-each-ref --format=%(refname)%00%(upstream:short)%00%(objectname)%00%(upstream:track)%00%(upstream:remotename)%00%(upstream:remoteref) refs/heads/master refs/remotes/master [10ms]
2026-08-22 14:34:07.255 [warning] [Git][getBranch] No such branch: master
2026-08-22 14:34:07.272 [info] > git for-each-ref --sort -committerdate --format %(refname)%00%(objectname)%00%(*objectname) [10ms]
2026-08-22 14:34:07.327 [info] > git status -z -uall [68ms]
2026-08-22 14:34:12.340 [info] > git config --get commit.template [6ms]
2026-08-22 14:34:12.351 [info] > git for-each-ref --format=%(refname)%00%(upstream:short)%00%(objectname)%00%(upstream:track)%00%(upstream:remotename)%00%(upstream:remoteref) refs/heads/master refs/remotes/master [13ms]
2026-08-22 14:34:12.351 [warning] [Git][getBranch] No such branch: master
2026-08-22 14:34:12.368 [info] > git for-each-ref --sort -committerdate --format %(refname)%00%(objectname)%00%(*objectname) [10ms]
2026-08-22 14:34:12.422 [info] > git status -z -uall [67ms]
2026-08-22 14:34:17.436 [info] > git config --get commit.template [6ms]
2026-08-22 14:34:17.444 [info] > git for-each-ref --format=%(refname)%00%(upstream:short)%00%(objectname)%00%(upstream:track)%00%(upstream:remotename)%00%(upstream:remoteref) refs/heads/master refs/remotes/master [10ms]
2026-08-22 14:34:17.444 [warning] [Git][getBranch] No such branch: master
2026-08-22 14:34:17.460 [info] > git for-each-ref --sort -committerdate --format %(refname)%00%(objectname)%00%(*objectname) [9ms]
2026-08-22 14:34:17.518 [info] > git status -z -uall [70ms]
2026-08-22 14:34:22.536 [info] > git config --get commit.template [8ms]
2026-08-22 14:34:22.543 [info] > git for-each-ref --format=%(refname)%00%(upstream:short)%00%(objectname)%00%(upstream:track)%00%(upstream:remotename)%00%(upstream:remoteref) refs/heads/master refs/remotes/master [12ms]
2026-08-22 14:34:22.543 [warning] [Git][getBranch] No such branch: master
2026-08-22 14:34:22.560 [info] > git for-each-ref --sort -committerdate --format %(refname)%00%(objectname)%00%(*objectname) [9ms]
2026-08-22 14:34:22.673 [info] > git status -z -uall [125ms]
2026-08-22 14:34:27.686 [info] > git config --get commit.template [6ms]
2026-08-22 14:34:27.694 [info] > git for-each-ref --format=%(refname)%00%(upstream:short)%00%(objectname)%00%(upstream:track)%00%(upstream:remotename)%00%(upstream:remoteref) refs/heads/master refs/remotes/master [10ms]
2026-08-22 14:34:27.694 [warning] [Git][getBranch] No such branch: master
2026-08-22 14:34:27.711 [info] > git for-each-ref --sort -committerdate --format %(refname)%00%(objectname)%00%(*objectname) [10ms]
2026-08-22 14:34:27.767 [info] > git status -z -uall [69ms]
2026-08-22 14:34:32.780 [info] > git config --get commit.template [6ms]
2026-08-22 14:34:32.790 [info] > git for-each-ref --format=%(refname)%00%(upstream:short)%00%(objectname)%00%(upstream:track)%00%(upstream:remotename)%00%(upstream:remoteref) refs/heads/master refs/remotes/master [12ms]
2026-08-22 14:34:32.790 [warning] [Git][getBranch] No such branch: master
2026-08-22 14:34:32.808 [info] > git for-each-ref --sort -committerdate --format %(refname)%00%(objectname)%00%(*objectname) [10ms]
2026-08-22 14:34:32.864 [info] > git status -z -uall [69ms]
2026-08-22 14:34:37.877 [info] > git config --get commit.template [6ms]
2026-08-22 14:34:37.886 [info] > git for-each-ref --format=%(refname)%00%(upstream:short)%00%(objectname)%00%(upstream:track)%00%(upstream:remotename)%00%(upstream:remoteref) refs/heads/master refs/remotes/master [11ms]
2026-08-22 14:34:37.886 [warning] [Git][getBranch] No such branch: master
2026-08-22 14:34:37.903 [info] > git for-each-ref --sort -committerdate --format %(refname)%00%(objectname)%00%(*objectname) [10ms]
2026-08-22 14:34:37.960 [info] > git status -z -uall [70ms]
2026-08-22 14:34:42.974 [info] > git config --get commit.template [6ms]
2026-08-22 14:34:42.981 [info] > git for-each-ref --format=%(refname)%00%(upstream:short)%00%(objectname)%00%(upstream:track)%00%(upstream:remotename)%00%(upstream:remoteref) refs/heads/master refs/remotes/master [10ms]
2026-08-22 14:34:42.982 [warning] [Git][getBranch] No such branch: master
2026-08-22 14:34:43.006 [info] > git for-each-ref --sort -committerdate --format %(refname)%00%(objectname)%00%(*objectname) [10ms]
2026-08-22 14:34:43.061 [info] > git status -z -uall [68ms]
2026-08-22 14:34:48.075 [info] > git config --get commit.template [6ms]
2026-08-22 14:34:48.082 [info] > git for-each-ref --format=%(refname)%00%(upstream:short)%00%(objectname)%00%(upstream:track)%00%(upstream:remotename)%00%(upstream:remoteref) refs/heads/master refs/remotes/master [10ms]
2026-08-22 14:34:48.082 [warning] [Git][getBranch] No such branch: master
2026-08-22 14:34:48.099 [info] > git for-each-ref --sort -committerdate --format %(refname)%00%(objectname)%00%(*objectname) [10ms]
2026-08-22 14:34:48.153 [info] > git status -z -uall [67ms]
2026-08-22 14:34:53.166 [info] > git config --get commit.template [6ms]
2026-08-22 14:34:53.173 [info] > git for-each-ref --format=%(refname)%00%(upstream:short)%00%(objectname)%00%(upstream:track)%00%(upstream:remotename)%00%(upstream:remoteref) refs/heads/master refs/remotes/master [9ms]
2026-08-22 14:34:53.173 [warning] [Git][getBranch] No such branch: master
2026-08-22 14:34:53.190 [info] > git for-each-ref --sort -committerdate --format %(refname)%00%(objectname)%00%(*objectname) [10ms]
2026-08-22 14:34:53.247 [info] > git status -z -uall [70ms]
2026-08-22 14:34:58.263 [info] > git config --get commit.template [8ms]
2026-08-22 14:34:58.271 [info] > git for-each-ref --format=%(refname)%00%(upstream:short)%00%(objectname)%00%(upstream:track)%00%(upstream:remotename)%00%(upstream:remoteref) refs/heads/master refs/remotes/master [13ms]
2026-08-22 14:34:58.271 [warning] [Git][getBranch] No such branch: master
2026-08-22 14:34:58.289 [info] > git for-each-ref --sort -committerdate --format %(refname)%00%(objectname)%00%(*objectname) [11ms]
2026-08-22 14:34:58.360 [info] > git status -z -uall [85ms]
2026-08-22 14:35:03.376 [info] > git config --get commit.template [8ms]
2026-08-22 14:35:03.385 [info] > git for-each-ref --format=%(refname)%00%(upstream:short)%00%(objectname)%00%(upstream:track)%00%(upstream:remotename)%00%(upstream:remoteref) refs/heads/master refs/remotes/master [13ms]
2026-08-22 14:35:03.385 [warning] [Git][getBranch] No such branch: master
2026-08-22 14:35:03.404 [info] > git for-each-ref --sort -committerdate --format %(refname)%00%(objectname)%00%(*objectname) [11ms]
2026-08-22 14:35:03.465 [info] > git status -z -uall [76ms]
2026-08-22 14:35:08.480 [info] > git config --get commit.template [8ms]
2026-08-22 14:35:08.489 [info] > git for-each-ref --format=%(refname)%00%(upstream:short)%00%(objectname)%00%(upstream:track)%00%(upstream:remotename)%00%(upstream:remoteref) refs/heads/master refs/remotes/master [11ms]
2026-08-22 14:35:08.489 [warning] [Git][getBranch] No such branch: master
2026-08-22 14:35:08.508 [info] > git for-each-ref --sort -committerdate --format %(refname)%00%(objectname)%00%(*objectname) [10ms]
2026-08-22 14:35:08.569 [info] > git status -z -uall [75ms]
2026-08-22 14:35:13.583 [info] > git config --get commit.template [6ms]
2026-08-22 14:35:13.591 [info] > git for-each-ref --format=%(refname)%00%(upstream:short)%00%(objectname)%00%(upstream:track)%00%(upstream:remotename)%00%(upstream:remoteref) refs/heads/master refs/remotes/master [10ms]
2026-08-22 14:35:13.591 [warning] [Git][getBranch] No such branch: master
2026-08-22 14:35:13.609 [info] > git for-each-ref --sort -committerdate --format %(refname)%00%(objectname)%00%(*objectname) [12ms]
2026-08-22 14:35:13.664 [info] > git status -z -uall [69ms]
2026-08-22 14:35:18.676 [info] > git config --get commit.template [6ms]
2026-08-22 14:35:18.684 [info] > git for-each-ref --format=%(refname)%00%(upstream:short)%00%(objectname)%00%(upstream:track)%00%(upstream:remotename)%00%(upstream:remoteref) refs/heads/master refs/remotes/master [10ms]
2026-08-22 14:35:18.685 [warning] [Git][getBranch] No such branch: master
2026-08-22 14:35:18.703 [info] > git for-each-ref --sort -committerdate --format %(refname)%00%(objectname)%00%(*objectname) [10ms]
2026-08-22 14:35:18.757 [info] > git status -z -uall [68ms]
2026-08-22 14:35:28.495 [info] > git config --get commit.template [9ms]
2026-08-22 14:35:28.502 [info] > git for-each-ref --format=%(refname)%00%(upstream:short)%00%(objectname)%00%(upstream:track)%00%(upstream:remotename)%00%(upstream:remoteref) refs/heads/master refs/remotes/master [13ms]
2026-08-22 14:35:28.502 [warning] [Git][getBranch] No such branch: master
2026-08-22 14:35:28.519 [info] > git for-each-ref --sort -committerdate --format %(refname)%00%(objectname)%00%(*objectname) [11ms]
2026-08-22 14:35:28.635 [info] > git status -z -uall [130ms]
2026-08-22 14:35:33.648 [info] > git config --get commit.template [6ms]
2026-08-22 14:35:33.656 [info] > git for-each-ref --format=%(refname)%00%(upstream:short)%00%(objectname)%00%(upstream:track)%00%(upstream:remotename)%00%(upstream:remoteref) refs/heads/master refs/remotes/master [9ms]
2026-08-22 14:35:33.656 [warning] [Git][getBranch] No such branch: master
2026-08-22 14:35:33.674 [info] > git for-each-ref --sort -committerdate --format %(refname)%00%(objectname)%00%(*objectname) [10ms]
2026-08-22 14:35:33.731 [info] > git status -z -uall [71ms]
2026-08-22 14:35:39.494 [info] > git config --get commit.template [6ms]
2026-08-22 14:35:39.502 [info] > git for-each-ref --format=%(refname)%00%(upstream:short)%00%(objectname)%00%(upstream:track)%00%(upstream:remotename)%00%(upstream:remoteref) refs/heads/master refs/remotes/master [10ms]
2026-08-22 14:35:39.502 [warning] [Git][getBranch] No such branch: master
2026-08-22 14:35:39.527 [info] > git for-each-ref --sort -committerdate --format %(refname)%00%(objectname)%00%(*objectname) [10ms]
2026-08-22 14:35:39.588 [info] > git status -z -uall [74ms]
2026-08-22 14:35:44.602 [info] > git config --get commit.template [6ms]
2026-08-22 14:35:44.610 [info] > git for-each-ref --format=%(refname)%00%(upstream:short)%00%(objectname)%00%(upstream:track)%00%(upstream:remotename)%00%(upstream:remoteref) refs/heads/master refs/remotes/master [11ms]
2026-08-22 14:35:44.610 [warning] [Git][getBranch] No such branch: master
2026-08-22 14:35:44.635 [info] > git for-each-ref --sort -committerdate --format %(refname)%00%(objectname)%00%(*objectname) [10ms]
2026-08-22 14:35:44.694 [info] > git status -z -uall [73ms]
2026-08-22 14:35:50.494 [info] > git config --get commit.template [7ms]
2026-08-22 14:35:50.502 [info] > git for-each-ref --format=%(refname)%00%(upstream:short)%00%(objectname)%00%(upstream:track)%00%(upstream:remotename)%00%(upstream:remoteref) refs/heads/master refs/remotes/master [11ms]
2026-08-22 14:35:50.502 [warning] [Git][getBranch] No such branch: master
2026-08-22 14:35:50.521 [info] > git for-each-ref --sort -committerdate --format %(refname)%00%(objectname)%00%(*objectname) [11ms]
2026-08-22 14:35:50.576 [info] > git status -z -uall [70ms]
2026-08-22 14:35:55.591 [info] > git config --get commit.template [7ms]
2026-08-22 14:35:55.599 [info] > git for-each-ref --format=%(refname)%00%(upstream:short)%00%(objectname)%00%(upstream:track)%00%(upstream:remotename)%00%(upstream:remoteref) refs/heads/master refs/remotes/master [11ms]
2026-08-22 14:35:55.600 [warning] [Git][getBranch] No such branch: master
2026-08-22 14:35:55.619 [info] > git for-each-ref --sort -committerdate --format %(refname)%00%(objectname)%00%(*objectname) [12ms]
2026-08-22 14:35:55.677 [info] > git status -z -uall [73ms]
2026-08-22 14:36:00.690 [info] > git config --get commit.template [6ms]
2026-08-22 14:36:00.700 [info] > git for-each-ref --format=%(refname)%00%(upstream:short)%00%(objectname)%00%(upstream:track)%00%(upstream:remotename)%00%(upstream:remoteref) refs/heads/master refs/remotes/master [12ms]
2026-08-22 14:36:00.700 [warning] [Git][getBranch] No such branch: master
2026-08-22 14:36:00.721 [info] > git for-each-ref --sort -committerdate --format %(refname)%00%(objectname)%00%(*objectname) [14ms]
2026-08-22 14:36:00.784 [info] > git status -z -uall [80ms]
2026-08-22 14:36:05.798 [info] > git config --get commit.template [6ms]
2026-08-22 14:36:05.806 [info] > git for-each-ref --format=%(refname)%00%(upstream:short)%00%(objectname)%00%(upstream:track)%00%(upstream:remotename)%00%(upstream:remoteref) refs/heads/master refs/remotes/master [10ms]
2026-08-22 14:36:05.806 [warning] [Git][getBranch] No such branch: master
2026-08-22 14:36:05.824 [info] > git for-each-ref --sort -committerdate --format %(refname)%00%(objectname)%00%(*objectname) [11ms]
2026-08-22 14:36:05.879 [info] > git status -z -uall [69ms]
2026-08-22 14:36:10.892 [info] > git config --get commit.template [6ms]
2026-08-22 14:36:10.900 [info] > git for-each-ref --format=%(refname)%00%(upstream:short)%00%(objectname)%00%(upstream:track)%00%(upstream:remotename)%00%(upstream:remoteref) refs/heads/master refs/remotes/master [10ms]
2026-08-22 14:36:10.900 [warning] [Git][getBranch] No such branch: master
2026-08-22 14:36:10.918 [info] > git for-each-ref --sort -committerdate --format %(refname)%00%(objectname)%00%(*objectname) [11ms]
2026-08-22 14:36:10.977 [info] > git status -z -uall [73ms]
2026-08-22 14:36:15.991 [info] > git config --get commit.template [7ms]
2026-08-22 14:36:15.998 [info] > git for-each-ref --format=%(refname)%00%(upstream:short)%00%(objectname)%00%(upstream:track)%00%(upstream:remotename)%00%(upstream:remoteref) refs/heads/master refs/remotes/master [11ms]
2026-08-22 14:36:15.998 [warning] [Git][getBranch] No such branch: master
2026-08-22 14:36:16.016 [info] > git for-each-ref --sort -committerdate --format %(refname)%00%(objectname)%00%(*objectname) [10ms]
2026-08-22 14:36:16.074 [info] > git status -z -uall [71ms]
2026-08-22 14:36:21.091 [info] > git config --get commit.template [9ms]
2026-08-22 14:36:21.107 [info] > git for-each-ref --format=%(refname)%00%(upstream:short)%00%(objectname)%00%(upstream:track)%00%(upstream:remotename)%00%(upstream:remoteref) refs/heads/master refs/remotes/master [22ms]
2026-08-22 14:36:21.107 [warning] [Git][getBranch] No such branch: master
2026-08-22 14:36:21.127 [info] > git for-each-ref --sort -committerdate --format %(refname)%00%(objectname)%00%(*objectname) [13ms]
2026-08-22 14:36:21.211 [info] > git status -z -uall [99ms]
2026-08-22 14:36:26.225 [info] > git config --get commit.template [6ms]
2026-08-22 14:36:26.232 [info] > git for-each-ref --format=%(refname)%00%(upstream:short)%00%(objectname)%00%(upstream:track)%00%(upstream:remotename)%00%(upstream:remoteref) refs/heads/master refs/remotes/master [10ms]
2026-08-22 14:36:26.232 [warning] [Git][getBranch] No such branch: master
2026-08-22 14:36:26.251 [info] > git for-each-ref --sort -committerdate --format %(refname)%00%(objectname)%00%(*objectname) [12ms]
2026-08-22 14:36:26.311 [info] > git status -z -uall [75ms]
2026-08-22 14:36:31.326 [info] > git config --get commit.template [6ms]
2026-08-22 14:36:31.334 [info] > git for-each-ref --format=%(refname)%00%(upstream:short)%00%(objectname)%00%(upstream:track)%00%(upstream:remotename)%00%(upstream:remoteref) refs/heads/master refs/remotes/master [12ms]
2026-08-22 14:36:31.334 [warning] [Git][getBranch] No such branch: master
2026-08-22 14:36:31.352 [info] > git for-each-ref --sort -committerdate --format %(refname)%00%(objectname)%00%(*objectname) [10ms]
2026-08-22 14:36:31.464 [info] > git status -z -uall [125ms]
2026-08-22 14:36:36.479 [info] > git config --get commit.template [7ms]
2026-08-22 14:36:36.487 [info] > git for-each-ref --format=%(refname)%00%(upstream:short)%00%(objectname)%00%(upstream:track)%00%(upstream:remotename)%00%(upstream:remoteref) refs/heads/master refs/remotes/master [11ms]
2026-08-22 14:36:36.487 [warning] [Git][getBranch] No such branch: master
2026-08-22 14:36:36.503 [info] > git for-each-ref --sort -committerdate --format %(refname)%00%(objectname)%00%(*objectname) [9ms]
2026-08-22 14:36:36.561 [info] > git status -z -uall [70ms]
2026-08-22 14:36:41.574 [info] > git config --get commit.template [7ms]
2026-08-22 14:36:41.582 [info] > git for-each-ref --format=%(refname)%00%(upstream:short)%00%(objectname)%00%(upstream:track)%00%(upstream:remotename)%00%(upstream:remoteref) refs/heads/master refs/remotes/master [11ms]
2026-08-22 14:36:41.582 [warning] [Git][getBranch] No such branch: master
2026-08-22 14:36:41.599 [info] > git for-each-ref --sort -committerdate --format %(refname)%00%(objectname)%00%(*objectname) [10ms]
2026-08-22 14:36:41.660 [info] > git status -z -uall [74ms]
2026-08-22 14:36:46.674 [info] > git config --get commit.template [6ms]
2026-08-22 14:36:46.682 [info] > git for-each-ref --format=%(refname)%00%(upstream:short)%00%(objectname)%00%(upstream:track)%00%(upstream:remotename)%00%(upstream:remoteref) refs/heads/master refs/remotes/master [10ms]
2026-08-22 14:36:46.682 [warning] [Git][getBranch] No such branch: master
2026-08-22 14:36:46.700 [info] > git for-each-ref --sort -committerdate --format %(refname)%00%(objectname)%00%(*objectname) [11ms]
2026-08-22 14:36:46.759 [info] > git status -z -uall [73ms]
2026-08-22 14:36:51.772 [info] > git config --get commit.template [6ms]
2026-08-22 14:36:51.780 [info] > git for-each-ref --format=%(refname)%00%(upstream:short)%00%(objectname)%00%(upstream:track)%00%(upstream:remotename)%00%(upstream:remoteref) refs/heads/master refs/remotes/master [11ms]
2026-08-22 14:36:51.780 [warning] [Git][getBranch] No such branch: master
2026-08-22 14:36:51.797 [info] > git for-each-ref --sort -committerdate --format %(refname)%00%(objectname)%00%(*objectname) [10ms]
2026-08-22 14:36:51.855 [info] > git status -z -uall [71ms]
2026-08-22 14:36:56.868 [info] > git config --get commit.template [6ms]
2026-08-22 14:36:56.875 [info] > git for-each-ref --format=%(refname)%00%(upstream:short)%00%(objectname)%00%(upstream:track)%00%(upstream:remotename)%00%(upstream:remoteref) refs/heads/master refs/remotes/master [9ms]
2026-08-22 14:36:56.875 [warning] [Git][getBranch] No such branch: master
2026-08-22 14:36:56.893 [info] > git for-each-ref --sort -committerdate --format %(refname)%00%(objectname)%00%(*objectname) [12ms]
2026-08-22 14:36:56.947 [info] > git status -z -uall [68ms]
2026-08-22 14:37:01.961 [info] > git config --get commit.template [6ms]
2026-08-22 14:37:01.970 [info] > git for-each-ref --format=%(refname)%00%(upstream:short)%00%(objectname)%00%(upstream:track)%00%(upstream:remotename)%00%(upstream:remoteref) refs/heads/master refs/remotes/master [11ms]
2026-08-22 14:37:01.970 [warning] [Git][getBranch] No such branch: master
2026-08-22 14:37:01.987 [info] > git for-each-ref --sort -committerdate --format %(refname)%00%(objectname)%00%(*objectname) [10ms]
2026-08-22 14:37:02.046 [info] > git status -z -uall [72ms]
2026-08-22 14:37:07.060 [info] > git config --get commit.template [7ms]
2026-08-22 14:37:07.068 [info] > git for-each-ref --format=%(refname)%00%(upstream:short)%00%(objectname)%00%(upstream:track)%00%(upstream:remotename)%00%(upstream:remoteref) refs/heads/master refs/remotes/master [11ms]
2026-08-22 14:37:07.068 [warning] [Git][getBranch] No such branch: master
2026-08-22 14:37:07.089 [info] > git for-each-ref --sort -committerdate --format %(refname)%00%(objectname)%00%(*objectname) [14ms]
2026-08-22 14:37:07.169 [info] > git status -z -uall [96ms]
2026-08-22 14:37:12.181 [info] > git config --get commit.template [6ms]
2026-08-22 14:37:12.190 [info] > git for-each-ref --format=%(refname)%00%(upstream:short)%00%(objectname)%00%(upstream:track)%00%(upstream:remotename)%00%(upstream:remoteref) refs/heads/master refs/remotes/master [11ms]
2026-08-22 14:37:12.190 [warning] [Git][getBranch] No such branch: master
2026-08-22 14:37:12.208 [info] > git for-each-ref --sort -committerdate --format %(refname)%00%(objectname)%00%(*objectname) [12ms]
2026-08-22 14:37:12.273 [info] > git status -z -uall [79ms]
2026-08-22 14:37:17.287 [info] > git config --get commit.template [6ms]
2026-08-22 14:37:17.295 [info] > git for-each-ref --format=%(refname)%00%(upstream:short)%00%(objectname)%00%(upstream:track)%00%(upstream:remotename)%00%(upstream:remoteref) refs/heads/master refs/remotes/master [8ms]
2026-08-22 14:37:17.296 [warning] [Git][getBranch] No such branch: master
2026-08-22 14:37:17.314 [info] > git for-each-ref --sort -committerdate --format %(refname)%00%(objectname)%00%(*objectname) [11ms]
2026-08-22 14:37:17.372 [info] > git status -z -uall [72ms]
2026-08-22 14:37:22.386 [info] > git config --get commit.template [7ms]
2026-08-22 14:37:22.395 [info] > git for-each-ref --format=%(refname)%00%(upstream:short)%00%(objectname)%00%(upstream:track)%00%(upstream:remotename)%00%(upstream:remoteref) refs/heads/master refs/remotes/master [12ms]
2026-08-22 14:37:22.395 [warning] [Git][getBranch] No such branch: master
2026-08-22 14:37:22.413 [info] > git for-each-ref --sort -committerdate --format %(refname)%00%(objectname)%00%(*objectname) [12ms]
2026-08-22 14:37:22.472 [info] > git status -z -uall [73ms]
2026-08-22 14:39:15.599 [info] > git config --get commit.template [7ms]
2026-08-22 14:39:15.607 [info] > git for-each-ref --format=%(refname)%00%(upstream:short)%00%(objectname)%00%(upstream:track)%00%(upstream:remotename)%00%(upstream:remoteref) refs/heads/master refs/remotes/master [12ms]
2026-08-22 14:39:15.607 [warning] [Git][getBranch] No such branch: master
2026-08-22 14:39:15.624 [info] > git for-each-ref --sort -committerdate --format %(refname)%00%(objectname)%00%(*objectname) [9ms]
2026-08-22 14:39:15.757 [info] > git status -z -uall [146ms]
2026-08-22 14:39:20.771 [info] > git config --get commit.template [6ms]
2026-08-22 14:39:20.777 [info] > git for-each-ref --format=%(refname)%00%(upstream:short)%00%(objectname)%00%(upstream:track)%00%(upstream:remotename)%00%(upstream:remoteref) refs/heads/master refs/remotes/master [9ms]
2026-08-22 14:39:20.777 [warning] [Git][getBranch] No such branch: master
2026-08-22 14:39:20.794 [info] > git for-each-ref --sort -committerdate --format %(refname)%00%(objectname)%00%(*objectname) [10ms]
2026-08-22 14:39:20.845 [info] > git status -z -uall [64ms]
2026-08-22 14:39:25.857 [info] > git config --get commit.template [5ms]
2026-08-22 14:39:25.866 [info] > git for-each-ref --format=%(refname)%00%(upstream:short)%00%(objectname)%00%(upstream:track)%00%(upstream:remotename)%00%(upstream:remoteref) refs/heads/master refs/remotes/master [10ms]
2026-08-22 14:39:25.866 [warning] [Git][getBranch] No such branch: master
2026-08-22 14:39:25.882 [info] > git for-each-ref --sort -committerdate --format %(refname)%00%(objectname)%00%(*objectname) [9ms]
2026-08-22 14:39:25.943 [info] > git status -z -uall [73ms]
2026-08-22 14:39:30.955 [info] > git config --get commit.template [4ms]
2026-08-22 14:39:30.962 [info] > git for-each-ref --format=%(refname)%00%(upstream:short)%00%(objectname)%00%(upstream:track)%00%(upstream:remotename)%00%(upstream:remoteref) refs/heads/master refs/remotes/master [8ms]
2026-08-22 14:39:30.962 [warning] [Git][getBranch] No such branch: master
2026-08-22 14:39:30.977 [info] > git for-each-ref --sort -committerdate --format %(refname)%00%(objectname)%00%(*objectname) [8ms]
2026-08-22 14:39:31.022 [info] > git status -z -uall [56ms]
2026-08-22 14:39:36.034 [info] > git config --get commit.template [5ms]
2026-08-22 14:39:36.042 [info] > git for-each-ref --format=%(refname)%00%(upstream:short)%00%(objectname)%00%(upstream:track)%00%(upstream:remotename)%00%(upstream:remoteref) refs/heads/master refs/remotes/master [8ms]
2026-08-22 14:39:36.043 [warning] [Git][getBranch] No such branch: master
2026-08-22 14:39:36.058 [info] > git for-each-ref --sort -committerdate --format %(refname)%00%(objectname)%00%(*objectname) [8ms]
2026-08-22 14:39:36.106 [info] > git status -z -uall [60ms]
2026-08-22 14:39:41.118 [info] > git config --get commit.template [5ms]
2026-08-22 14:39:41.126 [info] > git for-each-ref --format=%(refname)%00%(upstream:short)%00%(objectname)%00%(upstream:track)%00%(upstream:remotename)%00%(upstream:remoteref) refs/heads/master refs/remotes/master [10ms]
2026-08-22 14:39:41.126 [warning] [Git][getBranch] No such branch: master
2026-08-22 14:39:41.139 [info] > git for-each-ref --sort -committerdate --format %(refname)%00%(objectname)%00%(*objectname) [7ms]
2026-08-22 14:39:41.185 [info] > git status -z -uall [55ms]
2026-08-22 14:39:46.197 [info] > git config --get commit.template [5ms]
2026-08-22 14:39:46.204 [info] > git for-each-ref --format=%(refname)%00%(upstream:short)%00%(objectname)%00%(upstream:track)%00%(upstream:remotename)%00%(upstream:remoteref) refs/heads/master refs/remotes/master [9ms]
2026-08-22 14:39:46.204 [warning] [Git][getBranch] No such branch: master
2026-08-22 14:39:46.220 [info] > git for-each-ref --sort -committerdate --format %(refname)%00%(objectname)%00%(*objectname) [9ms]
2026-08-22 14:39:46.269 [info] > git status -z -uall [61ms]
2026-08-22 14:39:51.281 [info] > git config --get commit.template [5ms]
2026-08-22 14:39:51.292 [info] > git for-each-ref --format=%(refname)%00%(upstream:short)%00%(objectname)%00%(upstream:track)%00%(upstream:remotename)%00%(upstream:remoteref) refs/heads/master refs/remotes/master [12ms]
2026-08-22 14:39:51.292 [warning] [Git][getBranch] No such branch: master
2026-08-22 14:39:51.308 [info] > git for-each-ref --sort -committerdate --format %(refname)%00%(objectname)%00%(*objectname) [9ms]
2026-08-22 14:39:51.359 [info] > git status -z -uall [63ms]
2026-08-22 14:39:56.372 [info] > git config --get commit.template [5ms]
2026-08-22 14:39:56.379 [info] > git for-each-ref --format=%(refname)%00%(upstream:short)%00%(objectname)%00%(upstream:track)%00%(upstream:remotename)%00%(upstream:remoteref) refs/heads/master refs/remotes/master [9ms]
2026-08-22 14:39:56.379 [warning] [Git][getBranch] No such branch: master
2026-08-22 14:39:56.397 [info] > git for-each-ref --sort -committerdate --format %(refname)%00%(objectname)%00%(*objectname) [11ms]
2026-08-22 14:39:56.449 [info] > git status -z -uall [66ms]
2026-08-22 14:40:01.460 [info] > git config --get commit.template [5ms]
2026-08-22 14:40:01.468 [info] > git for-each-ref --format=%(refname)%00%(upstream:short)%00%(objectname)%00%(upstream:track)%00%(upstream:remotename)%00%(upstream:remoteref) refs/heads/master refs/remotes/master [10ms]
2026-08-22 14:40:01.468 [warning] [Git][getBranch] No such branch: master
2026-08-22 14:40:01.487 [info] > git for-each-ref --sort -committerdate --format %(refname)%00%(objectname)%00%(*objectname) [10ms]
2026-08-22 14:40:01.534 [info] > git status -z -uall [61ms]
2026-08-22 14:40:15.532 [info] > git config --get commit.template [8ms]
2026-08-22 14:40:15.542 [info] > git for-each-ref --format=%(refname)%00%(upstream:short)%00%(objectname)%00%(upstream:track)%00%(upstream:remotename)%00%(upstream:remoteref) refs/heads/master refs/remotes/master [14ms]
2026-08-22 14:40:15.542 [warning] [Git][getBranch] No such branch: master
2026-08-22 14:40:15.562 [info] > git for-each-ref --sort -committerdate --format %(refname)%00%(objectname)%00%(*objectname) [13ms]
2026-08-22 14:40:15.634 [info] > git status -z -uall [88ms]
2026-08-22 14:40:37.533 [info] > git config --get commit.template [5ms]
2026-08-22 14:40:37.542 [info] > git for-each-ref --format=%(refname)%00%(upstream:short)%00%(objectname)%00%(upstream:track)%00%(upstream:remotename)%00%(upstream:remoteref) refs/heads/master refs/remotes/master [10ms]
2026-08-22 14:40:37.542 [warning] [Git][getBranch] No such branch: master
2026-08-22 14:40:37.556 [info] > git for-each-ref --sort -committerdate --format %(refname)%00%(objectname)%00%(*objectname) [7ms]
2026-08-22 14:40:37.662 [info] > git status -z -uall [116ms]
2026-08-22 14:40:42.673 [info] > git config --get commit.template [5ms]
2026-08-22 14:40:42.680 [info] > git for-each-ref --format=%(refname)%00%(upstream:short)%00%(objectname)%00%(upstream:track)%00%(upstream:remotename)%00%(upstream:remoteref) refs/heads/master refs/remotes/master [8ms]
2026-08-22 14:40:42.681 [warning] [Git][getBranch] No such branch: master
2026-08-22 14:40:42.696 [info] > git for-each-ref --sort -committerdate --format %(refname)%00%(objectname)%00%(*objectname) [8ms]
2026-08-22 14:40:42.740 [info] > git status -z -uall [55ms]
2026-08-22 14:40:47.753 [info] > git config --get commit.template [5ms]
2026-08-22 14:40:47.761 [info] > git for-each-ref --format=%(refname)%00%(upstream:short)%00%(objectname)%00%(upstream:track)%00%(upstream:remotename)%00%(upstream:remoteref) refs/heads/master refs/remotes/master [9ms]
2026-08-22 14:40:47.761 [warning] [Git][getBranch] No such branch: master
2026-08-22 14:40:47.776 [info] > git for-each-ref --sort -committerdate --format %(refname)%00%(objectname)%00%(*objectname) [8ms]
2026-08-22 14:40:47.823 [info] > git status -z -uall [58ms]
2026-08-22 14:40:52.836 [info] > git config --get commit.template [5ms]
2026-08-22 14:40:52.843 [info] > git for-each-ref --format=%(refname)%00%(upstream:short)%00%(objectname)%00%(upstream:track)%00%(upstream:remotename)%00%(upstream:remoteref) refs/heads/master refs/remotes/master [8ms]
2026-08-22 14:40:52.843 [warning] [Git][getBranch] No such branch: master
2026-08-22 14:40:52.859 [info] > git for-each-ref --sort -committerdate --format %(refname)%00%(objectname)%00%(*objectname) [9ms]
2026-08-22 14:40:52.901 [info] > git status -z -uall [54ms]
2026-08-22 14:40:57.914 [info] > git config --get commit.template [6ms]
2026-08-22 14:40:57.924 [info] > git for-each-ref --format=%(refname)%00%(upstream:short)%00%(objectname)%00%(upstream:track)%00%(upstream:remotename)%00%(upstream:remoteref) refs/heads/master refs/remotes/master [11ms]
2026-08-22 14:40:57.924 [warning] [Git][getBranch] No such branch: master
2026-08-22 14:40:57.942 [info] > git for-each-ref --sort -committerdate --format %(refname)%00%(objectname)%00%(*objectname) [11ms]
2026-08-22 14:40:58.003 [info] > git status -z -uall [75ms]
2026-08-22 14:41:03.014 [info] > git config --get commit.template [4ms]
2026-08-22 14:41:03.022 [info] > git for-each-ref --format=%(refname)%00%(upstream:short)%00%(objectname)%00%(upstream:track)%00%(upstream:remotename)%00%(upstream:remoteref) refs/heads/master refs/remotes/master [9ms]
2026-08-22 14:41:03.022 [warning] [Git][getBranch] No such branch: master
2026-08-22 14:41:03.038 [info] > git for-each-ref --sort -committerdate --format %(refname)%00%(objectname)%00%(*objectname) [9ms]
2026-08-22 14:41:03.083 [info] > git status -z -uall [56ms]
2026-08-22 14:41:08.093 [info] > git config --get commit.template [4ms]
2026-08-22 14:41:08.100 [info] > git for-each-ref --format=%(refname)%00%(upstream:short)%00%(objectname)%00%(upstream:track)%00%(upstream:remotename)%00%(upstream:remoteref) refs/heads/master refs/remotes/master [8ms]
2026-08-22 14:41:08.101 [warning] [Git][getBranch] No such branch: master
2026-08-22 14:41:08.115 [info] > git for-each-ref --sort -committerdate --format %(refname)%00%(objectname)%00%(*objectname) [8ms]
2026-08-22 14:41:08.160 [info] > git status -z -uall [56ms]
2026-08-22 14:41:13.173 [info] > git config --get commit.template [5ms]
2026-08-22 14:41:13.180 [info] > git for-each-ref --format=%(refname)%00%(upstream:short)%00%(objectname)%00%(upstream:track)%00%(upstream:remotename)%00%(upstream:remoteref) refs/heads/master refs/remotes/master [9ms]
2026-08-22 14:41:13.180 [warning] [Git][getBranch] No such branch: master
2026-08-22 14:41:13.196 [info] > git for-each-ref --sort -committerdate --format %(refname)%00%(objectname)%00%(*objectname) [9ms]
2026-08-22 14:41:13.243 [info] > git status -z -uall [59ms]
2026-08-22 14:41:28.552 [info] > git config --get commit.template [5ms]
2026-08-22 14:41:28.561 [info] > git for-each-ref --format=%(refname)%00%(upstream:short)%00%(objectname)%00%(upstream:track)%00%(upstream:remotename)%00%(upstream:remoteref) refs/heads/master refs/remotes/master [9ms]
2026-08-22 14:41:28.561 [warning] [Git][getBranch] No such branch: master
2026-08-22 14:41:28.573 [info] > git for-each-ref --sort -committerdate --format %(refname)%00%(objectname)%00%(*objectname) [7ms]
2026-08-22 14:41:28.620 [info] > git status -z -uall [57ms]
2026-08-22 14:41:33.634 [info] > git config --get commit.template [6ms]
2026-08-22 14:41:33.642 [info] > git for-each-ref --format=%(refname)%00%(upstream:short)%00%(objectname)%00%(upstream:track)%00%(upstream:remotename)%00%(upstream:remoteref) refs/heads/master refs/remotes/master [10ms]
2026-08-22 14:41:33.642 [warning] [Git][getBranch] No such branch: master
2026-08-22 14:41:33.666 [info] > git for-each-ref --sort -committerdate --format %(refname)%00%(objectname)%00%(*objectname) [8ms]
2026-08-22 14:41:33.711 [info] > git status -z -uall [56ms]
2026-08-22 14:41:38.724 [info] > git config --get commit.template [6ms]
2026-08-22 14:41:38.731 [info] > git for-each-ref --format=%(refname)%00%(upstream:short)%00%(objectname)%00%(upstream:track)%00%(upstream:remotename)%00%(upstream:remoteref) refs/heads/master refs/remotes/master [9ms]
2026-08-22 14:41:38.731 [warning] [Git][getBranch] No such branch: master
2026-08-22 14:41:38.748 [info] > git for-each-ref --sort -committerdate --format %(refname)%00%(objectname)%00%(*objectname) [9ms]
2026-08-22 14:41:38.842 [info] > git status -z -uall [107ms]
2026-08-22 14:41:46.558 [info] > git config --get commit.template [9ms]
2026-08-22 14:41:46.580 [info] > git for-each-ref --format=%(refname)%00%(upstream:short)%00%(objectname)%00%(upstream:track)%00%(upstream:remotename)%00%(upstream:remoteref) refs/heads/master refs/remotes/master [17ms]
2026-08-22 14:41:46.580 [warning] [Git][getBranch] No such branch: master
2026-08-22 14:41:46.606 [info] > git for-each-ref --sort -committerdate --format %(refname)%00%(objectname)%00%(*objectname) [11ms]
2026-08-22 14:41:46.653 [info] > git status -z -uall [61ms]
2026-08-22 14:42:09.558 [info] > git config --get commit.template [5ms]
2026-08-22 14:42:09.566 [info] > git for-each-ref --format=%(refname)%00%(upstream:short)%00%(objectname)%00%(upstream:track)%00%(upstream:remotename)%00%(upstream:remoteref) refs/heads/master refs/remotes/master [9ms]
2026-08-22 14:42:09.566 [warning] [Git][getBranch] No such branch: master
2026-08-22 14:42:09.590 [info] > git for-each-ref --sort -committerdate --format %(refname)%00%(objectname)%00%(*objectname) [9ms]
2026-08-22 14:42:09.638 [info] > git status -z -uall [61ms]
2026-08-22 14:42:14.652 [info] > git config --get commit.template [6ms]
2026-08-22 14:42:14.660 [info] > git for-each-ref --format=%(refname)%00%(upstream:short)%00%(objectname)%00%(upstream:track)%00%(upstream:remotename)%00%(upstream:remoteref) refs/heads/master refs/remotes/master [10ms]
2026-08-22 14:42:14.660 [warning] [Git][getBranch] No such branch: master
2026-08-22 14:42:14.679 [info] > git for-each-ref --sort -committerdate --format %(refname)%00%(objectname)%00%(*objectname) [11ms]
2026-08-22 14:42:14.729 [info] > git status -z -uall [64ms]
2026-08-22 14:42:19.742 [info] > git config --get commit.template [7ms]
2026-08-22 14:42:19.754 [info] > git for-each-ref --format=%(refname)%00%(upstream:short)%00%(objectname)%00%(upstream:track)%00%(upstream:remotename)%00%(upstream:remoteref) refs/heads/master refs/remotes/master [15ms]
2026-08-22 14:42:19.755 [warning] [Git][getBranch] No such branch: master
2026-08-22 14:42:19.773 [info] > git for-each-ref --sort -committerdate --format %(refname)%00%(objectname)%00%(*objectname) [12ms]
2026-08-22 14:42:19.833 [info] > git status -z -uall [75ms]
2026-08-22 14:42:24.845 [info] > git config --get commit.template [5ms]
2026-08-22 14:42:24.855 [info] > git for-each-ref --format=%(refname)%00%(upstream:short)%00%(objectname)%00%(upstream:track)%00%(upstream:remotename)%00%(upstream:remoteref) refs/heads/master refs/remotes/master [11ms]
2026-08-22 14:42:24.855 [warning] [Git][getBranch] No such branch: master
2026-08-22 14:42:24.878 [info] > git for-each-ref --sort -committerdate --format %(refname)%00%(objectname)%00%(*objectname) [7ms]
2026-08-22 14:42:24.924 [info] > git status -z -uall [56ms]
2026-08-22 14:42:29.936 [info] > git config --get commit.template [5ms]
2026-08-22 14:42:29.943 [info] > git for-each-ref --format=%(refname)%00%(upstream:short)%00%(objectname)%00%(upstream:track)%00%(upstream:remotename)%00%(upstream:remoteref) refs/heads/master refs/remotes/master [9ms]
2026-08-22 14:42:29.943 [warning] [Git][getBranch] No such branch: master
2026-08-22 14:42:29.958 [info] > git for-each-ref --sort -committerdate --format %(refname)%00%(objectname)%00%(*objectname) [8ms]
2026-08-22 14:42:30.005 [info] > git status -z -uall [58ms]
2026-08-22 14:42:35.018 [info] > git config --get commit.template [6ms]
2026-08-22 14:42:35.026 [info] > git for-each-ref --format=%(refname)%00%(upstream:short)%00%(objectname)%00%(upstream:track)%00%(upstream:remotename)%00%(upstream:remoteref) refs/heads/master refs/remotes/master [9ms]
2026-08-22 14:42:35.026 [warning] [Git][getBranch] No such branch: master
2026-08-22 14:42:35.043 [info] > git for-each-ref --sort -committerdate --format %(refname)%00%(objectname)%00%(*objectname) [9ms]
2026-08-22 14:42:35.097 [info] > git status -z -uall [66ms]
2026-08-22 14:42:40.108 [info] > git config --get commit.template [4ms]
2026-08-22 14:42:40.116 [info] > git for-each-ref --format=%(refname)%00%(upstream:short)%00%(objectname)%00%(upstream:track)%00%(upstream:remotename)%00%(upstream:remoteref) refs/heads/master refs/remotes/master [9ms]
2026-08-22 14:42:40.116 [warning] [Git][getBranch] No such branch: master
2026-08-22 14:42:40.131 [info] > git for-each-ref --sort -committerdate --format %(refname)%00%(objectname)%00%(*objectname) [9ms]
2026-08-22 14:42:40.219 [info] > git status -z -uall [100ms]
2026-08-22 14:42:45.231 [info] > git config --get commit.template [5ms]
2026-08-22 14:42:45.238 [info] > git for-each-ref --format=%(refname)%00%(upstream:short)%00%(objectname)%00%(upstream:track)%00%(upstream:remotename)%00%(upstream:remoteref) refs/heads/master refs/remotes/master [8ms]
2026-08-22 14:42:45.238 [warning] [Git][getBranch] No such branch: master
2026-08-22 14:42:45.255 [info] > git for-each-ref --sort -committerdate --format %(refname)%00%(objectname)%00%(*objectname) [10ms]
2026-08-22 14:42:45.299 [info] > git status -z -uall [57ms]
2026-08-22 14:42:50.313 [info] > git config --get commit.template [5ms]
2026-08-22 14:42:50.321 [info] > git for-each-ref --format=%(refname)%00%(upstream:short)%00%(objectname)%00%(upstream:track)%00%(upstream:remotename)%00%(upstream:remoteref) refs/heads/master refs/remotes/master [10ms]
2026-08-22 14:42:50.321 [warning] [Git][getBranch] No such branch: master
2026-08-22 14:42:50.335 [info] > git for-each-ref --sort -committerdate --format %(refname)%00%(objectname)%00%(*objectname) [7ms]
2026-08-22 14:42:50.379 [info] > git status -z -uall [54ms]
2026-08-22 14:42:55.393 [info] > git config --get commit.template [6ms]
2026-08-22 14:42:55.402 [info] > git for-each-ref --format=%(refname)%00%(upstream:short)%00%(objectname)%00%(upstream:track)%00%(upstream:remotename)%00%(upstream:remoteref) refs/heads/master refs/remotes/master [12ms]
2026-08-22 14:42:55.402 [warning] [Git][getBranch] No such branch: master
2026-08-22 14:42:55.417 [info] > git for-each-ref --sort -committerdate --format %(refname)%00%(objectname)%00%(*objectname) [8ms]
2026-08-22 14:42:55.467 [info] > git status -z -uall [61ms]
2026-08-22 14:43:00.478 [info] > git config --get commit.template [4ms]
2026-08-22 14:43:00.486 [info] > git for-each-ref --format=%(refname)%00%(upstream:short)%00%(objectname)%00%(upstream:track)%00%(upstream:remotename)%00%(upstream:remoteref) refs/heads/master refs/remotes/master [9ms]
2026-08-22 14:43:00.486 [warning] [Git][getBranch] No such branch: master
2026-08-22 14:43:00.502 [info] > git for-each-ref --sort -committerdate --format %(refname)%00%(objectname)%00%(*objectname) [9ms]
2026-08-22 14:43:00.546 [info] > git status -z -uall [56ms]
2026-08-22 14:43:05.558 [info] > git config --get commit.template [5ms]
2026-08-22 14:43:05.565 [info] > git for-each-ref --format=%(refname)%00%(upstream:short)%00%(objectname)%00%(upstream:track)%00%(upstream:remotename)%00%(upstream:remoteref) refs/heads/master refs/remotes/master [9ms]
2026-08-22 14:43:05.565 [warning] [Git][getBranch] No such branch: master
2026-08-22 14:43:05.580 [info] > git for-each-ref --sort -committerdate --format %(refname)%00%(objectname)%00%(*objectname) [8ms]
2026-08-22 14:43:05.625 [info] > git status -z -uall [56ms]
2026-08-22 14:43:10.637 [info] > git config --get commit.template [5ms]
2026-08-22 14:43:10.646 [info] > git for-each-ref --format=%(refname)%00%(upstream:short)%00%(objectname)%00%(upstream:track)%00%(upstream:remotename)%00%(upstream:remoteref) refs/heads/master refs/remotes/master [10ms]
2026-08-22 14:43:10.646 [warning] [Git][getBranch] No such branch: master
2026-08-22 14:43:10.663 [info] > git for-each-ref --sort -committerdate --format %(refname)%00%(objectname)%00%(*objectname) [10ms]
2026-08-22 14:43:10.710 [info] > git status -z -uall [60ms]
2026-08-22 14:43:15.722 [info] > git config --get commit.template [5ms]
2026-08-22 14:43:15.730 [info] > git for-each-ref --format=%(refname)%00%(upstream:short)%00%(objectname)%00%(upstream:track)%00%(upstream:remotename)%00%(upstream:remoteref) refs/heads/master refs/remotes/master [10ms]
2026-08-22 14:43:15.730 [warning] [Git][getBranch] No such branch: master
2026-08-22 14:43:15.746 [info] > git for-each-ref --sort -committerdate --format %(refname)%00%(objectname)%00%(*objectname) [10ms]
2026-08-22 14:43:15.792 [info] > git status -z -uall [58ms]
2026-08-22 14:43:20.803 [info] > git config --get commit.template [4ms]
2026-08-22 14:43:20.811 [info] > git for-each-ref --format=%(refname)%00%(upstream:short)%00%(objectname)%00%(upstream:track)%00%(upstream:remotename)%00%(upstream:remoteref) refs/heads/master refs/remotes/master [9ms]
2026-08-22 14:43:20.811 [warning] [Git][getBranch] No such branch: master
2026-08-22 14:43:20.828 [info] > git for-each-ref --sort -committerdate --format %(refname)%00%(objectname)%00%(*objectname) [10ms]
2026-08-22 14:43:20.874 [info] > git status -z -uall [59ms]
2026-08-22 14:43:25.886 [info] > git config --get commit.template [5ms]
2026-08-22 14:43:25.895 [info] > git for-each-ref --format=%(refname)%00%(upstream:short)%00%(objectname)%00%(upstream:track)%00%(upstream:remotename)%00%(upstream:remoteref) refs/heads/master refs/remotes/master [11ms]
2026-08-22 14:43:25.895 [warning] [Git][getBranch] No such branch: master
2026-08-22 14:43:25.910 [info] > git for-each-ref --sort -committerdate --format %(refname)%00%(objectname)%00%(*objectname) [9ms]
2026-08-22 14:43:25.955 [info] > git status -z -uall [56ms]
2026-08-22 14:43:30.967 [info] > git config --get commit.template [5ms]
2026-08-22 14:43:30.974 [info] > git for-each-ref --format=%(refname)%00%(upstream:short)%00%(objectname)%00%(upstream:track)%00%(upstream:remotename)%00%(upstream:remoteref) refs/heads/master refs/remotes/master [8ms]
2026-08-22 14:43:30.975 [warning] [Git][getBranch] No such branch: master
2026-08-22 14:43:30.990 [info] > git for-each-ref --sort -committerdate --format %(refname)%00%(objectname)%00%(*objectname) [8ms]
2026-08-22 14:43:31.046 [info] > git status -z -uall [68ms]
2026-08-22 14:43:36.057 [info] > git config --get commit.template [5ms]
2026-08-22 14:43:36.067 [info] > git for-each-ref --format=%(refname)%00%(upstream:short)%00%(objectname)%00%(upstream:track)%00%(upstream:remotename)%00%(upstream:remoteref) refs/heads/master refs/remotes/master [11ms]
2026-08-22 14:43:36.067 [warning] [Git][getBranch] No such branch: master
2026-08-22 14:43:36.083 [info] > git for-each-ref --sort -committerdate --format %(refname)%00%(objectname)%00%(*objectname) [8ms]
2026-08-22 14:43:36.138 [info] > git status -z -uall [67ms]
2026-08-22 14:43:52.578 [info] > git config --get commit.template [6ms]
2026-08-22 14:43:52.588 [info] > git for-each-ref --format=%(refname)%00%(upstream:short)%00%(objectname)%00%(upstream:track)%00%(upstream:remotename)%00%(upstream:remoteref) refs/heads/master refs/remotes/master [11ms]
2026-08-22 14:43:52.588 [warning] [Git][getBranch] No such branch: master
2026-08-22 14:43:52.604 [info] > git for-each-ref --sort -committerdate --format %(refname)%00%(objectname)%00%(*objectname) [9ms]
2026-08-22 14:43:52.700 [info] > git status -z -uall [108ms]
2026-08-22 14:43:57.714 [info] > git config --get commit.template [5ms]
2026-08-22 14:43:57.723 [info] > git for-each-ref --format=%(refname)%00%(upstream:short)%00%(objectname)%00%(upstream:track)%00%(upstream:remotename)%00%(upstream:remoteref) refs/heads/master refs/remotes/master [9ms]
2026-08-22 14:43:57.723 [warning] [Git][getBranch] No such branch: master
2026-08-22 14:43:57.738 [info] > git for-each-ref --sort -committerdate --format %(refname)%00%(objectname)%00%(*objectname) [7ms]
2026-08-22 14:43:57.792 [info] > git status -z -uall [65ms]
2026-08-22 14:44:02.804 [info] > git config --get commit.template [6ms]
2026-08-22 14:44:02.814 [info] > git for-each-ref --format=%(refname)%00%(upstream:short)%00%(objectname)%00%(upstream:track)%00%(upstream:remotename)%00%(upstream:remoteref) refs/heads/master refs/remotes/master [12ms]
2026-08-22 14:44:02.815 [warning] [Git][getBranch] No such branch: master
2026-08-22 14:44:02.832 [info] > git for-each-ref --sort -committerdate --format %(refname)%00%(objectname)%00%(*objectname) [11ms]
2026-08-22 14:44:02.890 [info] > git status -z -uall [72ms]
2026-08-22 14:44:18.579 [info] > git config --get commit.template [5ms]
2026-08-22 14:44:18.588 [info] > git for-each-ref --format=%(refname)%00%(upstream:short)%00%(objectname)%00%(upstream:track)%00%(upstream:remotename)%00%(upstream:remoteref) refs/heads/master refs/remotes/master [10ms]
2026-08-22 14:44:18.588 [warning] [Git][getBranch] No such branch: master
2026-08-22 14:44:18.606 [info] > git for-each-ref --sort -committerdate --format %(refname)%00%(objectname)%00%(*objectname) [11ms]
2026-08-22 14:44:18.655 [info] > git status -z -uall [63ms]
2026-08-22 14:44:42.864 [info] > git config --get commit.template [4ms]
2026-08-22 14:44:42.873 [info] > git for-each-ref --format=%(refname)%00%(upstream:short)%00%(objectname)%00%(upstream:track)%00%(upstream:remotename)%00%(upstream:remoteref) refs/heads/master refs/remotes/master [11ms]
2026-08-22 14:44:42.873 [warning] [Git][getBranch] No such branch: master
2026-08-22 14:44:42.890 [info] > git for-each-ref --sort -committerdate --format %(refname)%00%(objectname)%00%(*objectname) [10ms]
2026-08-22 14:44:42.939 [info] > git status -z -uall [62ms]
2026-08-22 14:44:47.951 [info] > git config --get commit.template [5ms]
2026-08-22 14:44:47.960 [info] > git for-each-ref --format=%(refname)%00%(upstream:short)%00%(objectname)%00%(upstream:track)%00%(upstream:remotename)%00%(upstream:remoteref) refs/heads/master refs/remotes/master [11ms]
2026-08-22 14:44:47.960 [warning] [Git][getBranch] No such branch: master
2026-08-22 14:44:47.975 [info] > git for-each-ref --sort -committerdate --format %(refname)%00%(objectname)%00%(*objectname) [8ms]
2026-08-22 14:44:48.026 [info] > git status -z -uall [62ms]
2026-08-22 14:44:57.590 [info] > git config --get commit.template [5ms]
2026-08-22 14:44:57.607 [info] > git for-each-ref --format=%(refname)%00%(upstream:short)%00%(objectname)%00%(upstream:track)%00%(upstream:remotename)%00%(upstream:remoteref) refs/heads/master refs/remotes/master [18ms]
2026-08-22 14:44:57.607 [warning] [Git][getBranch] No such branch: master
2026-08-22 14:44:57.621 [info] > git for-each-ref --sort -committerdate --format %(refname)%00%(objectname)%00%(*objectname) [8ms]
2026-08-22 14:44:57.714 [info] > git status -z -uall [103ms]
2026-08-22 14:45:02.729 [info] > git config --get commit.template [7ms]
2026-08-22 14:45:02.738 [info] > git for-each-ref --format=%(refname)%00%(upstream:short)%00%(objectname)%00%(upstream:track)%00%(upstream:remotename)%00%(upstream:remoteref) refs/heads/master refs/remotes/master [12ms]
2026-08-22 14:45:02.738 [warning] [Git][getBranch] No such branch: master
2026-08-22 14:45:02.757 [info] > git for-each-ref --sort -committerdate --format %(refname)%00%(objectname)%00%(*objectname) [9ms]
2026-08-22 14:45:02.810 [info] > git status -z -uall [66ms]
2026-08-22 14:45:07.823 [info] > git config --get commit.template [5ms]
2026-08-22 14:45:07.834 [info] > git for-each-ref --format=%(refname)%00%(upstream:short)%00%(objectname)%00%(upstream:track)%00%(upstream:remotename)%00%(upstream:remoteref) refs/heads/master refs/remotes/master [12ms]
2026-08-22 14:45:07.834 [warning] [Git][getBranch] No such branch: master
2026-08-22 14:45:07.859 [info] > git for-each-ref --sort -committerdate --format %(refname)%00%(objectname)%00%(*objectname) [9ms]
2026-08-22 14:45:07.913 [info] > git status -z -uall [67ms]
2026-08-22 14:45:12.924 [info] > git config --get commit.template [5ms]
2026-08-22 14:45:12.934 [info] > git for-each-ref --format=%(refname)%00%(upstream:short)%00%(objectname)%00%(upstream:track)%00%(upstream:remotename)%00%(upstream:remoteref) refs/heads/master refs/remotes/master [11ms]
2026-08-22 14:45:12.934 [warning] [Git][getBranch] No such branch: master
2026-08-22 14:45:12.949 [info] > git for-each-ref --sort -committerdate --format %(refname)%00%(objectname)%00%(*objectname) [9ms]
2026-08-22 14:45:12.995 [info] > git status -z -uall [57ms]
2026-08-22 14:45:18.006 [info] > git config --get commit.template [5ms]
2026-08-22 14:45:18.015 [info] > git for-each-ref --format=%(refname)%00%(upstream:short)%00%(objectname)%00%(upstream:track)%00%(upstream:remotename)%00%(upstream:remoteref) refs/heads/master refs/remotes/master [10ms]
2026-08-22 14:45:18.015 [warning] [Git][getBranch] No such branch: master
2026-08-22 14:45:18.033 [info] > git for-each-ref --sort -committerdate --format %(refname)%00%(objectname)%00%(*objectname) [10ms]
2026-08-22 14:45:18.081 [info] > git status -z -uall [61ms]
2026-08-22 14:45:23.095 [info] > git config --get commit.template [6ms]
2026-08-22 14:45:23.104 [info] > git for-each-ref --format=%(refname)%00%(upstream:short)%00%(objectname)%00%(upstream:track)%00%(upstream:remotename)%00%(upstream:remoteref) refs/heads/master refs/remotes/master [10ms]
2026-08-22 14:45:23.104 [warning] [Git][getBranch] No such branch: master
2026-08-22 14:45:23.120 [info] > git for-each-ref --sort -committerdate --format %(refname)%00%(objectname)%00%(*objectname) [8ms]
2026-08-22 14:45:23.172 [info] > git status -z -uall [64ms]
2026-08-22 14:45:28.184 [info] > git config --get commit.template [5ms]
2026-08-22 14:45:28.194 [info] > git for-each-ref --format=%(refname)%00%(upstream:short)%00%(objectname)%00%(upstream:track)%00%(upstream:remotename)%00%(upstream:remoteref) refs/heads/master refs/remotes/master [11ms]
2026-08-22 14:45:28.194 [warning] [Git][getBranch] No such branch: master
2026-08-22 14:45:28.210 [info] > git for-each-ref --sort -committerdate --format %(refname)%00%(objectname)%00%(*objectname) [9ms]
2026-08-22 14:45:28.263 [info] > git status -z -uall [65ms]
2026-08-22 14:45:33.277 [info] > git config --get commit.template [7ms]
2026-08-22 14:45:33.287 [info] > git for-each-ref --format=%(refname)%00%(upstream:short)%00%(objectname)%00%(upstream:track)%00%(upstream:remotename)%00%(upstream:remoteref) refs/heads/master refs/remotes/master [13ms]
2026-08-22 14:45:33.287 [warning] [Git][getBranch] No such branch: master
2026-08-22 14:45:33.306 [info] > git for-each-ref --sort -committerdate --format %(refname)%00%(objectname)%00%(*objectname) [10ms]
2026-08-22 14:45:33.363 [info] > git status -z -uall [71ms]
2026-08-22 14:45:38.375 [info] > git config --get commit.template [5ms]
2026-08-22 14:45:38.384 [info] > git for-each-ref --format=%(refname)%00%(upstream:short)%00%(objectname)%00%(upstream:track)%00%(upstream:remotename)%00%(upstream:remoteref) refs/heads/master refs/remotes/master [11ms]
2026-08-22 14:45:38.384 [warning] [Git][getBranch] No such branch: master
2026-08-22 14:45:38.399 [info] > git for-each-ref --sort -committerdate --format %(refname)%00%(objectname)%00%(*objectname) [8ms]
2026-08-22 14:45:38.446 [info] > git status -z -uall [58ms]
2026-08-22 14:45:43.457 [info] > git config --get commit.template [5ms]
2026-08-22 14:45:43.466 [info] > git for-each-ref --format=%(refname)%00%(upstream:short)%00%(objectname)%00%(upstream:track)%00%(upstream:remotename)%00%(upstream:remoteref) refs/heads/master refs/remotes/master [10ms]
2026-08-22 14:45:43.466 [warning] [Git][getBranch] No such branch: master
2026-08-22 14:45:43.481 [info] > git for-each-ref --sort -committerdate --format %(refname)%00%(objectname)%00%(*objectname) [8ms]
2026-08-22 14:45:43.529 [info] > git status -z -uall [59ms]
2026-08-22 14:45:48.541 [info] > git config --get commit.template [5ms]
2026-08-22 14:45:48.551 [info] > git for-each-ref --format=%(refname)%00%(upstream:short)%00%(objectname)%00%(upstream:track)%00%(upstream:remotename)%00%(upstream:remoteref) refs/heads/master refs/remotes/master [11ms]
2026-08-22 14:45:48.551 [warning] [Git][getBranch] No such branch: master
2026-08-22 14:45:48.566 [info] > git for-each-ref --sort -committerdate --format %(refname)%00%(objectname)%00%(*objectname) [8ms]
2026-08-22 14:45:48.612 [info] > git status -z -uall [57ms]
2026-08-22 14:45:53.624 [info] > git config --get commit.template [5ms]
2026-08-22 14:45:53.633 [info] > git for-each-ref --format=%(refname)%00%(upstream:short)%00%(objectname)%00%(upstream:track)%00%(upstream:remotename)%00%(upstream:remoteref) refs/heads/master refs/remotes/master [11ms]
2026-08-22 14:45:53.633 [warning] [Git][getBranch] No such branch: master
2026-08-22 14:45:53.651 [info] > git for-each-ref --sort -committerdate --format %(refname)%00%(objectname)%00%(*objectname) [11ms]
2026-08-22 14:45:53.700 [info] > git status -z -uall [63ms]
2026-08-22 14:45:58.712 [info] > git config --get commit.template [5ms]
2026-08-22 14:45:58.722 [info] > git for-each-ref --format=%(refname)%00%(upstream:short)%00%(objectname)%00%(upstream:track)%00%(upstream:remotename)%00%(upstream:remoteref) refs/heads/master refs/remotes/master [11ms]
2026-08-22 14:45:58.722 [warning] [Git][getBranch] No such branch: master
2026-08-22 14:45:58.737 [info] > git for-each-ref --sort -committerdate --format %(refname)%00%(objectname)%00%(*objectname) [9ms]
2026-08-22 14:45:58.829 [info] > git status -z -uall [103ms]
2026-08-22 14:46:03.843 [info] > git config --get commit.template [7ms]
2026-08-22 14:46:03.853 [info] > git for-each-ref --format=%(refname)%00%(upstream:short)%00%(objectname)%00%(upstream:track)%00%(upstream:remotename)%00%(upstream:remoteref) refs/heads/master refs/remotes/master [12ms]
2026-08-22 14:46:03.853 [warning] [Git][getBranch] No such branch: master
2026-08-22 14:46:03.869 [info] > git for-each-ref --sort -committerdate --format %(refname)%00%(objectname)%00%(*objectname) [9ms]
2026-08-22 14:46:03.922 [info] > git status -z -uall [65ms]
2026-08-22 14:46:08.933 [info] > git config --get commit.template [5ms]
2026-08-22 14:46:08.943 [info] > git for-each-ref --format=%(refname)%00%(upstream:short)%00%(objectname)%00%(upstream:track)%00%(upstream:remotename)%00%(upstream:remoteref) refs/heads/master refs/remotes/master [11ms]
2026-08-22 14:46:08.943 [warning] [Git][getBranch] No such branch: master
2026-08-22 14:46:08.957 [info] > git for-each-ref --sort -committerdate --format %(refname)%00%(objectname)%00%(*objectname) [7ms]
2026-08-22 14:46:09.003 [info] > git status -z -uall [56ms]
2026-08-22 14:46:14.014 [info] > git config --get commit.template [5ms]
2026-08-22 14:46:14.030 [info] > git for-each-ref --format=%(refname)%00%(upstream:short)%00%(objectname)%00%(upstream:track)%00%(upstream:remotename)%00%(upstream:remoteref) refs/heads/master refs/remotes/master [17ms]
2026-08-22 14:46:14.030 [warning] [Git][getBranch] No such branch: master
2026-08-22 14:46:14.049 [info] > git for-each-ref --sort -committerdate --format %(refname)%00%(objectname)%00%(*objectname) [12ms]
2026-08-22 14:46:14.098 [info] > git status -z -uall [64ms]
2026-08-22 14:46:19.110 [info] > git config --get commit.template [5ms]
2026-08-22 14:46:19.119 [info] > git for-each-ref --format=%(refname)%00%(upstream:short)%00%(objectname)%00%(upstream:track)%00%(upstream:remotename)%00%(upstream:remoteref) refs/heads/master refs/remotes/master [11ms]
2026-08-22 14:46:19.119 [warning] [Git][getBranch] No such branch: master
2026-08-22 14:46:19.135 [info] > git for-each-ref --sort -committerdate --format %(refname)%00%(objectname)%00%(*objectname) [9ms]
2026-08-22 14:46:19.185 [info] > git status -z -uall [62ms]
2026-08-22 14:46:24.196 [info] > git config --get commit.template [4ms]
2026-08-22 14:46:24.205 [info] > git for-each-ref --format=%(refname)%00%(upstream:short)%00%(objectname)%00%(upstream:track)%00%(upstream:remotename)%00%(upstream:remoteref) refs/heads/master refs/remotes/master [10ms]
2026-08-22 14:46:24.206 [warning] [Git][getBranch] No such branch: master
2026-08-22 14:46:24.220 [info] > git for-each-ref --sort -committerdate --format %(refname)%00%(objectname)%00%(*objectname) [8ms]
2026-08-22 14:46:24.270 [info] > git status -z -uall [61ms]
2026-08-22 14:46:29.282 [info] > git config --get commit.template [5ms]
2026-08-22 14:46:29.291 [info] > git for-each-ref --format=%(refname)%00%(upstream:short)%00%(objectname)%00%(upstream:track)%00%(upstream:remotename)%00%(upstream:remoteref) refs/heads/master refs/remotes/master [11ms]
2026-08-22 14:46:29.291 [warning] [Git][getBranch] No such branch: master
2026-08-22 14:46:29.307 [info] > git for-each-ref --sort -committerdate --format %(refname)%00%(objectname)%00%(*objectname) [9ms]
2026-08-22 14:46:29.354 [info] > git status -z -uall [58ms]
2026-08-22 14:46:38.605 [info] > git config --get commit.template [5ms]
2026-08-22 14:46:38.614 [info] > git for-each-ref --format=%(refname)%00%(upstream:short)%00%(objectname)%00%(upstream:track)%00%(upstream:remotename)%00%(upstream:remoteref) refs/heads/master refs/remotes/master [10ms]
2026-08-22 14:46:38.614 [warning] [Git][getBranch] No such branch: master
2026-08-22 14:46:38.630 [info] > git for-each-ref --sort -committerdate --format %(refname)%00%(objectname)%00%(*objectname) [8ms]
2026-08-22 14:46:38.678 [info] > git status -z -uall [59ms]
2026-08-22 14:46:55.607 [info] > git config --get commit.template [5ms]
2026-08-22 14:46:55.617 [info] > git for-each-ref --format=%(refname)%00%(upstream:short)%00%(objectname)%00%(upstream:track)%00%(upstream:remotename)%00%(upstream:remoteref) refs/heads/master refs/remotes/master [11ms]
2026-08-22 14:46:55.617 [warning] [Git][getBranch] No such branch: master
2026-08-22 14:46:55.634 [info] > git for-each-ref --sort -committerdate --format %(refname)%00%(objectname)%00%(*objectname) [9ms]
2026-08-22 14:46:55.684 [info] > git status -z -uall [63ms]
2026-08-22 14:47:00.700 [info] > git config --get commit.template [8ms]
2026-08-22 14:47:00.709 [info] > git for-each-ref --format=%(refname)%00%(upstream:short)%00%(objectname)%00%(upstream:track)%00%(upstream:remotename)%00%(upstream:remoteref) refs/heads/master refs/remotes/master [11ms]
2026-08-22 14:47:00.709 [warning] [Git][getBranch] No such branch: master
2026-08-22 14:47:00.738 [info] > git for-each-ref --sort -committerdate --format %(refname)%00%(objectname)%00%(*objectname) [13ms]
2026-08-22 14:47:00.859 [info] > git status -z -uall [137ms]
2026-08-22 14:47:05.875 [info] > git config --get commit.template [7ms]
2026-08-22 14:47:05.885 [info] > git for-each-ref --format=%(refname)%00%(upstream:short)%00%(objectname)%00%(upstream:track)%00%(upstream:remotename)%00%(upstream:remoteref) refs/heads/master refs/remotes/master [11ms]
2026-08-22 14:47:05.885 [warning] [Git][getBranch] No such branch: master
2026-08-22 14:47:05.903 [info] > git for-each-ref --sort -committerdate --format %(refname)%00%(objectname)%00%(*objectname) [8ms]
2026-08-22 14:47:05.976 [info] > git status -z -uall [85ms]
2026-08-22 14:47:10.988 [info] > git config --get commit.template [5ms]
2026-08-22 14:47:10.999 [info] > git for-each-ref --format=%(refname)%00%(upstream:short)%00%(objectname)%00%(upstream:track)%00%(upstream:remotename)%00%(upstream:remoteref) refs/heads/master refs/remotes/master [12ms]
2026-08-22 14:47:10.999 [warning] [Git][getBranch] No such branch: master
2026-08-22 14:47:11.027 [info] > git for-each-ref --sort -committerdate --format %(refname)%00%(objectname)%00%(*objectname) [10ms]
2026-08-22 14:47:11.087 [info] > git status -z -uall [74ms]
2026-08-22 14:47:16.099 [info] > git config --get commit.template [6ms]
2026-08-22 14:47:16.111 [info] > git for-each-ref --format=%(refname)%00%(upstream:short)%00%(objectname)%00%(upstream:track)%00%(upstream:remotename)%00%(upstream:remoteref) refs/heads/master refs/remotes/master [14ms]
2026-08-22 14:47:16.111 [warning] [Git][getBranch] No such branch: master
2026-08-22 14:47:16.137 [info] > git for-each-ref --sort -committerdate --format %(refname)%00%(objectname)%00%(*objectname) [8ms]
2026-08-22 14:47:16.187 [info] > git status -z -uall [63ms]
2026-08-22 14:47:21.200 [info] > git config --get commit.template [6ms]
2026-08-22 14:47:21.210 [info] > git for-each-ref --format=%(refname)%00%(upstream:short)%00%(objectname)%00%(upstream:track)%00%(upstream:remotename)%00%(upstream:remoteref) refs/heads/master refs/remotes/master [10ms]
2026-08-22 14:47:21.210 [warning] [Git][getBranch] No such branch: master
2026-08-22 14:47:21.227 [info] > git for-each-ref --sort -committerdate --format %(refname)%00%(objectname)%00%(*objectname) [9ms]
2026-08-22 14:47:21.282 [info] > git status -z -uall [68ms]
2026-08-22 14:47:26.294 [info] > git config --get commit.template [5ms]
2026-08-22 14:47:26.303 [info] > git for-each-ref --format=%(refname)%00%(upstream:short)%00%(objectname)%00%(upstream:track)%00%(upstream:remotename)%00%(upstream:remoteref) refs/heads/master refs/remotes/master [10ms]
2026-08-22 14:47:26.303 [warning] [Git][getBranch] No such branch: master
2026-08-22 14:47:26.319 [info] > git for-each-ref --sort -committerdate --format %(refname)%00%(objectname)%00%(*objectname) [9ms]
2026-08-22 14:47:26.367 [info] > git status -z -uall [60ms]
2026-08-22 14:47:31.381 [info] > git config --get commit.template [6ms]
2026-08-22 14:47:31.393 [info] > git for-each-ref --format=%(refname)%00%(upstream:short)%00%(objectname)%00%(upstream:track)%00%(upstream:remotename)%00%(upstream:remoteref) refs/heads/master refs/remotes/master [14ms]
2026-08-22 14:47:31.394 [warning] [Git][getBranch] No such branch: master
2026-08-22 14:47:31.411 [info] > git for-each-ref --sort -committerdate --format %(refname)%00%(objectname)%00%(*objectname) [10ms]
2026-08-22 14:47:31.477 [info] > git status -z -uall [79ms]
2026-08-22 14:47:42.610 [info] > git config --get commit.template [5ms]
2026-08-22 14:47:42.620 [info] > git for-each-ref --format=%(refname)%00%(upstream:short)%00%(objectname)%00%(upstream:track)%00%(upstream:remotename)%00%(upstream:remoteref) refs/heads/master refs/remotes/master [10ms]
2026-08-22 14:47:42.620 [warning] [Git][getBranch] No such branch: master
2026-08-22 14:47:42.637 [info] > git for-each-ref --sort -committerdate --format %(refname)%00%(objectname)%00%(*objectname) [9ms]
2026-08-22 14:47:42.688 [info] > git status -z -uall [64ms]
2026-08-22 14:47:47.701 [info] > git config --get commit.template [5ms]
2026-08-22 14:47:47.710 [info] > git for-each-ref --format=%(refname)%00%(upstream:short)%00%(objectname)%00%(upstream:track)%00%(upstream:remotename)%00%(upstream:remoteref) refs/heads/master refs/remotes/master [10ms]
2026-08-22 14:47:47.710 [warning] [Git][getBranch] No such branch: master
2026-08-22 14:47:47.734 [info] > git for-each-ref --sort -committerdate --format %(refname)%00%(objectname)%00%(*objectname) [8ms]
2026-08-22 14:47:47.784 [info] > git status -z -uall [61ms]
2026-08-22 14:47:52.795 [info] > git config --get commit.template [5ms]
2026-08-22 14:47:52.805 [info] > git for-each-ref --format=%(refname)%00%(upstream:short)%00%(objectname)%00%(upstream:track)%00%(upstream:remotename)%00%(upstream:remoteref) refs/heads/master refs/remotes/master [11ms]
2026-08-22 14:47:52.805 [warning] [Git][getBranch] No such branch: master
2026-08-22 14:47:52.821 [info] > git for-each-ref --sort -committerdate --format %(refname)%00%(objectname)%00%(*objectname) [9ms]
2026-08-22 14:47:52.869 [info] > git status -z -uall [60ms]
2026-08-22 14:47:57.882 [info] > git config --get commit.template [5ms]
2026-08-22 14:47:57.891 [info] > git for-each-ref --format=%(refname)%00%(upstream:short)%00%(objectname)%00%(upstream:track)%00%(upstream:remotename)%00%(upstream:remoteref) refs/heads/master refs/remotes/master [11ms]
2026-08-22 14:47:57.891 [warning] [Git][getBranch] No such branch: master
2026-08-22 14:47:57.908 [info] > git for-each-ref --sort -committerdate --format %(refname)%00%(objectname)%00%(*objectname) [9ms]
2026-08-22 14:47:57.954 [info] > git status -z -uall [59ms]
2026-08-22 14:48:02.967 [info] > git config --get commit.template [6ms]
2026-08-22 14:48:02.979 [info] > git for-each-ref --format=%(refname)%00%(upstream:short)%00%(objectname)%00%(upstream:track)%00%(upstream:remotename)%00%(upstream:remoteref) refs/heads/master refs/remotes/master [13ms]
2026-08-22 14:48:02.979 [warning] [Git][getBranch] No such branch: master
2026-08-22 14:48:02.998 [info] > git for-each-ref --sort -committerdate --format %(refname)%00%(objectname)%00%(*objectname) [11ms]
2026-08-22 14:48:03.095 [info] > git status -z -uall [110ms]
2026-08-22 14:48:08.107 [info] > git config --get commit.template [6ms]
2026-08-22 14:48:08.116 [info] > git for-each-ref --format=%(refname)%00%(upstream:short)%00%(objectname)%00%(upstream:track)%00%(upstream:remotename)%00%(upstream:remoteref) refs/heads/master refs/remotes/master [12ms]
2026-08-22 14:48:08.116 [warning] [Git][getBranch] No such branch: master
2026-08-22 14:48:08.134 [info] > git for-each-ref --sort -committerdate --format %(refname)%00%(objectname)%00%(*objectname) [12ms]
2026-08-22 14:48:08.190 [info] > git status -z -uall [71ms]
2026-08-22 14:48:13.203 [info] > git config --get commit.template [5ms]
2026-08-22 14:48:13.212 [info] > git for-each-ref --format=%(refname)%00%(upstream:short)%00%(objectname)%00%(upstream:track)%00%(upstream:remotename)%00%(upstream:remoteref) refs/heads/master refs/remotes/master [10ms]
2026-08-22 14:48:13.212 [warning] [Git][getBranch] No such branch: master
2026-08-22 14:48:13.228 [info] > git for-each-ref --sort -committerdate --format %(refname)%00%(objectname)%00%(*objectname) [8ms]
2026-08-22 14:48:13.275 [info] > git status -z -uall [59ms]
2026-08-22 14:48:18.286 [info] > git config --get commit.template [5ms]
2026-08-22 14:48:18.296 [info] > git for-each-ref --format=%(refname)%00%(upstream:short)%00%(objectname)%00%(upstream:track)%00%(upstream:remotename)%00%(upstream:remoteref) refs/heads/master refs/remotes/master [11ms]
2026-08-22 14:48:18.296 [warning] [Git][getBranch] No such branch: master
2026-08-22 14:48:18.321 [info] > git for-each-ref --sort -committerdate --format %(refname)%00%(objectname)%00%(*objectname) [9ms]
2026-08-22 14:48:18.369 [info] > git status -z -uall [61ms]
2026-08-22 14:48:23.381 [info] > git config --get commit.template [5ms]
2026-08-22 14:48:23.390 [info] > git for-each-ref --format=%(refname)%00%(upstream:short)%00%(objectname)%00%(upstream:track)%00%(upstream:remotename)%00%(upstream:remoteref) refs/heads/master refs/remotes/master [10ms]
2026-08-22 14:48:23.390 [warning] [Git][getBranch] No such branch: master
2026-08-22 14:48:23.418 [info] > git for-each-ref --sort -committerdate --format %(refname)%00%(objectname)%00%(*objectname) [11ms]
2026-08-22 14:48:23.469 [info] > git status -z -uall [65ms]
2026-08-22 14:48:28.481 [info] > git config --get commit.template [6ms]
2026-08-22 14:48:28.491 [info] > git for-each-ref --format=%(refname)%00%(upstream:short)%00%(objectname)%00%(upstream:track)%00%(upstream:remotename)%00%(upstream:remoteref) refs/heads/master refs/remotes/master [11ms]
2026-08-22 14:48:28.491 [warning] [Git][getBranch] No such branch: master
2026-08-22 14:48:28.509 [info] > git for-each-ref --sort -committerdate --format %(refname)%00%(objectname)%00%(*objectname) [11ms]
2026-08-22 14:48:28.568 [info] > git status -z -uall [73ms]
2026-08-22 14:48:33.580 [info] > git config --get commit.template [5ms]
2026-08-22 14:48:33.589 [info] > git for-each-ref --format=%(refname)%00%(upstream:short)%00%(objectname)%00%(upstream:track)%00%(upstream:remotename)%00%(upstream:remoteref) refs/heads/master refs/remotes/master [11ms]
2026-08-22 14:48:33.589 [warning] [Git][getBranch] No such branch: master
2026-08-22 14:48:33.604 [info] > git for-each-ref --sort -committerdate --format %(refname)%00%(objectname)%00%(*objectname) [8ms]
2026-08-22 14:48:33.651 [info] > git status -z -uall [58ms]
2026-08-22 14:48:38.664 [info] > git config --get commit.template [6ms]
2026-08-22 14:48:38.673 [info] > git for-each-ref --format=%(refname)%00%(upstream:short)%00%(objectname)%00%(upstream:track)%00%(upstream:remotename)%00%(upstream:remoteref) refs/heads/master refs/remotes/master [11ms]
2026-08-22 14:48:38.673 [warning] [Git][getBranch] No such branch: master
2026-08-22 14:48:38.691 [info] > git for-each-ref --sort -committerdate --format %(refname)%00%(objectname)%00%(*objectname) [11ms]
2026-08-22 14:48:38.748 [info] > git status -z -uall [71ms]
2026-08-22 14:48:43.760 [info] > git config --get commit.template [5ms]
2026-08-22 14:48:43.768 [info] > git for-each-ref --format=%(refname)%00%(upstream:short)%00%(objectname)%00%(upstream:track)%00%(upstream:remotename)%00%(upstream:remoteref) refs/heads/master refs/remotes/master [10ms]
2026-08-22 14:48:43.769 [warning] [Git][getBranch] No such branch: master
2026-08-22 14:48:43.784 [info] > git for-each-ref --sort -committerdate --format %(refname)%00%(objectname)%00%(*objectname) [8ms]
2026-08-22 14:48:43.829 [info] > git status -z -uall [56ms]
2026-08-22 14:48:48.841 [info] > git config --get commit.template [5ms]
2026-08-22 14:48:48.850 [info] > git for-each-ref --format=%(refname)%00%(upstream:short)%00%(objectname)%00%(upstream:track)%00%(upstream:remotename)%00%(upstream:remoteref) refs/heads/master refs/remotes/master [10ms]
2026-08-22 14:48:48.850 [warning] [Git][getBranch] No such branch: master
2026-08-22 14:48:48.877 [info] > git for-each-ref --sort -committerdate --format %(refname)%00%(objectname)%00%(*objectname) [10ms]
2026-08-22 14:48:48.922 [info] > git status -z -uall [59ms]
2026-08-22 14:48:53.936 [info] > git config --get commit.template [5ms]
2026-08-22 14:48:53.945 [info] > git for-each-ref --format=%(refname)%00%(upstream:short)%00%(objectname)%00%(upstream:track)%00%(upstream:remotename)%00%(upstream:remoteref) refs/heads/master refs/remotes/master [11ms]
2026-08-22 14:48:53.945 [warning] [Git][getBranch] No such branch: master
2026-08-22 14:48:53.968 [info] > git for-each-ref --sort -committerdate --format %(refname)%00%(objectname)%00%(*objectname) [8ms]
2026-08-22 14:48:54.017 [info] > git status -z -uall [60ms]
2026-08-22 14:48:59.029 [info] > git config --get commit.template [5ms]
2026-08-22 14:48:59.038 [info] > git for-each-ref --format=%(refname)%00%(upstream:short)%00%(objectname)%00%(upstream:track)%00%(upstream:remotename)%00%(upstream:remoteref) refs/heads/master refs/remotes/master [10ms]
2026-08-22 14:48:59.039 [warning] [Git][getBranch] No such branch: master
2026-08-22 14:48:59.054 [info] > git for-each-ref --sort -committerdate --format %(refname)%00%(objectname)%00%(*objectname) [8ms]
2026-08-22 14:48:59.100 [info] > git status -z -uall [57ms]
2026-08-22 14:49:04.112 [info] > git config --get commit.template [5ms]
2026-08-22 14:49:04.122 [info] > git for-each-ref --format=%(refname)%00%(upstream:short)%00%(objectname)%00%(upstream:track)%00%(upstream:remotename)%00%(upstream:remoteref) refs/heads/master refs/remotes/master [11ms]
2026-08-22 14:49:04.122 [warning] [Git][getBranch] No such branch: master
2026-08-22 14:49:04.137 [info] > git for-each-ref --sort -committerdate --format %(refname)%00%(objectname)%00%(*objectname) [8ms]
2026-08-22 14:49:04.222 [info] > git status -z -uall [96ms]
2026-08-22 14:49:09.236 [info] > git config --get commit.template [6ms]
2026-08-22 14:49:09.245 [info] > git for-each-ref --format=%(refname)%00%(upstream:short)%00%(objectname)%00%(upstream:track)%00%(upstream:remotename)%00%(upstream:remoteref) refs/heads/master refs/remotes/master [11ms]
2026-08-22 14:49:09.245 [warning] [Git][getBranch] No such branch: master
2026-08-22 14:49:09.260 [info] > git for-each-ref --sort -committerdate --format %(refname)%00%(objectname)%00%(*objectname) [8ms]
2026-08-22 14:49:09.317 [info] > git status -z -uall [68ms]
2026-08-22 14:49:14.330 [info] > git config --get commit.template [5ms]
2026-08-22 14:49:14.339 [info] > git for-each-ref --format=%(refname)%00%(upstream:short)%00%(objectname)%00%(upstream:track)%00%(upstream:remotename)%00%(upstream:remoteref) refs/heads/master refs/remotes/master [10ms]
2026-08-22 14:49:14.339 [warning] [Git][getBranch] No such branch: master
2026-08-22 14:49:14.358 [info] > git for-each-ref --sort -committerdate --format %(refname)%00%(objectname)%00%(*objectname) [10ms]
2026-08-22 14:49:14.402 [info] > git status -z -uall [58ms]
2026-08-22 14:49:19.414 [info] > git config --get commit.template [4ms]
2026-08-22 14:49:19.424 [info] > git for-each-ref --format=%(refname)%00%(upstream:short)%00%(objectname)%00%(upstream:track)%00%(upstream:remotename)%00%(upstream:remoteref) refs/heads/master refs/remotes/master [11ms]
2026-08-22 14:49:19.424 [warning] [Git][getBranch] No such branch: master
2026-08-22 14:49:19.440 [info] > git for-each-ref --sort -committerdate --format %(refname)%00%(objectname)%00%(*objectname) [9ms]
2026-08-22 14:49:19.486 [info] > git status -z -uall [58ms]
2026-08-22 14:49:24.498 [info] > git config --get commit.template [5ms]
2026-08-22 14:49:24.508 [info] > git for-each-ref --format=%(refname)%00%(upstream:short)%00%(objectname)%00%(upstream:track)%00%(upstream:remotename)%00%(upstream:remoteref) refs/heads/master refs/remotes/master [12ms]
2026-08-22 14:49:24.508 [warning] [Git][getBranch] No such branch: master
2026-08-22 14:49:24.526 [info] > git for-each-ref --sort -committerdate --format %(refname)%00%(objectname)%00%(*objectname) [11ms]
2026-08-22 14:49:24.576 [info] > git status -z -uall [63ms]
2026-08-22 14:49:29.588 [info] > git config --get commit.template [5ms]
2026-08-22 14:49:29.598 [info] > git for-each-ref --format=%(refname)%00%(upstream:short)%00%(objectname)%00%(upstream:track)%00%(upstream:remotename)%00%(upstream:remoteref) refs/heads/master refs/remotes/master [10ms]
2026-08-22 14:49:29.598 [warning] [Git][getBranch] No such branch: master
2026-08-22 14:49:29.614 [info] > git for-each-ref --sort -committerdate --format %(refname)%00%(objectname)%00%(*objectname) [9ms]
2026-08-22 14:49:29.663 [info] > git status -z -uall [60ms]
2026-08-22 14:49:34.675 [info] > git config --get commit.template [5ms]
2026-08-22 14:49:34.684 [info] > git for-each-ref --format=%(refname)%00%(upstream:short)%00%(objectname)%00%(upstream:track)%00%(upstream:remotename)%00%(upstream:remoteref) refs/heads/master refs/remotes/master [10ms]
2026-08-22 14:49:34.684 [warning] [Git][getBranch] No such branch: master
2026-08-22 14:49:34.700 [info] > git for-each-ref --sort -committerdate --format %(refname)%00%(objectname)%00%(*objectname) [9ms]
2026-08-22 14:49:34.749 [info] > git status -z -uall [61ms]
2026-08-22 14:49:39.761 [info] > git config --get commit.template [5ms]
2026-08-22 14:49:39.771 [info] > git for-each-ref --format=%(refname)%00%(upstream:short)%00%(objectname)%00%(upstream:track)%00%(upstream:remotename)%00%(upstream:remoteref) refs/heads/master refs/remotes/master [11ms]
2026-08-22 14:49:39.771 [warning] [Git][getBranch] No such branch: master
2026-08-22 14:49:39.787 [info] > git for-each-ref --sort -committerdate --format %(refname)%00%(objectname)%00%(*objectname) [9ms]
2026-08-22 14:49:39.840 [info] > git status -z -uall [65ms]
2026-08-22 14:49:44.853 [info] > git config --get commit.template [5ms]
2026-08-22 14:49:44.862 [info] > git for-each-ref --format=%(refname)%00%(upstream:short)%00%(objectname)%00%(upstream:track)%00%(upstream:remotename)%00%(upstream:remoteref) refs/heads/master refs/remotes/master [10ms]
2026-08-22 14:49:44.862 [warning] [Git][getBranch] No such branch: master
2026-08-22 14:49:44.877 [info] > git for-each-ref --sort -committerdate --format %(refname)%00%(objectname)%00%(*objectname) [8ms]
2026-08-22 14:49:44.924 [info] > git status -z -uall [58ms]
2026-08-22 14:49:49.936 [info] > git config --get commit.template [5ms]
2026-08-22 14:49:49.945 [info] > git for-each-ref --format=%(refname)%00%(upstream:short)%00%(objectname)%00%(upstream:track)%00%(upstream:remotename)%00%(upstream:remoteref) refs/heads/master refs/remotes/master [9ms]
2026-08-22 14:49:49.945 [warning] [Git][getBranch] No such branch: master
2026-08-22 14:49:49.962 [info] > git for-each-ref --sort -committerdate --format %(refname)%00%(objectname)%00%(*objectname) [9ms]
2026-08-22 14:49:50.007 [info] > git status -z -uall [57ms]
2026-08-22 14:49:55.019 [info] > git config --get commit.template [4ms]
2026-08-22 14:49:55.028 [info] > git for-each-ref --format=%(refname)%00%(upstream:short)%00%(objectname)%00%(upstream:track)%00%(upstream:remotename)%00%(upstream:remoteref) refs/heads/master refs/remotes/master [10ms]
2026-08-22 14:49:55.028 [warning] [Git][getBranch] No such branch: master
2026-08-22 14:49:55.044 [info] > git for-each-ref --sort -committerdate --format %(refname)%00%(objectname)%00%(*objectname) [9ms]
2026-08-22 14:49:55.090 [info] > git status -z -uall [58ms]
2026-08-22 14:50:00.103 [info] > git config --get commit.template [5ms]
2026-08-22 14:50:00.114 [info] > git for-each-ref --format=%(refname)%00%(upstream:short)%00%(objectname)%00%(upstream:track)%00%(upstream:remotename)%00%(upstream:remoteref) refs/heads/master refs/remotes/master [12ms]
2026-08-22 14:50:00.114 [warning] [Git][getBranch] No such branch: master
2026-08-22 14:50:00.129 [info] > git for-each-ref --sort -committerdate --format %(refname)%00%(objectname)%00%(*objectname) [8ms]
2026-08-22 14:50:00.177 [info] > git status -z -uall [59ms]
2026-08-22 14:50:05.190 [info] > git config --get commit.template [5ms]
2026-08-22 14:50:05.202 [info] > git for-each-ref --format=%(refname)%00%(upstream:short)%00%(objectname)%00%(upstream:track)%00%(upstream:remotename)%00%(upstream:remoteref) refs/heads/master refs/remotes/master [11ms]
2026-08-22 14:50:05.202 [warning] [Git][getBranch] No such branch: master
2026-08-22 14:50:05.216 [info] > git for-each-ref --sort -committerdate --format %(refname)%00%(objectname)%00%(*objectname) [8ms]
2026-08-22 14:50:05.308 [info] > git status -z -uall [103ms]
2026-08-22 14:50:10.322 [info] > git config --get commit.template [5ms]
2026-08-22 14:50:10.331 [info] > git for-each-ref --format=%(refname)%00%(upstream:short)%00%(objectname)%00%(upstream:track)%00%(upstream:remotename)%00%(upstream:remoteref) refs/heads/master refs/remotes/master [12ms]
2026-08-22 14:50:10.331 [warning] [Git][getBranch] No such branch: master
2026-08-22 14:50:10.357 [info] > git for-each-ref --sort -committerdate --format %(refname)%00%(objectname)%00%(*objectname) [9ms]
2026-08-22 14:50:10.412 [info] > git status -z -uall [66ms]
2026-08-22 14:50:15.426 [info] > git config --get commit.template [7ms]
2026-08-22 14:50:15.438 [info] > git for-each-ref --format=%(refname)%00%(upstream:short)%00%(objectname)%00%(upstream:track)%00%(upstream:remotename)%00%(upstream:remoteref) refs/heads/master refs/remotes/master [16ms]
2026-08-22 14:50:15.438 [warning] [Git][getBranch] No such branch: master
2026-08-22 14:50:15.455 [info] > git for-each-ref --sort -committerdate --format %(refname)%00%(objectname)%00%(*objectname) [10ms]
2026-08-22 14:50:15.518 [info] > git status -z -uall [76ms]
2026-08-22 14:50:20.533 [info] > git config --get commit.template [7ms]
2026-08-22 14:50:20.542 [info] > git for-each-ref --format=%(refname)%00%(upstream:short)%00%(objectname)%00%(upstream:track)%00%(upstream:remotename)%00%(upstream:remoteref) refs/heads/master refs/remotes/master [12ms]
2026-08-22 14:50:20.542 [warning] [Git][getBranch] No such branch: master
2026-08-22 14:50:20.559 [info] > git for-each-ref --sort -committerdate --format %(refname)%00%(objectname)%00%(*objectname) [10ms]
2026-08-22 14:50:20.608 [info] > git status -z -uall [61ms]
2026-08-22 14:50:25.620 [info] > git config --get commit.template [6ms]
2026-08-22 14:50:25.629 [info] > git for-each-ref --format=%(refname)%00%(upstream:short)%00%(objectname)%00%(upstream:track)%00%(upstream:remotename)%00%(upstream:remoteref) refs/heads/master refs/remotes/master [11ms]
2026-08-22 14:50:25.629 [warning] [Git][getBranch] No such branch: master
2026-08-22 14:50:25.644 [info] > git for-each-ref --sort -committerdate --format %(refname)%00%(objectname)%00%(*objectname) [8ms]
2026-08-22 14:50:25.691 [info] > git status -z -uall [58ms]
2026-08-22 14:50:30.704 [info] > git config --get commit.template [5ms]
2026-08-22 14:50:30.713 [info] > git for-each-ref --format=%(refname)%00%(upstream:short)%00%(objectname)%00%(upstream:track)%00%(upstream:remotename)%00%(upstream:remoteref) refs/heads/master refs/remotes/master [11ms]
2026-08-22 14:50:30.713 [warning] [Git][getBranch] No such branch: master
2026-08-22 14:50:30.729 [info] > git for-each-ref --sort -committerdate --format %(refname)%00%(objectname)%00%(*objectname) [9ms]
2026-08-22 14:50:30.777 [info] > git status -z -uall [60ms]
2026-08-22 14:50:35.789 [info] > git config --get commit.template [5ms]
2026-08-22 14:50:35.798 [info] > git for-each-ref --format=%(refname)%00%(upstream:short)%00%(objectname)%00%(upstream:track)%00%(upstream:remotename)%00%(upstream:remoteref) refs/heads/master refs/remotes/master [10ms]
2026-08-22 14:50:35.798 [warning] [Git][getBranch] No such branch: master
2026-08-22 14:50:35.816 [info] > git for-each-ref --sort -committerdate --format %(refname)%00%(objectname)%00%(*objectname) [10ms]
2026-08-22 14:50:35.866 [info] > git status -z -uall [64ms]
2026-08-22 14:50:40.879 [info] > git config --get commit.template [6ms]
2026-08-22 14:50:40.889 [info] > git for-each-ref --format=%(refname)%00%(upstream:short)%00%(objectname)%00%(upstream:track)%00%(upstream:remotename)%00%(upstream:remoteref) refs/heads/master refs/remotes/master [12ms]
2026-08-22 14:50:40.889 [warning] [Git][getBranch] No such branch: master
2026-08-22 14:50:40.907 [info] > git for-each-ref --sort -committerdate --format %(refname)%00%(objectname)%00%(*objectname) [10ms]
2026-08-22 14:50:40.962 [info] > git status -z -uall [68ms]
2026-08-22 14:50:45.974 [info] > git config --get commit.template [5ms]
2026-08-22 14:50:45.984 [info] > git for-each-ref --format=%(refname)%00%(upstream:short)%00%(objectname)%00%(upstream:track)%00%(upstream:remotename)%00%(upstream:remoteref) refs/heads/master refs/remotes/master [11ms]
2026-08-22 14:50:45.984 [warning] [Git][getBranch] No such branch: master
2026-08-22 14:50:46.001 [info] > git for-each-ref --sort -committerdate --format %(refname)%00%(objectname)%00%(*objectname) [9ms]
2026-08-22 14:50:46.052 [info] > git status -z -uall [64ms]
2026-08-22 14:50:51.065 [info] > git config --get commit.template [6ms]
2026-08-22 14:50:51.074 [info] > git for-each-ref --format=%(refname)%00%(upstream:short)%00%(objectname)%00%(upstream:track)%00%(upstream:remotename)%00%(upstream:remoteref) refs/heads/master refs/remotes/master [11ms]
2026-08-22 14:50:51.074 [warning] [Git][getBranch] No such branch: master
2026-08-22 14:50:51.090 [info] > git for-each-ref --sort -committerdate --format %(refname)%00%(objectname)%00%(*objectname) [9ms]
2026-08-22 14:50:51.139 [info] > git status -z -uall [61ms]
2026-08-22 14:50:56.151 [info] > git config --get commit.template [5ms]
2026-08-22 14:50:56.161 [info] > git for-each-ref --format=%(refname)%00%(upstream:short)%00%(objectname)%00%(upstream:track)%00%(upstream:remotename)%00%(upstream:remoteref) refs/heads/master refs/remotes/master [11ms]
2026-08-22 14:50:56.161 [warning] [Git][getBranch] No such branch: master
2026-08-22 14:50:56.181 [info] > git for-each-ref --sort -committerdate --format %(refname)%00%(objectname)%00%(*objectname) [12ms]
2026-08-22 14:50:56.234 [info] > git status -z -uall [68ms]
2026-08-22 14:51:01.246 [info] > git config --get commit.template [6ms]
2026-08-22 14:51:01.255 [info] > git for-each-ref --format=%(refname)%00%(upstream:short)%00%(objectname)%00%(upstream:track)%00%(upstream:remotename)%00%(upstream:remoteref) refs/heads/master refs/remotes/master [11ms]
2026-08-22 14:51:01.256 [warning] [Git][getBranch] No such branch: master
2026-08-22 14:51:01.272 [info] > git for-each-ref --sort -committerdate --format %(refname)%00%(objectname)%00%(*objectname) [10ms]
2026-08-22 14:51:01.320 [info] > git status -z -uall [61ms]
2026-08-22 14:51:06.333 [info] > git config --get commit.template [5ms]
2026-08-22 14:51:06.342 [info] > git for-each-ref --format=%(refname)%00%(upstream:short)%00%(objectname)%00%(upstream:track)%00%(upstream:remotename)%00%(upstream:remoteref) refs/heads/master refs/remotes/master [10ms]
2026-08-22 14:51:06.342 [warning] [Git][getBranch] No such branch: master
2026-08-22 14:51:06.357 [info] > git for-each-ref --sort -committerdate --format %(refname)%00%(objectname)%00%(*objectname) [9ms]
2026-08-22 14:51:06.444 [info] > git status -z -uall [98ms]
2026-08-22 14:51:11.459 [info] > git config --get commit.template [6ms]
2026-08-22 14:51:11.468 [info] > git for-each-ref --format=%(refname)%00%(upstream:short)%00%(objectname)%00%(upstream:track)%00%(upstream:remotename)%00%(upstream:remoteref) refs/heads/master refs/remotes/master [12ms]
2026-08-22 14:51:11.468 [warning] [Git][getBranch] No such branch: master
2026-08-22 14:51:11.485 [info] > git for-each-ref --sort -committerdate --format %(refname)%00%(objectname)%00%(*objectname) [9ms]
2026-08-22 14:51:11.540 [info] > git status -z -uall [67ms]
2026-08-22 14:51:16.553 [info] > git config --get commit.template [6ms]
2026-08-22 14:51:16.562 [info] > git for-each-ref --format=%(refname)%00%(upstream:short)%00%(objectname)%00%(upstream:track)%00%(upstream:remotename)%00%(upstream:remoteref) refs/heads/master refs/remotes/master [10ms]
2026-08-22 14:51:16.562 [warning] [Git][getBranch] No such branch: master
2026-08-22 14:51:16.579 [info] > git for-each-ref --sort -committerdate --format %(refname)%00%(objectname)%00%(*objectname) [9ms]
2026-08-22 14:51:16.625 [info] > git status -z -uall [58ms]
2026-08-22 14:51:21.639 [info] > git config --get commit.template [6ms]
2026-08-22 14:51:21.649 [info] > git for-each-ref --format=%(refname)%00%(upstream:short)%00%(objectname)%00%(upstream:track)%00%(upstream:remotename)%00%(upstream:remoteref) refs/heads/master refs/remotes/master [12ms]
2026-08-22 14:51:21.649 [warning] [Git][getBranch] No such branch: master
2026-08-22 14:51:21.665 [info] > git for-each-ref --sort -committerdate --format %(refname)%00%(objectname)%00%(*objectname) [9ms]
2026-08-22 14:51:21.718 [info] > git status -z -uall [65ms]
2026-08-22 14:51:26.731 [info] > git config --get commit.template [6ms]
2026-08-22 14:51:26.740 [info] > git for-each-ref --format=%(refname)%00%(upstream:short)%00%(objectname)%00%(upstream:track)%00%(upstream:remotename)%00%(upstream:remoteref) refs/heads/master refs/remotes/master [9ms]
2026-08-22 14:51:26.741 [warning] [Git][getBranch] No such branch: master
2026-08-22 14:51:26.765 [info] > git for-each-ref --sort -committerdate --format %(refname)%00%(objectname)%00%(*objectname) [8ms]
2026-08-22 14:51:26.817 [info] > git status -z -uall [64ms]
2026-08-22 14:51:31.829 [info] > git config --get commit.template [5ms]
2026-08-22 14:51:31.839 [info] > git for-each-ref --format=%(refname)%00%(upstream:short)%00%(objectname)%00%(upstream:track)%00%(upstream:remotename)%00%(upstream:remoteref) refs/heads/master refs/remotes/master [11ms]
2026-08-22 14:51:31.839 [warning] [Git][getBranch] No such branch: master
2026-08-22 14:51:31.856 [info] > git for-each-ref --sort -committerdate --format %(refname)%00%(objectname)%00%(*objectname) [10ms]
2026-08-22 14:51:31.906 [info] > git status -z -uall [63ms]
2026-08-22 14:51:36.918 [info] > git config --get commit.template [5ms]
2026-08-22 14:51:36.927 [info] > git for-each-ref --format=%(refname)%00%(upstream:short)%00%(objectname)%00%(upstream:track)%00%(upstream:remotename)%00%(upstream:remoteref) refs/heads/master refs/remotes/master [10ms]
2026-08-22 14:51:36.927 [warning] [Git][getBranch] No such branch: master
2026-08-22 14:51:36.951 [info] > git for-each-ref --sort -committerdate --format %(refname)%00%(objectname)%00%(*objectname) [16ms]
2026-08-22 14:51:37.004 [info] > git status -z -uall [72ms]
2026-08-22 14:51:42.017 [info] > git config --get commit.template [6ms]
2026-08-22 14:51:42.026 [info] > git for-each-ref --format=%(refname)%00%(upstream:short)%00%(objectname)%00%(upstream:track)%00%(upstream:remotename)%00%(upstream:remoteref) refs/heads/master refs/remotes/master [12ms]
2026-08-22 14:51:42.026 [warning] [Git][getBranch] No such branch: master
2026-08-22 14:51:42.066 [info] > git for-each-ref --sort -committerdate --format %(refname)%00%(objectname)%00%(*objectname) [24ms]
2026-08-22 14:51:42.146 [info] > git status -z -uall [107ms]
2026-08-22 14:51:52.635 [info] > git config --get commit.template [6ms]
2026-08-22 14:51:52.644 [info] > git for-each-ref --format=%(refname)%00%(upstream:short)%00%(objectname)%00%(upstream:track)%00%(upstream:remotename)%00%(upstream:remoteref) refs/heads/master refs/remotes/master [9ms]
2026-08-22 14:51:52.644 [warning] [Git][getBranch] No such branch: master
2026-08-22 14:51:52.670 [info] > git for-each-ref --sort -committerdate --format %(refname)%00%(objectname)%00%(*objectname) [10ms]
2026-08-22 14:51:52.721 [info] > git status -z -uall [63ms]
2026-08-22 14:51:57.734 [info] > git config --get commit.template [5ms]
2026-08-22 14:51:57.743 [info] > git for-each-ref --format=%(refname)%00%(upstream:short)%00%(objectname)%00%(upstream:track)%00%(upstream:remotename)%00%(upstream:remoteref) refs/heads/master refs/remotes/master [10ms]
2026-08-22 14:51:57.743 [warning] [Git][getBranch] No such branch: master
2026-08-22 14:51:57.760 [info] > git for-each-ref --sort -committerdate --format %(refname)%00%(objectname)%00%(*objectname) [9ms]
2026-08-22 14:51:57.811 [info] > git status -z -uall [63ms]
2026-08-22 14:52:02.823 [info] > git config --get commit.template [5ms]
2026-08-22 14:52:02.833 [info] > git for-each-ref --format=%(refname)%00%(upstream:short)%00%(objectname)%00%(upstream:track)%00%(upstream:remotename)%00%(upstream:remoteref) refs/heads/master refs/remotes/master [12ms]
2026-08-22 14:52:02.833 [warning] [Git][getBranch] No such branch: master
2026-08-22 14:52:02.849 [info] > git for-each-ref --sort -committerdate --format %(refname)%00%(objectname)%00%(*objectname) [9ms]
2026-08-22 14:52:02.897 [info] > git status -z -uall [60ms]
2026-08-22 14:52:07.911 [info] > git config --get commit.template [4ms]
2026-08-22 14:52:07.920 [info] > git for-each-ref --format=%(refname)%00%(upstream:short)%00%(objectname)%00%(upstream:track)%00%(upstream:remotename)%00%(upstream:remoteref) refs/heads/master refs/remotes/master [11ms]
2026-08-22 14:52:07.920 [warning] [Git][getBranch] No such branch: master
2026-08-22 14:52:07.937 [info] > git for-each-ref --sort -committerdate --format %(refname)%00%(objectname)%00%(*objectname) [9ms]
2026-08-22 14:52:08.028 [info] > git status -z -uall [103ms]
2026-08-22 14:52:13.043 [info] > git config --get commit.template [8ms]
2026-08-22 14:52:13.053 [info] > git for-each-ref --format=%(refname)%00%(upstream:short)%00%(objectname)%00%(upstream:track)%00%(upstream:remotename)%00%(upstream:remoteref) refs/heads/master refs/remotes/master [14ms]
2026-08-22 14:52:13.053 [warning] [Git][getBranch] No such branch: master
2026-08-22 14:52:13.071 [info] > git for-each-ref --sort -committerdate --format %(refname)%00%(objectname)%00%(*objectname) [10ms]
2026-08-22 14:52:13.130 [info] > git status -z -uall [72ms]
2026-08-22 14:52:18.142 [info] > git config --get commit.template [5ms]
2026-08-22 14:52:18.151 [info] > git for-each-ref --format=%(refname)%00%(upstream:short)%00%(objectname)%00%(upstream:track)%00%(upstream:remotename)%00%(upstream:remoteref) refs/heads/master refs/remotes/master [10ms]
2026-08-22 14:52:18.151 [warning] [Git][getBranch] No such branch: master
2026-08-22 14:52:18.166 [info] > git for-each-ref --sort -committerdate --format %(refname)%00%(objectname)%00%(*objectname) [9ms]
2026-08-22 14:52:18.214 [info] > git status -z -uall [59ms]
2026-08-22 14:52:23.225 [info] > git config --get commit.template [5ms]
2026-08-22 14:52:23.234 [info] > git for-each-ref --format=%(refname)%00%(upstream:short)%00%(objectname)%00%(upstream:track)%00%(upstream:remotename)%00%(upstream:remoteref) refs/heads/master refs/remotes/master [10ms]
2026-08-22 14:52:23.234 [warning] [Git][getBranch] No such branch: master
2026-08-22 14:52:23.249 [info] > git for-each-ref --sort -committerdate --format %(refname)%00%(objectname)%00%(*objectname) [9ms]
2026-08-22 14:52:23.300 [info] > git status -z -uall [63ms]
2026-08-22 14:52:28.311 [info] > git config --get commit.template [5ms]
2026-08-22 14:52:28.321 [info] > git for-each-ref --format=%(refname)%00%(upstream:short)%00%(objectname)%00%(upstream:track)%00%(upstream:remotename)%00%(upstream:remoteref) refs/heads/master refs/remotes/master [11ms]
2026-08-22 14:52:28.321 [warning] [Git][getBranch] No such branch: master
2026-08-22 14:52:28.337 [info] > git for-each-ref --sort -committerdate --format %(refname)%00%(objectname)%00%(*objectname) [9ms]
2026-08-22 14:52:28.387 [info] > git status -z -uall [63ms]
2026-08-22 14:52:33.399 [info] > git config --get commit.template [4ms]
2026-08-22 14:52:33.408 [info] > git for-each-ref --format=%(refname)%00%(upstream:short)%00%(objectname)%00%(upstream:track)%00%(upstream:remotename)%00%(upstream:remoteref) refs/heads/master refs/remotes/master [11ms]
2026-08-22 14:52:33.408 [warning] [Git][getBranch] No such branch: master
2026-08-22 14:52:33.423 [info] > git for-each-ref --sort -committerdate --format %(refname)%00%(objectname)%00%(*objectname) [8ms]
2026-08-22 14:52:33.471 [info] > git status -z -uall [58ms]
2026-08-22 14:52:38.482 [info] > git config --get commit.template [5ms]
2026-08-22 14:52:38.491 [info] > git for-each-ref --format=%(refname)%00%(upstream:short)%00%(objectname)%00%(upstream:track)%00%(upstream:remotename)%00%(upstream:remoteref) refs/heads/master refs/remotes/master [10ms]
2026-08-22 14:52:38.491 [warning] [Git][getBranch] No such branch: master
2026-08-22 14:52:38.506 [info] > git for-each-ref --sort -committerdate --format %(refname)%00%(objectname)%00%(*objectname) [9ms]
2026-08-22 14:52:38.554 [info] > git status -z -uall [60ms]
2026-08-22 14:52:43.565 [info] > git config --get commit.template [5ms]
2026-08-22 14:52:43.575 [info] > git for-each-ref --format=%(refname)%00%(upstream:short)%00%(objectname)%00%(upstream:track)%00%(upstream:remotename)%00%(upstream:remoteref) refs/heads/master refs/remotes/master [11ms]
2026-08-22 14:52:43.575 [warning] [Git][getBranch] No such branch: master
2026-08-22 14:52:43.592 [info] > git for-each-ref --sort -committerdate --format %(refname)%00%(objectname)%00%(*objectname) [10ms]
2026-08-22 14:52:43.638 [info] > git status -z -uall [59ms]
2026-08-22 14:52:48.660 [info] > git for-each-ref --format=%(refname)%00%(upstream:short)%00%(objectname)%00%(upstream:track)%00%(upstream:remotename)%00%(upstream:remoteref) refs/heads/master refs/remotes/master [9ms]
2026-08-22 14:52:48.660 [warning] [Git][getBranch] No such branch: master
2026-08-22 14:52:48.669 [info] > git config --get commit.template [24ms]
2026-08-22 14:52:48.685 [info] > git for-each-ref --sort -committerdate --format %(refname)%00%(objectname)%00%(*objectname) [9ms]
2026-08-22 14:52:48.733 [info] > git status -z -uall [60ms]
2026-08-22 14:52:58.644 [info] > git config --get commit.template [5ms]
2026-08-22 14:52:58.653 [info] > git for-each-ref --format=%(refname)%00%(upstream:short)%00%(objectname)%00%(upstream:track)%00%(upstream:remotename)%00%(upstream:remoteref) refs/heads/master refs/remotes/master [10ms]
2026-08-22 14:52:58.653 [warning] [Git][getBranch] No such branch: master
2026-08-22 14:52:58.669 [info] > git for-each-ref --sort -committerdate --format %(refname)%00%(objectname)%00%(*objectname) [9ms]
2026-08-22 14:52:58.717 [info] > git status -z -uall [60ms]
2026-08-22 14:53:03.730 [info] > git config --get commit.template [5ms]
2026-08-22 14:53:03.740 [info] > git for-each-ref --format=%(refname)%00%(upstream:short)%00%(objectname)%00%(upstream:track)%00%(upstream:remotename)%00%(upstream:remoteref) refs/heads/master refs/remotes/master [12ms]
2026-08-22 14:53:03.740 [warning] [Git][getBranch] No such branch: master
2026-08-22 14:53:03.758 [info] > git for-each-ref --sort -committerdate --format %(refname)%00%(objectname)%00%(*objectname) [11ms]
2026-08-22 14:53:03.823 [info] > git status -z -uall [79ms]
2026-08-22 14:53:08.836 [info] > git config --get commit.template [5ms]
2026-08-22 14:53:08.846 [info] > git for-each-ref --format=%(refname)%00%(upstream:short)%00%(objectname)%00%(upstream:track)%00%(upstream:remotename)%00%(upstream:remoteref) refs/heads/master refs/remotes/master [11ms]
2026-08-22 14:53:08.846 [warning] [Git][getBranch] No such branch: master
2026-08-22 14:53:08.862 [info] > git for-each-ref --sort -committerdate --format %(refname)%00%(objectname)%00%(*objectname) [9ms]
2026-08-22 14:53:08.952 [info] > git status -z -uall [102ms]
2026-08-22 14:53:13.966 [info] > git config --get commit.template [7ms]
2026-08-22 14:53:13.975 [info] > git for-each-ref --format=%(refname)%00%(upstream:short)%00%(objectname)%00%(upstream:track)%00%(upstream:remotename)%00%(upstream:remoteref) refs/heads/master refs/remotes/master [11ms]
2026-08-22 14:53:13.975 [warning] [Git][getBranch] No such branch: master
2026-08-22 14:53:13.992 [info] > git for-each-ref --sort -committerdate --format %(refname)%00%(objectname)%00%(*objectname) [9ms]
2026-08-22 14:53:14.046 [info] > git status -z -uall [67ms]
2026-08-22 14:53:19.059 [info] > git config --get commit.template [5ms]
2026-08-22 14:53:19.068 [info] > git for-each-ref --format=%(refname)%00%(upstream:short)%00%(objectname)%00%(upstream:track)%00%(upstream:remotename)%00%(upstream:remoteref) refs/heads/master refs/remotes/master [11ms]
2026-08-22 14:53:19.068 [warning] [Git][getBranch] No such branch: master
2026-08-22 14:53:19.085 [info] > git for-each-ref --sort -committerdate --format %(refname)%00%(objectname)%00%(*objectname) [10ms]
2026-08-22 14:53:19.132 [info] > git status -z -uall [60ms]
2026-08-22 14:53:24.145 [info] > git config --get commit.template [5ms]
2026-08-22 14:53:24.154 [info] > git for-each-ref --format=%(refname)%00%(upstream:short)%00%(objectname)%00%(upstream:track)%00%(upstream:remotename)%00%(upstream:remoteref) refs/heads/master refs/remotes/master [10ms]
2026-08-22 14:53:24.154 [warning] [Git][getBranch] No such branch: master
2026-08-22 14:53:24.171 [info] > git for-each-ref --sort -committerdate --format %(refname)%00%(objectname)%00%(*objectname) [10ms]
2026-08-22 14:53:24.218 [info] > git status -z -uall [60ms]
2026-08-22 14:53:29.231 [info] > git config --get commit.template [6ms]
2026-08-22 14:53:29.241 [info] > git for-each-ref --format=%(refname)%00%(upstream:short)%00%(objectname)%00%(upstream:track)%00%(upstream:remotename)%00%(upstream:remoteref) refs/heads/master refs/remotes/master [12ms]
2026-08-22 14:53:29.241 [warning] [Git][getBranch] No such branch: master
2026-08-22 14:53:29.257 [info] > git for-each-ref --sort -committerdate --format %(refname)%00%(objectname)%00%(*objectname) [9ms]
2026-08-22 14:53:29.307 [info] > git status -z -uall [62ms]
2026-08-22 14:53:34.320 [info] > git config --get commit.template [5ms]
2026-08-22 14:53:34.329 [info] > git for-each-ref --format=%(refname)%00%(upstream:short)%00%(objectname)%00%(upstream:track)%00%(upstream:remotename)%00%(upstream:remoteref) refs/heads/master refs/remotes/master [11ms]
2026-08-22 14:53:34.329 [warning] [Git][getBranch] No such branch: master
2026-08-22 14:53:34.344 [info] > git for-each-ref --sort -committerdate --format %(refname)%00%(objectname)%00%(*objectname) [8ms]
2026-08-22 14:53:34.395 [info] > git status -z -uall [62ms]
2026-08-22 14:53:39.408 [info] > git config --get commit.template [6ms]
2026-08-22 14:53:39.418 [info] > git for-each-ref --format=%(refname)%00%(upstream:short)%00%(objectname)%00%(upstream:track)%00%(upstream:remotename)%00%(upstream:remoteref) refs/heads/master refs/remotes/master [13ms]
2026-08-22 14:53:39.418 [warning] [Git][getBranch] No such branch: master
2026-08-22 14:53:39.435 [info] > git for-each-ref --sort -committerdate --format %(refname)%00%(objectname)%00%(*objectname) [10ms]
2026-08-22 14:53:39.486 [info] > git status -z -uall [64ms]
2026-08-22 14:53:44.498 [info] > git config --get commit.template [5ms]
2026-08-22 14:53:44.508 [info] > git for-each-ref --format=%(refname)%00%(upstream:short)%00%(objectname)%00%(upstream:track)%00%(upstream:remotename)%00%(upstream:remoteref) refs/heads/master refs/remotes/master [11ms]
2026-08-22 14:53:44.508 [warning] [Git][getBranch] No such branch: master
2026-08-22 14:53:44.527 [info] > git for-each-ref --sort -committerdate --format %(refname)%00%(objectname)%00%(*objectname) [10ms]
2026-08-22 14:53:44.575 [info] > git status -z -uall [62ms]
2026-08-22 14:53:49.586 [info] > git config --get commit.template [5ms]
2026-08-22 14:53:49.596 [info] > git for-each-ref --format=%(refname)%00%(upstream:short)%00%(objectname)%00%(upstream:track)%00%(upstream:remotename)%00%(upstream:remoteref) refs/heads/master refs/remotes/master [12ms]
2026-08-22 14:53:49.596 [warning] [Git][getBranch] No such branch: master
2026-08-22 14:53:49.612 [info] > git for-each-ref --sort -committerdate --format %(refname)%00%(objectname)%00%(*objectname) [9ms]
2026-08-22 14:53:49.663 [info] > git status -z -uall [63ms]
2026-08-22 14:53:54.675 [info] > git config --get commit.template [4ms]
2026-08-22 14:53:54.683 [info] > git for-each-ref --format=%(refname)%00%(upstream:short)%00%(objectname)%00%(upstream:track)%00%(upstream:remotename)%00%(upstream:remoteref) refs/heads/master refs/remotes/master [9ms]
2026-08-22 14:53:54.683 [warning] [Git][getBranch] No such branch: master
2026-08-22 14:53:54.699 [info] > git for-each-ref --sort -committerdate --format %(refname)%00%(objectname)%00%(*objectname) [9ms]
2026-08-22 14:53:54.746 [info] > git status -z -uall [59ms]
2026-08-22 14:53:59.758 [info] > git config --get commit.template [5ms]
2026-08-22 14:53:59.767 [info] > git for-each-ref --format=%(refname)%00%(upstream:short)%00%(objectname)%00%(upstream:track)%00%(upstream:remotename)%00%(upstream:remoteref) refs/heads/master refs/remotes/master [10ms]
2026-08-22 14:53:59.767 [warning] [Git][getBranch] No such branch: master
2026-08-22 14:53:59.782 [info] > git for-each-ref --sort -committerdate --format %(refname)%00%(objectname)%00%(*objectname) [8ms]
2026-08-22 14:53:59.831 [info] > git status -z -uall [60ms]
2026-08-22 14:54:04.843 [info] > git config --get commit.template [5ms]
2026-08-22 14:54:04.852 [info] > git for-each-ref --format=%(refname)%00%(upstream:short)%00%(objectname)%00%(upstream:track)%00%(upstream:remotename)%00%(upstream:remoteref) refs/heads/master refs/remotes/master [11ms]
2026-08-22 14:54:04.852 [warning] [Git][getBranch] No such branch: master
2026-08-22 14:54:04.868 [info] > git for-each-ref --sort -committerdate --format %(refname)%00%(objectname)%00%(*objectname) [10ms]
2026-08-22 14:54:04.918 [info] > git status -z -uall [63ms]
2026-08-22 14:54:09.930 [info] > git config --get commit.template [5ms]
2026-08-22 14:54:09.939 [info] > git for-each-ref --format=%(refname)%00%(upstream:short)%00%(objectname)%00%(upstream:track)%00%(upstream:remotename)%00%(upstream:remoteref) refs/heads/master refs/remotes/master [11ms]
2026-08-22 14:54:09.939 [warning] [Git][getBranch] No such branch: master
2026-08-22 14:54:09.955 [info] > git for-each-ref --sort -committerdate --format %(refname)%00%(objectname)%00%(*objectname) [9ms]
2026-08-22 14:54:10.051 [info] > git status -z -uall [108ms]
2026-08-22 14:54:15.065 [info] > git config --get commit.template [7ms]
2026-08-22 14:54:15.074 [info] > git for-each-ref --format=%(refname)%00%(upstream:short)%00%(objectname)%00%(upstream:track)%00%(upstream:remotename)%00%(upstream:remoteref) refs/heads/master refs/remotes/master [12ms]
2026-08-22 14:54:15.075 [warning] [Git][getBranch] No such branch: master
2026-08-22 14:54:15.090 [info] > git for-each-ref --sort -committerdate --format %(refname)%00%(objectname)%00%(*objectname) [8ms]
2026-08-22 14:54:15.145 [info] > git status -z -uall [66ms]
2026-08-22 14:54:20.159 [info] > git config --get commit.template [6ms]
2026-08-22 14:54:20.168 [info] > git for-each-ref --format=%(refname)%00%(upstream:short)%00%(objectname)%00%(upstream:track)%00%(upstream:remotename)%00%(upstream:remoteref) refs/heads/master refs/remotes/master [12ms]
2026-08-22 14:54:20.169 [warning] [Git][getBranch] No such branch: master
2026-08-22 14:54:20.184 [info] > git for-each-ref --sort -committerdate --format %(refname)%00%(objectname)%00%(*objectname) [8ms]
2026-08-22 14:54:20.232 [info] > git status -z -uall [59ms]
2026-08-22 14:54:25.243 [info] > git config --get commit.template [5ms]
2026-08-22 14:54:25.253 [info] > git for-each-ref --format=%(refname)%00%(upstream:short)%00%(objectname)%00%(upstream:track)%00%(upstream:remotename)%00%(upstream:remoteref) refs/heads/master refs/remotes/master [11ms]
2026-08-22 14:54:25.253 [warning] [Git][getBranch] No such branch: master
2026-08-22 14:54:25.269 [info] > git for-each-ref --sort -committerdate --format %(refname)%00%(objectname)%00%(*objectname) [9ms]
2026-08-22 14:54:25.317 [info] > git status -z -uall [60ms]
2026-08-22 14:54:30.329 [info] > git config --get commit.template [6ms]
2026-08-22 14:54:30.338 [info] > git for-each-ref --format=%(refname)%00%(upstream:short)%00%(objectname)%00%(upstream:track)%00%(upstream:remotename)%00%(upstream:remoteref) refs/heads/master refs/remotes/master [11ms]
2026-08-22 14:54:30.338 [warning] [Git][getBranch] No such branch: master
2026-08-22 14:54:30.353 [info] > git for-each-ref --sort -committerdate --format %(refname)%00%(objectname)%00%(*objectname) [8ms]
2026-08-22 14:54:30.402 [info] > git status -z -uall [60ms]
2026-08-22 14:54:35.413 [info] > git config --get commit.template [5ms]
2026-08-22 14:54:35.422 [info] > git for-each-ref --format=%(refname)%00%(upstream:short)%00%(objectname)%00%(upstream:track)%00%(upstream:remotename)%00%(upstream:remoteref) refs/heads/master refs/remotes/master [10ms]
2026-08-22 14:54:35.422 [warning] [Git][getBranch] No such branch: master
2026-08-22 14:54:35.437 [info] > git for-each-ref --sort -committerdate --format %(refname)%00%(objectname)%00%(*objectname) [8ms]
2026-08-22 14:54:35.482 [info] > git status -z -uall [56ms]
2026-08-22 14:54:40.494 [info] > git config --get commit.template [5ms]
2026-08-22 14:54:40.503 [info] > git for-each-ref --format=%(refname)%00%(upstream:short)%00%(objectname)%00%(upstream:track)%00%(upstream:remotename)%00%(upstream:remoteref) refs/heads/master refs/remotes/master [10ms]
2026-08-22 14:54:40.503 [warning] [Git][getBranch] No such branch: master
2026-08-22 14:54:40.518 [info] > git for-each-ref --sort -committerdate --format %(refname)%00%(objectname)%00%(*objectname) [8ms]
2026-08-22 14:54:40.563 [info] > git status -z -uall [56ms]
2026-08-22 14:54:45.575 [info] > git config --get commit.template [5ms]
2026-08-22 14:54:45.584 [info] > git for-each-ref --format=%(refname)%00%(upstream:short)%00%(objectname)%00%(upstream:track)%00%(upstream:remotename)%00%(upstream:remoteref) refs/heads/master refs/remotes/master [11ms]
2026-08-22 14:54:45.584 [warning] [Git][getBranch] No such branch: master
2026-08-22 14:54:45.600 [info] > git for-each-ref --sort -committerdate --format %(refname)%00%(objectname)%00%(*objectname) [9ms]
2026-08-22 14:54:45.651 [info] > git status -z -uall [63ms]
2026-08-22 14:54:50.663 [info] > git config --get commit.template [5ms]
2026-08-22 14:54:50.672 [info] > git for-each-ref --format=%(refname)%00%(upstream:short)%00%(objectname)%00%(upstream:track)%00%(upstream:remotename)%00%(upstream:remoteref) refs/heads/master refs/remotes/master [10ms]
2026-08-22 14:54:50.672 [warning] [Git][getBranch] No such branch: master
2026-08-22 14:54:50.688 [info] > git for-each-ref --sort -committerdate --format %(refname)%00%(objectname)%00%(*objectname) [8ms]
2026-08-22 14:54:50.737 [info] > git status -z -uall [61ms]
2026-08-22 14:54:55.749 [info] > git config --get commit.template [4ms]
2026-08-22 14:54:55.757 [info] > git for-each-ref --format=%(refname)%00%(upstream:short)%00%(objectname)%00%(upstream:track)%00%(upstream:remotename)%00%(upstream:remoteref) refs/heads/master refs/remotes/master [10ms]
2026-08-22 14:54:55.757 [warning] [Git][getBranch] No such branch: master
2026-08-22 14:54:55.772 [info] > git for-each-ref --sort -committerdate --format %(refname)%00%(objectname)%00%(*objectname) [8ms]
2026-08-22 14:54:55.818 [info] > git status -z -uall [57ms]
2026-08-22 14:55:00.830 [info] > git config --get commit.template [5ms]
2026-08-22 14:55:00.840 [info] > git for-each-ref --format=%(refname)%00%(upstream:short)%00%(objectname)%00%(upstream:track)%00%(upstream:remotename)%00%(upstream:remoteref) refs/heads/master refs/remotes/master [12ms]
2026-08-22 14:55:00.840 [warning] [Git][getBranch] No such branch: master
2026-08-22 14:55:00.854 [info] > git for-each-ref --sort -committerdate --format %(refname)%00%(objectname)%00%(*objectname) [8ms]
2026-08-22 14:55:00.902 [info] > git status -z -uall [58ms]
2026-08-22 14:55:05.914 [info] > git config --get commit.template [5ms]
2026-08-22 14:55:05.924 [info] > git for-each-ref --format=%(refname)%00%(upstream:short)%00%(objectname)%00%(upstream:track)%00%(upstream:remotename)%00%(upstream:remoteref) refs/heads/master refs/remotes/master [12ms]
2026-08-22 14:55:05.924 [warning] [Git][getBranch] No such branch: master
2026-08-22 14:55:05.943 [info] > git for-each-ref --sort -committerdate --format %(refname)%00%(objectname)%00%(*objectname) [12ms]
2026-08-22 14:55:05.994 [info] > git status -z -uall [66ms]
2026-08-22 14:55:11.007 [info] > git config --get commit.template [5ms]
2026-08-22 14:55:11.018 [info] > git for-each-ref --format=%(refname)%00%(upstream:short)%00%(objectname)%00%(upstream:track)%00%(upstream:remotename)%00%(upstream:remoteref) refs/heads/master refs/remotes/master [11ms]
2026-08-22 14:55:11.018 [warning] [Git][getBranch] No such branch: master
2026-08-22 14:55:11.041 [info] > git for-each-ref --sort -committerdate --format %(refname)%00%(objectname)%00%(*objectname) [13ms]
2026-08-22 14:55:11.147 [info] > git status -z -uall [124ms]
2026-08-22 14:55:16.167 [info] > git config --get commit.template [10ms]
2026-08-22 14:55:16.177 [info] > git for-each-ref --format=%(refname)%00%(upstream:short)%00%(objectname)%00%(upstream:track)%00%(upstream:remotename)%00%(upstream:remoteref) refs/heads/master refs/remotes/master [13ms]
2026-08-22 14:55:16.177 [warning] [Git][getBranch] No such branch: master
2026-08-22 14:55:16.211 [info] > git for-each-ref --sort -committerdate --format %(refname)%00%(objectname)%00%(*objectname) [11ms]
2026-08-22 14:55:16.281 [info] > git status -z -uall [96ms]
2026-08-22 14:55:21.295 [info] > git config --get commit.template [5ms]
2026-08-22 14:55:21.304 [info] > git for-each-ref --format=%(refname)%00%(upstream:short)%00%(objectname)%00%(upstream:track)%00%(upstream:remotename)%00%(upstream:remoteref) refs/heads/master refs/remotes/master [10ms]
2026-08-22 14:55:21.304 [warning] [Git][getBranch] No such branch: master
2026-08-22 14:55:21.323 [info] > git for-each-ref --sort -committerdate --format %(refname)%00%(objectname)%00%(*objectname) [11ms]
2026-08-22 14:55:21.374 [info] > git status -z -uall [66ms]
2026-08-22 14:55:26.385 [info] > git config --get commit.template [5ms]
2026-08-22 14:55:26.394 [info] > git for-each-ref --format=%(refname)%00%(upstream:short)%00%(objectname)%00%(upstream:track)%00%(upstream:remotename)%00%(upstream:remoteref) refs/heads/master refs/remotes/master [10ms]
2026-08-22 14:55:26.394 [warning] [Git][getBranch] No such branch: master
2026-08-22 14:55:26.411 [info] > git for-each-ref --sort -committerdate --format %(refname)%00%(objectname)%00%(*objectname) [10ms]
2026-08-22 14:55:26.462 [info] > git status -z -uall [64ms]
2026-08-22 14:55:31.475 [info] > git config --get commit.template [5ms]
2026-08-22 14:55:31.484 [info] > git for-each-ref --format=%(refname)%00%(upstream:short)%00%(objectname)%00%(upstream:track)%00%(upstream:remotename)%00%(upstream:remoteref) refs/heads/master refs/remotes/master [10ms]
2026-08-22 14:55:31.484 [warning] [Git][getBranch] No such branch: master
2026-08-22 14:55:31.500 [info] > git for-each-ref --sort -committerdate --format %(refname)%00%(objectname)%00%(*objectname) [9ms]
2026-08-22 14:55:31.548 [info] > git status -z -uall [60ms]
2026-08-22 14:55:36.562 [info] > git config --get commit.template [6ms]
2026-08-22 14:55:36.571 [info] > git for-each-ref --format=%(refname)%00%(upstream:short)%00%(objectname)%00%(upstream:track)%00%(upstream:remotename)%00%(upstream:remoteref) refs/heads/master refs/remotes/master [10ms]
2026-08-22 14:55:36.571 [warning] [Git][getBranch] No such branch: master
2026-08-22 14:55:36.594 [info] > git for-each-ref --sort -committerdate --format %(refname)%00%(objectname)%00%(*objectname) [12ms]
2026-08-22 14:55:36.652 [info] > git status -z -uall [75ms]
2026-08-22 14:55:41.666 [info] > git config --get commit.template [5ms]
2026-08-22 14:55:41.675 [info] > git for-each-ref --format=%(refname)%00%(upstream:short)%00%(objectname)%00%(upstream:track)%00%(upstream:remotename)%00%(upstream:remoteref) refs/heads/master refs/remotes/master [11ms]
2026-08-22 14:55:41.675 [warning] [Git][getBranch] No such branch: master
2026-08-22 14:55:41.693 [info] > git for-each-ref --sort -committerdate --format %(refname)%00%(objectname)%00%(*objectname) [9ms]
2026-08-22 14:55:41.740 [info] > git status -z -uall [60ms]
2026-08-22 14:55:46.752 [info] > git config --get commit.template [5ms]
2026-08-22 14:55:46.762 [info] > git for-each-ref --format=%(refname)%00%(upstream:short)%00%(objectname)%00%(upstream:track)%00%(upstream:remotename)%00%(upstream:remoteref) refs/heads/master refs/remotes/master [11ms]
2026-08-22 14:55:46.762 [warning] [Git][getBranch] No such branch: master
2026-08-22 14:55:46.778 [info] > git for-each-ref --sort -committerdate --format %(refname)%00%(objectname)%00%(*objectname) [9ms]
2026-08-22 14:55:46.827 [info] > git status -z -uall [61ms]
2026-08-22 14:55:51.839 [info] > git config --get commit.template [6ms]
2026-08-22 14:55:51.857 [info] > git for-each-ref --format=%(refname)%00%(upstream:short)%00%(objectname)%00%(upstream:track)%00%(upstream:remotename)%00%(upstream:remoteref) refs/heads/master refs/remotes/master [19ms]
2026-08-22 14:55:51.857 [warning] [Git][getBranch] No such branch: master
2026-08-22 14:55:51.872 [info] > git for-each-ref --sort -committerdate --format %(refname)%00%(objectname)%00%(*objectname) [8ms]
2026-08-22 14:55:51.923 [info] > git status -z -uall [62ms]
2026-08-22 14:55:56.934 [info] > git config --get commit.template [5ms]
2026-08-22 14:55:56.944 [info] > git for-each-ref --format=%(refname)%00%(upstream:short)%00%(objectname)%00%(upstream:track)%00%(upstream:remotename)%00%(upstream:remoteref) refs/heads/master refs/remotes/master [11ms]
2026-08-22 14:55:56.944 [warning] [Git][getBranch] No such branch: master
2026-08-22 14:55:56.961 [info] > git for-each-ref --sort -committerdate --format %(refname)%00%(objectname)%00%(*objectname) [10ms]
2026-08-22 14:55:57.008 [info] > git status -z -uall [59ms]
2026-08-22 14:56:02.020 [info] > git config --get commit.template [5ms]
2026-08-22 14:56:02.030 [info] > git for-each-ref --format=%(refname)%00%(upstream:short)%00%(objectname)%00%(upstream:track)%00%(upstream:remotename)%00%(upstream:remoteref) refs/heads/master refs/remotes/master [11ms]
2026-08-22 14:56:02.030 [warning] [Git][getBranch] No such branch: master
2026-08-22 14:56:02.046 [info] > git for-each-ref --sort -committerdate --format %(refname)%00%(objectname)%00%(*objectname) [9ms]
2026-08-22 14:56:02.098 [info] > git status -z -uall [64ms]
2026-08-22 14:56:07.110 [info] > git config --get commit.template [5ms]
2026-08-22 14:56:07.119 [info] > git for-each-ref --format=%(refname)%00%(upstream:short)%00%(objectname)%00%(upstream:track)%00%(upstream:remotename)%00%(upstream:remoteref) refs/heads/master refs/remotes/master [11ms]
2026-08-22 14:56:07.119 [warning] [Git][getBranch] No such branch: master
2026-08-22 14:56:07.133 [info] > git for-each-ref --sort -committerdate --format %(refname)%00%(objectname)%00%(*objectname) [7ms]
2026-08-22 14:56:07.181 [info] > git status -z -uall [58ms]
2026-08-22 14:56:12.194 [info] > git config --get commit.template [5ms]
2026-08-22 14:56:12.203 [info] > git for-each-ref --format=%(refname)%00%(upstream:short)%00%(objectname)%00%(upstream:track)%00%(upstream:remotename)%00%(upstream:remoteref) refs/heads/master refs/remotes/master [10ms]
2026-08-22 14:56:12.203 [warning] [Git][getBranch] No such branch: master
2026-08-22 14:56:12.218 [info] > git for-each-ref --sort -committerdate --format %(refname)%00%(objectname)%00%(*objectname) [9ms]
2026-08-22 14:56:12.310 [info] > git status -z -uall [104ms]
2026-08-22 14:56:17.324 [info] > git config --get commit.template [7ms]
2026-08-22 14:56:17.335 [info] > git for-each-ref --format=%(refname)%00%(upstream:short)%00%(objectname)%00%(upstream:track)%00%(upstream:remotename)%00%(upstream:remoteref) refs/heads/master refs/remotes/master [14ms]
2026-08-22 14:56:17.335 [warning] [Git][getBranch] No such branch: master
2026-08-22 14:56:17.351 [info] > git for-each-ref --sort -committerdate --format %(refname)%00%(objectname)%00%(*objectname) [9ms]
2026-08-22 14:56:17.413 [info] > git status -z -uall [74ms]
2026-08-22 14:56:22.424 [info] > git config --get commit.template [5ms]
2026-08-22 14:56:22.433 [info] > git for-each-ref --format=%(refname)%00%(upstream:short)%00%(objectname)%00%(upstream:track)%00%(upstream:remotename)%00%(upstream:remoteref) refs/heads/master refs/remotes/master [10ms]
2026-08-22 14:56:22.434 [warning] [Git][getBranch] No such branch: master
2026-08-22 14:56:22.449 [info] > git for-each-ref --sort -committerdate --format %(refname)%00%(objectname)%00%(*objectname) [9ms]
2026-08-22 14:56:22.496 [info] > git status -z -uall [59ms]
2026-08-22 14:56:27.508 [info] > git config --get commit.template [5ms]
2026-08-22 14:56:27.518 [info] > git for-each-ref --format=%(refname)%00%(upstream:short)%00%(objectname)%00%(upstream:track)%00%(upstream:remotename)%00%(upstream:remoteref) refs/heads/master refs/remotes/master [11ms]
2026-08-22 14:56:27.518 [warning] [Git][getBranch] No such branch: master
2026-08-22 14:56:27.533 [info] > git for-each-ref --sort -committerdate --format %(refname)%00%(objectname)%00%(*objectname) [7ms]
2026-08-22 14:56:27.582 [info] > git status -z -uall [60ms]
2026-08-22 14:56:32.594 [info] > git config --get commit.template [5ms]
2026-08-22 14:56:32.604 [info] > git for-each-ref --format=%(refname)%00%(upstream:short)%00%(objectname)%00%(upstream:track)%00%(upstream:remotename)%00%(upstream:remoteref) refs/heads/master refs/remotes/master [11ms]
2026-08-22 14:56:32.604 [warning] [Git][getBranch] No such branch: master
2026-08-22 14:56:32.621 [info] > git for-each-ref --sort -committerdate --format %(refname)%00%(objectname)%00%(*objectname) [11ms]
2026-08-22 14:56:32.669 [info] > git status -z -uall [61ms]
2026-08-22 14:56:37.682 [info] > git config --get commit.template [5ms]
2026-08-22 14:56:37.692 [info] > git for-each-ref --format=%(refname)%00%(upstream:short)%00%(objectname)%00%(upstream:track)%00%(upstream:remotename)%00%(upstream:remoteref) refs/heads/master refs/remotes/master [12ms]
2026-08-22 14:56:37.692 [warning] [Git][getBranch] No such branch: master
2026-08-22 14:56:37.713 [info] > git for-each-ref --sort -committerdate --format %(refname)%00%(objectname)%00%(*objectname) [13ms]
2026-08-22 14:56:37.764 [info] > git status -z -uall [67ms]
2026-08-22 14:56:42.776 [info] > git config --get commit.template [6ms]
2026-08-22 14:56:42.785 [info] > git for-each-ref --format=%(refname)%00%(upstream:short)%00%(objectname)%00%(upstream:track)%00%(upstream:remotename)%00%(upstream:remoteref) refs/heads/master refs/remotes/master [11ms]
2026-08-22 14:56:42.785 [warning] [Git][getBranch] No such branch: master
2026-08-22 14:56:42.800 [info] > git for-each-ref --sort -committerdate --format %(refname)%00%(objectname)%00%(*objectname) [8ms]
2026-08-22 14:56:42.848 [info] > git status -z -uall [59ms]
2026-08-22 14:56:47.859 [info] > git config --get commit.template [5ms]
2026-08-22 14:56:47.868 [info] > git for-each-ref --format=%(refname)%00%(upstream:short)%00%(objectname)%00%(upstream:track)%00%(upstream:remotename)%00%(upstream:remoteref) refs/heads/master refs/remotes/master [11ms]
2026-08-22 14:56:47.868 [warning] [Git][getBranch] No such branch: master
2026-08-22 14:56:47.882 [info] > git for-each-ref --sort -committerdate --format %(refname)%00%(objectname)%00%(*objectname) [8ms]
2026-08-22 14:56:47.929 [info] > git status -z -uall [58ms]
2026-08-22 14:56:52.941 [info] > git config --get commit.template [5ms]
2026-08-22 14:56:52.951 [info] > git for-each-ref --format=%(refname)%00%(upstream:short)%00%(objectname)%00%(upstream:track)%00%(upstream:remotename)%00%(upstream:remoteref) refs/heads/master refs/remotes/master [11ms]
2026-08-22 14:56:52.952 [warning] [Git][getBranch] No such branch: master
2026-08-22 14:56:52.969 [info] > git for-each-ref --sort -committerdate --format %(refname)%00%(objectname)%00%(*objectname) [10ms]
2026-08-22 14:56:53.017 [info] > git status -z -uall [62ms]
2026-08-22 14:56:58.029 [info] > git config --get commit.template [5ms]
2026-08-22 14:56:58.038 [info] > git for-each-ref --format=%(refname)%00%(upstream:short)%00%(objectname)%00%(upstream:track)%00%(upstream:remotename)%00%(upstream:remoteref) refs/heads/master refs/remotes/master [11ms]
2026-08-22 14:56:58.038 [warning] [Git][getBranch] No such branch: master
2026-08-22 14:56:58.054 [info] > git for-each-ref --sort -committerdate --format %(refname)%00%(objectname)%00%(*objectname) [10ms]
2026-08-22 14:56:58.102 [info] > git status -z -uall [60ms]
2026-08-22 14:57:03.115 [info] > git config --get commit.template [5ms]
2026-08-22 14:57:03.124 [info] > git for-each-ref --format=%(refname)%00%(upstream:short)%00%(objectname)%00%(upstream:track)%00%(upstream:remotename)%00%(upstream:remoteref) refs/heads/master refs/remotes/master [10ms]
2026-08-22 14:57:03.124 [warning] [Git][getBranch] No such branch: master
2026-08-22 14:57:03.148 [info] > git for-each-ref --sort -committerdate --format %(refname)%00%(objectname)%00%(*objectname) [8ms]
2026-08-22 14:57:03.197 [info] > git status -z -uall [60ms]
2026-08-22 14:57:08.208 [info] > git config --get commit.template [5ms]
2026-08-22 14:57:08.218 [info] > git for-each-ref --format=%(refname)%00%(upstream:short)%00%(objectname)%00%(upstream:track)%00%(upstream:remotename)%00%(upstream:remoteref) refs/heads/master refs/remotes/master [11ms]
2026-08-22 14:57:08.218 [warning] [Git][getBranch] No such branch: master
2026-08-22 14:57:08.233 [info] > git for-each-ref --sort -committerdate --format %(refname)%00%(objectname)%00%(*objectname) [8ms]
2026-08-22 14:57:08.279 [info] > git status -z -uall [57ms]
2026-08-22 14:57:13.294 [info] > git config --get commit.template [6ms]
2026-08-22 14:57:13.304 [info] > git for-each-ref --format=%(refname)%00%(upstream:short)%00%(objectname)%00%(upstream:track)%00%(upstream:remotename)%00%(upstream:remoteref) refs/heads/master refs/remotes/master [10ms]
2026-08-22 14:57:13.304 [warning] [Git][getBranch] No such branch: master
2026-08-22 14:57:13.320 [info] > git for-each-ref --sort -committerdate --format %(refname)%00%(objectname)%00%(*objectname) [8ms]
2026-08-22 14:57:13.416 [info] > git status -z -uall [107ms]
2026-08-22 14:57:18.428 [info] > git config --get commit.template [6ms]
2026-08-22 14:57:18.437 [info] > git for-each-ref --format=%(refname)%00%(upstream:short)%00%(objectname)%00%(upstream:track)%00%(upstream:remotename)%00%(upstream:remoteref) refs/heads/master refs/remotes/master [11ms]
2026-08-22 14:57:18.437 [warning] [Git][getBranch] No such branch: master
2026-08-22 14:57:18.453 [info] > git for-each-ref --sort -committerdate --format %(refname)%00%(objectname)%00%(*objectname) [9ms]
2026-08-22 14:57:18.505 [info] > git status -z -uall [64ms]
2026-08-22 14:57:23.517 [info] > git config --get commit.template [5ms]
2026-08-22 14:57:23.528 [info] > git for-each-ref --format=%(refname)%00%(upstream:short)%00%(objectname)%00%(upstream:track)%00%(upstream:remotename)%00%(upstream:remoteref) refs/heads/master refs/remotes/master [12ms]
2026-08-22 14:57:23.528 [warning] [Git][getBranch] No such branch: master
2026-08-22 14:57:23.544 [info] > git for-each-ref --sort -committerdate --format %(refname)%00%(objectname)%00%(*objectname) [9ms]
2026-08-22 14:57:23.590 [info] > git status -z -uall [59ms]
2026-08-22 14:57:28.603 [info] > git config --get commit.template [5ms]
2026-08-22 14:57:28.612 [info] > git for-each-ref --format=%(refname)%00%(upstream:short)%00%(objectname)%00%(upstream:track)%00%(upstream:remotename)%00%(upstream:remoteref) refs/heads/master refs/remotes/master [10ms]
2026-08-22 14:57:28.612 [warning] [Git][getBranch] No such branch: master
2026-08-22 14:57:28.628 [info] > git for-each-ref --sort -committerdate --format %(refname)%00%(objectname)%00%(*objectname) [9ms]
2026-08-22 14:57:28.676 [info] > git status -z -uall [60ms]
2026-08-22 14:57:33.688 [info] > git config --get commit.template [5ms]
2026-08-22 14:57:33.697 [info] > git for-each-ref --format=%(refname)%00%(upstream:short)%00%(objectname)%00%(upstream:track)%00%(upstream:remotename)%00%(upstream:remoteref) refs/heads/master refs/remotes/master [10ms]
2026-08-22 14:57:33.697 [warning] [Git][getBranch] No such branch: master
2026-08-22 14:57:33.713 [info] > git for-each-ref --sort -committerdate --format %(refname)%00%(objectname)%00%(*objectname) [8ms]
2026-08-22 14:57:33.762 [info] > git status -z -uall [61ms]
2026-08-22 14:57:38.773 [info] > git config --get commit.template [5ms]
2026-08-22 14:57:38.782 [info] > git for-each-ref --format=%(refname)%00%(upstream:short)%00%(objectname)%00%(upstream:track)%00%(upstream:remotename)%00%(upstream:remoteref) refs/heads/master refs/remotes/master [10ms]
2026-08-22 14:57:38.783 [warning] [Git][getBranch] No such branch: master
2026-08-22 14:57:38.802 [info] > git for-each-ref --sort -committerdate --format %(refname)%00%(objectname)%00%(*objectname) [10ms]
2026-08-22 14:57:38.853 [info] > git status -z -uall [65ms]
2026-08-22 14:57:43.865 [info] > git config --get commit.template [5ms]
2026-08-22 14:57:43.874 [info] > git for-each-ref --format=%(refname)%00%(upstream:short)%00%(objectname)%00%(upstream:track)%00%(upstream:remotename)%00%(upstream:remoteref) refs/heads/master refs/remotes/master [10ms]
2026-08-22 14:57:43.874 [warning] [Git][getBranch] No such branch: master
2026-08-22 14:57:43.892 [info] > git for-each-ref --sort -committerdate --format %(refname)%00%(objectname)%00%(*objectname) [9ms]
2026-08-22 14:57:43.942 [info] > git status -z -uall [63ms]
2026-08-22 14:57:48.954 [info] > git config --get commit.template [5ms]
2026-08-22 14:57:48.963 [info] > git for-each-ref --format=%(refname)%00%(upstream:short)%00%(objectname)%00%(upstream:track)%00%(upstream:remotename)%00%(upstream:remoteref) refs/heads/master refs/remotes/master [10ms]
2026-08-22 14:57:48.963 [warning] [Git][getBranch] No such branch: master
2026-08-22 14:57:48.979 [info] > git for-each-ref --sort -committerdate --format %(refname)%00%(objectname)%00%(*objectname) [9ms]
2026-08-22 14:57:49.028 [info] > git status -z -uall [61ms]
2026-08-22 14:57:54.040 [info] > git config --get commit.template [6ms]
2026-08-22 14:57:54.048 [info] > git for-each-ref --format=%(refname)%00%(upstream:short)%00%(objectname)%00%(upstream:track)%00%(upstream:remotename)%00%(upstream:remoteref) refs/heads/master refs/remotes/master [10ms]
2026-08-22 14:57:54.048 [warning] [Git][getBranch] No such branch: master
2026-08-22 14:57:54.064 [info] > git for-each-ref --sort -committerdate --format %(refname)%00%(objectname)%00%(*objectname) [9ms]
2026-08-22 14:57:54.114 [info] > git status -z -uall [61ms]
2026-08-22 14:57:59.126 [info] > git config --get commit.template [5ms]
2026-08-22 14:57:59.136 [info] > git for-each-ref --format=%(refname)%00%(upstream:short)%00%(objectname)%00%(upstream:track)%00%(upstream:remotename)%00%(upstream:remoteref) refs/heads/master refs/remotes/master [12ms]
2026-08-22 14:57:59.136 [warning] [Git][getBranch] No such branch: master
2026-08-22 14:57:59.152 [info] > git for-each-ref --sort -committerdate --format %(refname)%00%(objectname)%00%(*objectname) [9ms]
2026-08-22 14:57:59.204 [info] > git status -z -uall [64ms]
2026-08-22 14:58:04.216 [info] > git config --get commit.template [5ms]
2026-08-22 14:58:04.226 [info] > git for-each-ref --format=%(refname)%00%(upstream:short)%00%(objectname)%00%(upstream:track)%00%(upstream:remotename)%00%(upstream:remoteref) refs/heads/master refs/remotes/master [11ms]
2026-08-22 14:58:04.226 [warning] [Git][getBranch] No such branch: master
2026-08-22 14:58:04.243 [info] > git for-each-ref --sort -committerdate --format %(refname)%00%(objectname)%00%(*objectname) [10ms]
2026-08-22 14:58:04.293 [info] > git status -z -uall [63ms]
2026-08-22 14:58:09.307 [info] > git config --get commit.template [7ms]
2026-08-22 14:58:09.315 [info] > git for-each-ref --format=%(refname)%00%(upstream:short)%00%(objectname)%00%(upstream:track)%00%(upstream:remotename)%00%(upstream:remoteref) refs/heads/master refs/remotes/master [11ms]
2026-08-22 14:58:09.316 [warning] [Git][getBranch] No such branch: master
2026-08-22 14:58:09.340 [info] > git for-each-ref --sort -committerdate --format %(refname)%00%(objectname)%00%(*objectname) [9ms]
2026-08-22 14:58:09.389 [info] > git status -z -uall [61ms]
2026-08-22 14:58:16.683 [info] > git config --get commit.template [5ms]
2026-08-22 14:58:16.694 [info] > git for-each-ref --format=%(refname)%00%(upstream:short)%00%(objectname)%00%(upstream:track)%00%(upstream:remotename)%00%(upstream:remoteref) refs/heads/master refs/remotes/master [11ms]
2026-08-22 14:58:16.694 [warning] [Git][getBranch] No such branch: master
2026-08-22 14:58:16.711 [info] > git for-each-ref --sort -committerdate --format %(refname)%00%(objectname)%00%(*objectname) [11ms]
2026-08-22 14:58:16.809 [info] > git status -z -uall [111ms]
2026-08-22 14:58:21.822 [info] > git config --get commit.template [6ms]
2026-08-22 14:58:21.832 [info] > git for-each-ref --format=%(refname)%00%(upstream:short)%00%(objectname)%00%(upstream:track)%00%(upstream:remotename)%00%(upstream:remoteref) refs/heads/master refs/remotes/master [13ms]
2026-08-22 14:58:21.832 [warning] [Git][getBranch] No such branch: master
2026-08-22 14:58:21.847 [info] > git for-each-ref --sort -committerdate --format %(refname)%00%(objectname)%00%(*objectname) [8ms]
2026-08-22 14:58:21.904 [info] > git status -z -uall [68ms]
2026-08-22 14:58:26.917 [info] > git config --get commit.template [5ms]
2026-08-22 14:58:26.925 [info] > git for-each-ref --format=%(refname)%00%(upstream:short)%00%(objectname)%00%(upstream:track)%00%(upstream:remotename)%00%(upstream:remoteref) refs/heads/master refs/remotes/master [10ms]
2026-08-22 14:58:26.926 [warning] [Git][getBranch] No such branch: master
2026-08-22 14:58:26.941 [info] > git for-each-ref --sort -committerdate --format %(refname)%00%(objectname)%00%(*objectname) [8ms]
2026-08-22 14:58:26.989 [info] > git status -z -uall [59ms]
2026-08-22 14:58:32.001 [info] > git config --get commit.template [6ms]
2026-08-22 14:58:32.010 [info] > git for-each-ref --format=%(refname)%00%(upstream:short)%00%(objectname)%00%(upstream:track)%00%(upstream:remotename)%00%(upstream:remoteref) refs/heads/master refs/remotes/master [11ms]
2026-08-22 14:58:32.010 [warning] [Git][getBranch] No such branch: master
2026-08-22 14:58:32.029 [info] > git for-each-ref --sort -committerdate --format %(refname)%00%(objectname)%00%(*objectname) [12ms]
2026-08-22 14:58:32.077 [info] > git status -z -uall [63ms]
2026-08-22 14:58:37.091 [info] > git config --get commit.template [5ms]
2026-08-22 14:58:37.102 [info] > git for-each-ref --format=%(refname)%00%(upstream:short)%00%(objectname)%00%(upstream:track)%00%(upstream:remotename)%00%(upstream:remoteref) refs/heads/master refs/remotes/master [12ms]
2026-08-22 14:58:37.103 [warning] [Git][getBranch] No such branch: master
2026-08-22 14:58:37.119 [info] > git for-each-ref --sort -committerdate --format %(refname)%00%(objectname)%00%(*objectname) [9ms]
2026-08-22 14:58:37.173 [info] > git status -z -uall [66ms]
2026-08-22 14:58:42.185 [info] > git config --get commit.template [5ms]
2026-08-22 14:58:42.194 [info] > git for-each-ref --format=%(refname)%00%(upstream:short)%00%(objectname)%00%(upstream:track)%00%(upstream:remotename)%00%(upstream:remoteref) refs/heads/master refs/remotes/master [11ms]
2026-08-22 14:58:42.194 [warning] [Git][getBranch] No such branch: master
2026-08-22 14:58:42.209 [info] > git for-each-ref --sort -committerdate --format %(refname)%00%(objectname)%00%(*objectname) [8ms]
2026-08-22 14:58:42.255 [info] > git status -z -uall [57ms]
2026-08-22 14:58:47.269 [info] > git config --get commit.template [5ms]
2026-08-22 14:58:47.280 [info] > git for-each-ref --format=%(refname)%00%(upstream:short)%00%(objectname)%00%(upstream:track)%00%(upstream:remotename)%00%(upstream:remoteref) refs/heads/master refs/remotes/master [12ms]
2026-08-22 14:58:47.281 [warning] [Git][getBranch] No such branch: master
2026-08-22 14:58:47.298 [info] > git for-each-ref --sort -committerdate --format %(refname)%00%(objectname)%00%(*objectname) [9ms]
2026-08-22 14:58:47.354 [info] > git status -z -uall [69ms]
2026-08-22 14:58:52.365 [info] > git config --get commit.template [5ms]
2026-08-22 14:58:52.375 [info] > git for-each-ref --format=%(refname)%00%(upstream:short)%00%(objectname)%00%(upstream:track)%00%(upstream:remotename)%00%(upstream:remoteref) refs/heads/master refs/remotes/master [11ms]
2026-08-22 14:58:52.375 [warning] [Git][getBranch] No such branch: master
2026-08-22 14:58:52.390 [info] > git for-each-ref --sort -committerdate --format %(refname)%00%(objectname)%00%(*objectname) [8ms]
2026-08-22 14:58:52.444 [info] > git status -z -uall [65ms]
2026-08-22 14:58:57.455 [info] > git config --get commit.template [5ms]
2026-08-22 14:58:57.465 [info] > git for-each-ref --format=%(refname)%00%(upstream:short)%00%(objectname)%00%(upstream:track)%00%(upstream:remotename)%00%(upstream:remoteref) refs/heads/master refs/remotes/master [11ms]
2026-08-22 14:58:57.466 [warning] [Git][getBranch] No such branch: master
2026-08-22 14:58:57.480 [info] > git for-each-ref --sort -committerdate --format %(refname)%00%(objectname)%00%(*objectname) [8ms]
2026-08-22 14:58:57.527 [info] > git status -z -uall [58ms]
2026-08-22 14:59:02.546 [info] > git config --get commit.template [11ms]
2026-08-22 14:59:02.556 [info] > git for-each-ref --format=%(refname)%00%(upstream:short)%00%(objectname)%00%(upstream:track)%00%(upstream:remotename)%00%(upstream:remoteref) refs/heads/master refs/remotes/master [17ms]
2026-08-22 14:59:02.556 [warning] [Git][getBranch] No such branch: master
2026-08-22 14:59:02.573 [info] > git for-each-ref --sort -committerdate --format %(refname)%00%(objectname)%00%(*objectname) [10ms]
2026-08-22 14:59:02.623 [info] > git status -z -uall [63ms]
2026-08-22 14:59:07.636 [info] > git config --get commit.template [5ms]
2026-08-22 14:59:07.645 [info] > git for-each-ref --format=%(refname)%00%(upstream:short)%00%(objectname)%00%(upstream:track)%00%(upstream:remotename)%00%(upstream:remoteref) refs/heads/master refs/remotes/master [10ms]
2026-08-22 14:59:07.645 [warning] [Git][getBranch] No such branch: master
2026-08-22 14:59:07.661 [info] > git for-each-ref --sort -committerdate --format %(refname)%00%(objectname)%00%(*objectname) [9ms]
2026-08-22 14:59:07.709 [info] > git status -z -uall [60ms]
2026-08-22 14:59:12.723 [info] > git config --get commit.template [5ms]
2026-08-22 14:59:12.732 [info] > git for-each-ref --format=%(refname)%00%(upstream:short)%00%(objectname)%00%(upstream:track)%00%(upstream:remotename)%00%(upstream:remoteref) refs/heads/master refs/remotes/master [9ms]
2026-08-22 14:59:12.732 [warning] [Git][getBranch] No such branch: master
2026-08-22 14:59:12.748 [info] > git for-each-ref --sort -committerdate --format %(refname)%00%(objectname)%00%(*objectname) [9ms]
2026-08-22 14:59:12.797 [info] > git status -z -uall [61ms]
2026-08-22 14:59:17.811 [info] > git config --get commit.template [5ms]
2026-08-22 14:59:17.820 [info] > git for-each-ref --format=%(refname)%00%(upstream:short)%00%(objectname)%00%(upstream:track)%00%(upstream:remotename)%00%(upstream:remoteref) refs/heads/master refs/remotes/master [11ms]
2026-08-22 14:59:17.820 [warning] [Git][getBranch] No such branch: master
2026-08-22 14:59:17.836 [info] > git for-each-ref --sort -committerdate --format %(refname)%00%(objectname)%00%(*objectname) [9ms]
2026-08-22 14:59:17.927 [info] > git status -z -uall [103ms]
2026-08-22 14:59:22.941 [info] > git config --get commit.template [6ms]
2026-08-22 14:59:22.950 [info] > git for-each-ref --format=%(refname)%00%(upstream:short)%00%(objectname)%00%(upstream:track)%00%(upstream:remotename)%00%(upstream:remoteref) refs/heads/master refs/remotes/master [11ms]
2026-08-22 14:59:22.950 [warning] [Git][getBranch] No such branch: master
2026-08-22 14:59:22.966 [info] > git for-each-ref --sort -committerdate --format %(refname)%00%(objectname)%00%(*objectname) [9ms]
2026-08-22 14:59:23.016 [info] > git status -z -uall [62ms]
2026-08-22 14:59:28.028 [info] > git config --get commit.template [6ms]
2026-08-22 14:59:28.038 [info] > git for-each-ref --format=%(refname)%00%(upstream:short)%00%(objectname)%00%(upstream:track)%00%(upstream:remotename)%00%(upstream:remoteref) refs/heads/master refs/remotes/master [12ms]
2026-08-22 14:59:28.038 [warning] [Git][getBranch] No such branch: master
2026-08-22 14:59:28.055 [info] > git for-each-ref --sort -committerdate --format %(refname)%00%(objectname)%00%(*objectname) [9ms]
2026-08-22 14:59:28.107 [info] > git status -z -uall [64ms]
2026-08-22 14:59:33.120 [info] > git config --get commit.template [6ms]
2026-08-22 14:59:33.130 [info] > git for-each-ref --format=%(refname)%00%(upstream:short)%00%(objectname)%00%(upstream:track)%00%(upstream:remotename)%00%(upstream:remoteref) refs/heads/master refs/remotes/master [12ms]
2026-08-22 14:59:33.130 [warning] [Git][getBranch] No such branch: master
2026-08-22 14:59:33.149 [info] > git for-each-ref --sort -committerdate --format %(refname)%00%(objectname)%00%(*objectname) [11ms]
2026-08-22 14:59:33.201 [info] > git status -z -uall [66ms]
2026-08-22 14:59:38.214 [info] > git config --get commit.template [7ms]
2026-08-22 14:59:38.224 [info] > git for-each-ref --format=%(refname)%00%(upstream:short)%00%(objectname)%00%(upstream:track)%00%(upstream:remotename)%00%(upstream:remoteref) refs/heads/master refs/remotes/master [14ms]
2026-08-22 14:59:38.224 [warning] [Git][getBranch] No such branch: master
2026-08-22 14:59:38.240 [info] > git for-each-ref --sort -committerdate --format %(refname)%00%(objectname)%00%(*objectname) [10ms]
2026-08-22 14:59:38.292 [info] > git status -z -uall [65ms]
2026-08-22 14:59:43.304 [info] > git config --get commit.template [6ms]
2026-08-22 14:59:43.312 [info] > git for-each-ref --format=%(refname)%00%(upstream:short)%00%(objectname)%00%(upstream:track)%00%(upstream:remotename)%00%(upstream:remoteref) refs/heads/master refs/remotes/master [11ms]
2026-08-22 14:59:43.312 [warning] [Git][getBranch] No such branch: master
2026-08-22 14:59:43.330 [info] > git for-each-ref --sort -committerdate --format %(refname)%00%(objectname)%00%(*objectname) [12ms]
2026-08-22 14:59:43.379 [info] > git status -z -uall [63ms]
2026-08-22 14:59:48.391 [info] > git config --get commit.template [6ms]
2026-08-22 14:59:48.401 [info] > git for-each-ref --format=%(refname)%00%(upstream:short)%00%(objectname)%00%(upstream:track)%00%(upstream:remotename)%00%(upstream:remoteref) refs/heads/master refs/remotes/master [11ms]
2026-08-22 14:59:48.401 [warning] [Git][getBranch] No such branch: master
2026-08-22 14:59:48.418 [info] > git for-each-ref --sort -committerdate --format %(refname)%00%(objectname)%00%(*objectname) [9ms]
2026-08-22 14:59:48.467 [info] > git status -z -uall [62ms]
2026-08-22 14:59:53.479 [info] > git config --get commit.template [5ms]
2026-08-22 14:59:53.489 [info] > git for-each-ref --format=%(refname)%00%(upstream:short)%00%(objectname)%00%(upstream:track)%00%(upstream:remotename)%00%(upstream:remoteref) refs/heads/master refs/remotes/master [11ms]
2026-08-22 14:59:53.489 [warning] [Git][getBranch] No such branch: master
2026-08-22 14:59:53.506 [info] > git for-each-ref --sort -committerdate --format %(refname)%00%(objectname)%00%(*objectname) [10ms]
2026-08-22 14:59:53.554 [info] > git status -z -uall [61ms]
2026-08-22 14:59:58.566 [info] > git config --get commit.template [5ms]
2026-08-22 14:59:58.575 [info] > git for-each-ref --format=%(refname)%00%(upstream:short)%00%(objectname)%00%(upstream:track)%00%(upstream:remotename)%00%(upstream:remoteref) refs/heads/master refs/remotes/master [11ms]
2026-08-22 14:59:58.575 [warning] [Git][getBranch] No such branch: master
2026-08-22 14:59:58.591 [info] > git for-each-ref --sort -committerdate --format %(refname)%00%(objectname)%00%(*objectname) [8ms]
2026-08-22 14:59:58.641 [info] > git status -z -uall [62ms]
2026-08-22 15:00:03.655 [info] > git config --get commit.template [6ms]
2026-08-22 15:00:03.666 [info] > git for-each-ref --format=%(refname)%00%(upstream:short)%00%(objectname)%00%(upstream:track)%00%(upstream:remotename)%00%(upstream:remoteref) refs/heads/master refs/remotes/master [13ms]
2026-08-22 15:00:03.666 [warning] [Git][getBranch] No such branch: master
2026-08-22 15:00:03.684 [info] > git for-each-ref --sort -committerdate --format %(refname)%00%(objectname)%00%(*objectname) [10ms]
2026-08-22 15:00:03.743 [info] > git status -z -uall [72ms]
2026-08-22 15:00:08.755 [info] > git config --get commit.template [5ms]
2026-08-22 15:00:08.764 [info] > git for-each-ref --format=%(refname)%00%(upstream:short)%00%(objectname)%00%(upstream:track)%00%(upstream:remotename)%00%(upstream:remoteref) refs/heads/master refs/remotes/master [10ms]
2026-08-22 15:00:08.764 [warning] [Git][getBranch] No such branch: master
2026-08-22 15:00:08.781 [info] > git for-each-ref --sort -committerdate --format %(refname)%00%(objectname)%00%(*objectname) [9ms]
2026-08-22 15:00:08.830 [info] > git status -z -uall [62ms]
2026-08-22 15:00:23.693 [info] > git config --get commit.template [5ms]
2026-08-22 15:00:23.714 [info] > git for-each-ref --format=%(refname)%00%(upstream:short)%00%(objectname)%00%(upstream:track)%00%(upstream:remotename)%00%(upstream:remoteref) refs/heads/master refs/remotes/master [22ms]
2026-08-22 15:00:23.714 [warning] [Git][getBranch] No such branch: master
2026-08-22 15:00:23.732 [info] > git for-each-ref --sort -committerdate --format %(refname)%00%(objectname)%00%(*objectname) [11ms]
2026-08-22 15:00:23.830 [info] > git status -z -uall [112ms]
2026-08-22 15:00:28.843 [info] > git config --get commit.template [5ms]
2026-08-22 15:00:28.852 [info] > git for-each-ref --format=%(refname)%00%(upstream:short)%00%(objectname)%00%(upstream:track)%00%(upstream:remotename)%00%(upstream:remoteref) refs/heads/master refs/remotes/master [11ms]
2026-08-22 15:00:28.852 [warning] [Git][getBranch] No such branch: master
2026-08-22 15:00:28.869 [info] > git for-each-ref --sort -committerdate --format %(refname)%00%(objectname)%00%(*objectname) [10ms]
2026-08-22 15:00:28.918 [info] > git status -z -uall [61ms]
2026-08-22 15:00:33.930 [info] > git config --get commit.template [5ms]
2026-08-22 15:00:33.940 [info] > git for-each-ref --format=%(refname)%00%(upstream:short)%00%(objectname)%00%(upstream:track)%00%(upstream:remotename)%00%(upstream:remoteref) refs/heads/master refs/remotes/master [11ms]
2026-08-22 15:00:33.940 [warning] [Git][getBranch] No such branch: master
2026-08-22 15:00:33.957 [info] > git for-each-ref --sort -committerdate --format %(refname)%00%(objectname)%00%(*objectname) [10ms]
2026-08-22 15:00:34.005 [info] > git status -z -uall [61ms]
2026-08-22 15:00:39.018 [info] > git config --get commit.template [5ms]
2026-08-22 15:00:39.028 [info] > git for-each-ref --format=%(refname)%00%(upstream:short)%00%(objectname)%00%(upstream:track)%00%(upstream:remotename)%00%(upstream:remoteref) refs/heads/master refs/remotes/master [10ms]
2026-08-22 15:00:39.028 [warning] [Git][getBranch] No such branch: master
2026-08-22 15:00:39.046 [info] > git for-each-ref --sort -committerdate --format %(refname)%00%(objectname)%00%(*objectname) [10ms]
2026-08-22 15:00:39.099 [info] > git status -z -uall [67ms]
2026-08-22 15:00:44.110 [info] > git config --get commit.template [4ms]
2026-08-22 15:00:44.120 [info] > git for-each-ref --format=%(refname)%00%(upstream:short)%00%(objectname)%00%(upstream:track)%00%(upstream:remotename)%00%(upstream:remoteref) refs/heads/master refs/remotes/master [11ms]
2026-08-22 15:00:44.120 [warning] [Git][getBranch] No such branch: master
2026-08-22 15:00:44.139 [info] > git for-each-ref --sort -committerdate --format %(refname)%00%(objectname)%00%(*objectname) [12ms]
2026-08-22 15:00:44.188 [info] > git status -z -uall [64ms]
2026-08-22 15:00:49.199 [info] > git config --get commit.template [5ms]
2026-08-22 15:00:49.209 [info] > git for-each-ref --format=%(refname)%00%(upstream:short)%00%(objectname)%00%(upstream:track)%00%(upstream:remotename)%00%(upstream:remoteref) refs/heads/master refs/remotes/master [10ms]
2026-08-22 15:00:49.209 [warning] [Git][getBranch] No such branch: master
2026-08-22 15:00:49.225 [info] > git for-each-ref --sort -committerdate --format %(refname)%00%(objectname)%00%(*objectname) [8ms]
2026-08-22 15:00:49.274 [info] > git status -z -uall [61ms]
2026-08-22 15:00:54.285 [info] > git config --get commit.template [5ms]
2026-08-22 15:00:54.295 [info] > git for-each-ref --format=%(refname)%00%(upstream:short)%00%(objectname)%00%(upstream:track)%00%(upstream:remotename)%00%(upstream:remoteref) refs/heads/master refs/remotes/master [10ms]
2026-08-22 15:00:54.295 [warning] [Git][getBranch] No such branch: master
2026-08-22 15:00:54.312 [info] > git for-each-ref --sort -committerdate --format %(refname)%00%(objectname)%00%(*objectname) [10ms]
2026-08-22 15:00:54.362 [info] > git status -z -uall [63ms]
2026-08-22 15:00:58.223 [info] > git check-ignore -v -z --stdin [9ms]
2026-08-22 15:00:59.376 [info] > git config --get commit.template [7ms]
2026-08-22 15:00:59.385 [info] > git for-each-ref --format=%(refname)%00%(upstream:short)%00%(objectname)%00%(upstream:track)%00%(upstream:remotename)%00%(upstream:remoteref) refs/heads/master refs/remotes/master [11ms]
2026-08-22 15:00:59.385 [warning] [Git][getBranch] No such branch: master
2026-08-22 15:00:59.402 [info] > git for-each-ref --sort -committerdate --format %(refname)%00%(objectname)%00%(*objectname) [10ms]
2026-08-22 15:00:59.462 [info] > git status -z -uall [73ms]
2026-08-22 15:01:04.474 [info] > git config --get commit.template [5ms]
2026-08-22 15:01:04.484 [info] > git for-each-ref --format=%(refname)%00%(upstream:short)%00%(objectname)%00%(upstream:track)%00%(upstream:remotename)%00%(upstream:remoteref) refs/heads/master refs/remotes/master [11ms]
2026-08-22 15:01:04.484 [warning] [Git][getBranch] No such branch: master
2026-08-22 15:01:04.501 [info] > git for-each-ref --sort -committerdate --format %(refname)%00%(objectname)%00%(*objectname) [9ms]
2026-08-22 15:01:04.548 [info] > git status -z -uall [60ms]
2026-08-22 15:01:09.562 [info] > git config --get commit.template [5ms]
2026-08-22 15:01:09.570 [info] > git for-each-ref --format=%(refname)%00%(upstream:short)%00%(objectname)%00%(upstream:track)%00%(upstream:remotename)%00%(upstream:remoteref) refs/heads/master refs/remotes/master [9ms]
2026-08-22 15:01:09.571 [warning] [Git][getBranch] No such branch: master
2026-08-22 15:01:09.599 [info] > git for-each-ref --sort -committerdate --format %(refname)%00%(objectname)%00%(*objectname) [12ms]
2026-08-22 15:01:09.648 [info] > git status -z -uall [65ms]
2026-08-22 15:01:12.424 [info] > git show --textconv :.git/COMMIT_EDITMSG [10ms]
2026-08-22 15:01:12.425 [warning] [GitFileSystemProvider][readFile] File not found - git:/voc/work/.git/COMMIT_EDITMSG.git?%7B%22path%22%3A%22%2Fvoc%2Fwork%2F.git%2FCOMMIT_EDITMSG%22%2C%22ref%22%3A%22%22%7D
2026-08-22 15:01:12.434 [info] > git ls-files --stage -- .git/COMMIT_EDITMSG [17ms]
2026-08-22 15:01:12.442 [warning] [GitFileSystemProvider][stat] File not found - git:/voc/work/.git/COMMIT_EDITMSG.git?%7B%22path%22%3A%22%2Fvoc%2Fwork%2F.git%2FCOMMIT_EDITMSG%22%2C%22ref%22%3A%22%22%7D
2026-08-22 15:02:12.667 [info] > git check-ignore -v -z --stdin [15ms]
2026-08-22 15:02:13.879 [info] > git check-ignore -v -z --stdin [9ms]
2026-08-22 15:02:14.491 [info] > git check-ignore -v -z --stdin [8ms]
2026-08-22 15:03:09.384 [info] > git ls-files --stage -- pydantic_demo.py [9ms]
2026-08-22 15:03:09.393 [info] > git show --textconv :pydantic_demo.py [21ms]
2026-08-22 15:03:09.402 [info] > git cat-file -s 3e69d0b7d9e92dd2fbf4b95aa0a9f4d97379c331 [14ms]
2026-08-22 15:03:10.490 [info] > git show --textconv HEAD:pydantic_demo.py [9ms]
2026-08-22 15:03:10.490 [warning] [GitFileSystemProvider][readFile] File not found - git:/voc/work/pydantic_demo.py.git?%7B%22path%22%3A%22%2Fvoc%2Fwork%2Fpydantic_demo.py%22%2C%22ref%22%3A%22HEAD%22%7D
2026-08-22 15:03:10.500 [info] > git ls-tree -l HEAD -- pydantic_demo.py [15ms]
2026-08-22 15:03:10.509 [info] fatal: Not a valid object name HEAD
2026-08-22 15:03:10.509 [warning] [GitFileSystemProvider][stat] File not found - git:/voc/work/pydantic_demo.py.git?%7B%22path%22%3A%22%2Fvoc%2Fwork%2Fpydantic_demo.py%22%2C%22ref%22%3A%22HEAD%22%7D
2026-08-22 15:03:36.467 [info] > git show --textconv :.git/COMMIT_EDITMSG [8ms]
2026-08-22 15:03:36.468 [warning] [GitFileSystemProvider][readFile] File not found - git:/voc/work/.git/COMMIT_EDITMSG.git?%7B%22path%22%3A%22%2Fvoc%2Fwork%2F.git%2FCOMMIT_EDITMSG%22%2C%22ref%22%3A%22%22%7D
2026-08-22 15:03:36.477 [info] > git ls-files --stage -- .git/COMMIT_EDITMSG [15ms]
2026-08-22 15:03:36.477 [warning] [GitFileSystemProvider][stat] File not found - git:/voc/work/.git/COMMIT_EDITMSG.git?%7B%22path%22%3A%22%2Fvoc%2Fwork%2F.git%2FCOMMIT_EDITMSG%22%2C%22ref%22%3A%22%22%7D
2026-08-22 15:03:38.404 [info] > git ls-files --stage -- pydantic_demo.py [8ms]
2026-08-22 15:03:38.413 [info] > git -c user.useConfigOnly=true commit --quiet [147706ms]
2026-08-22 15:03:38.413 [info] Aborting commit due to empty commit message.
2026-08-22 15:03:38.423 [info] > git config --get commit.template [6ms]
2026-08-22 15:03:38.423 [info] > git cat-file -s 3e69d0b7d9e92dd2fbf4b95aa0a9f4d97379c331 [15ms]
2026-08-22 15:03:38.431 [info] > git for-each-ref --format=%(refname)%00%(upstream:short)%00%(objectname)%00%(upstream:track)%00%(upstream:remotename)%00%(upstream:remoteref) refs/heads/master refs/remotes/master [10ms]
2026-08-22 15:03:38.431 [warning] [Git][getBranch] No such branch: master
2026-08-22 15:03:38.455 [info] > git for-each-ref --sort -committerdate --format %(refname)%00%(objectname)%00%(*objectname) [8ms]
2026-08-22 15:03:38.575 [info] > git status -z -uall [131ms]
2026-08-22 15:03:38.588 [info] > git config --get commit.template [4ms]
2026-08-22 15:03:38.597 [info] > git for-each-ref --format=%(refname)%00%(upstream:short)%00%(objectname)%00%(upstream:track)%00%(upstream:remotename)%00%(upstream:remoteref) refs/heads/master refs/remotes/master [9ms]
2026-08-22 15:03:38.597 [warning] [Git][getBranch] No such branch: master
2026-08-22 15:03:38.612 [info] > git for-each-ref --sort -committerdate --format %(refname)%00%(objectname)%00%(*objectname) [8ms]
2026-08-22 15:03:38.664 [info] > git status -z -uall [63ms]
2026-08-22 15:03:39.237 [info] > git show --textconv HEAD:pydantic_demo.py [10ms]
2026-08-22 15:03:39.237 [warning] [GitFileSystemProvider][readFile] File not found - git:/voc/work/pydantic_demo.py.git?%7B%22path%22%3A%22%2Fvoc%2Fwork%2Fpydantic_demo.py%22%2C%22ref%22%3A%22HEAD%22%7D
2026-08-22 15:03:39.246 [info] > git ls-tree -l HEAD -- pydantic_demo.py [16ms]
2026-08-22 15:03:39.254 [info] fatal: Not a valid object name HEAD
2026-08-22 15:03:39.254 [warning] [GitFileSystemProvider][stat] File not found - git:/voc/work/pydantic_demo.py.git?%7B%22path%22%3A%22%2Fvoc%2Fwork%2Fpydantic_demo.py%22%2C%22ref%22%3A%22HEAD%22%7D
2026-08-22 15:03:43.720 [info] > git config --get commit.template [5ms]
2026-08-22 15:03:43.731 [info] > git for-each-ref --format=%(refname)%00%(upstream:short)%00%(objectname)%00%(upstream:track)%00%(upstream:remotename)%00%(upstream:remoteref) refs/heads/master refs/remotes/master [11ms]
2026-08-22 15:03:43.731 [warning] [Git][getBranch] No such branch: master
2026-08-22 15:03:43.745 [info] > git for-each-ref --sort -committerdate --format %(refname)%00%(objectname)%00%(*objectname) [9ms]
2026-08-22 15:03:43.789 [info] > git status -z -uall [55ms]
2026-08-22 15:03:44.337 [info] > git show --textconv HEAD:pydantic_demo.py [10ms]
2026-08-22 15:03:44.337 [warning] [GitFileSystemProvider][readFile] File not found - git:/voc/work/pydantic_demo.py.git?%7B%22path%22%3A%22%2Fvoc%2Fwork%2Fpydantic_demo.py%22%2C%22ref%22%3A%22HEAD%22%7D
2026-08-22 15:03:44.347 [info] > git show --textconv :pydantic_demo.py [22ms]
2026-08-22 15:03:44.355 [info] > git ls-tree -l HEAD -- pydantic_demo.py [23ms]
2026-08-22 15:03:44.363 [info] fatal: Not a valid object name HEAD
2026-08-22 15:03:44.364 [warning] [GitFileSystemProvider][stat] File not found - git:/voc/work/pydantic_demo.py.git?%7B%22path%22%3A%22%2Fvoc%2Fwork%2Fpydantic_demo.py%22%2C%22ref%22%3A%22HEAD%22%7D
2026-08-22 15:03:44.364 [info] > git ls-files --stage -- pydantic_demo.py [34ms]
2026-08-22 15:03:44.385 [info] > git cat-file -s 3e69d0b7d9e92dd2fbf4b95aa0a9f4d97379c331 [8ms]
2026-08-22 15:03:48.800 [info] > git config --get commit.template [4ms]
2026-08-22 15:03:48.810 [info] > git for-each-ref --format=%(refname)%00%(upstream:short)%00%(objectname)%00%(upstream:track)%00%(upstream:remotename)%00%(upstream:remoteref) refs/heads/master refs/remotes/master [11ms]
2026-08-22 15:03:48.810 [warning] [Git][getBranch] No such branch: master
2026-08-22 15:03:48.826 [info] > git for-each-ref --sort -committerdate --format %(refname)%00%(objectname)%00%(*objectname) [9ms]
2026-08-22 15:03:48.876 [info] > git status -z -uall [62ms]
2026-08-22 15:05:25.459 [info] > git config --get commit.template [7ms]
2026-08-22 15:05:25.468 [info] > git for-each-ref --format=%(refname)%00%(upstream:short)%00%(objectname)%00%(upstream:track)%00%(upstream:remotename)%00%(upstream:remoteref) refs/heads/master refs/remotes/master [12ms]
2026-08-22 15:05:25.468 [warning] [Git][getBranch] No such branch: master
2026-08-22 15:05:25.487 [info] > git for-each-ref --sort -committerdate --format %(refname)%00%(objectname)%00%(*objectname) [10ms]
2026-08-22 15:05:25.631 [info] > git status -z -uall [159ms]
2026-08-22 15:05:30.643 [info] > git config --get commit.template [5ms]
2026-08-22 15:05:30.653 [info] > git for-each-ref --format=%(refname)%00%(upstream:short)%00%(objectname)%00%(upstream:track)%00%(upstream:remotename)%00%(upstream:remoteref) refs/heads/master refs/remotes/master [11ms]
2026-08-22 15:05:30.653 [warning] [Git][getBranch] No such branch: master
2026-08-22 15:05:30.671 [info] > git for-each-ref --sort -committerdate --format %(refname)%00%(objectname)%00%(*objectname) [11ms]
2026-08-22 15:05:30.730 [info] > git status -z -uall [73ms]
2026-08-22 15:05:35.742 [info] > git config --get commit.template [5ms]
2026-08-22 15:05:35.751 [info] > git for-each-ref --format=%(refname)%00%(upstream:short)%00%(objectname)%00%(upstream:track)%00%(upstream:remotename)%00%(upstream:remoteref) refs/heads/master refs/remotes/master [10ms]
2026-08-22 15:05:35.751 [warning] [Git][getBranch] No such branch: master
2026-08-22 15:05:35.768 [info] > git for-each-ref --sort -committerdate --format %(refname)%00%(objectname)%00%(*objectname) [10ms]
2026-08-22 15:05:35.817 [info] > git status -z -uall [62ms]
2026-08-22 15:05:40.830 [info] > git config --get commit.template [4ms]
2026-08-22 15:05:40.840 [info] > git for-each-ref --format=%(refname)%00%(upstream:short)%00%(objectname)%00%(upstream:track)%00%(upstream:remotename)%00%(upstream:remoteref) refs/heads/master refs/remotes/master [11ms]
2026-08-22 15:05:40.840 [warning] [Git][getBranch] No such branch: master
2026-08-22 15:05:40.856 [info] > git for-each-ref --sort -committerdate --format %(refname)%00%(objectname)%00%(*objectname) [9ms]
2026-08-22 15:05:40.903 [info] > git status -z -uall [59ms]
2026-08-22 15:05:45.919 [info] > git config --get commit.template [5ms]
2026-08-22 15:05:45.928 [info] > git for-each-ref --format=%(refname)%00%(upstream:short)%00%(objectname)%00%(upstream:track)%00%(upstream:remotename)%00%(upstream:remoteref) refs/heads/master refs/remotes/master [10ms]
2026-08-22 15:05:45.928 [warning] [Git][getBranch] No such branch: master
2026-08-22 15:05:45.954 [info] > git for-each-ref --sort -committerdate --format %(refname)%00%(objectname)%00%(*objectname) [9ms]
2026-08-22 15:05:46.007 [info] > git status -z -uall [66ms]
2026-08-22 15:05:51.021 [info] > git config --get commit.template [6ms]
2026-08-22 15:05:51.030 [info] > git for-each-ref --format=%(refname)%00%(upstream:short)%00%(objectname)%00%(upstream:track)%00%(upstream:remotename)%00%(upstream:remoteref) refs/heads/master refs/remotes/master [10ms]
2026-08-22 15:05:51.030 [warning] [Git][getBranch] No such branch: master
2026-08-22 15:05:51.045 [info] > git for-each-ref --sort -committerdate --format %(refname)%00%(objectname)%00%(*objectname) [8ms]
2026-08-22 15:05:51.092 [info] > git status -z -uall [58ms]
2026-08-22 15:05:56.104 [info] > git config --get commit.template [6ms]
2026-08-22 15:05:56.114 [info] > git for-each-ref --format=%(refname)%00%(upstream:short)%00%(objectname)%00%(upstream:track)%00%(upstream:remotename)%00%(upstream:remoteref) refs/heads/master refs/remotes/master [12ms]
2026-08-22 15:05:56.114 [warning] [Git][getBranch] No such branch: master
2026-08-22 15:05:56.132 [info] > git for-each-ref --sort -committerdate --format %(refname)%00%(objectname)%00%(*objectname) [11ms]
2026-08-22 15:05:56.180 [info] > git status -z -uall [62ms]
2026-08-22 15:06:01.193 [info] > git config --get commit.template [7ms]
2026-08-22 15:06:01.202 [info] > git for-each-ref --format=%(refname)%00%(upstream:short)%00%(objectname)%00%(upstream:track)%00%(upstream:remotename)%00%(upstream:remoteref) refs/heads/master refs/remotes/master [12ms]
2026-08-22 15:06:01.202 [warning] [Git][getBranch] No such branch: master
2026-08-22 15:06:01.220 [info] > git for-each-ref --sort -committerdate --format %(refname)%00%(objectname)%00%(*objectname) [11ms]
2026-08-22 15:06:01.271 [info] > git status -z -uall [65ms]
2026-08-22 15:06:06.284 [info] > git config --get commit.template [6ms]
2026-08-22 15:06:06.293 [info] > git for-each-ref --format=%(refname)%00%(upstream:short)%00%(objectname)%00%(upstream:track)%00%(upstream:remotename)%00%(upstream:remoteref) refs/heads/master refs/remotes/master [11ms]
2026-08-22 15:06:06.293 [warning] [Git][getBranch] No such branch: master
2026-08-22 15:06:06.312 [info] > git for-each-ref --sort -committerdate --format %(refname)%00%(objectname)%00%(*objectname) [11ms]
2026-08-22 15:06:06.357 [info] > git status -z -uall [60ms]
2026-08-22 15:06:11.369 [info] > git config --get commit.template [5ms]
2026-08-22 15:06:11.378 [info] > git for-each-ref --format=%(refname)%00%(upstream:short)%00%(objectname)%00%(upstream:track)%00%(upstream:remotename)%00%(upstream:remoteref) refs/heads/master refs/remotes/master [10ms]
2026-08-22 15:06:11.378 [warning] [Git][getBranch] No such branch: master
2026-08-22 15:06:11.394 [info] > git for-each-ref --sort -committerdate --format %(refname)%00%(objectname)%00%(*objectname) [8ms]
2026-08-22 15:06:11.444 [info] > git status -z -uall [62ms]
2026-08-22 15:06:16.455 [info] > git config --get commit.template [4ms]
2026-08-22 15:06:16.465 [info] > git for-each-ref --format=%(refname)%00%(upstream:short)%00%(objectname)%00%(upstream:track)%00%(upstream:remotename)%00%(upstream:remoteref) refs/heads/master refs/remotes/master [11ms]
2026-08-22 15:06:16.465 [warning] [Git][getBranch] No such branch: master
2026-08-22 15:06:16.481 [info] > git for-each-ref --sort -committerdate --format %(refname)%00%(objectname)%00%(*objectname) [8ms]
2026-08-22 15:06:16.533 [info] > git status -z -uall [64ms]
2026-08-22 15:06:21.544 [info] > git config --get commit.template [5ms]
2026-08-22 15:06:21.553 [info] > git for-each-ref --format=%(refname)%00%(upstream:short)%00%(objectname)%00%(upstream:track)%00%(upstream:remotename)%00%(upstream:remoteref) refs/heads/master refs/remotes/master [11ms]
2026-08-22 15:06:21.553 [warning] [Git][getBranch] No such branch: master
2026-08-22 15:06:21.567 [info] > git for-each-ref --sort -committerdate --format %(refname)%00%(objectname)%00%(*objectname) [8ms]
2026-08-22 15:06:21.615 [info] > git status -z -uall [58ms]
2026-08-22 15:07:15.881 [info] > git config --get commit.template [5ms]
2026-08-22 15:07:15.890 [info] > git for-each-ref --format=%(refname)%00%(upstream:short)%00%(objectname)%00%(upstream:track)%00%(upstream:remotename)%00%(upstream:remoteref) refs/heads/master refs/remotes/master [11ms]
2026-08-22 15:07:15.890 [warning] [Git][getBranch] No such branch: master
2026-08-22 15:07:15.907 [info] > git for-each-ref --sort -committerdate --format %(refname)%00%(objectname)%00%(*objectname) [10ms]
2026-08-22 15:07:16.009 [info] > git status -z -uall [115ms]
2026-08-22 15:09:52.154 [info] > git config --get commit.template [6ms]
2026-08-22 15:09:52.163 [info] > git for-each-ref --format=%(refname)%00%(upstream:short)%00%(objectname)%00%(upstream:track)%00%(upstream:remotename)%00%(upstream:remoteref) refs/heads/master refs/remotes/master [11ms]
2026-08-22 15:09:52.163 [warning] [Git][getBranch] No such branch: master
2026-08-22 15:09:52.181 [info] > git for-each-ref --sort -committerdate --format %(refname)%00%(objectname)%00%(*objectname) [10ms]
2026-08-22 15:09:52.319 [info] > git status -z -uall [152ms]
2026-08-22 15:09:57.332 [info] > git config --get commit.template [6ms]
2026-08-22 15:09:57.343 [info] > git for-each-ref --format=%(refname)%00%(upstream:short)%00%(objectname)%00%(upstream:track)%00%(upstream:remotename)%00%(upstream:remoteref) refs/heads/master refs/remotes/master [11ms]
2026-08-22 15:09:57.343 [warning] [Git][getBranch] No such branch: master
2026-08-22 15:09:57.368 [info] > git for-each-ref --sort -committerdate --format %(refname)%00%(objectname)%00%(*objectname) [10ms]
2026-08-22 15:09:57.424 [info] > git status -z -uall [69ms]
2026-08-22 15:10:02.439 [info] > git config --get commit.template [8ms]
2026-08-22 15:10:02.450 [info] > git for-each-ref --format=%(refname)%00%(upstream:short)%00%(objectname)%00%(upstream:track)%00%(upstream:remotename)%00%(upstream:remoteref) refs/heads/master refs/remotes/master [13ms]
2026-08-22 15:10:02.450 [warning] [Git][getBranch] No such branch: master
2026-08-22 15:10:02.471 [info] > git for-each-ref --sort -committerdate --format %(refname)%00%(objectname)%00%(*objectname) [14ms]
2026-08-22 15:10:02.540 [info] > git status -z -uall [86ms]
2026-08-22 15:10:05.975 [info] > git check-ignore -v -z --stdin [8ms]
2026-08-22 15:10:07.553 [info] > git config --get commit.template [5ms]
2026-08-22 15:10:07.562 [info] > git for-each-ref --format=%(refname)%00%(upstream:short)%00%(objectname)%00%(upstream:track)%00%(upstream:remotename)%00%(upstream:remoteref) refs/heads/master refs/remotes/master [10ms]
2026-08-22 15:10:07.562 [warning] [Git][getBranch] No such branch: master
2026-08-22 15:10:07.580 [info] > git for-each-ref --sort -committerdate --format %(refname)%00%(objectname)%00%(*objectname) [9ms]
2026-08-22 15:10:07.627 [info] > git status -z -uall [60ms]
2026-08-22 15:10:12.639 [info] > git config --get commit.template [5ms]
2026-08-22 15:10:12.648 [info] > git for-each-ref --format=%(refname)%00%(upstream:short)%00%(objectname)%00%(upstream:track)%00%(upstream:remotename)%00%(upstream:remoteref) refs/heads/master refs/remotes/master [10ms]
2026-08-22 15:10:12.648 [warning] [Git][getBranch] No such branch: master
2026-08-22 15:10:12.664 [info] > git for-each-ref --sort -committerdate --format %(refname)%00%(objectname)%00%(*objectname) [9ms]
2026-08-22 15:10:12.713 [info] > git status -z -uall [61ms]
2026-08-22 15:10:19.767 [info] > git config --get commit.template [5ms]
2026-08-22 15:10:19.778 [info] > git for-each-ref --format=%(refname)%00%(upstream:short)%00%(objectname)%00%(upstream:track)%00%(upstream:remotename)%00%(upstream:remoteref) refs/heads/master refs/remotes/master [12ms]
2026-08-22 15:10:19.778 [warning] [Git][getBranch] No such branch: master
2026-08-22 15:10:19.794 [info] > git for-each-ref --sort -committerdate --format %(refname)%00%(objectname)%00%(*objectname) [9ms]
2026-08-22 15:10:19.843 [info] > git status -z -uall [60ms]
2026-08-22 15:10:24.854 [info] > git config --get commit.template [5ms]
2026-08-22 15:10:24.864 [info] > git for-each-ref --format=%(refname)%00%(upstream:short)%00%(objectname)%00%(upstream:track)%00%(upstream:remotename)%00%(upstream:remoteref) refs/heads/master refs/remotes/master [11ms]
2026-08-22 15:10:24.864 [warning] [Git][getBranch] No such branch: master
2026-08-22 15:10:24.881 [info] > git for-each-ref --sort -committerdate --format %(refname)%00%(objectname)%00%(*objectname) [9ms]
2026-08-22 15:10:24.931 [info] > git status -z -uall [62ms]
2026-08-22 15:10:29.943 [info] > git config --get commit.template [5ms]
2026-08-22 15:10:29.952 [info] > git for-each-ref --format=%(refname)%00%(upstream:short)%00%(objectname)%00%(upstream:track)%00%(upstream:remotename)%00%(upstream:remoteref) refs/heads/master refs/remotes/master [11ms]
2026-08-22 15:10:29.952 [warning] [Git][getBranch] No such branch: master
2026-08-22 15:10:29.968 [info] > git for-each-ref --sort -committerdate --format %(refname)%00%(objectname)%00%(*objectname) [9ms]
2026-08-22 15:10:30.018 [info] > git status -z -uall [62ms]
2026-08-22 15:10:35.031 [info] > git config --get commit.template [5ms]
2026-08-22 15:10:35.041 [info] > git for-each-ref --format=%(refname)%00%(upstream:short)%00%(objectname)%00%(upstream:track)%00%(upstream:remotename)%00%(upstream:remoteref) refs/heads/master refs/remotes/master [12ms]
2026-08-22 15:10:35.041 [warning] [Git][getBranch] No such branch: master
2026-08-22 15:10:35.068 [info] > git for-each-ref --sort -committerdate --format %(refname)%00%(objectname)%00%(*objectname) [10ms]
2026-08-22 15:10:35.126 [info] > git status -z -uall [71ms]
2026-08-22 15:10:40.138 [info] > git config --get commit.template [5ms]
2026-08-22 15:10:40.148 [info] > git for-each-ref --format=%(refname)%00%(upstream:short)%00%(objectname)%00%(upstream:track)%00%(upstream:remotename)%00%(upstream:remoteref) refs/heads/master refs/remotes/master [11ms]
2026-08-22 15:10:40.148 [warning] [Git][getBranch] No such branch: master
2026-08-22 15:10:40.164 [info] > git for-each-ref --sort -committerdate --format %(refname)%00%(objectname)%00%(*objectname) [9ms]
2026-08-22 15:10:40.211 [info] > git status -z -uall [59ms]
2026-08-22 15:10:45.222 [info] > git config --get commit.template [5ms]
2026-08-22 15:10:45.233 [info] > git for-each-ref --format=%(refname)%00%(upstream:short)%00%(objectname)%00%(upstream:track)%00%(upstream:remotename)%00%(upstream:remoteref) refs/heads/master refs/remotes/master [12ms]
2026-08-22 15:10:45.233 [warning] [Git][getBranch] No such branch: master
2026-08-22 15:10:45.251 [info] > git for-each-ref --sort -committerdate --format %(refname)%00%(objectname)%00%(*objectname) [10ms]
2026-08-22 15:10:45.303 [info] > git status -z -uall [66ms]
2026-08-22 15:10:50.315 [info] > git config --get commit.template [5ms]
2026-08-22 15:10:50.324 [info] > git for-each-ref --format=%(refname)%00%(upstream:short)%00%(objectname)%00%(upstream:track)%00%(upstream:remotename)%00%(upstream:remoteref) refs/heads/master refs/remotes/master [11ms]
2026-08-22 15:10:50.324 [warning] [Git][getBranch] No such branch: master
2026-08-22 15:10:50.340 [info] > git for-each-ref --sort -committerdate --format %(refname)%00%(objectname)%00%(*objectname) [8ms]
2026-08-22 15:10:50.392 [info] > git status -z -uall [64ms]
2026-08-22 15:10:55.405 [info] > git config --get commit.template [6ms]
2026-08-22 15:10:55.414 [info] > git for-each-ref --format=%(refname)%00%(upstream:short)%00%(objectname)%00%(upstream:track)%00%(upstream:remotename)%00%(upstream:remoteref) refs/heads/master refs/remotes/master [11ms]
2026-08-22 15:10:55.414 [warning] [Git][getBranch] No such branch: master
2026-08-22 15:10:55.430 [info] > git for-each-ref --sort -committerdate --format %(refname)%00%(objectname)%00%(*objectname) [9ms]
2026-08-22 15:10:55.522 [info] > git status -z -uall [104ms]
2026-08-22 15:11:00.534 [info] > git config --get commit.template [5ms]
2026-08-22 15:11:00.543 [info] > git for-each-ref --format=%(refname)%00%(upstream:short)%00%(objectname)%00%(upstream:track)%00%(upstream:remotename)%00%(upstream:remoteref) refs/heads/master refs/remotes/master [10ms]
2026-08-22 15:11:00.543 [warning] [Git][getBranch] No such branch: master
2026-08-22 15:11:00.559 [info] > git for-each-ref --sort -committerdate --format %(refname)%00%(objectname)%00%(*objectname) [8ms]
2026-08-22 15:11:00.603 [info] > git status -z -uall [56ms]
2026-08-22 15:11:05.615 [info] > git config --get commit.template [5ms]
2026-08-22 15:11:05.626 [info] > git for-each-ref --format=%(refname)%00%(upstream:short)%00%(objectname)%00%(upstream:track)%00%(upstream:remotename)%00%(upstream:remoteref) refs/heads/master refs/remotes/master [12ms]
2026-08-22 15:11:05.626 [warning] [Git][getBranch] No such branch: master
2026-08-22 15:11:05.641 [info] > git for-each-ref --sort -committerdate --format %(refname)%00%(objectname)%00%(*objectname) [8ms]
2026-08-22 15:11:05.687 [info] > git status -z -uall [57ms]
2026-08-22 15:11:10.700 [info] > git config --get commit.template [6ms]
2026-08-22 15:11:10.709 [info] > git for-each-ref --format=%(refname)%00%(upstream:short)%00%(objectname)%00%(upstream:track)%00%(upstream:remotename)%00%(upstream:remoteref) refs/heads/master refs/remotes/master [11ms]
2026-08-22 15:11:10.709 [warning] [Git][getBranch] No such branch: master
2026-08-22 15:11:10.725 [info] > git for-each-ref --sort -committerdate --format %(refname)%00%(objectname)%00%(*objectname) [9ms]
2026-08-22 15:11:10.771 [info] > git status -z -uall [58ms]
2026-08-22 15:11:15.783 [info] > git config --get commit.template [5ms]
2026-08-22 15:11:15.792 [info] > git for-each-ref --format=%(refname)%00%(upstream:short)%00%(objectname)%00%(upstream:track)%00%(upstream:remotename)%00%(upstream:remoteref) refs/heads/master refs/remotes/master [11ms]
2026-08-22 15:11:15.792 [warning] [Git][getBranch] No such branch: master
2026-08-22 15:11:15.806 [info] > git for-each-ref --sort -committerdate --format %(refname)%00%(objectname)%00%(*objectname) [7ms]
2026-08-22 15:11:15.851 [info] > git status -z -uall [55ms]
2026-08-22 15:11:20.862 [info] > git config --get commit.template [5ms]
2026-08-22 15:11:20.871 [info] > git for-each-ref --format=%(refname)%00%(upstream:short)%00%(objectname)%00%(upstream:track)%00%(upstream:remotename)%00%(upstream:remoteref) refs/heads/master refs/remotes/master [10ms]
2026-08-22 15:11:20.871 [warning] [Git][getBranch] No such branch: master
2026-08-22 15:11:20.886 [info] > git for-each-ref --sort -committerdate --format %(refname)%00%(objectname)%00%(*objectname) [8ms]
2026-08-22 15:11:20.936 [info] > git status -z -uall [61ms]
2026-08-22 15:11:25.948 [info] > git config --get commit.template [5ms]
2026-08-22 15:11:25.957 [info] > git for-each-ref --format=%(refname)%00%(upstream:short)%00%(objectname)%00%(upstream:track)%00%(upstream:remotename)%00%(upstream:remoteref) refs/heads/master refs/remotes/master [11ms]
2026-08-22 15:11:25.957 [warning] [Git][getBranch] No such branch: master
2026-08-22 15:11:25.974 [info] > git for-each-ref --sort -committerdate --format %(refname)%00%(objectname)%00%(*objectname) [10ms]
2026-08-22 15:11:26.021 [info] > git status -z -uall [60ms]
2026-08-22 15:11:31.034 [info] > git config --get commit.template [6ms]
2026-08-22 15:11:31.044 [info] > git for-each-ref --format=%(refname)%00%(upstream:short)%00%(objectname)%00%(upstream:track)%00%(upstream:remotename)%00%(upstream:remoteref) refs/heads/master refs/remotes/master [12ms]
2026-08-22 15:11:31.044 [warning] [Git][getBranch] No such branch: master
2026-08-22 15:11:31.060 [info] > git for-each-ref --sort -committerdate --format %(refname)%00%(objectname)%00%(*objectname) [9ms]
2026-08-22 15:11:31.109 [info] > git status -z -uall [61ms]
2026-08-22 15:11:36.121 [info] > git config --get commit.template [5ms]
2026-08-22 15:11:36.132 [info] > git for-each-ref --format=%(refname)%00%(upstream:short)%00%(objectname)%00%(upstream:track)%00%(upstream:remotename)%00%(upstream:remoteref) refs/heads/master refs/remotes/master [12ms]
2026-08-22 15:11:36.132 [warning] [Git][getBranch] No such branch: master
2026-08-22 15:11:36.148 [info] > git for-each-ref --sort -committerdate --format %(refname)%00%(objectname)%00%(*objectname) [9ms]
2026-08-22 15:11:36.199 [info] > git status -z -uall [63ms]
2026-08-22 15:11:41.211 [info] > git config --get commit.template [5ms]
2026-08-22 15:11:41.220 [info] > git for-each-ref --format=%(refname)%00%(upstream:short)%00%(objectname)%00%(upstream:track)%00%(upstream:remotename)%00%(upstream:remoteref) refs/heads/master refs/remotes/master [10ms]
2026-08-22 15:11:41.220 [warning] [Git][getBranch] No such branch: master
2026-08-22 15:11:41.236 [info] > git for-each-ref --sort -committerdate --format %(refname)%00%(objectname)%00%(*objectname) [8ms]
2026-08-22 15:11:41.283 [info] > git status -z -uall [59ms]
2026-08-22 15:11:46.296 [info] > git config --get commit.template [5ms]
2026-08-22 15:11:46.305 [info] > git for-each-ref --format=%(refname)%00%(upstream:short)%00%(objectname)%00%(upstream:track)%00%(upstream:remotename)%00%(upstream:remoteref) refs/heads/master refs/remotes/master [10ms]
2026-08-22 15:11:46.306 [warning] [Git][getBranch] No such branch: master
2026-08-22 15:11:46.321 [info] > git for-each-ref --sort -committerdate --format %(refname)%00%(objectname)%00%(*objectname) [8ms]
2026-08-22 15:11:46.367 [info] > git status -z -uall [57ms]
2026-08-22 15:11:51.380 [info] > git config --get commit.template [5ms]
2026-08-22 15:11:51.389 [info] > git for-each-ref --format=%(refname)%00%(upstream:short)%00%(objectname)%00%(upstream:track)%00%(upstream:remotename)%00%(upstream:remoteref) refs/heads/master refs/remotes/master [10ms]
2026-08-22 15:11:51.389 [warning] [Git][getBranch] No such branch: master
2026-08-22 15:11:51.405 [info] > git for-each-ref --sort -committerdate --format %(refname)%00%(objectname)%00%(*objectname) [8ms]
2026-08-22 15:11:51.452 [info] > git status -z -uall [59ms]
2026-08-22 15:11:56.467 [info] > git config --get commit.template [6ms]
2026-08-22 15:11:56.477 [info] > git for-each-ref --format=%(refname)%00%(upstream:short)%00%(objectname)%00%(upstream:track)%00%(upstream:remotename)%00%(upstream:remoteref) refs/heads/master refs/remotes/master [11ms]
2026-08-22 15:11:56.477 [warning] [Git][getBranch] No such branch: master
2026-08-22 15:11:56.502 [info] > git for-each-ref --sort -committerdate --format %(refname)%00%(objectname)%00%(*objectname) [8ms]
2026-08-22 15:11:56.596 [info] > git status -z -uall [105ms]
2026-08-22 15:12:01.609 [info] > git config --get commit.template [6ms]
2026-08-22 15:12:01.618 [info] > git for-each-ref --format=%(refname)%00%(upstream:short)%00%(objectname)%00%(upstream:track)%00%(upstream:remotename)%00%(upstream:remoteref) refs/heads/master refs/remotes/master [10ms]
2026-08-22 15:12:01.618 [warning] [Git][getBranch] No such branch: master
2026-08-22 15:12:01.636 [info] > git for-each-ref --sort -committerdate --format %(refname)%00%(objectname)%00%(*objectname) [10ms]
2026-08-22 15:12:01.686 [info] > git status -z -uall [63ms]
2026-08-22 15:12:04.059 [info] > git push [8ms]
2026-08-22 15:12:04.059 [info] fatal: The current branch master has no upstream branch.
To push the current branch and set the remote as upstream, use

    git push --set-upstream origin master
2026-08-22 15:12:04.069 [info] > git config --get commit.template [5ms]
2026-08-22 15:12:04.079 [info] > git for-each-ref --format=%(refname)%00%(upstream:short)%00%(objectname)%00%(upstream:track)%00%(upstream:remotename)%00%(upstream:remoteref) refs/heads/master refs/remotes/master [11ms]
2026-08-22 15:12:04.079 [warning] [Git][getBranch] No such branch: master
2026-08-22 15:12:04.096 [info] > git for-each-ref --sort -committerdate --format %(refname)%00%(objectname)%00%(*objectname) [10ms]
2026-08-22 15:12:04.148 [info] > git status -z -uall [65ms]
2026-08-22 15:12:05.989 [info] > git push -u origin master [20ms]
2026-08-22 15:12:05.989 [info] error: src refspec master does not match any
error: failed to push some refs to 'https://github.com/jpanigra/work.git'
2026-08-22 15:12:05.999 [info] > git config --get commit.template [5ms]
2026-08-22 15:12:06.009 [info] > git for-each-ref --format=%(refname)%00%(upstream:short)%00%(objectname)%00%(upstream:track)%00%(upstream:remotename)%00%(upstream:remoteref) refs/heads/master refs/remotes/master [11ms]
2026-08-22 15:12:06.009 [warning] [Git][getBranch] No such branch: master
2026-08-22 15:12:06.027 [info] > git for-each-ref --sort -committerdate --format %(refname)%00%(objectname)%00%(*objectname) [11ms]
2026-08-22 15:12:06.078 [info] > git status -z -uall [64ms]
2026-08-22 15:12:06.699 [info] > git config --get commit.template [6ms]
2026-08-22 15:12:06.708 [info] > git for-each-ref --format=%(refname)%00%(upstream:short)%00%(objectname)%00%(upstream:track)%00%(upstream:remotename)%00%(upstream:remoteref) refs/heads/master refs/remotes/master [10ms]
2026-08-22 15:12:06.708 [warning] [Git][getBranch] No such branch: master
2026-08-22 15:12:06.724 [info] > git for-each-ref --sort -committerdate --format %(refname)%00%(objectname)%00%(*objectname) [9ms]
2026-08-22 15:12:06.773 [info] > git status -z -uall [61ms]
2026-08-22 15:12:11.785 [info] > git config --get commit.template [5ms]
2026-08-22 15:12:11.794 [info] > git for-each-ref --format=%(refname)%00%(upstream:short)%00%(objectname)%00%(upstream:track)%00%(upstream:remotename)%00%(upstream:remoteref) refs/heads/master refs/remotes/master [10ms]
2026-08-22 15:12:11.794 [warning] [Git][getBranch] No such branch: master
2026-08-22 15:12:11.811 [info] > git for-each-ref --sort -committerdate --format %(refname)%00%(objectname)%00%(*objectname) [9ms]
2026-08-22 15:12:11.858 [info] > git status -z -uall [59ms]
2026-08-22 15:12:16.023 [info] > git log --oneline --cherry master...master@{upstream} -- [9ms]
2026-08-22 15:12:16.023 [info] fatal: no such branch: 'master...master'
2026-08-22 15:12:17.287 [info] > git pull --tags [1260ms]
2026-08-22 15:12:17.287 [info] There is no tracking information for the current branch.
Please specify which branch you want to merge with.
See git-pull(1) for details.

    git pull <remote> <branch>

If you wish to set tracking information for this branch you can do so with:

    git branch --set-upstream-to=origin/<branch> master
2026-08-22 15:12:17.297 [info] > git config --get commit.template [5ms]
2026-08-22 15:12:17.306 [info] > git for-each-ref --format=%(refname)%00%(upstream:short)%00%(objectname)%00%(upstream:track)%00%(upstream:remotename)%00%(upstream:remoteref) refs/heads/master refs/remotes/master [11ms]
2026-08-22 15:12:17.306 [warning] [Git][getBranch] No such branch: master
2026-08-22 15:12:17.324 [info] > git for-each-ref --sort -committerdate --format %(refname)%00%(objectname)%00%(*objectname) [10ms]
2026-08-22 15:12:17.372 [info] > git status -z -uall [62ms]
2026-08-22 15:12:17.385 [info] > git config --get commit.template [6ms]
2026-08-22 15:12:17.395 [info] > git for-each-ref --format=%(refname)%00%(upstream:short)%00%(objectname)%00%(upstream:track)%00%(upstream:remotename)%00%(upstream:remoteref) refs/heads/master refs/remotes/master [12ms]
2026-08-22 15:12:17.395 [warning] [Git][getBranch] No such branch: master
2026-08-22 15:12:17.413 [info] > git for-each-ref --sort -committerdate --format %(refname)%00%(objectname)%00%(*objectname) [11ms]
2026-08-22 15:12:17.450 [info] > git status -z -uall [51ms]
2026-08-22 15:12:17.778 [info] > git ls-files --stage -- pydantic_demo.py [7ms]
2026-08-22 15:12:17.793 [info] > git cat-file -s 3e69d0b7d9e92dd2fbf4b95aa0a9f4d97379c331 [11ms]
2026-08-22 15:12:18.068 [info] > git show --textconv :pydantic_demo.py [17ms]
2026-08-22 15:12:22.784 [info] > git config --get commit.template [5ms]
2026-08-22 15:12:22.795 [info] > git for-each-ref --format=%(refname)%00%(upstream:short)%00%(objectname)%00%(upstream:track)%00%(upstream:remotename)%00%(upstream:remoteref) refs/heads/master refs/remotes/master [12ms]
2026-08-22 15:12:22.795 [warning] [Git][getBranch] No such branch: master
2026-08-22 15:12:22.812 [info] > git for-each-ref --sort -committerdate --format %(refname)%00%(objectname)%00%(*objectname) [10ms]
2026-08-22 15:12:22.861 [info] > git status -z -uall [62ms]
2026-08-22 15:12:27.874 [info] > git config --get commit.template [5ms]
2026-08-22 15:12:27.884 [info] > git for-each-ref --format=%(refname)%00%(upstream:short)%00%(objectname)%00%(upstream:track)%00%(upstream:remotename)%00%(upstream:remoteref) refs/heads/master refs/remotes/master [11ms]
2026-08-22 15:12:27.884 [warning] [Git][getBranch] No such branch: master
2026-08-22 15:12:27.910 [info] > git for-each-ref --sort -committerdate --format %(refname)%00%(objectname)%00%(*objectname) [10ms]
2026-08-22 15:12:27.964 [info] > git status -z -uall [67ms]
2026-08-22 15:12:32.976 [info] > git config --get commit.template [5ms]
2026-08-22 15:12:32.985 [info] > git for-each-ref --format=%(refname)%00%(upstream:short)%00%(objectname)%00%(upstream:track)%00%(upstream:remotename)%00%(upstream:remoteref) refs/heads/master refs/remotes/master [10ms]
2026-08-22 15:12:32.985 [warning] [Git][getBranch] No such branch: master
2026-08-22 15:12:33.003 [info] > git for-each-ref --sort -committerdate --format %(refname)%00%(objectname)%00%(*objectname) [11ms]
2026-08-22 15:12:33.057 [info] > git status -z -uall [68ms]
2026-08-22 15:12:38.071 [info] > git config --get commit.template [6ms]
2026-08-22 15:12:38.080 [info] > git for-each-ref --format=%(refname)%00%(upstream:short)%00%(objectname)%00%(upstream:track)%00%(upstream:remotename)%00%(upstream:remoteref) refs/heads/master refs/remotes/master [9ms]
2026-08-22 15:12:38.080 [warning] [Git][getBranch] No such branch: master
2026-08-22 15:12:38.105 [info] > git for-each-ref --sort -committerdate --format %(refname)%00%(objectname)%00%(*objectname) [10ms]
2026-08-22 15:12:38.154 [info] > git status -z -uall [62ms]
2026-08-22 15:12:43.168 [info] > git config --get commit.template [5ms]
2026-08-22 15:12:43.176 [info] > git for-each-ref --format=%(refname)%00%(upstream:short)%00%(objectname)%00%(upstream:track)%00%(upstream:remotename)%00%(upstream:remoteref) refs/heads/master refs/remotes/master [10ms]
2026-08-22 15:12:43.177 [warning] [Git][getBranch] No such branch: master
2026-08-22 15:12:43.195 [info] > git for-each-ref --sort -committerdate --format %(refname)%00%(objectname)%00%(*objectname) [10ms]
2026-08-22 15:12:43.246 [info] > git status -z -uall [65ms]
2026-08-22 15:12:43.861 [info] > git for-each-ref --sort -committerdate --format %(refname)%00%(objectname)%00%(*objectname)%00%(parent)%00%(*parent)%00%(authorname)%00%(*authorname)%00%(committerdate:unix)%00%(*committerdate:unix)%00%(subject)%00%(*subject)%00%(upstream:track) [8ms]
2026-08-22 15:12:48.261 [info] > git config --get commit.template [5ms]
2026-08-22 15:12:48.270 [info] > git for-each-ref --format=%(refname)%00%(upstream:short)%00%(objectname)%00%(upstream:track)%00%(upstream:remotename)%00%(upstream:remoteref) refs/heads/master refs/remotes/master [10ms]
2026-08-22 15:12:48.271 [warning] [Git][getBranch] No such branch: master
2026-08-22 15:12:48.287 [info] > git for-each-ref --sort -committerdate --format %(refname)%00%(objectname)%00%(*objectname) [9ms]
2026-08-22 15:12:48.337 [info] > git status -z -uall [62ms]
2026-08-22 15:12:53.351 [info] > git config --get commit.template [7ms]
2026-08-22 15:12:53.361 [info] > git for-each-ref --format=%(refname)%00%(upstream:short)%00%(objectname)%00%(upstream:track)%00%(upstream:remotename)%00%(upstream:remoteref) refs/heads/master refs/remotes/master [14ms]
2026-08-22 15:12:53.361 [warning] [Git][getBranch] No such branch: master
2026-08-22 15:12:53.376 [info] > git for-each-ref --sort -committerdate --format %(refname)%00%(objectname)%00%(*objectname)%00%(parent)%00%(*parent)%00%(authorname)%00%(*authorname)%00%(committerdate:unix)%00%(*committerdate:unix)%00%(subject)%00%(*subject)%00%(upstream:track) [25ms]
2026-08-22 15:12:53.388 [info] > git for-each-ref --sort -committerdate --format %(refname)%00%(objectname)%00%(*objectname) [12ms]
2026-08-22 15:12:53.437 [info] > git status -z -uall [64ms]
2026-08-22 15:12:58.451 [info] > git config --get commit.template [6ms]
2026-08-22 15:12:58.461 [info] > git for-each-ref --format=%(refname)%00%(upstream:short)%00%(objectname)%00%(upstream:track)%00%(upstream:remotename)%00%(upstream:remoteref) refs/heads/master refs/remotes/master [12ms]
2026-08-22 15:12:58.461 [warning] [Git][getBranch] No such branch: master
2026-08-22 15:12:58.478 [info] > git for-each-ref --sort -committerdate --format %(refname)%00%(objectname)%00%(*objectname) [10ms]
2026-08-22 15:12:58.551 [info] > git for-each-ref --sort -committerdate --format %(refname)%00%(objectname)%00%(*objectname) refs/heads [8ms]
2026-08-22 15:12:58.575 [info] > git status -z -uall [110ms]
2026-08-22 15:13:03.586 [info] > git config --get commit.template [5ms]
2026-08-22 15:13:03.595 [info] > git for-each-ref --format=%(refname)%00%(upstream:short)%00%(objectname)%00%(upstream:track)%00%(upstream:remotename)%00%(upstream:remoteref) refs/heads/master refs/remotes/master [11ms]
2026-08-22 15:13:03.596 [warning] [Git][getBranch] No such branch: master
2026-08-22 15:13:03.619 [info] > git for-each-ref --sort -committerdate --format %(refname)%00%(objectname)%00%(*objectname) [8ms]
2026-08-22 15:13:03.670 [info] > git status -z -uall [62ms]
2026-08-22 15:13:08.683 [info] > git config --get commit.template [6ms]
2026-08-22 15:13:08.694 [info] > git for-each-ref --format=%(refname)%00%(upstream:short)%00%(objectname)%00%(upstream:track)%00%(upstream:remotename)%00%(upstream:remoteref) refs/heads/master refs/remotes/master [14ms]
2026-08-22 15:13:08.694 [warning] [Git][getBranch] No such branch: master
2026-08-22 15:13:08.710 [info] > git for-each-ref --sort -committerdate --format %(refname)%00%(objectname)%00%(*objectname) [10ms]
2026-08-22 15:13:08.762 [info] > git status -z -uall [65ms]
2026-08-22 15:13:11.549 [info] > git checkout -q -b Development --no-track HEAD [7ms]
2026-08-22 15:13:11.550 [info] fatal: 'HEAD' is not a commit and a branch 'Development' cannot be created from it
2026-08-22 15:13:11.559 [info] > git config --get commit.template [5ms]
2026-08-22 15:13:11.567 [info] > git for-each-ref --format=%(refname)%00%(upstream:short)%00%(objectname)%00%(upstream:track)%00%(upstream:remotename)%00%(upstream:remoteref) refs/heads/master refs/remotes/master [10ms]
2026-08-22 15:13:11.568 [warning] [Git][getBranch] No such branch: master
2026-08-22 15:13:11.592 [info] > git for-each-ref --sort -committerdate --format %(refname)%00%(objectname)%00%(*objectname) [8ms]
2026-08-22 15:13:11.640 [info] > git status -z -uall [59ms]
2026-08-22 15:13:13.775 [info] > git config --get commit.template [6ms]
2026-08-22 15:13:13.785 [info] > git for-each-ref --format=%(refname)%00%(upstream:short)%00%(objectname)%00%(upstream:track)%00%(upstream:remotename)%00%(upstream:remoteref) refs/heads/master refs/remotes/master [12ms]
2026-08-22 15:13:13.785 [warning] [Git][getBranch] No such branch: master
2026-08-22 15:13:13.801 [info] > git for-each-ref --sort -committerdate --format %(refname)%00%(objectname)%00%(*objectname) [9ms]
2026-08-22 15:13:13.852 [info] > git status -z -uall [63ms]
2026-08-22 15:13:18.864 [info] > git config --get commit.template [4ms]
2026-08-22 15:13:18.872 [info] > git for-each-ref --format=%(refname)%00%(upstream:short)%00%(objectname)%00%(upstream:track)%00%(upstream:remotename)%00%(upstream:remoteref) refs/heads/master refs/remotes/master [10ms]
2026-08-22 15:13:18.872 [warning] [Git][getBranch] No such branch: master
2026-08-22 15:13:18.896 [info] > git for-each-ref --sort -committerdate --format %(refname)%00%(objectname)%00%(*objectname) [9ms]
2026-08-22 15:13:18.943 [info] > git status -z -uall [59ms]
2026-08-22 15:13:23.955 [info] > git config --get commit.template [5ms]
2026-08-22 15:13:23.964 [info] > git for-each-ref --format=%(refname)%00%(upstream:short)%00%(objectname)%00%(upstream:track)%00%(upstream:remotename)%00%(upstream:remoteref) refs/heads/master refs/remotes/master [10ms]
2026-08-22 15:13:23.964 [warning] [Git][getBranch] No such branch: master
2026-08-22 15:13:23.987 [info] > git for-each-ref --sort -committerdate --format %(refname)%00%(objectname)%00%(*objectname) [8ms]
2026-08-22 15:13:24.035 [info] > git status -z -uall [60ms]
2026-08-22 15:13:29.046 [info] > git config --get commit.template [5ms]
2026-08-22 15:13:29.059 [info] > git for-each-ref --format=%(refname)%00%(upstream:short)%00%(objectname)%00%(upstream:track)%00%(upstream:remotename)%00%(upstream:remoteref) refs/heads/master refs/remotes/master [14ms]
2026-08-22 15:13:29.059 [warning] [Git][getBranch] No such branch: master
2026-08-22 15:13:29.075 [info] > git for-each-ref --sort -committerdate --format %(refname)%00%(objectname)%00%(*objectname) [9ms]
2026-08-22 15:13:29.127 [info] > git status -z -uall [64ms]
2026-08-22 15:13:34.139 [info] > git config --get commit.template [5ms]
2026-08-22 15:13:34.148 [info] > git for-each-ref --format=%(refname)%00%(upstream:short)%00%(objectname)%00%(upstream:track)%00%(upstream:remotename)%00%(upstream:remoteref) refs/heads/master refs/remotes/master [10ms]
2026-08-22 15:13:34.148 [warning] [Git][getBranch] No such branch: master
2026-08-22 15:13:34.172 [info] > git for-each-ref --sort -committerdate --format %(refname)%00%(objectname)%00%(*objectname) [8ms]
2026-08-22 15:13:34.222 [info] > git status -z -uall [61ms]
2026-08-22 15:13:39.234 [info] > git config --get commit.template [5ms]
2026-08-22 15:13:39.242 [info] > git for-each-ref --format=%(refname)%00%(upstream:short)%00%(objectname)%00%(upstream:track)%00%(upstream:remotename)%00%(upstream:remoteref) refs/heads/master refs/remotes/master [10ms]
2026-08-22 15:13:39.242 [warning] [Git][getBranch] No such branch: master
2026-08-22 15:13:39.267 [info] > git for-each-ref --sort -committerdate --format %(refname)%00%(objectname)%00%(*objectname) [9ms]
2026-08-22 15:13:39.314 [info] > git status -z -uall [59ms]
2026-08-22 15:13:44.326 [info] > git config --get commit.template [5ms]
2026-08-22 15:13:44.335 [info] > git for-each-ref --format=%(refname)%00%(upstream:short)%00%(objectname)%00%(upstream:track)%00%(upstream:remotename)%00%(upstream:remoteref) refs/heads/master refs/remotes/master [11ms]
2026-08-22 15:13:44.336 [warning] [Git][getBranch] No such branch: master
2026-08-22 15:13:44.351 [info] > git for-each-ref --sort -committerdate --format %(refname)%00%(objectname)%00%(*objectname) [9ms]
2026-08-22 15:13:44.400 [info] > git status -z -uall [61ms]
2026-08-22 15:13:49.412 [info] > git config --get commit.template [5ms]
2026-08-22 15:13:49.421 [info] > git for-each-ref --format=%(refname)%00%(upstream:short)%00%(objectname)%00%(upstream:track)%00%(upstream:remotename)%00%(upstream:remoteref) refs/heads/master refs/remotes/master [9ms]
2026-08-22 15:13:49.421 [warning] [Git][getBranch] No such branch: master
2026-08-22 15:13:49.437 [info] > git for-each-ref --sort -committerdate --format %(refname)%00%(objectname)%00%(*objectname) [9ms]
2026-08-22 15:13:49.490 [info] > git status -z -uall [65ms]
2026-08-22 15:13:54.502 [info] > git config --get commit.template [5ms]
2026-08-22 15:13:54.516 [info] > git for-each-ref --format=%(refname)%00%(upstream:short)%00%(objectname)%00%(upstream:track)%00%(upstream:remotename)%00%(upstream:remoteref) refs/heads/master refs/remotes/master [16ms]
2026-08-22 15:13:54.516 [warning] [Git][getBranch] No such branch: master
2026-08-22 15:13:54.532 [info] > git for-each-ref --sort -committerdate --format %(refname)%00%(objectname)%00%(*objectname) [9ms]
2026-08-22 15:13:54.584 [info] > git status -z -uall [64ms]
2026-08-22 15:13:59.598 [info] > git config --get commit.template [6ms]
2026-08-22 15:13:59.608 [info] > git for-each-ref --format=%(refname)%00%(upstream:short)%00%(objectname)%00%(upstream:track)%00%(upstream:remotename)%00%(upstream:remoteref) refs/heads/master refs/remotes/master [12ms]
2026-08-22 15:13:59.608 [warning] [Git][getBranch] No such branch: master
2026-08-22 15:13:59.634 [info] > git for-each-ref --sort -committerdate --format %(refname)%00%(objectname)%00%(*objectname) [9ms]
2026-08-22 15:13:59.731 [info] > git status -z -uall [109ms]
2026-08-22 15:14:04.744 [info] > git config --get commit.template [5ms]
2026-08-22 15:14:04.753 [info] > git for-each-ref --format=%(refname)%00%(upstream:short)%00%(objectname)%00%(upstream:track)%00%(upstream:remotename)%00%(upstream:remoteref) refs/heads/master refs/remotes/master [11ms]
2026-08-22 15:14:04.753 [warning] [Git][getBranch] No such branch: master
2026-08-22 15:14:04.767 [info] > git for-each-ref --sort -committerdate --format %(refname)%00%(objectname)%00%(*objectname) [8ms]
2026-08-22 15:14:04.813 [info] > git status -z -uall [56ms]
2026-08-22 15:14:09.825 [info] > git config --get commit.template [6ms]
2026-08-22 15:14:09.834 [info] > git for-each-ref --format=%(refname)%00%(upstream:short)%00%(objectname)%00%(upstream:track)%00%(upstream:remotename)%00%(upstream:remoteref) refs/heads/master refs/remotes/master [10ms]
2026-08-22 15:14:09.834 [warning] [Git][getBranch] No such branch: master
2026-08-22 15:14:09.848 [info] > git for-each-ref --sort -committerdate --format %(refname)%00%(objectname)%00%(*objectname) [9ms]
2026-08-22 15:14:09.899 [info] > git status -z -uall [62ms]
2026-08-22 15:14:14.911 [info] > git config --get commit.template [5ms]
2026-08-22 15:14:14.919 [info] > git for-each-ref --format=%(refname)%00%(upstream:short)%00%(objectname)%00%(upstream:track)%00%(upstream:remotename)%00%(upstream:remoteref) refs/heads/master refs/remotes/master [9ms]
2026-08-22 15:14:14.920 [warning] [Git][getBranch] No such branch: master
2026-08-22 15:14:14.942 [info] > git for-each-ref --sort -committerdate --format %(refname)%00%(objectname)%00%(*objectname) [7ms]
2026-08-22 15:14:14.987 [info] > git status -z -uall [55ms]
2026-08-22 15:14:20.001 [info] > git config --get commit.template [6ms]
2026-08-22 15:14:20.010 [info] > git for-each-ref --format=%(refname)%00%(upstream:short)%00%(objectname)%00%(upstream:track)%00%(upstream:remotename)%00%(upstream:remoteref) refs/heads/master refs/remotes/master [9ms]
2026-08-22 15:14:20.010 [warning] [Git][getBranch] No such branch: master
2026-08-22 15:14:20.036 [info] > git for-each-ref --sort -committerdate --format %(refname)%00%(objectname)%00%(*objectname) [9ms]
2026-08-22 15:14:20.085 [info] > git status -z -uall [61ms]
2026-08-22 15:14:26.514 [info] > git show --textconv :.git/COMMIT_EDITMSG [8ms]
2026-08-22 15:14:26.514 [warning] [GitFileSystemProvider][readFile] File not found - git:/voc/work/.git/COMMIT_EDITMSG.git?%7B%22path%22%3A%22%2Fvoc%2Fwork%2F.git%2FCOMMIT_EDITMSG%22%2C%22ref%22%3A%22%22%7D
2026-08-22 15:14:26.522 [info] > git ls-files --stage -- .git/COMMIT_EDITMSG [13ms]
2026-08-22 15:14:26.531 [warning] [GitFileSystemProvider][stat] File not found - git:/voc/work/.git/COMMIT_EDITMSG.git?%7B%22path%22%3A%22%2Fvoc%2Fwork%2F.git%2FCOMMIT_EDITMSG%22%2C%22ref%22%3A%22%22%7D
2026-08-22 15:15:53.339 [info] > git show --textconv HEAD:pipeline_starter.py [9ms]
2026-08-22 15:15:53.339 [warning] [GitFileSystemProvider][readFile] File not found - git:/voc/work/pipeline_starter.py.git?%7B%22path%22%3A%22%2Fvoc%2Fwork%2Fpipeline_starter.py%22%2C%22ref%22%3A%22HEAD%22%7D
2026-08-22 15:15:53.348 [info] > git ls-tree -l HEAD -- pipeline_starter.py [13ms]
2026-08-22 15:15:53.357 [info] fatal: Not a valid object name HEAD
2026-08-22 15:15:53.357 [warning] [GitFileSystemProvider][stat] File not found - git:/voc/work/pipeline_starter.py.git?%7B%22path%22%3A%22%2Fvoc%2Fwork%2Fpipeline_starter.py%22%2C%22ref%22%3A%22HEAD%22%7D
2026-08-22 15:15:53.357 [info] > git ls-files --stage -- pipeline_starter.py [24ms]
2026-08-22 15:15:53.370 [info] > git show --textconv :pipeline_starter.py [42ms]
2026-08-22 15:15:53.383 [info] > git cat-file -s 2a73b54201ac952e7d2506e8fa08771562771b0e [14ms]
2026-08-22 15:16:10.646 [info] > git show --textconv HEAD:questions.csv [8ms]
2026-08-22 15:16:10.647 [warning] [GitFileSystemProvider][readFile] File not found - git:/voc/work/questions.csv.git?%7B%22path%22%3A%22%2Fvoc%2Fwork%2Fquestions.csv%22%2C%22ref%22%3A%22HEAD%22%7D
2026-08-22 15:16:10.655 [info] > git show --textconv :questions.csv [20ms]
2026-08-22 15:16:10.664 [info] > git ls-tree -l HEAD -- questions.csv [21ms]
2026-08-22 15:16:10.673 [info] fatal: Not a valid object name HEAD
2026-08-22 15:16:10.674 [warning] [GitFileSystemProvider][stat] File not found - git:/voc/work/questions.csv.git?%7B%22path%22%3A%22%2Fvoc%2Fwork%2Fquestions.csv%22%2C%22ref%22%3A%22HEAD%22%7D
2026-08-22 15:16:10.683 [info] > git ls-files --stage -- questions.csv [42ms]
2026-08-22 15:16:10.698 [info] > git cat-file -s fb08fc50fa107709b01780a7f89563542ecc4ed5 [11ms]
2026-08-22 15:16:28.169 [info] > git show --textconv HEAD:fake_llm.py [12ms]
2026-08-22 15:16:28.170 [warning] [GitFileSystemProvider][readFile] File not found - git:/voc/work/fake_llm.py.git?%7B%22path%22%3A%22%2Fvoc%2Fwork%2Ffake_llm.py%22%2C%22ref%22%3A%22HEAD%22%7D
2026-08-22 15:16:28.180 [info] > git show --textconv :fake_llm.py [25ms]
2026-08-22 15:16:28.189 [info] > git ls-tree -l HEAD -- fake_llm.py [27ms]
2026-08-22 15:16:28.198 [info] fatal: Not a valid object name HEAD
2026-08-22 15:16:28.198 [warning] [GitFileSystemProvider][stat] File not found - git:/voc/work/fake_llm.py.git?%7B%22path%22%3A%22%2Fvoc%2Fwork%2Ffake_llm.py%22%2C%22ref%22%3A%22HEAD%22%7D
2026-08-22 15:16:28.198 [info] > git ls-files --stage -- fake_llm.py [38ms]
2026-08-22 15:16:28.225 [info] > git cat-file -s 4204b087d2c53dc05e03b5dd71fef073728c719c [14ms]
2026-08-22 15:16:30.902 [info] > git show --textconv HEAD:W2_Practice_Assignment_Solution_Activity/pipeline_solution.py [11ms]
2026-08-22 15:16:30.902 [warning] [GitFileSystemProvider][readFile] File not found - git:/voc/work/W2_Practice_Assignment_Solution_Activity/pipeline_solution.py.git?%7B%22path%22%3A%22%2Fvoc%2Fwork%2FW2_Practice_Assignment_Solution_Activity%2Fpipeline_solution.py%22%2C%22ref%22%3A%22HEAD%22%7D
2026-08-22 15:16:30.911 [info] > git show --textconv :W2_Practice_Assignment_Solution_Activity/pipeline_solution.py [25ms]
2026-08-22 15:16:30.921 [info] > git ls-tree -l HEAD -- W2_Practice_Assignment_Solution_Activity/pipeline_solution.py [25ms]
2026-08-22 15:16:30.935 [info] fatal: Not a valid object name HEAD
2026-08-22 15:16:30.935 [warning] [GitFileSystemProvider][stat] File not found - git:/voc/work/W2_Practice_Assignment_Solution_Activity/pipeline_solution.py.git?%7B%22path%22%3A%22%2Fvoc%2Fwork%2FW2_Practice_Assignment_Solution_Activity%2Fpipeline_solution.py%22%2C%22ref%22%3A%22HEAD%22%7D
2026-08-22 15:16:30.935 [info] > git ls-files --stage -- W2_Practice_Assignment_Solution_Activity/pipeline_solution.py [41ms]
2026-08-22 15:16:30.961 [info] > git cat-file -s cfaed44639f972bacd7d21876f386bd17dd7d7ea [13ms]
2026-08-22 15:17:49.312 [info] > git show --textconv HEAD:pydantic_demo.py [13ms]
2026-08-22 15:17:49.312 [warning] [GitFileSystemProvider][readFile] File not found - git:/voc/work/pydantic_demo.py.git?%7B%22path%22%3A%22%2Fvoc%2Fwork%2Fpydantic_demo.py%22%2C%22ref%22%3A%22HEAD%22%7D
2026-08-22 15:17:49.321 [info] > git ls-files --stage -- pydantic_demo.py [20ms]
2026-08-22 15:17:49.333 [info] > git show --textconv :pydantic_demo.py [38ms]
2026-08-22 15:17:49.338 [info] > git ls-tree -l HEAD -- pydantic_demo.py [34ms]
2026-08-22 15:17:49.338 [info] fatal: Not a valid object name HEAD
2026-08-22 15:17:49.338 [warning] [GitFileSystemProvider][stat] File not found - git:/voc/work/pydantic_demo.py.git?%7B%22path%22%3A%22%2Fvoc%2Fwork%2Fpydantic_demo.py%22%2C%22ref%22%3A%22HEAD%22%7D
2026-08-22 15:17:49.347 [info] > git cat-file -s 3e69d0b7d9e92dd2fbf4b95aa0a9f4d97379c331 [14ms]
2026-08-22 15:17:56.644 [info] > git show --textconv HEAD:questions.csv [12ms]
2026-08-22 15:17:56.645 [warning] [GitFileSystemProvider][readFile] File not found - git:/voc/work/questions.csv.git?%7B%22path%22%3A%22%2Fvoc%2Fwork%2Fquestions.csv%22%2C%22ref%22%3A%22HEAD%22%7D
2026-08-22 15:17:56.653 [info] > git show --textconv :questions.csv [24ms]
2026-08-22 15:17:56.653 [info] > git ls-tree -l HEAD -- questions.csv [15ms]
2026-08-22 15:17:56.661 [info] fatal: Not a valid object name HEAD
2026-08-22 15:17:56.662 [warning] [GitFileSystemProvider][stat] File not found - git:/voc/work/questions.csv.git?%7B%22path%22%3A%22%2Fvoc%2Fwork%2Fquestions.csv%22%2C%22ref%22%3A%22HEAD%22%7D
2026-08-22 15:17:56.670 [info] > git ls-files --stage -- questions.csv [35ms]
2026-08-22 15:17:56.683 [info] > git cat-file -s fb08fc50fa107709b01780a7f89563542ecc4ed5 [9ms]
2026-08-22 15:18:30.883 [info] > git show --textconv HEAD:fake_llm.py [11ms]
2026-08-22 15:18:30.883 [warning] [GitFileSystemProvider][readFile] File not found - git:/voc/work/fake_llm.py.git?%7B%22path%22%3A%22%2Fvoc%2Fwork%2Ffake_llm.py%22%2C%22ref%22%3A%22HEAD%22%7D
2026-08-22 15:18:30.892 [info] > git show --textconv :fake_llm.py [22ms]
2026-08-22 15:18:30.901 [info] > git ls-tree -l HEAD -- fake_llm.py [23ms]
2026-08-22 15:18:30.910 [info] fatal: Not a valid object name HEAD
2026-08-22 15:18:30.910 [warning] [GitFileSystemProvider][stat] File not found - git:/voc/work/fake_llm.py.git?%7B%22path%22%3A%22%2Fvoc%2Fwork%2Ffake_llm.py%22%2C%22ref%22%3A%22HEAD%22%7D
2026-08-22 15:18:30.910 [info] > git ls-files --stage -- fake_llm.py [35ms]
2026-08-22 15:18:30.933 [info] > git cat-file -s 4204b087d2c53dc05e03b5dd71fef073728c719c [9ms]
2026-08-22 15:18:33.330 [info] > git show --textconv HEAD:AI-RAG_W2_store.py [14ms]
2026-08-22 15:18:33.331 [warning] [GitFileSystemProvider][readFile] File not found - git:/voc/work/AI-RAG_W2_store.py.git?%7B%22path%22%3A%22%2Fvoc%2Fwork%2FAI-RAG_W2_store.py%22%2C%22ref%22%3A%22HEAD%22%7D
2026-08-22 15:18:33.340 [info] > git show --textconv :AI-RAG_W2_store.py [27ms]
2026-08-22 15:18:33.341 [info] > git ls-tree -l HEAD -- AI-RAG_W2_store.py [20ms]
2026-08-22 15:18:33.349 [info] fatal: Not a valid object name HEAD
2026-08-22 15:18:33.349 [warning] [GitFileSystemProvider][stat] File not found - git:/voc/work/AI-RAG_W2_store.py.git?%7B%22path%22%3A%22%2Fvoc%2Fwork%2FAI-RAG_W2_store.py%22%2C%22ref%22%3A%22HEAD%22%7D
2026-08-22 15:18:33.349 [info] > git ls-files --stage -- AI-RAG_W2_store.py [30ms]
2026-08-22 15:18:33.363 [info] > git cat-file -s 410e64c16b5c602bd3a5de96c4648722b2bd5b36 [10ms]
2026-08-22 15:18:35.753 [info] > git show --textconv HEAD:AI-RAG_W2_settings.py [13ms]
2026-08-22 15:18:35.753 [warning] [GitFileSystemProvider][readFile] File not found - git:/voc/work/AI-RAG_W2_settings.py.git?%7B%22path%22%3A%22%2Fvoc%2Fwork%2FAI-RAG_W2_settings.py%22%2C%22ref%22%3A%22HEAD%22%7D
2026-08-22 15:18:35.763 [info] > git show --textconv :AI-RAG_W2_settings.py [26ms]
2026-08-22 15:18:35.773 [info] > git ls-tree -l HEAD -- AI-RAG_W2_settings.py [28ms]
2026-08-22 15:18:35.773 [info] fatal: Not a valid object name HEAD
2026-08-22 15:18:35.773 [warning] [GitFileSystemProvider][stat] File not found - git:/voc/work/AI-RAG_W2_settings.py.git?%7B%22path%22%3A%22%2Fvoc%2Fwork%2FAI-RAG_W2_settings.py%22%2C%22ref%22%3A%22HEAD%22%7D
2026-08-22 15:18:35.782 [info] > git ls-files --stage -- AI-RAG_W2_settings.py [39ms]
2026-08-22 15:18:35.796 [info] > git cat-file -s 811f67fe43f6015f71cd879041d704c5965f515b [10ms]
2026-08-22 15:18:41.272 [info] > git show --textconv HEAD:pipeline_starter.py [12ms]
2026-08-22 15:18:41.272 [warning] [GitFileSystemProvider][readFile] File not found - git:/voc/work/pipeline_starter.py.git?%7B%22path%22%3A%22%2Fvoc%2Fwork%2Fpipeline_starter.py%22%2C%22ref%22%3A%22HEAD%22%7D
2026-08-22 15:18:41.280 [info] > git show --textconv :pipeline_starter.py [23ms]
2026-08-22 15:18:41.289 [info] > git ls-tree -l HEAD -- pipeline_starter.py [24ms]
2026-08-22 15:18:41.299 [info] fatal: Not a valid object name HEAD
2026-08-22 15:18:41.299 [warning] [GitFileSystemProvider][stat] File not found - git:/voc/work/pipeline_starter.py.git?%7B%22path%22%3A%22%2Fvoc%2Fwork%2Fpipeline_starter.py%22%2C%22ref%22%3A%22HEAD%22%7D
2026-08-22 15:18:41.299 [info] > git ls-files --stage -- pipeline_starter.py [37ms]
2026-08-22 15:18:41.313 [info] > git cat-file -s 2a73b54201ac952e7d2506e8fa08771562771b0e [10ms]
2026-08-22 15:18:51.545 [info] > git show --textconv HEAD:W2_Practice_Assignment_Solution_Activity/pipeline_solution.py [13ms]
2026-08-22 15:18:51.546 [warning] [GitFileSystemProvider][readFile] File not found - git:/voc/work/W2_Practice_Assignment_Solution_Activity/pipeline_solution.py.git?%7B%22path%22%3A%22%2Fvoc%2Fwork%2FW2_Practice_Assignment_Solution_Activity%2Fpipeline_solution.py%22%2C%22ref%22%3A%22HEAD%22%7D
2026-08-22 15:18:51.556 [info] > git show --textconv :W2_Practice_Assignment_Solution_Activity/pipeline_solution.py [28ms]
2026-08-22 15:18:51.565 [info] > git ls-tree -l HEAD -- W2_Practice_Assignment_Solution_Activity/pipeline_solution.py [25ms]
2026-08-22 15:18:51.573 [info] fatal: Not a valid object name HEAD
2026-08-22 15:18:51.573 [warning] [GitFileSystemProvider][stat] File not found - git:/voc/work/W2_Practice_Assignment_Solution_Activity/pipeline_solution.py.git?%7B%22path%22%3A%22%2Fvoc%2Fwork%2FW2_Practice_Assignment_Solution_Activity%2Fpipeline_solution.py%22%2C%22ref%22%3A%22HEAD%22%7D
2026-08-22 15:18:51.581 [info] > git ls-files --stage -- W2_Practice_Assignment_Solution_Activity/pipeline_solution.py [45ms]
2026-08-22 15:18:51.595 [info] > git cat-file -s cfaed44639f972bacd7d21876f386bd17dd7d7ea [9ms]
2026-08-22 15:21:50.209 [info] > git show --textconv HEAD:pipeline_starter.py [11ms]
2026-08-22 15:21:50.210 [warning] [GitFileSystemProvider][readFile] File not found - git:/voc/work/pipeline_starter.py.git?%7B%22path%22%3A%22%2Fvoc%2Fwork%2Fpipeline_starter.py%22%2C%22ref%22%3A%22HEAD%22%7D
2026-08-22 15:21:50.224 [info] > git ls-tree -l HEAD -- pipeline_starter.py [21ms]
2026-08-22 15:21:50.228 [info] fatal: Not a valid object name HEAD
2026-08-22 15:21:50.229 [warning] [GitFileSystemProvider][stat] File not found - git:/voc/work/pipeline_starter.py.git?%7B%22path%22%3A%22%2Fvoc%2Fwork%2Fpipeline_starter.py%22%2C%22ref%22%3A%22HEAD%22%7D
2026-08-22 15:21:50.237 [info] > git ls-files --stage -- pipeline_starter.py [37ms]
2026-08-22 15:21:50.251 [info] > git show --textconv :pipeline_starter.py [56ms]
2026-08-22 15:21:50.268 [info] > git cat-file -s 2a73b54201ac952e7d2506e8fa08771562771b0e [17ms]
2026-08-22 15:21:54.068 [info] > git show --textconv :.git/COMMIT_EDITMSG [8ms]
2026-08-22 15:21:54.068 [warning] [GitFileSystemProvider][readFile] File not found - git:/voc/work/.git/COMMIT_EDITMSG.git?%7B%22path%22%3A%22%2Fvoc%2Fwork%2F.git%2FCOMMIT_EDITMSG%22%2C%22ref%22%3A%22%22%7D
2026-08-22 15:21:54.078 [info] > git ls-files --stage -- .git/COMMIT_EDITMSG [15ms]
2026-08-22 15:21:54.078 [warning] [GitFileSystemProvider][stat] File not found - git:/voc/work/.git/COMMIT_EDITMSG.git?%7B%22path%22%3A%22%2Fvoc%2Fwork%2F.git%2FCOMMIT_EDITMSG%22%2C%22ref%22%3A%22%22%7D
2026-08-22 15:21:54.453 [info] > git -c user.useConfigOnly=true commit --quiet [449608ms]
2026-08-22 15:21:54.453 [info] Aborting commit due to empty commit message.
2026-08-22 15:21:54.464 [info] > git config --get commit.template [6ms]
2026-08-22 15:21:54.481 [info] > git for-each-ref --format=%(refname)%00%(upstream:short)%00%(objectname)%00%(upstream:track)%00%(upstream:remotename)%00%(upstream:remoteref) refs/heads/master refs/remotes/master [20ms]
2026-08-22 15:21:54.481 [warning] [Git][getBranch] No such branch: master
2026-08-22 15:21:54.499 [info] > git for-each-ref --sort -committerdate --format %(refname)%00%(objectname)%00%(*objectname) [9ms]
2026-08-22 15:21:54.615 [info] > git status -z -uall [130ms]
2026-08-22 15:21:54.630 [info] > git config --get commit.template [5ms]
2026-08-22 15:21:54.639 [info] > git for-each-ref --format=%(refname)%00%(upstream:short)%00%(objectname)%00%(upstream:track)%00%(upstream:remotename)%00%(upstream:remoteref) refs/heads/master refs/remotes/master [10ms]
2026-08-22 15:21:54.639 [warning] [Git][getBranch] No such branch: master
2026-08-22 15:21:54.670 [info] > git for-each-ref --sort -committerdate --format %(refname)%00%(objectname)%00%(*objectname) [15ms]
2026-08-22 15:21:54.738 [info] > git status -z -uall [86ms]
2026-08-22 15:21:55.330 [info] > git show --textconv HEAD:pipeline_starter.py [10ms]
2026-08-22 15:21:55.330 [warning] [GitFileSystemProvider][readFile] File not found - git:/voc/work/pipeline_starter.py.git?%7B%22path%22%3A%22%2Fvoc%2Fwork%2Fpipeline_starter.py%22%2C%22ref%22%3A%22HEAD%22%7D
2026-08-22 15:21:55.340 [info] > git show --textconv :pipeline_starter.py [22ms]
2026-08-22 15:21:55.349 [info] > git ls-tree -l HEAD -- pipeline_starter.py [23ms]
2026-08-22 15:21:55.359 [info] fatal: Not a valid object name HEAD
2026-08-22 15:21:55.359 [warning] [GitFileSystemProvider][stat] File not found - git:/voc/work/pipeline_starter.py.git?%7B%22path%22%3A%22%2Fvoc%2Fwork%2Fpipeline_starter.py%22%2C%22ref%22%3A%22HEAD%22%7D
2026-08-22 15:21:55.359 [info] > git ls-files --stage -- pipeline_starter.py [36ms]
2026-08-22 15:21:55.380 [info] > git cat-file -s 2a73b54201ac952e7d2506e8fa08771562771b0e [9ms]
2026-08-22 15:21:59.750 [info] > git config --get commit.template [5ms]
2026-08-22 15:21:59.759 [info] > git for-each-ref --format=%(refname)%00%(upstream:short)%00%(objectname)%00%(upstream:track)%00%(upstream:remotename)%00%(upstream:remoteref) refs/heads/master refs/remotes/master [10ms]
2026-08-22 15:21:59.759 [warning] [Git][getBranch] No such branch: master
2026-08-22 15:21:59.785 [info] > git for-each-ref --sort -committerdate --format %(refname)%00%(objectname)%00%(*objectname) [8ms]
2026-08-22 15:21:59.834 [info] > git status -z -uall [61ms]
2026-08-22 15:22:04.847 [info] > git config --get commit.template [5ms]
2026-08-22 15:22:04.856 [info] > git for-each-ref --format=%(refname)%00%(upstream:short)%00%(objectname)%00%(upstream:track)%00%(upstream:remotename)%00%(upstream:remoteref) refs/heads/master refs/remotes/master [10ms]
2026-08-22 15:22:04.856 [warning] [Git][getBranch] No such branch: master
2026-08-22 15:22:04.882 [info] > git for-each-ref --sort -committerdate --format %(refname)%00%(objectname)%00%(*objectname) [9ms]
2026-08-22 15:22:04.940 [info] > git status -z -uall [71ms]
2026-08-22 15:22:09.952 [info] > git config --get commit.template [5ms]
2026-08-22 15:22:09.961 [info] > git for-each-ref --format=%(refname)%00%(upstream:short)%00%(objectname)%00%(upstream:track)%00%(upstream:remotename)%00%(upstream:remoteref) refs/heads/master refs/remotes/master [10ms]
2026-08-22 15:22:09.961 [warning] [Git][getBranch] No such branch: master
2026-08-22 15:22:09.979 [info] > git for-each-ref --sort -committerdate --format %(refname)%00%(objectname)%00%(*objectname) [10ms]
2026-08-22 15:22:10.030 [info] > git status -z -uall [64ms]
2026-08-22 15:22:28.153 [info] > git config --get commit.template [5ms]
2026-08-22 15:22:28.163 [info] > git for-each-ref --format=%(refname)%00%(upstream:short)%00%(objectname)%00%(upstream:track)%00%(upstream:remotename)%00%(upstream:remoteref) refs/heads/master refs/remotes/master [10ms]
2026-08-22 15:22:28.163 [warning] [Git][getBranch] No such branch: master
2026-08-22 15:22:28.188 [info] > git for-each-ref --sort -committerdate --format %(refname)%00%(objectname)%00%(*objectname) [8ms]
2026-08-22 15:22:28.234 [info] > git status -z -uall [57ms]
2026-08-22 15:22:33.246 [info] > git config --get commit.template [5ms]
2026-08-22 15:22:33.256 [info] > git for-each-ref --format=%(refname)%00%(upstream:short)%00%(objectname)%00%(upstream:track)%00%(upstream:remotename)%00%(upstream:remoteref) refs/heads/master refs/remotes/master [11ms]
2026-08-22 15:22:33.256 [warning] [Git][getBranch] No such branch: master
2026-08-22 15:22:33.272 [info] > git for-each-ref --sort -committerdate --format %(refname)%00%(objectname)%00%(*objectname) [9ms]
2026-08-22 15:22:33.322 [info] > git status -z -uall [62ms]
2026-08-22 15:22:38.334 [info] > git config --get commit.template [5ms]
2026-08-22 15:22:38.343 [info] > git for-each-ref --format=%(refname)%00%(upstream:short)%00%(objectname)%00%(upstream:track)%00%(upstream:remotename)%00%(upstream:remoteref) refs/heads/master refs/remotes/master [9ms]
2026-08-22 15:22:38.343 [warning] [Git][getBranch] No such branch: master
2026-08-22 15:22:38.359 [info] > git for-each-ref --sort -committerdate --format %(refname)%00%(objectname)%00%(*objectname) [9ms]
2026-08-22 15:22:38.408 [info] > git status -z -uall [61ms]
2026-08-22 15:22:43.421 [info] > git config --get commit.template [6ms]
2026-08-22 15:22:43.431 [info] > git for-each-ref --format=%(refname)%00%(upstream:short)%00%(objectname)%00%(upstream:track)%00%(upstream:remotename)%00%(upstream:remoteref) refs/heads/master refs/remotes/master [11ms]
2026-08-22 15:22:43.431 [warning] [Git][getBranch] No such branch: master
2026-08-22 15:22:43.447 [info] > git for-each-ref --sort -committerdate --format %(refname)%00%(objectname)%00%(*objectname) [9ms]
2026-08-22 15:22:43.496 [info] > git status -z -uall [61ms]
2026-08-22 15:22:49.891 [info] > git config --get commit.template [5ms]
2026-08-22 15:22:49.901 [info] > git for-each-ref --format=%(refname)%00%(upstream:short)%00%(objectname)%00%(upstream:track)%00%(upstream:remotename)%00%(upstream:remoteref) refs/heads/master refs/remotes/master [11ms]
2026-08-22 15:22:49.901 [warning] [Git][getBranch] No such branch: master
2026-08-22 15:22:49.916 [info] > git for-each-ref --sort -committerdate --format %(refname)%00%(objectname)%00%(*objectname) [8ms]
2026-08-22 15:22:49.968 [info] > git status -z -uall [63ms]
2026-08-22 15:22:54.981 [info] > git config --get commit.template [5ms]
2026-08-22 15:22:54.991 [info] > git for-each-ref --format=%(refname)%00%(upstream:short)%00%(objectname)%00%(upstream:track)%00%(upstream:remotename)%00%(upstream:remoteref) refs/heads/master refs/remotes/master [11ms]
2026-08-22 15:22:54.991 [warning] [Git][getBranch] No such branch: master
2026-08-22 15:22:55.006 [info] > git for-each-ref --sort -committerdate --format %(refname)%00%(objectname)%00%(*objectname) [8ms]
2026-08-22 15:22:55.101 [info] > git status -z -uall [106ms]
2026-08-22 15:23:00.114 [info] > git config --get commit.template [6ms]
2026-08-22 15:23:00.123 [info] > git for-each-ref --format=%(refname)%00%(upstream:short)%00%(objectname)%00%(upstream:track)%00%(upstream:remotename)%00%(upstream:remoteref) refs/heads/master refs/remotes/master [10ms]
2026-08-22 15:23:00.124 [warning] [Git][getBranch] No such branch: master
2026-08-22 15:23:00.139 [info] > git for-each-ref --sort -committerdate --format %(refname)%00%(objectname)%00%(*objectname) [7ms]
2026-08-22 15:23:00.185 [info] > git status -z -uall [57ms]
2026-08-22 15:23:05.198 [info] > git config --get commit.template [6ms]
2026-08-22 15:23:05.207 [info] > git for-each-ref --format=%(refname)%00%(upstream:short)%00%(objectname)%00%(upstream:track)%00%(upstream:remotename)%00%(upstream:remoteref) refs/heads/master refs/remotes/master [10ms]
2026-08-22 15:23:05.207 [warning] [Git][getBranch] No such branch: master
2026-08-22 15:23:05.223 [info] > git for-each-ref --sort -committerdate --format %(refname)%00%(objectname)%00%(*objectname) [9ms]
2026-08-22 15:23:05.270 [info] > git status -z -uall [59ms]
2026-08-22 15:23:10.290 [info] > git config --get commit.template [12ms]
2026-08-22 15:23:10.299 [info] > git for-each-ref --format=%(refname)%00%(upstream:short)%00%(objectname)%00%(upstream:track)%00%(upstream:remotename)%00%(upstream:remoteref) refs/heads/master refs/remotes/master [18ms]
2026-08-22 15:23:10.299 [warning] [Git][getBranch] No such branch: master
2026-08-22 15:23:10.316 [info] > git for-each-ref --sort -committerdate --format %(refname)%00%(objectname)%00%(*objectname) [9ms]
2026-08-22 15:23:10.364 [info] > git status -z -uall [60ms]
2026-08-22 15:24:38.313 [info] > git config --get commit.template [7ms]
2026-08-22 15:24:38.322 [info] > git for-each-ref --format=%(refname)%00%(upstream:short)%00%(objectname)%00%(upstream:track)%00%(upstream:remotename)%00%(upstream:remoteref) refs/heads/master refs/remotes/master [13ms]
2026-08-22 15:24:38.322 [warning] [Git][getBranch] No such branch: master
2026-08-22 15:24:38.337 [info] > git for-each-ref --sort -committerdate --format %(refname)%00%(objectname)%00%(*objectname) [8ms]
2026-08-22 15:24:38.457 [info] > git status -z -uall [131ms]
2026-08-22 15:24:43.470 [info] > git config --get commit.template [5ms]
2026-08-22 15:24:43.479 [info] > git for-each-ref --format=%(refname)%00%(upstream:short)%00%(objectname)%00%(upstream:track)%00%(upstream:remotename)%00%(upstream:remoteref) refs/heads/master refs/remotes/master [10ms]
2026-08-22 15:24:43.479 [warning] [Git][getBranch] No such branch: master
2026-08-22 15:24:43.505 [info] > git for-each-ref --sort -committerdate --format %(refname)%00%(objectname)%00%(*objectname) [10ms]
2026-08-22 15:24:43.552 [info] > git status -z -uall [60ms]
2026-08-22 15:24:48.566 [info] > git config --get commit.template [6ms]
2026-08-22 15:24:48.574 [info] > git for-each-ref --format=%(refname)%00%(upstream:short)%00%(objectname)%00%(upstream:track)%00%(upstream:remotename)%00%(upstream:remoteref) refs/heads/master refs/remotes/master [10ms]
2026-08-22 15:24:48.575 [warning] [Git][getBranch] No such branch: master
2026-08-22 15:24:48.590 [info] > git for-each-ref --sort -committerdate --format %(refname)%00%(objectname)%00%(*objectname) [9ms]
2026-08-22 15:24:48.637 [info] > git status -z -uall [59ms]
2026-08-22 15:25:12.044 [info] > git config --get commit.template [6ms]
2026-08-22 15:25:12.053 [info] > git for-each-ref --format=%(refname)%00%(upstream:short)%00%(objectname)%00%(upstream:track)%00%(upstream:remotename)%00%(upstream:remoteref) refs/heads/master refs/remotes/master [11ms]
2026-08-22 15:25:12.053 [warning] [Git][getBranch] No such branch: master
2026-08-22 15:25:12.069 [info] > git for-each-ref --sort -committerdate --format %(refname)%00%(objectname)%00%(*objectname) [9ms]
2026-08-22 15:25:12.116 [info] > git status -z -uall [59ms]
2026-08-22 15:25:17.128 [info] > git config --get commit.template [5ms]
2026-08-22 15:25:17.137 [info] > git for-each-ref --format=%(refname)%00%(upstream:short)%00%(objectname)%00%(upstream:track)%00%(upstream:remotename)%00%(upstream:remoteref) refs/heads/master refs/remotes/master [11ms]
2026-08-22 15:25:17.137 [warning] [Git][getBranch] No such branch: master
2026-08-22 15:25:17.151 [info] > git for-each-ref --sort -committerdate --format %(refname)%00%(objectname)%00%(*objectname) [8ms]
2026-08-22 15:25:17.200 [info] > git status -z -uall [60ms]
2026-08-22 15:27:16.468 [info] > git config --get commit.template [5ms]
2026-08-22 15:27:16.478 [info] > git for-each-ref --format=%(refname)%00%(upstream:short)%00%(objectname)%00%(upstream:track)%00%(upstream:remotename)%00%(upstream:remoteref) refs/heads/master refs/remotes/master [11ms]
2026-08-22 15:27:16.478 [warning] [Git][getBranch] No such branch: master
2026-08-22 15:27:16.494 [info] > git for-each-ref --sort -committerdate --format %(refname)%00%(objectname)%00%(*objectname) [9ms]
2026-08-22 15:27:16.618 [info] > git status -z -uall [136ms]
2026-08-22 15:27:21.631 [info] > git config --get commit.template [6ms]
2026-08-22 15:27:21.640 [info] > git for-each-ref --format=%(refname)%00%(upstream:short)%00%(objectname)%00%(upstream:track)%00%(upstream:remotename)%00%(upstream:remoteref) refs/heads/master refs/remotes/master [9ms]
2026-08-22 15:27:21.640 [warning] [Git][getBranch] No such branch: master
2026-08-22 15:27:21.657 [info] > git for-each-ref --sort -committerdate --format %(refname)%00%(objectname)%00%(*objectname) [9ms]
2026-08-22 15:27:21.708 [info] > git status -z -uall [64ms]
2026-08-22 15:27:26.719 [info] > git config --get commit.template [5ms]
2026-08-22 15:27:26.728 [info] > git for-each-ref --format=%(refname)%00%(upstream:short)%00%(objectname)%00%(upstream:track)%00%(upstream:remotename)%00%(upstream:remoteref) refs/heads/master refs/remotes/master [10ms]
2026-08-22 15:27:26.728 [warning] [Git][getBranch] No such branch: master
2026-08-22 15:27:26.744 [info] > git for-each-ref --sort -committerdate --format %(refname)%00%(objectname)%00%(*objectname) [10ms]
2026-08-22 15:27:26.791 [info] > git status -z -uall [60ms]
2026-08-22 15:27:33.955 [info] > git config --get commit.template [5ms]
2026-08-22 15:27:33.964 [info] > git for-each-ref --format=%(refname)%00%(upstream:short)%00%(objectname)%00%(upstream:track)%00%(upstream:remotename)%00%(upstream:remoteref) refs/heads/master refs/remotes/master [10ms]
2026-08-22 15:27:33.964 [warning] [Git][getBranch] No such branch: master
2026-08-22 15:27:33.980 [info] > git for-each-ref --sort -committerdate --format %(refname)%00%(objectname)%00%(*objectname) [9ms]
2026-08-22 15:27:34.024 [info] > git status -z -uall [56ms]
2026-08-22 15:27:39.037 [info] > git config --get commit.template [4ms]
2026-08-22 15:27:39.046 [info] > git for-each-ref --format=%(refname)%00%(upstream:short)%00%(objectname)%00%(upstream:track)%00%(upstream:remotename)%00%(upstream:remoteref) refs/heads/master refs/remotes/master [10ms]
2026-08-22 15:27:39.046 [warning] [Git][getBranch] No such branch: master
2026-08-22 15:27:39.062 [info] > git for-each-ref --sort -committerdate --format %(refname)%00%(objectname)%00%(*objectname) [8ms]
2026-08-22 15:27:39.109 [info] > git status -z -uall [59ms]
2026-08-22 15:30:31.770 [info] > git config --get commit.template [6ms]
2026-08-22 15:30:31.779 [info] > git for-each-ref --format=%(refname)%00%(upstream:short)%00%(objectname)%00%(upstream:track)%00%(upstream:remotename)%00%(upstream:remoteref) refs/heads/master refs/remotes/master [10ms]
2026-08-22 15:30:31.779 [warning] [Git][getBranch] No such branch: master
2026-08-22 15:30:31.796 [info] > git for-each-ref --sort -committerdate --format %(refname)%00%(objectname)%00%(*objectname) [9ms]
2026-08-22 15:30:31.923 [info] > git status -z -uall [139ms]
2026-08-22 15:30:36.935 [info] > git config --get commit.template [5ms]
2026-08-22 15:30:36.944 [info] > git for-each-ref --format=%(refname)%00%(upstream:short)%00%(objectname)%00%(upstream:track)%00%(upstream:remotename)%00%(upstream:remoteref) refs/heads/master refs/remotes/master [10ms]
2026-08-22 15:30:36.944 [warning] [Git][getBranch] No such branch: master
2026-08-22 15:30:36.972 [info] > git for-each-ref --sort -committerdate --format %(refname)%00%(objectname)%00%(*objectname) [8ms]
2026-08-22 15:30:37.021 [info] > git status -z -uall [61ms]
2026-08-22 15:30:42.032 [info] > git config --get commit.template [5ms]
2026-08-22 15:30:42.042 [info] > git for-each-ref --format=%(refname)%00%(upstream:short)%00%(objectname)%00%(upstream:track)%00%(upstream:remotename)%00%(upstream:remoteref) refs/heads/master refs/remotes/master [11ms]
2026-08-22 15:30:42.042 [warning] [Git][getBranch] No such branch: master
2026-08-22 15:30:42.061 [info] > git for-each-ref --sort -committerdate --format %(refname)%00%(objectname)%00%(*objectname) [11ms]
2026-08-22 15:30:42.107 [info] > git status -z -uall [60ms]
2026-08-22 15:30:47.118 [info] > git config --get commit.template [5ms]
2026-08-22 15:30:47.128 [info] > git for-each-ref --format=%(refname)%00%(upstream:short)%00%(objectname)%00%(upstream:track)%00%(upstream:remotename)%00%(upstream:remoteref) refs/heads/master refs/remotes/master [11ms]
2026-08-22 15:30:47.128 [warning] [Git][getBranch] No such branch: master
2026-08-22 15:30:47.144 [info] > git for-each-ref --sort -committerdate --format %(refname)%00%(objectname)%00%(*objectname) [9ms]
2026-08-22 15:30:47.195 [info] > git status -z -uall [63ms]
2026-08-22 15:30:53.938 [info] > git config --get commit.template [5ms]
2026-08-22 15:30:53.947 [info] > git for-each-ref --format=%(refname)%00%(upstream:short)%00%(objectname)%00%(upstream:track)%00%(upstream:remotename)%00%(upstream:remoteref) refs/heads/master refs/remotes/master [10ms]
2026-08-22 15:30:53.947 [warning] [Git][getBranch] No such branch: master
2026-08-22 15:30:53.962 [info] > git for-each-ref --sort -committerdate --format %(refname)%00%(objectname)%00%(*objectname) [8ms]
2026-08-22 15:30:54.008 [info] > git status -z -uall [57ms]
2026-08-22 15:30:59.019 [info] > git config --get commit.template [5ms]
2026-08-22 15:30:59.029 [info] > git for-each-ref --format=%(refname)%00%(upstream:short)%00%(objectname)%00%(upstream:track)%00%(upstream:remotename)%00%(upstream:remoteref) refs/heads/master refs/remotes/master [12ms]
2026-08-22 15:30:59.029 [warning] [Git][getBranch] No such branch: master
2026-08-22 15:30:59.045 [info] > git for-each-ref --sort -committerdate --format %(refname)%00%(objectname)%00%(*objectname) [7ms]
2026-08-22 15:30:59.091 [info] > git status -z -uall [58ms]
2026-08-22 15:31:04.105 [info] > git config --get commit.template [6ms]
2026-08-22 15:31:04.114 [info] > git for-each-ref --format=%(refname)%00%(upstream:short)%00%(objectname)%00%(upstream:track)%00%(upstream:remotename)%00%(upstream:remoteref) refs/heads/master refs/remotes/master [10ms]
2026-08-22 15:31:04.114 [warning] [Git][getBranch] No such branch: master
2026-08-22 15:31:04.132 [info] > git for-each-ref --sort -committerdate --format %(refname)%00%(objectname)%00%(*objectname) [8ms]
2026-08-22 15:31:04.184 [info] > git status -z -uall [65ms]
2026-08-22 15:31:09.196 [info] > git config --get commit.template [5ms]
2026-08-22 15:31:09.205 [info] > git for-each-ref --format=%(refname)%00%(upstream:short)%00%(objectname)%00%(upstream:track)%00%(upstream:remotename)%00%(upstream:remoteref) refs/heads/master refs/remotes/master [10ms]
2026-08-22 15:31:09.205 [warning] [Git][getBranch] No such branch: master
2026-08-22 15:31:09.229 [info] > git for-each-ref --sort -committerdate --format %(refname)%00%(objectname)%00%(*objectname) [8ms]
2026-08-22 15:31:09.285 [info] > git status -z -uall [67ms]
2026-08-22 15:31:14.299 [info] > git config --get commit.template [6ms]
2026-08-22 15:31:14.308 [info] > git for-each-ref --format=%(refname)%00%(upstream:short)%00%(objectname)%00%(upstream:track)%00%(upstream:remotename)%00%(upstream:remoteref) refs/heads/master refs/remotes/master [11ms]
2026-08-22 15:31:14.308 [warning] [Git][getBranch] No such branch: master
2026-08-22 15:31:14.325 [info] > git for-each-ref --sort -committerdate --format %(refname)%00%(objectname)%00%(*objectname) [10ms]
2026-08-22 15:31:14.372 [info] > git status -z -uall [60ms]
2026-08-22 15:31:19.384 [info] > git config --get commit.template [4ms]
2026-08-22 15:31:19.394 [info] > git for-each-ref --format=%(refname)%00%(upstream:short)%00%(objectname)%00%(upstream:track)%00%(upstream:remotename)%00%(upstream:remoteref) refs/heads/master refs/remotes/master [10ms]
2026-08-22 15:31:19.394 [warning] [Git][getBranch] No such branch: master
2026-08-22 15:31:19.409 [info] > git for-each-ref --sort -committerdate --format %(refname)%00%(objectname)%00%(*objectname) [8ms]
2026-08-22 15:31:19.456 [info] > git status -z -uall [58ms]
2026-08-22 15:31:24.471 [info] > git config --get commit.template [6ms]
2026-08-22 15:31:24.483 [info] > git for-each-ref --format=%(refname)%00%(upstream:short)%00%(objectname)%00%(upstream:track)%00%(upstream:remotename)%00%(upstream:remoteref) refs/heads/master refs/remotes/master [14ms]
2026-08-22 15:31:24.483 [warning] [Git][getBranch] No such branch: master
2026-08-22 15:31:24.500 [info] > git for-each-ref --sort -committerdate --format %(refname)%00%(objectname)%00%(*objectname) [10ms]
2026-08-22 15:31:24.564 [info] > git status -z -uall [77ms]
2026-08-22 15:31:28.898 [info] > git check-ignore -v -z --stdin [8ms]
2026-08-22 15:31:29.577 [info] > git config --get commit.template [5ms]
2026-08-22 15:31:29.587 [info] > git for-each-ref --format=%(refname)%00%(upstream:short)%00%(objectname)%00%(upstream:track)%00%(upstream:remotename)%00%(upstream:remoteref) refs/heads/master refs/remotes/master [11ms]
2026-08-22 15:31:29.587 [warning] [Git][getBranch] No such branch: master
2026-08-22 15:31:29.603 [info] > git for-each-ref --sort -committerdate --format %(refname)%00%(objectname)%00%(*objectname) [8ms]
2026-08-22 15:31:29.659 [info] > git status -z -uall [68ms]
2026-08-22 15:31:34.674 [info] > git config --get commit.template [7ms]
2026-08-22 15:31:34.682 [info] > git for-each-ref --format=%(refname)%00%(upstream:short)%00%(objectname)%00%(upstream:track)%00%(upstream:remotename)%00%(upstream:remoteref) refs/heads/master refs/remotes/master [12ms]
2026-08-22 15:31:34.682 [warning] [Git][getBranch] No such branch: master
2026-08-22 15:31:34.698 [info] > git for-each-ref --sort -committerdate --format %(refname)%00%(objectname)%00%(*objectname) [8ms]
2026-08-22 15:31:34.785 [info] > git status -z -uall [99ms]
2026-08-22 15:31:39.796 [info] > git config --get commit.template [5ms]
2026-08-22 15:31:39.806 [info] > git for-each-ref --format=%(refname)%00%(upstream:short)%00%(objectname)%00%(upstream:track)%00%(upstream:remotename)%00%(upstream:remoteref) refs/heads/master refs/remotes/master [12ms]
2026-08-22 15:31:39.806 [warning] [Git][getBranch] No such branch: master
2026-08-22 15:31:39.822 [info] > git for-each-ref --sort -committerdate --format %(refname)%00%(objectname)%00%(*objectname) [9ms]
2026-08-22 15:31:39.868 [info] > git status -z -uall [58ms]
2026-08-22 15:31:44.880 [info] > git config --get commit.template [5ms]
2026-08-22 15:31:44.890 [info] > git for-each-ref --format=%(refname)%00%(upstream:short)%00%(objectname)%00%(upstream:track)%00%(upstream:remotename)%00%(upstream:remoteref) refs/heads/master refs/remotes/master [11ms]
2026-08-22 15:31:44.890 [warning] [Git][getBranch] No such branch: master
2026-08-22 15:31:44.905 [info] > git for-each-ref --sort -committerdate --format %(refname)%00%(objectname)%00%(*objectname) [8ms]
2026-08-22 15:31:44.952 [info] > git status -z -uall [58ms]
2026-08-22 15:31:49.964 [info] > git config --get commit.template [5ms]
2026-08-22 15:31:49.974 [info] > git for-each-ref --format=%(refname)%00%(upstream:short)%00%(objectname)%00%(upstream:track)%00%(upstream:remotename)%00%(upstream:remoteref) refs/heads/master refs/remotes/master [11ms]
2026-08-22 15:31:49.974 [warning] [Git][getBranch] No such branch: master
2026-08-22 15:31:49.998 [info] > git for-each-ref --sort -committerdate --format %(refname)%00%(objectname)%00%(*objectname) [9ms]
2026-08-22 15:31:50.046 [info] > git status -z -uall [60ms]
2026-08-22 15:31:55.058 [info] > git config --get commit.template [5ms]
2026-08-22 15:31:55.066 [info] > git for-each-ref --format=%(refname)%00%(upstream:short)%00%(objectname)%00%(upstream:track)%00%(upstream:remotename)%00%(upstream:remoteref) refs/heads/master refs/remotes/master [9ms]
2026-08-22 15:31:55.067 [warning] [Git][getBranch] No such branch: master
2026-08-22 15:31:55.081 [info] > git for-each-ref --sort -committerdate --format %(refname)%00%(objectname)%00%(*objectname) [8ms]
2026-08-22 15:31:55.128 [info] > git status -z -uall [58ms]
2026-08-22 15:32:00.140 [info] > git config --get commit.template [5ms]
2026-08-22 15:32:00.150 [info] > git for-each-ref --format=%(refname)%00%(upstream:short)%00%(objectname)%00%(upstream:track)%00%(upstream:remotename)%00%(upstream:remoteref) refs/heads/master refs/remotes/master [11ms]
2026-08-22 15:32:00.150 [warning] [Git][getBranch] No such branch: master
2026-08-22 15:32:00.166 [info] > git for-each-ref --sort -committerdate --format %(refname)%00%(objectname)%00%(*objectname) [9ms]
2026-08-22 15:32:00.215 [info] > git status -z -uall [61ms]
2026-08-22 15:32:05.228 [info] > git config --get commit.template [6ms]
2026-08-22 15:32:05.237 [info] > git for-each-ref --format=%(refname)%00%(upstream:short)%00%(objectname)%00%(upstream:track)%00%(upstream:remotename)%00%(upstream:remoteref) refs/heads/master refs/remotes/master [11ms]
2026-08-22 15:32:05.237 [warning] [Git][getBranch] No such branch: master
2026-08-22 15:32:05.253 [info] > git for-each-ref --sort -committerdate --format %(refname)%00%(objectname)%00%(*objectname) [8ms]
2026-08-22 15:32:05.304 [info] > git status -z -uall [63ms]
2026-08-22 15:32:10.316 [info] > git config --get commit.template [5ms]
2026-08-22 15:32:10.326 [info] > git for-each-ref --format=%(refname)%00%(upstream:short)%00%(objectname)%00%(upstream:track)%00%(upstream:remotename)%00%(upstream:remoteref) refs/heads/master refs/remotes/master [12ms]
2026-08-22 15:32:10.326 [warning] [Git][getBranch] No such branch: master
2026-08-22 15:32:10.344 [info] > git for-each-ref --sort -committerdate --format %(refname)%00%(objectname)%00%(*objectname) [9ms]
2026-08-22 15:32:10.394 [info] > git status -z -uall [64ms]
2026-08-22 15:32:15.406 [info] > git config --get commit.template [5ms]
2026-08-22 15:32:15.415 [info] > git for-each-ref --format=%(refname)%00%(upstream:short)%00%(objectname)%00%(upstream:track)%00%(upstream:remotename)%00%(upstream:remoteref) refs/heads/master refs/remotes/master [10ms]
2026-08-22 15:32:15.415 [warning] [Git][getBranch] No such branch: master
2026-08-22 15:32:15.430 [info] > git for-each-ref --sort -committerdate --format %(refname)%00%(objectname)%00%(*objectname) [8ms]
2026-08-22 15:32:15.475 [info] > git status -z -uall [56ms]
2026-08-22 15:32:20.489 [info] > git config --get commit.template [5ms]
2026-08-22 15:32:20.501 [info] > git for-each-ref --format=%(refname)%00%(upstream:short)%00%(objectname)%00%(upstream:track)%00%(upstream:remotename)%00%(upstream:remoteref) refs/heads/master refs/remotes/master [13ms]
2026-08-22 15:32:20.501 [warning] [Git][getBranch] No such branch: master
2026-08-22 15:32:20.529 [info] > git for-each-ref --sort -committerdate --format %(refname)%00%(objectname)%00%(*objectname) [11ms]
2026-08-22 15:32:20.586 [info] > git status -z -uall [71ms]
2026-08-22 15:32:25.598 [info] > git config --get commit.template [5ms]
2026-08-22 15:32:25.608 [info] > git for-each-ref --format=%(refname)%00%(upstream:short)%00%(objectname)%00%(upstream:track)%00%(upstream:remotename)%00%(upstream:remoteref) refs/heads/master refs/remotes/master [11ms]
2026-08-22 15:32:25.608 [warning] [Git][getBranch] No such branch: master
2026-08-22 15:32:25.624 [info] > git for-each-ref --sort -committerdate --format %(refname)%00%(objectname)%00%(*objectname) [9ms]
2026-08-22 15:32:25.675 [info] > git status -z -uall [63ms]
2026-08-22 15:32:30.687 [info] > git config --get commit.template [5ms]
2026-08-22 15:32:30.698 [info] > git for-each-ref --format=%(refname)%00%(upstream:short)%00%(objectname)%00%(upstream:track)%00%(upstream:remotename)%00%(upstream:remoteref) refs/heads/master refs/remotes/master [11ms]
2026-08-22 15:32:30.698 [warning] [Git][getBranch] No such branch: master
2026-08-22 15:32:30.715 [info] > git for-each-ref --sort -committerdate --format %(refname)%00%(objectname)%00%(*objectname) [9ms]
2026-08-22 15:32:30.769 [info] > git status -z -uall [67ms]
2026-08-22 15:32:37.988 [info] > git config --get commit.template [6ms]
2026-08-22 15:32:37.997 [info] > git for-each-ref --format=%(refname)%00%(upstream:short)%00%(objectname)%00%(upstream:track)%00%(upstream:remotename)%00%(upstream:remoteref) refs/heads/master refs/remotes/master [11ms]
2026-08-22 15:32:37.997 [warning] [Git][getBranch] No such branch: master
2026-08-22 15:32:38.014 [info] > git for-each-ref --sort -committerdate --format %(refname)%00%(objectname)%00%(*objectname) [9ms]
2026-08-22 15:32:38.104 [info] > git status -z -uall [103ms]
2026-08-22 15:32:43.116 [info] > git config --get commit.template [5ms]
2026-08-22 15:32:43.125 [info] > git for-each-ref --format=%(refname)%00%(upstream:short)%00%(objectname)%00%(upstream:track)%00%(upstream:remotename)%00%(upstream:remoteref) refs/heads/master refs/remotes/master [10ms]
2026-08-22 15:32:43.125 [warning] [Git][getBranch] No such branch: master
2026-08-22 15:32:43.139 [info] > git for-each-ref --sort -committerdate --format %(refname)%00%(objectname)%00%(*objectname) [7ms]
2026-08-22 15:32:43.188 [info] > git status -z -uall [59ms]
2026-08-22 15:32:48.200 [info] > git config --get commit.template [5ms]
2026-08-22 15:32:48.210 [info] > git for-each-ref --format=%(refname)%00%(upstream:short)%00%(objectname)%00%(upstream:track)%00%(upstream:remotename)%00%(upstream:remoteref) refs/heads/master refs/remotes/master [10ms]
2026-08-22 15:32:48.210 [warning] [Git][getBranch] No such branch: master
2026-08-22 15:32:48.226 [info] > git for-each-ref --sort -committerdate --format %(refname)%00%(objectname)%00%(*objectname) [8ms]
2026-08-22 15:32:48.277 [info] > git status -z -uall [63ms]
2026-08-22 15:32:53.290 [info] > git config --get commit.template [6ms]
2026-08-22 15:32:53.299 [info] > git for-each-ref --format=%(refname)%00%(upstream:short)%00%(objectname)%00%(upstream:track)%00%(upstream:remotename)%00%(upstream:remoteref) refs/heads/master refs/remotes/master [11ms]
2026-08-22 15:32:53.299 [warning] [Git][getBranch] No such branch: master
2026-08-22 15:32:53.318 [info] > git for-each-ref --sort -committerdate --format %(refname)%00%(objectname)%00%(*objectname) [11ms]
2026-08-22 15:32:53.372 [info] > git status -z -uall [68ms]
2026-08-22 15:32:58.384 [info] > git config --get commit.template [5ms]
2026-08-22 15:32:58.394 [info] > git for-each-ref --format=%(refname)%00%(upstream:short)%00%(objectname)%00%(upstream:track)%00%(upstream:remotename)%00%(upstream:remoteref) refs/heads/master refs/remotes/master [10ms]
2026-08-22 15:32:58.394 [warning] [Git][getBranch] No such branch: master
2026-08-22 15:32:58.411 [info] > git for-each-ref --sort -committerdate --format %(refname)%00%(objectname)%00%(*objectname) [9ms]
2026-08-22 15:32:58.463 [info] > git status -z -uall [64ms]
2026-08-22 15:32:58.875 [info] > git check-ignore -v -z --stdin [8ms]
2026-08-22 15:33:02.680 [info] > git show --textconv HEAD:pipeline_starter.py [12ms]
2026-08-22 15:33:02.681 [warning] [GitFileSystemProvider][readFile] File not found - git:/voc/work/pipeline_starter.py.git?%7B%22path%22%3A%22%2Fvoc%2Fwork%2Fpipeline_starter.py%22%2C%22ref%22%3A%22HEAD%22%7D
2026-08-22 15:33:02.690 [info] > git show --textconv :pipeline_starter.py [24ms]
2026-08-22 15:33:02.700 [info] > git ls-tree -l HEAD -- pipeline_starter.py [25ms]
2026-08-22 15:33:02.709 [info] fatal: Not a valid object name HEAD
2026-08-22 15:33:02.709 [warning] [GitFileSystemProvider][stat] File not found - git:/voc/work/pipeline_starter.py.git?%7B%22path%22%3A%22%2Fvoc%2Fwork%2Fpipeline_starter.py%22%2C%22ref%22%3A%22HEAD%22%7D
2026-08-22 15:33:02.709 [info] > git ls-files --stage -- pipeline_starter.py [38ms]
2026-08-22 15:33:02.722 [info] > git cat-file -s 2a73b54201ac952e7d2506e8fa08771562771b0e [9ms]
2026-08-22 15:33:03.477 [info] > git config --get commit.template [6ms]
2026-08-22 15:33:03.485 [info] > git for-each-ref --format=%(refname)%00%(upstream:short)%00%(objectname)%00%(upstream:track)%00%(upstream:remotename)%00%(upstream:remoteref) refs/heads/master refs/remotes/master [10ms]
2026-08-22 15:33:03.485 [warning] [Git][getBranch] No such branch: master
2026-08-22 15:33:03.503 [info] > git for-each-ref --sort -committerdate --format %(refname)%00%(objectname)%00%(*objectname) [11ms]
2026-08-22 15:33:03.558 [info] > git status -z -uall [68ms]
2026-08-22 15:33:05.833 [info] > git show --textconv HEAD:pydantic_demo.py [9ms]
2026-08-22 15:33:05.834 [warning] [GitFileSystemProvider][readFile] File not found - git:/voc/work/pydantic_demo.py.git?%7B%22path%22%3A%22%2Fvoc%2Fwork%2Fpydantic_demo.py%22%2C%22ref%22%3A%22HEAD%22%7D
2026-08-22 15:33:05.842 [info] > git show --textconv :pydantic_demo.py [21ms]
2026-08-22 15:33:05.850 [info] > git ls-tree -l HEAD -- pydantic_demo.py [21ms]
2026-08-22 15:33:05.850 [info] fatal: Not a valid object name HEAD
2026-08-22 15:33:05.859 [warning] [GitFileSystemProvider][stat] File not found - git:/voc/work/pydantic_demo.py.git?%7B%22path%22%3A%22%2Fvoc%2Fwork%2Fpydantic_demo.py%22%2C%22ref%22%3A%22HEAD%22%7D
2026-08-22 15:33:05.859 [info] > git ls-files --stage -- pydantic_demo.py [32ms]
2026-08-22 15:33:05.880 [info] > git cat-file -s 3e69d0b7d9e92dd2fbf4b95aa0a9f4d97379c331 [8ms]
2026-08-22 15:33:08.570 [info] > git config --get commit.template [5ms]
2026-08-22 15:33:08.582 [info] > git for-each-ref --format=%(refname)%00%(upstream:short)%00%(objectname)%00%(upstream:track)%00%(upstream:remotename)%00%(upstream:remoteref) refs/heads/master refs/remotes/master [13ms]
2026-08-22 15:33:08.582 [warning] [Git][getBranch] No such branch: master
2026-08-22 15:33:08.597 [info] > git for-each-ref --sort -committerdate --format %(refname)%00%(objectname)%00%(*objectname) [8ms]
2026-08-22 15:33:08.662 [info] > git status -z -uall [76ms]
2026-08-22 15:33:09.318 [info] > git show --textconv HEAD:pipeline_starter.py [26ms]
2026-08-22 15:33:09.318 [info] > git ls-files --stage -- pipeline_starter.py [24ms]
2026-08-22 15:33:09.322 [warning] [GitFileSystemProvider][readFile] File not found - git:/voc/work/pipeline_starter.py.git?%7B%22path%22%3A%22%2Fvoc%2Fwork%2Fpipeline_starter.py%22%2C%22ref%22%3A%22HEAD%22%7D
2026-08-22 15:33:09.327 [info] > git show --textconv :pipeline_starter.py [39ms]
2026-08-22 15:33:09.337 [info] > git ls-tree -l HEAD -- pipeline_starter.py [40ms]
2026-08-22 15:33:09.337 [info] fatal: Not a valid object name HEAD
2026-08-22 15:33:09.337 [warning] [GitFileSystemProvider][stat] File not found - git:/voc/work/pipeline_starter.py.git?%7B%22path%22%3A%22%2Fvoc%2Fwork%2Fpipeline_starter.py%22%2C%22ref%22%3A%22HEAD%22%7D
2026-08-22 15:33:09.337 [info] > git cat-file -s 2a73b54201ac952e7d2506e8fa08771562771b0e [15ms]
2026-08-22 15:33:13.674 [info] > git config --get commit.template [5ms]
2026-08-22 15:33:13.685 [info] > git for-each-ref --format=%(refname)%00%(upstream:short)%00%(objectname)%00%(upstream:track)%00%(upstream:remotename)%00%(upstream:remoteref) refs/heads/master refs/remotes/master [12ms]
2026-08-22 15:33:13.685 [warning] [Git][getBranch] No such branch: master
2026-08-22 15:33:13.700 [info] > git for-each-ref --sort -committerdate --format %(refname)%00%(objectname)%00%(*objectname) [8ms]
2026-08-22 15:33:13.746 [info] > git status -z -uall [57ms]
2026-08-22 15:33:18.758 [info] > git config --get commit.template [5ms]
2026-08-22 15:33:18.768 [info] > git for-each-ref --format=%(refname)%00%(upstream:short)%00%(objectname)%00%(upstream:track)%00%(upstream:remotename)%00%(upstream:remoteref) refs/heads/master refs/remotes/master [11ms]
2026-08-22 15:33:18.768 [warning] [Git][getBranch] No such branch: master
2026-08-22 15:33:18.785 [info] > git for-each-ref --sort -committerdate --format %(refname)%00%(objectname)%00%(*objectname) [10ms]
2026-08-22 15:33:18.838 [info] > git status -z -uall [66ms]
2026-08-22 15:33:23.850 [info] > git config --get commit.template [5ms]
2026-08-22 15:33:23.860 [info] > git for-each-ref --format=%(refname)%00%(upstream:short)%00%(objectname)%00%(upstream:track)%00%(upstream:remotename)%00%(upstream:remoteref) refs/heads/master refs/remotes/master [11ms]
2026-08-22 15:33:23.860 [warning] [Git][getBranch] No such branch: master
2026-08-22 15:33:23.875 [info] > git for-each-ref --sort -committerdate --format %(refname)%00%(objectname)%00%(*objectname) [8ms]
2026-08-22 15:33:23.923 [info] > git status -z -uall [59ms]
2026-08-22 15:33:28.936 [info] > git config --get commit.template [5ms]
2026-08-22 15:33:28.945 [info] > git for-each-ref --format=%(refname)%00%(upstream:short)%00%(objectname)%00%(upstream:track)%00%(upstream:remotename)%00%(upstream:remoteref) refs/heads/master refs/remotes/master [10ms]
2026-08-22 15:33:28.945 [warning] [Git][getBranch] No such branch: master
2026-08-22 15:33:28.961 [info] > git for-each-ref --sort -committerdate --format %(refname)%00%(objectname)%00%(*objectname) [8ms]
2026-08-22 15:33:29.014 [info] > git status -z -uall [65ms]
2026-08-22 15:33:34.027 [info] > git config --get commit.template [5ms]
2026-08-22 15:33:34.036 [info] > git for-each-ref --format=%(refname)%00%(upstream:short)%00%(objectname)%00%(upstream:track)%00%(upstream:remotename)%00%(upstream:remoteref) refs/heads/master refs/remotes/master [11ms]
2026-08-22 15:33:34.036 [warning] [Git][getBranch] No such branch: master
2026-08-22 15:33:34.052 [info] > git for-each-ref --sort -committerdate --format %(refname)%00%(objectname)%00%(*objectname) [9ms]
2026-08-22 15:33:34.103 [info] > git status -z -uall [63ms]
2026-08-22 15:33:39.115 [info] > git config --get commit.template [5ms]
2026-08-22 15:33:39.124 [info] > git for-each-ref --format=%(refname)%00%(upstream:short)%00%(objectname)%00%(upstream:track)%00%(upstream:remotename)%00%(upstream:remoteref) refs/heads/master refs/remotes/master [10ms]
2026-08-22 15:33:39.125 [warning] [Git][getBranch] No such branch: master
2026-08-22 15:33:39.139 [info] > git for-each-ref --sort -committerdate --format %(refname)%00%(objectname)%00%(*objectname) [8ms]
2026-08-22 15:33:39.225 [info] > git status -z -uall [97ms]
2026-08-22 15:33:44.237 [info] > git config --get commit.template [5ms]
2026-08-22 15:33:44.246 [info] > git for-each-ref --format=%(refname)%00%(upstream:short)%00%(objectname)%00%(upstream:track)%00%(upstream:remotename)%00%(upstream:remoteref) refs/heads/master refs/remotes/master [10ms]
2026-08-22 15:33:44.246 [warning] [Git][getBranch] No such branch: master
2026-08-22 15:33:44.261 [info] > git for-each-ref --sort -committerdate --format %(refname)%00%(objectname)%00%(*objectname) [8ms]
2026-08-22 15:33:44.310 [info] > git status -z -uall [60ms]
2026-08-22 15:33:49.322 [info] > git config --get commit.template [5ms]
2026-08-22 15:33:49.331 [info] > git for-each-ref --format=%(refname)%00%(upstream:short)%00%(objectname)%00%(upstream:track)%00%(upstream:remotename)%00%(upstream:remoteref) refs/heads/master refs/remotes/master [10ms]
2026-08-22 15:33:49.331 [warning] [Git][getBranch] No such branch: master
2026-08-22 15:33:49.358 [info] > git for-each-ref --sort -committerdate --format %(refname)%00%(objectname)%00%(*objectname) [8ms]
2026-08-22 15:33:49.409 [info] > git status -z -uall [62ms]
2026-08-22 15:33:54.421 [info] > git config --get commit.template [5ms]
2026-08-22 15:33:54.430 [info] > git for-each-ref --format=%(refname)%00%(upstream:short)%00%(objectname)%00%(upstream:track)%00%(upstream:remotename)%00%(upstream:remoteref) refs/heads/master refs/remotes/master [10ms]
2026-08-22 15:33:54.430 [warning] [Git][getBranch] No such branch: master
2026-08-22 15:33:54.445 [info] > git for-each-ref --sort -committerdate --format %(refname)%00%(objectname)%00%(*objectname) [8ms]
2026-08-22 15:33:54.494 [info] > git status -z -uall [59ms]
2026-08-22 15:33:59.506 [info] > git config --get commit.template [5ms]
2026-08-22 15:33:59.515 [info] > git for-each-ref --format=%(refname)%00%(upstream:short)%00%(objectname)%00%(upstream:track)%00%(upstream:remotename)%00%(upstream:remoteref) refs/heads/master refs/remotes/master [10ms]
2026-08-22 15:33:59.515 [warning] [Git][getBranch] No such branch: master
2026-08-22 15:33:59.532 [info] > git for-each-ref --sort -committerdate --format %(refname)%00%(objectname)%00%(*objectname) [10ms]
2026-08-22 15:33:59.584 [info] > git status -z -uall [65ms]
2026-08-22 15:34:04.598 [info] > git config --get commit.template [6ms]
2026-08-22 15:34:04.608 [info] > git for-each-ref --format=%(refname)%00%(upstream:short)%00%(objectname)%00%(upstream:track)%00%(upstream:remotename)%00%(upstream:remoteref) refs/heads/master refs/remotes/master [12ms]
2026-08-22 15:34:04.609 [warning] [Git][getBranch] No such branch: master
2026-08-22 15:34:04.633 [info] > git for-each-ref --sort -committerdate --format %(refname)%00%(objectname)%00%(*objectname) [9ms]
2026-08-22 15:34:04.681 [info] > git status -z -uall [60ms]
2026-08-22 15:34:09.693 [info] > git config --get commit.template [6ms]
2026-08-22 15:34:09.703 [info] > git for-each-ref --format=%(refname)%00%(upstream:short)%00%(objectname)%00%(upstream:track)%00%(upstream:remotename)%00%(upstream:remoteref) refs/heads/master refs/remotes/master [12ms]
2026-08-22 15:34:09.703 [warning] [Git][getBranch] No such branch: master
2026-08-22 15:34:09.723 [info] > git for-each-ref --sort -committerdate --format %(refname)%00%(objectname)%00%(*objectname) [14ms]
2026-08-22 15:34:09.783 [info] > git status -z -uall [76ms]
2026-08-22 15:34:14.796 [info] > git config --get commit.template [6ms]
2026-08-22 15:34:14.805 [info] > git for-each-ref --format=%(refname)%00%(upstream:short)%00%(objectname)%00%(upstream:track)%00%(upstream:remotename)%00%(upstream:remoteref) refs/heads/master refs/remotes/master [11ms]
2026-08-22 15:34:14.805 [warning] [Git][getBranch] No such branch: master
2026-08-22 15:34:14.822 [info] > git for-each-ref --sort -committerdate --format %(refname)%00%(objectname)%00%(*objectname) [9ms]
2026-08-22 15:34:14.869 [info] > git status -z -uall [59ms]
2026-08-22 15:34:19.881 [info] > git config --get commit.template [5ms]
2026-08-22 15:34:19.891 [info] > git for-each-ref --format=%(refname)%00%(upstream:short)%00%(objectname)%00%(upstream:track)%00%(upstream:remotename)%00%(upstream:remoteref) refs/heads/master refs/remotes/master [12ms]
2026-08-22 15:34:19.891 [warning] [Git][getBranch] No such branch: master
2026-08-22 15:34:19.908 [info] > git for-each-ref --sort -committerdate --format %(refname)%00%(objectname)%00%(*objectname) [10ms]
2026-08-22 15:34:19.960 [info] > git status -z -uall [65ms]
2026-08-22 15:34:24.971 [info] > git config --get commit.template [5ms]
2026-08-22 15:34:24.980 [info] > git for-each-ref --format=%(refname)%00%(upstream:short)%00%(objectname)%00%(upstream:track)%00%(upstream:remotename)%00%(upstream:remoteref) refs/heads/master refs/remotes/master [10ms]
2026-08-22 15:34:24.980 [warning] [Git][getBranch] No such branch: master
2026-08-22 15:34:24.997 [info] > git for-each-ref --sort -committerdate --format %(refname)%00%(objectname)%00%(*objectname) [10ms]
2026-08-22 15:34:25.044 [info] > git status -z -uall [60ms]
2026-08-22 15:34:30.056 [info] > git config --get commit.template [5ms]
2026-08-22 15:34:30.065 [info] > git for-each-ref --format=%(refname)%00%(upstream:short)%00%(objectname)%00%(upstream:track)%00%(upstream:remotename)%00%(upstream:remoteref) refs/heads/master refs/remotes/master [10ms]
2026-08-22 15:34:30.065 [warning] [Git][getBranch] No such branch: master
2026-08-22 15:34:30.080 [info] > git for-each-ref --sort -committerdate --format %(refname)%00%(objectname)%00%(*objectname) [8ms]
2026-08-22 15:34:30.126 [info] > git status -z -uall [56ms]
2026-08-22 15:34:35.994 [info] > git config --get commit.template [6ms]
2026-08-22 15:34:36.002 [info] > git for-each-ref --format=%(refname)%00%(upstream:short)%00%(objectname)%00%(upstream:track)%00%(upstream:remotename)%00%(upstream:remoteref) refs/heads/master refs/remotes/master [10ms]
2026-08-22 15:34:36.002 [warning] [Git][getBranch] No such branch: master
2026-08-22 15:34:36.020 [info] > git for-each-ref --sort -committerdate --format %(refname)%00%(objectname)%00%(*objectname) [10ms]
2026-08-22 15:34:36.070 [info] > git status -z -uall [64ms]
2026-08-22 15:34:41.082 [info] > git config --get commit.template [5ms]
2026-08-22 15:34:41.091 [info] > git for-each-ref --format=%(refname)%00%(upstream:short)%00%(objectname)%00%(upstream:track)%00%(upstream:remotename)%00%(upstream:remoteref) refs/heads/master refs/remotes/master [11ms]
2026-08-22 15:34:41.091 [warning] [Git][getBranch] No such branch: master
2026-08-22 15:34:41.106 [info] > git for-each-ref --sort -committerdate --format %(refname)%00%(objectname)%00%(*objectname) [8ms]
2026-08-22 15:34:41.190 [info] > git status -z -uall [95ms]
2026-08-22 15:34:46.201 [info] > git config --get commit.template [5ms]
2026-08-22 15:34:46.211 [info] > git for-each-ref --format=%(refname)%00%(upstream:short)%00%(objectname)%00%(upstream:track)%00%(upstream:remotename)%00%(upstream:remoteref) refs/heads/master refs/remotes/master [11ms]
2026-08-22 15:34:46.211 [warning] [Git][getBranch] No such branch: master
2026-08-22 15:34:46.226 [info] > git for-each-ref --sort -committerdate --format %(refname)%00%(objectname)%00%(*objectname) [8ms]
2026-08-22 15:34:46.275 [info] > git status -z -uall [59ms]
2026-08-22 15:34:51.285 [info] > git config --get commit.template [5ms]
2026-08-22 15:34:51.294 [info] > git for-each-ref --format=%(refname)%00%(upstream:short)%00%(objectname)%00%(upstream:track)%00%(upstream:remotename)%00%(upstream:remoteref) refs/heads/master refs/remotes/master [10ms]
2026-08-22 15:34:51.294 [warning] [Git][getBranch] No such branch: master
2026-08-22 15:34:51.310 [info] > git for-each-ref --sort -committerdate --format %(refname)%00%(objectname)%00%(*objectname) [9ms]
2026-08-22 15:34:51.357 [info] > git status -z -uall [59ms]
2026-08-22 15:34:56.368 [info] > git config --get commit.template [4ms]
2026-08-22 15:34:56.378 [info] > git for-each-ref --format=%(refname)%00%(upstream:short)%00%(objectname)%00%(upstream:track)%00%(upstream:remotename)%00%(upstream:remoteref) refs/heads/master refs/remotes/master [10ms]
2026-08-22 15:34:56.378 [warning] [Git][getBranch] No such branch: master
2026-08-22 15:34:56.394 [info] > git for-each-ref --sort -committerdate --format %(refname)%00%(objectname)%00%(*objectname) [10ms]
2026-08-22 15:34:56.441 [info] > git status -z -uall [60ms]
2026-08-22 15:35:02.989 [info] > git config --get commit.template [5ms]
2026-08-22 15:35:02.999 [info] > git for-each-ref --format=%(refname)%00%(upstream:short)%00%(objectname)%00%(upstream:track)%00%(upstream:remotename)%00%(upstream:remoteref) refs/heads/master refs/remotes/master [10ms]
2026-08-22 15:35:02.999 [warning] [Git][getBranch] No such branch: master
2026-08-22 15:35:03.014 [info] > git for-each-ref --sort -committerdate --format %(refname)%00%(objectname)%00%(*objectname) [8ms]
2026-08-22 15:35:03.062 [info] > git status -z -uall [59ms]
2026-08-22 15:35:13.992 [info] > git config --get commit.template [5ms]
2026-08-22 15:35:14.001 [info] > git for-each-ref --format=%(refname)%00%(upstream:short)%00%(objectname)%00%(upstream:track)%00%(upstream:remotename)%00%(upstream:remoteref) refs/heads/master refs/remotes/master [11ms]
2026-08-22 15:35:14.001 [warning] [Git][getBranch] No such branch: master
2026-08-22 15:35:14.026 [info] > git for-each-ref --sort -committerdate --format %(refname)%00%(objectname)%00%(*objectname) [8ms]
2026-08-22 15:35:14.078 [info] > git status -z -uall [63ms]
2026-08-22 15:35:19.090 [info] > git config --get commit.template [5ms]
2026-08-22 15:35:19.099 [info] > git for-each-ref --format=%(refname)%00%(upstream:short)%00%(objectname)%00%(upstream:track)%00%(upstream:remotename)%00%(upstream:remoteref) refs/heads/master refs/remotes/master [10ms]
2026-08-22 15:35:19.100 [warning] [Git][getBranch] No such branch: master
2026-08-22 15:35:19.115 [info] > git for-each-ref --sort -committerdate --format %(refname)%00%(objectname)%00%(*objectname) [8ms]
2026-08-22 15:35:19.183 [info] > git status -z -uall [79ms]
2026-08-22 15:35:24.196 [info] > git config --get commit.template [6ms]
2026-08-22 15:35:24.206 [info] > git for-each-ref --format=%(refname)%00%(upstream:short)%00%(objectname)%00%(upstream:track)%00%(upstream:remotename)%00%(upstream:remoteref) refs/heads/master refs/remotes/master [12ms]
2026-08-22 15:35:24.206 [warning] [Git][getBranch] No such branch: master
2026-08-22 15:35:24.224 [info] > git for-each-ref --sort -committerdate --format %(refname)%00%(objectname)%00%(*objectname) [9ms]
2026-08-22 15:35:24.274 [info] > git status -z -uall [63ms]
2026-08-22 15:35:29.288 [info] > git config --get commit.template [8ms]
2026-08-22 15:35:29.297 [info] > git for-each-ref --format=%(refname)%00%(upstream:short)%00%(objectname)%00%(upstream:track)%00%(upstream:remotename)%00%(upstream:remoteref) refs/heads/master refs/remotes/master [13ms]
2026-08-22 15:35:29.297 [warning] [Git][getBranch] No such branch: master
2026-08-22 15:35:29.313 [info] > git for-each-ref --sort -committerdate --format %(refname)%00%(objectname)%00%(*objectname) [9ms]
2026-08-22 15:35:29.368 [info] > git status -z -uall [67ms]
2026-08-22 15:35:34.380 [info] > git config --get commit.template [5ms]
2026-08-22 15:35:34.389 [info] > git for-each-ref --format=%(refname)%00%(upstream:short)%00%(objectname)%00%(upstream:track)%00%(upstream:remotename)%00%(upstream:remoteref) refs/heads/master refs/remotes/master [11ms]
2026-08-22 15:35:34.389 [warning] [Git][getBranch] No such branch: master
2026-08-22 15:35:34.404 [info] > git for-each-ref --sort -committerdate --format %(refname)%00%(objectname)%00%(*objectname) [8ms]
2026-08-22 15:35:34.457 [info] > git status -z -uall [65ms]
2026-08-22 15:35:39.470 [info] > git config --get commit.template [6ms]
2026-08-22 15:35:39.480 [info] > git for-each-ref --format=%(refname)%00%(upstream:short)%00%(objectname)%00%(upstream:track)%00%(upstream:remotename)%00%(upstream:remoteref) refs/heads/master refs/remotes/master [12ms]
2026-08-22 15:35:39.480 [warning] [Git][getBranch] No such branch: master
2026-08-22 15:35:39.495 [info] > git for-each-ref --sort -committerdate --format %(refname)%00%(objectname)%00%(*objectname) [8ms]
2026-08-22 15:35:39.548 [info] > git status -z -uall [64ms]
2026-08-22 15:35:39.851 [info] > git show --textconv HEAD:AI-RAG_W2_pipeline_reference.py [11ms]
2026-08-22 15:35:39.851 [warning] [GitFileSystemProvider][readFile] File not found - git:/voc/work/AI-RAG_W2_pipeline_reference.py.git?%7B%22path%22%3A%22%2Fvoc%2Fwork%2FAI-RAG_W2_pipeline_reference.py%22%2C%22ref%22%3A%22HEAD%22%7D
2026-08-22 15:35:39.860 [info] > git ls-tree -l HEAD -- AI-RAG_W2_pipeline_reference.py [14ms]
2026-08-22 15:35:39.869 [info] fatal: Not a valid object name HEAD
2026-08-22 15:35:39.869 [warning] [GitFileSystemProvider][stat] File not found - git:/voc/work/AI-RAG_W2_pipeline_reference.py.git?%7B%22path%22%3A%22%2Fvoc%2Fwork%2FAI-RAG_W2_pipeline_reference.py%22%2C%22ref%22%3A%22HEAD%22%7D
2026-08-22 15:35:39.869 [info] > git ls-files --stage -- AI-RAG_W2_pipeline_reference.py [26ms]
2026-08-22 15:35:39.882 [info] > git show --textconv :AI-RAG_W2_pipeline_reference.py [46ms]
2026-08-22 15:35:39.896 [info] > git cat-file -s f0db41181560b9a02ada58c0945d8ce86fd79aba [14ms]
2026-08-22 15:35:43.340 [info] > git show --textconv HEAD:pipeline_starter.py [11ms]
2026-08-22 15:35:43.340 [warning] [GitFileSystemProvider][readFile] File not found - git:/voc/work/pipeline_starter.py.git?%7B%22path%22%3A%22%2Fvoc%2Fwork%2Fpipeline_starter.py%22%2C%22ref%22%3A%22HEAD%22%7D
2026-08-22 15:35:43.350 [info] > git show --textconv :pipeline_starter.py [25ms]
2026-08-22 15:35:43.359 [info] > git ls-tree -l HEAD -- pipeline_starter.py [25ms]
2026-08-22 15:35:43.359 [info] fatal: Not a valid object name HEAD
2026-08-22 15:35:43.359 [warning] [GitFileSystemProvider][stat] File not found - git:/voc/work/pipeline_starter.py.git?%7B%22path%22%3A%22%2Fvoc%2Fwork%2Fpipeline_starter.py%22%2C%22ref%22%3A%22HEAD%22%7D
2026-08-22 15:35:43.359 [info] > git ls-files --stage -- pipeline_starter.py [28ms]
2026-08-22 15:35:43.371 [info] > git cat-file -s 2a73b54201ac952e7d2506e8fa08771562771b0e [8ms]
2026-08-22 15:35:44.561 [info] > git config --get commit.template [6ms]
2026-08-22 15:35:44.571 [info] > git for-each-ref --format=%(refname)%00%(upstream:short)%00%(objectname)%00%(upstream:track)%00%(upstream:remotename)%00%(upstream:remoteref) refs/heads/master refs/remotes/master [12ms]
2026-08-22 15:35:44.571 [warning] [Git][getBranch] No such branch: master
2026-08-22 15:35:44.587 [info] > git for-each-ref --sort -committerdate --format %(refname)%00%(objectname)%00%(*objectname) [10ms]
2026-08-22 15:35:44.688 [info] > git status -z -uall [113ms]
2026-08-22 15:35:48.114 [info] > git show --textconv HEAD:AI-RAG_W2_query_results.py [13ms]
2026-08-22 15:35:48.114 [warning] [GitFileSystemProvider][readFile] File not found - git:/voc/work/AI-RAG_W2_query_results.py.git?%7B%22path%22%3A%22%2Fvoc%2Fwork%2FAI-RAG_W2_query_results.py%22%2C%22ref%22%3A%22HEAD%22%7D
2026-08-22 15:35:48.123 [info] > git show --textconv :AI-RAG_W2_query_results.py [25ms]
2026-08-22 15:35:48.136 [info] > git ls-tree -l HEAD -- AI-RAG_W2_query_results.py [30ms]
2026-08-22 15:35:48.145 [info] fatal: Not a valid object name HEAD
2026-08-22 15:35:48.145 [warning] [GitFileSystemProvider][stat] File not found - git:/voc/work/AI-RAG_W2_query_results.py.git?%7B%22path%22%3A%22%2Fvoc%2Fwork%2FAI-RAG_W2_query_results.py%22%2C%22ref%22%3A%22HEAD%22%7D
2026-08-22 15:35:48.145 [info] > git ls-files --stage -- AI-RAG_W2_query_results.py [41ms]
2026-08-22 15:35:48.170 [info] > git cat-file -s 5278d6494ed59e9906132da49d99705d61dd3899 [13ms]
2026-08-22 15:35:49.702 [info] > git config --get commit.template [7ms]
2026-08-22 15:35:49.712 [info] > git for-each-ref --format=%(refname)%00%(upstream:short)%00%(objectname)%00%(upstream:track)%00%(upstream:remotename)%00%(upstream:remoteref) refs/heads/master refs/remotes/master [12ms]
2026-08-22 15:35:49.712 [warning] [Git][getBranch] No such branch: master
2026-08-22 15:35:49.730 [info] > git for-each-ref --sort -committerdate --format %(refname)%00%(objectname)%00%(*objectname) [11ms]
2026-08-22 15:35:49.790 [info] > git status -z -uall [74ms]
2026-08-22 15:35:54.802 [info] > git config --get commit.template [5ms]
2026-08-22 15:35:54.811 [info] > git for-each-ref --format=%(refname)%00%(upstream:short)%00%(objectname)%00%(upstream:track)%00%(upstream:remotename)%00%(upstream:remoteref) refs/heads/master refs/remotes/master [10ms]
2026-08-22 15:35:54.811 [warning] [Git][getBranch] No such branch: master
2026-08-22 15:35:54.826 [info] > git for-each-ref --sort -committerdate --format %(refname)%00%(objectname)%00%(*objectname) [8ms]
2026-08-22 15:35:54.874 [info] > git status -z -uall [59ms]
2026-08-22 15:35:56.782 [info] > git show --textconv HEAD:W2_Practice_Assignment_Solution_Activity/W2_Activity_Solution.md [11ms]
2026-08-22 15:35:56.783 [warning] [GitFileSystemProvider][readFile] File not found - git:/voc/work/W2_Practice_Assignment_Solution_Activity/W2_Activity_Solution.md.git?%7B%22path%22%3A%22%2Fvoc%2Fwork%2FW2_Practice_Assignment_Solution_Activity%2FW2_Activity_Solution.md%22%2C%22ref%22%3A%22HEAD%22%7D
2026-08-22 15:35:56.792 [info] > git show --textconv :W2_Practice_Assignment_Solution_Activity/W2_Activity_Solution.md [24ms]
2026-08-22 15:35:56.801 [info] > git ls-tree -l HEAD -- W2_Practice_Assignment_Solution_Activity/W2_Activity_Solution.md [23ms]
2026-08-22 15:35:56.808 [info] fatal: Not a valid object name HEAD
2026-08-22 15:35:56.809 [warning] [GitFileSystemProvider][stat] File not found - git:/voc/work/W2_Practice_Assignment_Solution_Activity/W2_Activity_Solution.md.git?%7B%22path%22%3A%22%2Fvoc%2Fwork%2FW2_Practice_Assignment_Solution_Activity%2FW2_Activity_Solution.md%22%2C%22ref%22%3A%22HEAD%22%7D
2026-08-22 15:35:56.809 [info] > git ls-files --stage -- W2_Practice_Assignment_Solution_Activity/W2_Activity_Solution.md [35ms]
2026-08-22 15:35:56.834 [info] > git cat-file -s 9b0f12ce85470d1e5b34482b7cf398715d25559f [12ms]
2026-08-22 15:35:59.887 [info] > git config --get commit.template [6ms]
2026-08-22 15:35:59.896 [info] > git for-each-ref --format=%(refname)%00%(upstream:short)%00%(objectname)%00%(upstream:track)%00%(upstream:remotename)%00%(upstream:remoteref) refs/heads/master refs/remotes/master [11ms]
2026-08-22 15:35:59.896 [warning] [Git][getBranch] No such branch: master
2026-08-22 15:35:59.912 [info] > git for-each-ref --sort -committerdate --format %(refname)%00%(objectname)%00%(*objectname) [9ms]
2026-08-22 15:35:59.966 [info] > git status -z -uall [66ms]
2026-08-22 15:36:04.979 [info] > git config --get commit.template [5ms]
2026-08-22 15:36:04.989 [info] > git for-each-ref --format=%(refname)%00%(upstream:short)%00%(objectname)%00%(upstream:track)%00%(upstream:remotename)%00%(upstream:remoteref) refs/heads/master refs/remotes/master [12ms]
2026-08-22 15:36:04.989 [warning] [Git][getBranch] No such branch: master
2026-08-22 15:36:05.006 [info] > git for-each-ref --sort -committerdate --format %(refname)%00%(objectname)%00%(*objectname) [9ms]
2026-08-22 15:36:05.057 [info] > git status -z -uall [64ms]
2026-08-22 15:36:08.106 [info] > git show --textconv HEAD:W2_Practice_Assignment_Solution_Activity/pipeline_solution.py [11ms]
2026-08-22 15:36:08.107 [warning] [GitFileSystemProvider][readFile] File not found - git:/voc/work/W2_Practice_Assignment_Solution_Activity/pipeline_solution.py.git?%7B%22path%22%3A%22%2Fvoc%2Fwork%2FW2_Practice_Assignment_Solution_Activity%2Fpipeline_solution.py%22%2C%22ref%22%3A%22HEAD%22%7D
2026-08-22 15:36:08.116 [info] > git show --textconv :W2_Practice_Assignment_Solution_Activity/pipeline_solution.py [24ms]
2026-08-22 15:36:08.126 [info] > git ls-tree -l HEAD -- W2_Practice_Assignment_Solution_Activity/pipeline_solution.py [25ms]
2026-08-22 15:36:08.135 [info] fatal: Not a valid object name HEAD
2026-08-22 15:36:08.135 [warning] [GitFileSystemProvider][stat] File not found - git:/voc/work/W2_Practice_Assignment_Solution_Activity/pipeline_solution.py.git?%7B%22path%22%3A%22%2Fvoc%2Fwork%2FW2_Practice_Assignment_Solution_Activity%2Fpipeline_solution.py%22%2C%22ref%22%3A%22HEAD%22%7D
2026-08-22 15:36:08.135 [info] > git ls-files --stage -- W2_Practice_Assignment_Solution_Activity/pipeline_solution.py [37ms]
2026-08-22 15:36:08.148 [info] > git cat-file -s cfaed44639f972bacd7d21876f386bd17dd7d7ea [9ms]
2026-08-22 15:36:10.073 [info] > git config --get commit.template [5ms]
2026-08-22 15:36:10.082 [info] > git for-each-ref --format=%(refname)%00%(upstream:short)%00%(objectname)%00%(upstream:track)%00%(upstream:remotename)%00%(upstream:remoteref) refs/heads/master refs/remotes/master [10ms]
2026-08-22 15:36:10.082 [warning] [Git][getBranch] No such branch: master
2026-08-22 15:36:10.098 [info] > git for-each-ref --sort -committerdate --format %(refname)%00%(objectname)%00%(*objectname) [8ms]
2026-08-22 15:36:10.147 [info] > git status -z -uall [61ms]
2026-08-22 15:36:15.160 [info] > git config --get commit.template [5ms]
2026-08-22 15:36:15.170 [info] > git for-each-ref --format=%(refname)%00%(upstream:short)%00%(objectname)%00%(upstream:track)%00%(upstream:remotename)%00%(upstream:remoteref) refs/heads/master refs/remotes/master [10ms]
2026-08-22 15:36:15.170 [warning] [Git][getBranch] No such branch: master
2026-08-22 15:36:15.185 [info] > git for-each-ref --sort -committerdate --format %(refname)%00%(objectname)%00%(*objectname) [8ms]
2026-08-22 15:36:15.232 [info] > git status -z -uall [58ms]
2026-08-22 15:36:34.007 [info] > git config --get commit.template [6ms]
2026-08-22 15:36:34.016 [info] > git for-each-ref --format=%(refname)%00%(upstream:short)%00%(objectname)%00%(upstream:track)%00%(upstream:remotename)%00%(upstream:remoteref) refs/heads/master refs/remotes/master [10ms]
2026-08-22 15:36:34.016 [warning] [Git][getBranch] No such branch: master
2026-08-22 15:36:34.033 [info] > git for-each-ref --sort -committerdate --format %(refname)%00%(objectname)%00%(*objectname) [10ms]
2026-08-22 15:36:34.080 [info] > git status -z -uall [60ms]
2026-08-22 15:36:39.094 [info] > git config --get commit.template [5ms]
2026-08-22 15:36:39.104 [info] > git for-each-ref --format=%(refname)%00%(upstream:short)%00%(objectname)%00%(upstream:track)%00%(upstream:remotename)%00%(upstream:remoteref) refs/heads/master refs/remotes/master [11ms]
2026-08-22 15:36:39.104 [warning] [Git][getBranch] No such branch: master
2026-08-22 15:36:39.120 [info] > git for-each-ref --sort -committerdate --format %(refname)%00%(objectname)%00%(*objectname) [9ms]
2026-08-22 15:36:39.165 [info] > git status -z -uall [57ms]
2026-08-22 15:36:44.177 [info] > git config --get commit.template [5ms]
2026-08-22 15:36:44.187 [info] > git for-each-ref --format=%(refname)%00%(upstream:short)%00%(objectname)%00%(upstream:track)%00%(upstream:remotename)%00%(upstream:remoteref) refs/heads/master refs/remotes/master [11ms]
2026-08-22 15:36:44.187 [warning] [Git][getBranch] No such branch: master
2026-08-22 15:36:44.203 [info] > git for-each-ref --sort -committerdate --format %(refname)%00%(objectname)%00%(*objectname) [8ms]
2026-08-22 15:36:44.255 [info] > git status -z -uall [64ms]
2026-08-22 15:36:49.269 [info] > git config --get commit.template [6ms]
2026-08-22 15:36:49.278 [info] > git for-each-ref --format=%(refname)%00%(upstream:short)%00%(objectname)%00%(upstream:track)%00%(upstream:remotename)%00%(upstream:remoteref) refs/heads/master refs/remotes/master [10ms]
2026-08-22 15:36:49.278 [warning] [Git][getBranch] No such branch: master
2026-08-22 15:36:49.294 [info] > git for-each-ref --sort -committerdate --format %(refname)%00%(objectname)%00%(*objectname) [7ms]
2026-08-22 15:36:49.381 [info] > git status -z -uall [98ms]
2026-08-22 15:36:54.393 [info] > git config --get commit.template [5ms]
2026-08-22 15:36:54.402 [info] > git for-each-ref --format=%(refname)%00%(upstream:short)%00%(objectname)%00%(upstream:track)%00%(upstream:remotename)%00%(upstream:remoteref) refs/heads/master refs/remotes/master [10ms]
2026-08-22 15:36:54.402 [warning] [Git][getBranch] No such branch: master
2026-08-22 15:36:54.418 [info] > git for-each-ref --sort -committerdate --format %(refname)%00%(objectname)%00%(*objectname) [9ms]
2026-08-22 15:36:54.467 [info] > git status -z -uall [61ms]
2026-08-22 15:36:59.480 [info] > git config --get commit.template [5ms]
2026-08-22 15:36:59.489 [info] > git for-each-ref --format=%(refname)%00%(upstream:short)%00%(objectname)%00%(upstream:track)%00%(upstream:remotename)%00%(upstream:remoteref) refs/heads/master refs/remotes/master [11ms]
2026-08-22 15:36:59.489 [warning] [Git][getBranch] No such branch: master
2026-08-22 15:36:59.505 [info] > git for-each-ref --sort -committerdate --format %(refname)%00%(objectname)%00%(*objectname) [8ms]
2026-08-22 15:36:59.557 [info] > git status -z -uall [64ms]
2026-08-22 15:37:04.570 [info] > git config --get commit.template [5ms]
2026-08-22 15:37:04.579 [info] > git for-each-ref --format=%(refname)%00%(upstream:short)%00%(objectname)%00%(upstream:track)%00%(upstream:remotename)%00%(upstream:remoteref) refs/heads/master refs/remotes/master [10ms]
2026-08-22 15:37:04.579 [warning] [Git][getBranch] No such branch: master
2026-08-22 15:37:04.596 [info] > git for-each-ref --sort -committerdate --format %(refname)%00%(objectname)%00%(*objectname) [10ms]
2026-08-22 15:37:04.647 [info] > git status -z -uall [64ms]
2026-08-22 15:37:09.661 [info] > git config --get commit.template [6ms]
2026-08-22 15:37:09.671 [info] > git for-each-ref --format=%(refname)%00%(upstream:short)%00%(objectname)%00%(upstream:track)%00%(upstream:remotename)%00%(upstream:remoteref) refs/heads/master refs/remotes/master [12ms]
2026-08-22 15:37:09.671 [warning] [Git][getBranch] No such branch: master
2026-08-22 15:37:09.688 [info] > git for-each-ref --sort -committerdate --format %(refname)%00%(objectname)%00%(*objectname) [8ms]
2026-08-22 15:37:09.739 [info] > git status -z -uall [63ms]
2026-08-22 15:37:14.752 [info] > git config --get commit.template [5ms]
2026-08-22 15:37:14.761 [info] > git for-each-ref --format=%(refname)%00%(upstream:short)%00%(objectname)%00%(upstream:track)%00%(upstream:remotename)%00%(upstream:remoteref) refs/heads/master refs/remotes/master [10ms]
2026-08-22 15:37:14.761 [warning] [Git][getBranch] No such branch: master
2026-08-22 15:37:14.777 [info] > git for-each-ref --sort -committerdate --format %(refname)%00%(objectname)%00%(*objectname) [8ms]
2026-08-22 15:37:14.828 [info] > git status -z -uall [62ms]
2026-08-22 15:37:19.842 [info] > git config --get commit.template [7ms]
2026-08-22 15:37:19.852 [info] > git for-each-ref --format=%(refname)%00%(upstream:short)%00%(objectname)%00%(upstream:track)%00%(upstream:remotename)%00%(upstream:remoteref) refs/heads/master refs/remotes/master [13ms]
2026-08-22 15:37:19.852 [warning] [Git][getBranch] No such branch: master
2026-08-22 15:37:19.876 [info] > git for-each-ref --sort -committerdate --format %(refname)%00%(objectname)%00%(*objectname) [8ms]
2026-08-22 15:37:19.927 [info] > git status -z -uall [62ms]
2026-08-22 15:37:20.571 [info] > git log --format=%H%n%aN%n%aE%n%at%n%ct%n%P%n%D%n%B -z -n51 --shortstat --follow -- /voc/work/W2_Practice_Assignment_Solution_Activity/pipeline_solution.py [8ms]
2026-08-22 15:37:20.571 [info] fatal: your current branch 'master' does not have any commits yet
2026-08-22 15:37:24.940 [info] > git config --get commit.template [6ms]
2026-08-22 15:37:24.949 [info] > git for-each-ref --format=%(refname)%00%(upstream:short)%00%(objectname)%00%(upstream:track)%00%(upstream:remotename)%00%(upstream:remoteref) refs/heads/master refs/remotes/master [10ms]
2026-08-22 15:37:24.949 [warning] [Git][getBranch] No such branch: master
2026-08-22 15:37:24.967 [info] > git for-each-ref --sort -committerdate --format %(refname)%00%(objectname)%00%(*objectname) [9ms]
2026-08-22 15:37:25.021 [info] > git status -z -uall [67ms]
2026-08-22 15:37:30.035 [info] > git config --get commit.template [4ms]
2026-08-22 15:37:30.044 [info] > git for-each-ref --format=%(refname)%00%(upstream:short)%00%(objectname)%00%(upstream:track)%00%(upstream:remotename)%00%(upstream:remoteref) refs/heads/master refs/remotes/master [11ms]
2026-08-22 15:37:30.044 [warning] [Git][getBranch] No such branch: master
2026-08-22 15:37:30.062 [info] > git for-each-ref --sort -committerdate --format %(refname)%00%(objectname)%00%(*objectname) [10ms]
2026-08-22 15:37:30.112 [info] > git status -z -uall [63ms]
2026-08-22 15:37:35.125 [info] > git config --get commit.template [4ms]
2026-08-22 15:37:35.134 [info] > git for-each-ref --format=%(refname)%00%(upstream:short)%00%(objectname)%00%(upstream:track)%00%(upstream:remotename)%00%(upstream:remoteref) refs/heads/master refs/remotes/master [11ms]
2026-08-22 15:37:35.134 [warning] [Git][getBranch] No such branch: master
2026-08-22 15:37:35.160 [info] > git for-each-ref --sort -committerdate --format %(refname)%00%(objectname)%00%(*objectname) [8ms]
2026-08-22 15:37:35.215 [info] > git status -z -uall [67ms]
2026-08-22 15:37:40.230 [info] > git config --get commit.template [5ms]
2026-08-22 15:37:40.239 [info] > git for-each-ref --format=%(refname)%00%(upstream:short)%00%(objectname)%00%(upstream:track)%00%(upstream:remotename)%00%(upstream:remoteref) refs/heads/master refs/remotes/master [11ms]
2026-08-22 15:37:40.239 [warning] [Git][getBranch] No such branch: master
2026-08-22 15:37:40.257 [info] > git for-each-ref --sort -committerdate --format %(refname)%00%(objectname)%00%(*objectname) [11ms]
2026-08-22 15:37:40.318 [info] > git status -z -uall [75ms]
2026-08-22 15:37:45.330 [info] > git config --get commit.template [5ms]
2026-08-22 15:37:45.340 [info] > git for-each-ref --format=%(refname)%00%(upstream:short)%00%(objectname)%00%(upstream:track)%00%(upstream:remotename)%00%(upstream:remoteref) refs/heads/master refs/remotes/master [11ms]
2026-08-22 15:37:45.340 [warning] [Git][getBranch] No such branch: master
2026-08-22 15:37:45.356 [info] > git for-each-ref --sort -committerdate --format %(refname)%00%(objectname)%00%(*objectname) [9ms]
2026-08-22 15:37:45.408 [info] > git status -z -uall [64ms]
2026-08-22 15:37:50.420 [info] > git config --get commit.template [5ms]
2026-08-22 15:37:50.429 [info] > git for-each-ref --format=%(refname)%00%(upstream:short)%00%(objectname)%00%(upstream:track)%00%(upstream:remotename)%00%(upstream:remoteref) refs/heads/master refs/remotes/master [10ms]
2026-08-22 15:37:50.429 [warning] [Git][getBranch] No such branch: master
2026-08-22 15:37:50.447 [info] > git for-each-ref --sort -committerdate --format %(refname)%00%(objectname)%00%(*objectname) [10ms]
2026-08-22 15:37:50.538 [info] > git status -z -uall [105ms]
2026-08-22 15:37:55.550 [info] > git config --get commit.template [4ms]
2026-08-22 15:37:55.559 [info] > git for-each-ref --format=%(refname)%00%(upstream:short)%00%(objectname)%00%(upstream:track)%00%(upstream:remotename)%00%(upstream:remoteref) refs/heads/master refs/remotes/master [10ms]
2026-08-22 15:37:55.559 [warning] [Git][getBranch] No such branch: master
2026-08-22 15:37:55.575 [info] > git for-each-ref --sort -committerdate --format %(refname)%00%(objectname)%00%(*objectname) [9ms]
2026-08-22 15:37:55.624 [info] > git status -z -uall [61ms]
2026-08-22 15:38:00.636 [info] > git config --get commit.template [6ms]
2026-08-22 15:38:00.645 [info] > git for-each-ref --format=%(refname)%00%(upstream:short)%00%(objectname)%00%(upstream:track)%00%(upstream:remotename)%00%(upstream:remoteref) refs/heads/master refs/remotes/master [11ms]
2026-08-22 15:38:00.645 [warning] [Git][getBranch] No such branch: master
2026-08-22 15:38:00.661 [info] > git for-each-ref --sort -committerdate --format %(refname)%00%(objectname)%00%(*objectname) [9ms]
2026-08-22 15:38:00.713 [info] > git status -z -uall [63ms]
2026-08-22 15:38:05.725 [info] > git config --get commit.template [5ms]
2026-08-22 15:38:05.734 [info] > git for-each-ref --format=%(refname)%00%(upstream:short)%00%(objectname)%00%(upstream:track)%00%(upstream:remotename)%00%(upstream:remoteref) refs/heads/master refs/remotes/master [10ms]
2026-08-22 15:38:05.734 [warning] [Git][getBranch] No such branch: master
2026-08-22 15:38:05.750 [info] > git for-each-ref --sort -committerdate --format %(refname)%00%(objectname)%00%(*objectname) [8ms]
2026-08-22 15:38:05.797 [info] > git status -z -uall [59ms]
2026-08-22 15:38:10.809 [info] > git config --get commit.template [5ms]
2026-08-22 15:38:10.823 [info] > git for-each-ref --format=%(refname)%00%(upstream:short)%00%(objectname)%00%(upstream:track)%00%(upstream:remotename)%00%(upstream:remoteref) refs/heads/master refs/remotes/master [15ms]
2026-08-22 15:38:10.823 [warning] [Git][getBranch] No such branch: master
2026-08-22 15:38:10.838 [info] > git for-each-ref --sort -committerdate --format %(refname)%00%(objectname)%00%(*objectname) [8ms]
2026-08-22 15:38:10.888 [info] > git status -z -uall [61ms]
2026-08-22 15:38:15.900 [info] > git config --get commit.template [4ms]
2026-08-22 15:38:15.908 [info] > git for-each-ref --format=%(refname)%00%(upstream:short)%00%(objectname)%00%(upstream:track)%00%(upstream:remotename)%00%(upstream:remoteref) refs/heads/master refs/remotes/master [9ms]
2026-08-22 15:38:15.908 [warning] [Git][getBranch] No such branch: master
2026-08-22 15:38:15.923 [info] > git for-each-ref --sort -committerdate --format %(refname)%00%(objectname)%00%(*objectname) [7ms]
2026-08-22 15:38:15.973 [info] > git status -z -uall [61ms]
2026-08-22 15:38:20.986 [info] > git config --get commit.template [5ms]
2026-08-22 15:38:20.995 [info] > git for-each-ref --format=%(refname)%00%(upstream:short)%00%(objectname)%00%(upstream:track)%00%(upstream:remotename)%00%(upstream:remoteref) refs/heads/master refs/remotes/master [10ms]
2026-08-22 15:38:20.995 [warning] [Git][getBranch] No such branch: master
2026-08-22 15:38:21.010 [info] > git for-each-ref --sort -committerdate --format %(refname)%00%(objectname)%00%(*objectname) [8ms]
2026-08-22 15:38:21.060 [info] > git status -z -uall [61ms]
2026-08-22 15:38:26.072 [info] > git config --get commit.template [5ms]
2026-08-22 15:38:26.083 [info] > git for-each-ref --format=%(refname)%00%(upstream:short)%00%(objectname)%00%(upstream:track)%00%(upstream:remotename)%00%(upstream:remoteref) refs/heads/master refs/remotes/master [12ms]
2026-08-22 15:38:26.083 [warning] [Git][getBranch] No such branch: master
2026-08-22 15:38:26.098 [info] > git for-each-ref --sort -committerdate --format %(refname)%00%(objectname)%00%(*objectname) [8ms]
2026-08-22 15:38:26.147 [info] > git status -z -uall [60ms]
2026-08-22 15:38:31.160 [info] > git config --get commit.template [5ms]
2026-08-22 15:38:31.172 [info] > git for-each-ref --format=%(refname)%00%(upstream:short)%00%(objectname)%00%(upstream:track)%00%(upstream:remotename)%00%(upstream:remoteref) refs/heads/master refs/remotes/master [13ms]
2026-08-22 15:38:31.172 [warning] [Git][getBranch] No such branch: master
2026-08-22 15:38:31.188 [info] > git for-each-ref --sort -committerdate --format %(refname)%00%(objectname)%00%(*objectname) [9ms]
2026-08-22 15:38:31.245 [info] > git status -z -uall [69ms]
2026-08-22 15:38:36.256 [info] > git config --get commit.template [5ms]
2026-08-22 15:38:36.265 [info] > git for-each-ref --format=%(refname)%00%(upstream:short)%00%(objectname)%00%(upstream:track)%00%(upstream:remotename)%00%(upstream:remoteref) refs/heads/master refs/remotes/master [10ms]
2026-08-22 15:38:36.265 [warning] [Git][getBranch] No such branch: master
2026-08-22 15:38:36.280 [info] > git for-each-ref --sort -committerdate --format %(refname)%00%(objectname)%00%(*objectname) [8ms]
2026-08-22 15:38:36.330 [info] > git status -z -uall [61ms]
2026-08-22 15:38:41.342 [info] > git config --get commit.template [5ms]
2026-08-22 15:38:41.350 [info] > git for-each-ref --format=%(refname)%00%(upstream:short)%00%(objectname)%00%(upstream:track)%00%(upstream:remotename)%00%(upstream:remoteref) refs/heads/master refs/remotes/master [10ms]
2026-08-22 15:38:41.351 [warning] [Git][getBranch] No such branch: master
2026-08-22 15:38:41.366 [info] > git for-each-ref --sort -committerdate --format %(refname)%00%(objectname)%00%(*objectname) [8ms]
2026-08-22 15:38:41.414 [info] > git status -z -uall [59ms]
2026-08-22 15:38:44.969 [info] > git show --textconv HEAD:W2_Practice_Assignment_Solution_Activity/pipeline_solution.py [11ms]
2026-08-22 15:38:44.970 [warning] [GitFileSystemProvider][readFile] File not found - git:/voc/work/W2_Practice_Assignment_Solution_Activity/pipeline_solution.py.git?%7B%22path%22%3A%22%2Fvoc%2Fwork%2FW2_Practice_Assignment_Solution_Activity%2Fpipeline_solution.py%22%2C%22ref%22%3A%22HEAD%22%7D
2026-08-22 15:38:44.978 [info] > git show --textconv :W2_Practice_Assignment_Solution_Activity/pipeline_solution.py [23ms]
2026-08-22 15:38:44.988 [info] > git ls-tree -l HEAD -- W2_Practice_Assignment_Solution_Activity/pipeline_solution.py [26ms]
2026-08-22 15:38:44.996 [info] fatal: Not a valid object name HEAD
2026-08-22 15:38:44.996 [warning] [GitFileSystemProvider][stat] File not found - git:/voc/work/W2_Practice_Assignment_Solution_Activity/pipeline_solution.py.git?%7B%22path%22%3A%22%2Fvoc%2Fwork%2FW2_Practice_Assignment_Solution_Activity%2Fpipeline_solution.py%22%2C%22ref%22%3A%22HEAD%22%7D
2026-08-22 15:38:44.996 [info] > git ls-files --stage -- W2_Practice_Assignment_Solution_Activity/pipeline_solution.py [36ms]
2026-08-22 15:38:45.022 [info] > git cat-file -s cfaed44639f972bacd7d21876f386bd17dd7d7ea [13ms]
2026-08-22 15:38:46.427 [info] > git config --get commit.template [5ms]
2026-08-22 15:38:46.436 [info] > git for-each-ref --format=%(refname)%00%(upstream:short)%00%(objectname)%00%(upstream:track)%00%(upstream:remotename)%00%(upstream:remoteref) refs/heads/master refs/remotes/master [10ms]
2026-08-22 15:38:46.436 [warning] [Git][getBranch] No such branch: master
2026-08-22 15:38:46.454 [info] > git for-each-ref --sort -committerdate --format %(refname)%00%(objectname)%00%(*objectname) [9ms]
2026-08-22 15:38:46.506 [info] > git status -z -uall [64ms]
2026-08-22 15:38:51.518 [info] > git config --get commit.template [4ms]
2026-08-22 15:38:51.527 [info] > git for-each-ref --format=%(refname)%00%(upstream:short)%00%(objectname)%00%(upstream:track)%00%(upstream:remotename)%00%(upstream:remoteref) refs/heads/master refs/remotes/master [11ms]
2026-08-22 15:38:51.527 [warning] [Git][getBranch] No such branch: master
2026-08-22 15:38:51.544 [info] > git for-each-ref --sort -committerdate --format %(refname)%00%(objectname)%00%(*objectname) [9ms]
2026-08-22 15:38:51.638 [info] > git status -z -uall [105ms]
2026-08-22 15:38:56.649 [info] > git config --get commit.template [4ms]
2026-08-22 15:38:56.658 [info] > git for-each-ref --format=%(refname)%00%(upstream:short)%00%(objectname)%00%(upstream:track)%00%(upstream:remotename)%00%(upstream:remoteref) refs/heads/master refs/remotes/master [9ms]
2026-08-22 15:38:56.658 [warning] [Git][getBranch] No such branch: master
2026-08-22 15:38:56.674 [info] > git for-each-ref --sort -committerdate --format %(refname)%00%(objectname)%00%(*objectname) [7ms]
2026-08-22 15:38:56.722 [info] > git status -z -uall [60ms]
2026-08-22 15:39:01.734 [info] > git config --get commit.template [5ms]
2026-08-22 15:39:01.743 [info] > git for-each-ref --format=%(refname)%00%(upstream:short)%00%(objectname)%00%(upstream:track)%00%(upstream:remotename)%00%(upstream:remoteref) refs/heads/master refs/remotes/master [10ms]
2026-08-22 15:39:01.743 [warning] [Git][getBranch] No such branch: master
2026-08-22 15:39:01.758 [info] > git for-each-ref --sort -committerdate --format %(refname)%00%(objectname)%00%(*objectname) [8ms]
2026-08-22 15:39:01.811 [info] > git status -z -uall [64ms]
2026-08-22 15:39:06.823 [info] > git config --get commit.template [5ms]
2026-08-22 15:39:06.832 [info] > git for-each-ref --format=%(refname)%00%(upstream:short)%00%(objectname)%00%(upstream:track)%00%(upstream:remotename)%00%(upstream:remoteref) refs/heads/master refs/remotes/master [10ms]
2026-08-22 15:39:06.833 [warning] [Git][getBranch] No such branch: master
2026-08-22 15:39:06.849 [info] > git for-each-ref --sort -committerdate --format %(refname)%00%(objectname)%00%(*objectname) [9ms]
2026-08-22 15:39:06.896 [info] > git status -z -uall [60ms]
2026-08-22 15:39:11.907 [info] > git config --get commit.template [5ms]
2026-08-22 15:39:11.916 [info] > git for-each-ref --format=%(refname)%00%(upstream:short)%00%(objectname)%00%(upstream:track)%00%(upstream:remotename)%00%(upstream:remoteref) refs/heads/master refs/remotes/master [9ms]
2026-08-22 15:39:11.916 [warning] [Git][getBranch] No such branch: master
2026-08-22 15:39:11.932 [info] > git for-each-ref --sort -committerdate --format %(refname)%00%(objectname)%00%(*objectname) [9ms]
2026-08-22 15:39:11.982 [info] > git status -z -uall [62ms]
2026-08-22 15:39:16.993 [info] > git config --get commit.template [5ms]
2026-08-22 15:39:17.002 [info] > git for-each-ref --format=%(refname)%00%(upstream:short)%00%(objectname)%00%(upstream:track)%00%(upstream:remotename)%00%(upstream:remoteref) refs/heads/master refs/remotes/master [10ms]
2026-08-22 15:39:17.002 [warning] [Git][getBranch] No such branch: master
2026-08-22 15:39:17.018 [info] > git for-each-ref --sort -committerdate --format %(refname)%00%(objectname)%00%(*objectname) [8ms]
2026-08-22 15:39:17.066 [info] > git status -z -uall [59ms]
2026-08-22 15:39:22.079 [info] > git config --get commit.template [5ms]
2026-08-22 15:39:22.088 [info] > git for-each-ref --format=%(refname)%00%(upstream:short)%00%(objectname)%00%(upstream:track)%00%(upstream:remotename)%00%(upstream:remoteref) refs/heads/master refs/remotes/master [10ms]
2026-08-22 15:39:22.088 [warning] [Git][getBranch] No such branch: master
2026-08-22 15:39:22.103 [info] > git for-each-ref --sort -committerdate --format %(refname)%00%(objectname)%00%(*objectname) [9ms]
2026-08-22 15:39:22.150 [info] > git status -z -uall [59ms]
2026-08-22 15:39:27.161 [info] > git config --get commit.template [5ms]
2026-08-22 15:39:27.170 [info] > git for-each-ref --format=%(refname)%00%(upstream:short)%00%(objectname)%00%(upstream:track)%00%(upstream:remotename)%00%(upstream:remoteref) refs/heads/master refs/remotes/master [10ms]
2026-08-22 15:39:27.170 [warning] [Git][getBranch] No such branch: master
2026-08-22 15:39:27.187 [info] > git for-each-ref --sort -committerdate --format %(refname)%00%(objectname)%00%(*objectname) [9ms]
2026-08-22 15:39:27.234 [info] > git status -z -uall [60ms]
2026-08-22 15:39:32.246 [info] > git config --get commit.template [6ms]
2026-08-22 15:39:32.256 [info] > git for-each-ref --format=%(refname)%00%(upstream:short)%00%(objectname)%00%(upstream:track)%00%(upstream:remotename)%00%(upstream:remoteref) refs/heads/master refs/remotes/master [11ms]
2026-08-22 15:39:32.256 [warning] [Git][getBranch] No such branch: master
2026-08-22 15:39:32.272 [info] > git for-each-ref --sort -committerdate --format %(refname)%00%(objectname)%00%(*objectname) [9ms]
2026-08-22 15:39:32.325 [info] > git status -z -uall [65ms]
2026-08-22 15:39:37.337 [info] > git config --get commit.template [4ms]
2026-08-22 15:39:37.345 [info] > git for-each-ref --format=%(refname)%00%(upstream:short)%00%(objectname)%00%(upstream:track)%00%(upstream:remotename)%00%(upstream:remoteref) refs/heads/master refs/remotes/master [9ms]
2026-08-22 15:39:37.346 [warning] [Git][getBranch] No such branch: master
2026-08-22 15:39:37.361 [info] > git for-each-ref --sort -committerdate --format %(refname)%00%(objectname)%00%(*objectname) [8ms]
2026-08-22 15:39:37.408 [info] > git status -z -uall [58ms]
2026-08-22 15:39:43.110 [info] > git config --get commit.template [5ms]
2026-08-22 15:39:43.119 [info] > git for-each-ref --format=%(refname)%00%(upstream:short)%00%(objectname)%00%(upstream:track)%00%(upstream:remotename)%00%(upstream:remoteref) refs/heads/master refs/remotes/master [10ms]
2026-08-22 15:39:43.119 [warning] [Git][getBranch] No such branch: master
2026-08-22 15:39:43.144 [info] > git for-each-ref --sort -committerdate --format %(refname)%00%(objectname)%00%(*objectname) [9ms]
2026-08-22 15:39:43.195 [info] > git status -z -uall [63ms]
2026-08-22 15:39:48.208 [info] > git config --get commit.template [6ms]
2026-08-22 15:39:48.217 [info] > git for-each-ref --format=%(refname)%00%(upstream:short)%00%(objectname)%00%(upstream:track)%00%(upstream:remotename)%00%(upstream:remoteref) refs/heads/master refs/remotes/master [11ms]
2026-08-22 15:39:48.217 [warning] [Git][getBranch] No such branch: master
2026-08-22 15:39:48.235 [info] > git for-each-ref --sort -committerdate --format %(refname)%00%(objectname)%00%(*objectname) [10ms]
2026-08-22 15:39:48.284 [info] > git status -z -uall [62ms]
2026-08-22 15:39:53.298 [info] > git config --get commit.template [5ms]
2026-08-22 15:39:53.307 [info] > git for-each-ref --format=%(refname)%00%(upstream:short)%00%(objectname)%00%(upstream:track)%00%(upstream:remotename)%00%(upstream:remoteref) refs/heads/master refs/remotes/master [10ms]
2026-08-22 15:39:53.307 [warning] [Git][getBranch] No such branch: master
2026-08-22 15:39:53.323 [info] > git for-each-ref --sort -committerdate --format %(refname)%00%(objectname)%00%(*objectname) [8ms]
2026-08-22 15:39:53.407 [info] > git status -z -uall [95ms]
2026-08-22 15:39:58.421 [info] > git config --get commit.template [7ms]
2026-08-22 15:39:58.430 [info] > git for-each-ref --format=%(refname)%00%(upstream:short)%00%(objectname)%00%(upstream:track)%00%(upstream:remotename)%00%(upstream:remoteref) refs/heads/master refs/remotes/master [12ms]
2026-08-22 15:39:58.430 [warning] [Git][getBranch] No such branch: master
2026-08-22 15:39:58.446 [info] > git for-each-ref --sort -committerdate --format %(refname)%00%(objectname)%00%(*objectname) [9ms]
2026-08-22 15:39:58.497 [info] > git status -z -uall [63ms]
2026-08-22 15:40:03.511 [info] > git config --get commit.template [5ms]
2026-08-22 15:40:03.520 [info] > git for-each-ref --format=%(refname)%00%(upstream:short)%00%(objectname)%00%(upstream:track)%00%(upstream:remotename)%00%(upstream:remoteref) refs/heads/master refs/remotes/master [9ms]
2026-08-22 15:40:03.520 [warning] [Git][getBranch] No such branch: master
2026-08-22 15:40:03.536 [info] > git for-each-ref --sort -committerdate --format %(refname)%00%(objectname)%00%(*objectname) [8ms]
2026-08-22 15:40:03.582 [info] > git status -z -uall [58ms]
2026-08-22 15:40:08.594 [info] > git config --get commit.template [5ms]
2026-08-22 15:40:08.603 [info] > git for-each-ref --format=%(refname)%00%(upstream:short)%00%(objectname)%00%(upstream:track)%00%(upstream:remotename)%00%(upstream:remoteref) refs/heads/master refs/remotes/master [10ms]
2026-08-22 15:40:08.603 [warning] [Git][getBranch] No such branch: master
2026-08-22 15:40:08.629 [info] > git for-each-ref --sort -committerdate --format %(refname)%00%(objectname)%00%(*objectname) [9ms]
2026-08-22 15:40:08.674 [info] > git status -z -uall [57ms]
2026-08-22 15:40:13.686 [info] > git config --get commit.template [5ms]
2026-08-22 15:40:13.694 [info] > git for-each-ref --format=%(refname)%00%(upstream:short)%00%(objectname)%00%(upstream:track)%00%(upstream:remotename)%00%(upstream:remoteref) refs/heads/master refs/remotes/master [9ms]
2026-08-22 15:40:13.694 [warning] [Git][getBranch] No such branch: master
2026-08-22 15:40:13.709 [info] > git for-each-ref --sort -committerdate --format %(refname)%00%(objectname)%00%(*objectname) [8ms]
2026-08-22 15:40:13.756 [info] > git status -z -uall [58ms]
2026-08-22 15:40:18.769 [info] > git config --get commit.template [5ms]
2026-08-22 15:40:18.779 [info] > git for-each-ref --format=%(refname)%00%(upstream:short)%00%(objectname)%00%(upstream:track)%00%(upstream:remotename)%00%(upstream:remoteref) refs/heads/master refs/remotes/master [11ms]
2026-08-22 15:40:18.780 [warning] [Git][getBranch] No such branch: master
2026-08-22 15:40:18.796 [info] > git for-each-ref --sort -committerdate --format %(refname)%00%(objectname)%00%(*objectname) [9ms]
2026-08-22 15:40:18.855 [info] > git status -z -uall [71ms]
2026-08-22 15:40:23.867 [info] > git config --get commit.template [5ms]
2026-08-22 15:40:23.877 [info] > git for-each-ref --format=%(refname)%00%(upstream:short)%00%(objectname)%00%(upstream:track)%00%(upstream:remotename)%00%(upstream:remoteref) refs/heads/master refs/remotes/master [11ms]
2026-08-22 15:40:23.877 [warning] [Git][getBranch] No such branch: master
2026-08-22 15:40:23.893 [info] > git for-each-ref --sort -committerdate --format %(refname)%00%(objectname)%00%(*objectname) [8ms]
2026-08-22 15:40:23.944 [info] > git status -z -uall [63ms]
2026-08-22 15:40:28.956 [info] > git config --get commit.template [5ms]
2026-08-22 15:40:28.965 [info] > git for-each-ref --format=%(refname)%00%(upstream:short)%00%(objectname)%00%(upstream:track)%00%(upstream:remotename)%00%(upstream:remoteref) refs/heads/master refs/remotes/master [11ms]
2026-08-22 15:40:28.965 [warning] [Git][getBranch] No such branch: master
2026-08-22 15:40:28.982 [info] > git for-each-ref --sort -committerdate --format %(refname)%00%(objectname)%00%(*objectname) [9ms]
2026-08-22 15:40:29.030 [info] > git status -z -uall [61ms]
2026-08-22 15:40:34.043 [info] > git config --get commit.template [6ms]
2026-08-22 15:40:34.052 [info] > git for-each-ref --format=%(refname)%00%(upstream:short)%00%(objectname)%00%(upstream:track)%00%(upstream:remotename)%00%(upstream:remoteref) refs/heads/master refs/remotes/master [11ms]
2026-08-22 15:40:34.052 [warning] [Git][getBranch] No such branch: master
2026-08-22 15:40:34.068 [info] > git for-each-ref --sort -committerdate --format %(refname)%00%(objectname)%00%(*objectname) [8ms]
2026-08-22 15:40:34.119 [info] > git status -z -uall [62ms]
2026-08-22 15:40:39.131 [info] > git config --get commit.template [5ms]
2026-08-22 15:40:39.140 [info] > git for-each-ref --format=%(refname)%00%(upstream:short)%00%(objectname)%00%(upstream:track)%00%(upstream:remotename)%00%(upstream:remoteref) refs/heads/master refs/remotes/master [10ms]
2026-08-22 15:40:39.140 [warning] [Git][getBranch] No such branch: master
2026-08-22 15:40:39.157 [info] > git for-each-ref --sort -committerdate --format %(refname)%00%(objectname)%00%(*objectname) [8ms]
2026-08-22 15:40:39.209 [info] > git status -z -uall [65ms]
2026-08-22 15:40:44.222 [info] > git config --get commit.template [6ms]
2026-08-22 15:40:44.232 [info] > git for-each-ref --format=%(refname)%00%(upstream:short)%00%(objectname)%00%(upstream:track)%00%(upstream:remotename)%00%(upstream:remoteref) refs/heads/master refs/remotes/master [12ms]
2026-08-22 15:40:44.232 [warning] [Git][getBranch] No such branch: master
2026-08-22 15:40:44.247 [info] > git for-each-ref --sort -committerdate --format %(refname)%00%(objectname)%00%(*objectname) [8ms]
2026-08-22 15:40:44.303 [info] > git status -z -uall [67ms]
2026-08-22 15:40:49.316 [info] > git config --get commit.template [5ms]
2026-08-22 15:40:49.326 [info] > git for-each-ref --format=%(refname)%00%(upstream:short)%00%(objectname)%00%(upstream:track)%00%(upstream:remotename)%00%(upstream:remoteref) refs/heads/master refs/remotes/master [11ms]
2026-08-22 15:40:49.326 [warning] [Git][getBranch] No such branch: master
2026-08-22 15:40:49.345 [info] > git for-each-ref --sort -committerdate --format %(refname)%00%(objectname)%00%(*objectname) [13ms]
2026-08-22 15:40:49.391 [info] > git status -z -uall [62ms]
2026-08-22 15:40:54.403 [info] > git config --get commit.template [5ms]
2026-08-22 15:40:54.412 [info] > git for-each-ref --format=%(refname)%00%(upstream:short)%00%(objectname)%00%(upstream:track)%00%(upstream:remotename)%00%(upstream:remoteref) refs/heads/master refs/remotes/master [10ms]
2026-08-22 15:40:54.413 [warning] [Git][getBranch] No such branch: master
2026-08-22 15:40:54.428 [info] > git for-each-ref --sort -committerdate --format %(refname)%00%(objectname)%00%(*objectname) [9ms]
2026-08-22 15:40:54.519 [info] > git status -z -uall [103ms]
2026-08-22 15:40:59.530 [info] > git config --get commit.template [5ms]
2026-08-22 15:40:59.540 [info] > git for-each-ref --format=%(refname)%00%(upstream:short)%00%(objectname)%00%(upstream:track)%00%(upstream:remotename)%00%(upstream:remoteref) refs/heads/master refs/remotes/master [10ms]
2026-08-22 15:40:59.540 [warning] [Git][getBranch] No such branch: master
2026-08-22 15:40:59.558 [info] > git for-each-ref --sort -committerdate --format %(refname)%00%(objectname)%00%(*objectname) [11ms]
2026-08-22 15:40:59.617 [info] > git status -z -uall [74ms]
2026-08-22 15:41:04.629 [info] > git config --get commit.template [5ms]
2026-08-22 15:41:04.639 [info] > git for-each-ref --format=%(refname)%00%(upstream:short)%00%(objectname)%00%(upstream:track)%00%(upstream:remotename)%00%(upstream:remoteref) refs/heads/master refs/remotes/master [10ms]
2026-08-22 15:41:04.639 [warning] [Git][getBranch] No such branch: master
2026-08-22 15:41:04.655 [info] > git for-each-ref --sort -committerdate --format %(refname)%00%(objectname)%00%(*objectname) [8ms]
2026-08-22 15:41:04.703 [info] > git status -z -uall [60ms]
2026-08-22 15:41:09.714 [info] > git config --get commit.template [5ms]
2026-08-22 15:41:09.723 [info] > git for-each-ref --format=%(refname)%00%(upstream:short)%00%(objectname)%00%(upstream:track)%00%(upstream:remotename)%00%(upstream:remoteref) refs/heads/master refs/remotes/master [10ms]
2026-08-22 15:41:09.724 [warning] [Git][getBranch] No such branch: master
2026-08-22 15:41:09.739 [info] > git for-each-ref --sort -committerdate --format %(refname)%00%(objectname)%00%(*objectname) [8ms]
2026-08-22 15:41:09.788 [info] > git status -z -uall [61ms]
2026-08-22 15:41:14.800 [info] > git config --get commit.template [6ms]
2026-08-22 15:41:14.809 [info] > git for-each-ref --format=%(refname)%00%(upstream:short)%00%(objectname)%00%(upstream:track)%00%(upstream:remotename)%00%(upstream:remoteref) refs/heads/master refs/remotes/master [11ms]
2026-08-22 15:41:14.809 [warning] [Git][getBranch] No such branch: master
2026-08-22 15:41:14.825 [info] > git for-each-ref --sort -committerdate --format %(refname)%00%(objectname)%00%(*objectname) [8ms]
2026-08-22 15:41:14.871 [info] > git status -z -uall [57ms]
2026-08-22 15:41:20.084 [info] > git config --get commit.template [4ms]
2026-08-22 15:41:20.092 [info] > git for-each-ref --format=%(refname)%00%(upstream:short)%00%(objectname)%00%(upstream:track)%00%(upstream:remotename)%00%(upstream:remoteref) refs/heads/master refs/remotes/master [9ms]
2026-08-22 15:41:20.092 [warning] [Git][getBranch] No such branch: master
2026-08-22 15:41:20.116 [info] > git for-each-ref --sort -committerdate --format %(refname)%00%(objectname)%00%(*objectname) [8ms]
2026-08-22 15:41:20.161 [info] > git status -z -uall [56ms]
2026-08-22 15:41:25.173 [info] > git config --get commit.template [5ms]
2026-08-22 15:41:25.184 [info] > git for-each-ref --format=%(refname)%00%(upstream:short)%00%(objectname)%00%(upstream:track)%00%(upstream:remotename)%00%(upstream:remoteref) refs/heads/master refs/remotes/master [12ms]
2026-08-22 15:41:25.184 [warning] [Git][getBranch] No such branch: master
2026-08-22 15:41:25.200 [info] > git for-each-ref --sort -committerdate --format %(refname)%00%(objectname)%00%(*objectname) [8ms]
2026-08-22 15:41:25.246 [info] > git status -z -uall [58ms]
2026-08-22 15:41:30.260 [info] > git config --get commit.template [5ms]
2026-08-22 15:41:30.270 [info] > git for-each-ref --format=%(refname)%00%(upstream:short)%00%(objectname)%00%(upstream:track)%00%(upstream:remotename)%00%(upstream:remoteref) refs/heads/master refs/remotes/master [11ms]
2026-08-22 15:41:30.270 [warning] [Git][getBranch] No such branch: master
2026-08-22 15:41:30.285 [info] > git for-each-ref --sort -committerdate --format %(refname)%00%(objectname)%00%(*objectname) [8ms]
2026-08-22 15:41:30.343 [info] > git status -z -uall [69ms]
2026-08-22 15:41:35.356 [info] > git config --get commit.template [6ms]
2026-08-22 15:41:35.365 [info] > git for-each-ref --format=%(refname)%00%(upstream:short)%00%(objectname)%00%(upstream:track)%00%(upstream:remotename)%00%(upstream:remoteref) refs/heads/master refs/remotes/master [10ms]
2026-08-22 15:41:35.365 [warning] [Git][getBranch] No such branch: master
2026-08-22 15:41:35.381 [info] > git for-each-ref --sort -committerdate --format %(refname)%00%(objectname)%00%(*objectname) [8ms]
2026-08-22 15:41:35.428 [info] > git status -z -uall [58ms]
2026-08-22 15:41:40.439 [info] > git config --get commit.template [5ms]
2026-08-22 15:41:40.450 [info] > git for-each-ref --format=%(refname)%00%(upstream:short)%00%(objectname)%00%(upstream:track)%00%(upstream:remotename)%00%(upstream:remoteref) refs/heads/master refs/remotes/master [12ms]
2026-08-22 15:41:40.450 [warning] [Git][getBranch] No such branch: master
2026-08-22 15:41:40.467 [info] > git for-each-ref --sort -committerdate --format %(refname)%00%(objectname)%00%(*objectname) [10ms]
2026-08-22 15:41:40.515 [info] > git status -z -uall [61ms]
2026-08-22 15:41:47.086 [info] > git config --get commit.template [4ms]
2026-08-22 15:41:47.094 [info] > git for-each-ref --format=%(refname)%00%(upstream:short)%00%(objectname)%00%(upstream:track)%00%(upstream:remotename)%00%(upstream:remoteref) refs/heads/master refs/remotes/master [9ms]
2026-08-22 15:41:47.095 [warning] [Git][getBranch] No such branch: master
2026-08-22 15:41:47.111 [info] > git for-each-ref --sort -committerdate --format %(refname)%00%(objectname)%00%(*objectname) [9ms]
2026-08-22 15:41:47.162 [info] > git status -z -uall [63ms]
2026-08-22 15:41:56.092 [info] > git config --get commit.template [5ms]
2026-08-22 15:41:56.102 [info] > git for-each-ref --format=%(refname)%00%(upstream:short)%00%(objectname)%00%(upstream:track)%00%(upstream:remotename)%00%(upstream:remoteref) refs/heads/master refs/remotes/master [11ms]
2026-08-22 15:41:56.102 [warning] [Git][getBranch] No such branch: master
2026-08-22 15:41:56.125 [info] > git for-each-ref --sort -committerdate --format %(refname)%00%(objectname)%00%(*objectname) [7ms]
2026-08-22 15:41:56.205 [info] > git status -z -uall [90ms]
2026-08-22 15:42:01.216 [info] > git config --get commit.template [4ms]
2026-08-22 15:42:01.224 [info] > git for-each-ref --format=%(refname)%00%(upstream:short)%00%(objectname)%00%(upstream:track)%00%(upstream:remotename)%00%(upstream:remoteref) refs/heads/master refs/remotes/master [8ms]
2026-08-22 15:42:01.224 [warning] [Git][getBranch] No such branch: master
2026-08-22 15:42:01.241 [info] > git for-each-ref --sort -committerdate --format %(refname)%00%(objectname)%00%(*objectname) [9ms]
2026-08-22 15:42:01.289 [info] > git status -z -uall [60ms]
2026-08-22 15:42:06.303 [info] > git config --get commit.template [6ms]
2026-08-22 15:42:06.310 [info] > git for-each-ref --format=%(refname)%00%(upstream:short)%00%(objectname)%00%(upstream:track)%00%(upstream:remotename)%00%(upstream:remoteref) refs/heads/master refs/remotes/master [10ms]
2026-08-22 15:42:06.310 [warning] [Git][getBranch] No such branch: master
2026-08-22 15:42:06.324 [info] > git for-each-ref --sort -committerdate --format %(refname)%00%(objectname)%00%(*objectname) [7ms]
2026-08-22 15:42:06.373 [info] > git status -z -uall [59ms]
2026-08-22 15:42:11.385 [info] > git config --get commit.template [5ms]
2026-08-22 15:42:11.393 [info] > git for-each-ref --format=%(refname)%00%(upstream:short)%00%(objectname)%00%(upstream:track)%00%(upstream:remotename)%00%(upstream:remoteref) refs/heads/master refs/remotes/master [9ms]
2026-08-22 15:42:11.393 [warning] [Git][getBranch] No such branch: master
2026-08-22 15:42:11.409 [info] > git for-each-ref --sort -committerdate --format %(refname)%00%(objectname)%00%(*objectname) [9ms]
2026-08-22 15:42:11.456 [info] > git status -z -uall [59ms]
2026-08-22 15:42:16.468 [info] > git config --get commit.template [5ms]
2026-08-22 15:42:16.475 [info] > git for-each-ref --format=%(refname)%00%(upstream:short)%00%(objectname)%00%(upstream:track)%00%(upstream:remotename)%00%(upstream:remoteref) refs/heads/master refs/remotes/master [8ms]
2026-08-22 15:42:16.475 [warning] [Git][getBranch] No such branch: master
2026-08-22 15:42:16.492 [info] > git for-each-ref --sort -committerdate --format %(refname)%00%(objectname)%00%(*objectname) [8ms]
2026-08-22 15:42:16.537 [info] > git status -z -uall [57ms]
2026-08-22 15:42:28.090 [info] > git config --get commit.template [5ms]
2026-08-22 15:42:28.099 [info] > git for-each-ref --format=%(refname)%00%(upstream:short)%00%(objectname)%00%(upstream:track)%00%(upstream:remotename)%00%(upstream:remoteref) refs/heads/master refs/remotes/master [9ms]
2026-08-22 15:42:28.099 [warning] [Git][getBranch] No such branch: master
2026-08-22 15:42:28.118 [info] > git for-each-ref --sort -committerdate --format %(refname)%00%(objectname)%00%(*objectname) [11ms]
2026-08-22 15:42:28.171 [info] > git status -z -uall [67ms]
2026-08-22 15:42:33.185 [info] > git config --get commit.template [5ms]
2026-08-22 15:42:33.194 [info] > git for-each-ref --format=%(refname)%00%(upstream:short)%00%(objectname)%00%(upstream:track)%00%(upstream:remotename)%00%(upstream:remoteref) refs/heads/master refs/remotes/master [10ms]
2026-08-22 15:42:33.194 [warning] [Git][getBranch] No such branch: master
2026-08-22 15:42:33.218 [info] > git for-each-ref --sort -committerdate --format %(refname)%00%(objectname)%00%(*objectname) [10ms]
2026-08-22 15:42:33.273 [info] > git status -z -uall [68ms]
2026-08-22 15:42:38.286 [info] > git config --get commit.template [5ms]
2026-08-22 15:42:38.294 [info] > git for-each-ref --format=%(refname)%00%(upstream:short)%00%(objectname)%00%(upstream:track)%00%(upstream:remotename)%00%(upstream:remoteref) refs/heads/master refs/remotes/master [8ms]
2026-08-22 15:42:38.294 [warning] [Git][getBranch] No such branch: master
2026-08-22 15:42:38.312 [info] > git for-each-ref --sort -committerdate --format %(refname)%00%(objectname)%00%(*objectname) [10ms]
2026-08-22 15:42:38.361 [info] > git status -z -uall [62ms]
2026-08-22 15:42:43.372 [info] > git config --get commit.template [5ms]
2026-08-22 15:42:43.381 [info] > git for-each-ref --format=%(refname)%00%(upstream:short)%00%(objectname)%00%(upstream:track)%00%(upstream:remotename)%00%(upstream:remoteref) refs/heads/master refs/remotes/master [10ms]
2026-08-22 15:42:43.381 [warning] [Git][getBranch] No such branch: master
2026-08-22 15:42:43.403 [info] > git for-each-ref --sort -committerdate --format %(refname)%00%(objectname)%00%(*objectname) [8ms]
2026-08-22 15:42:43.451 [info] > git status -z -uall [59ms]
2026-08-22 15:42:48.465 [info] > git config --get commit.template [6ms]
2026-08-22 15:42:48.472 [info] > git for-each-ref --format=%(refname)%00%(upstream:short)%00%(objectname)%00%(upstream:track)%00%(upstream:remotename)%00%(upstream:remoteref) refs/heads/master refs/remotes/master [9ms]
2026-08-22 15:42:48.472 [warning] [Git][getBranch] No such branch: master
2026-08-22 15:42:48.490 [info] > git for-each-ref --sort -committerdate --format %(refname)%00%(objectname)%00%(*objectname) [11ms]
2026-08-22 15:42:48.537 [info] > git status -z -uall [61ms]
2026-08-22 15:42:53.549 [info] > git config --get commit.template [5ms]
2026-08-22 15:42:53.556 [info] > git for-each-ref --format=%(refname)%00%(upstream:short)%00%(objectname)%00%(upstream:track)%00%(upstream:remotename)%00%(upstream:remoteref) refs/heads/master refs/remotes/master [9ms]
2026-08-22 15:42:53.557 [warning] [Git][getBranch] No such branch: master
2026-08-22 15:42:53.572 [info] > git for-each-ref --sort -committerdate --format %(refname)%00%(objectname)%00%(*objectname) [9ms]
2026-08-22 15:42:53.620 [info] > git status -z -uall [60ms]
2026-08-22 15:42:58.632 [info] > git config --get commit.template [5ms]
2026-08-22 15:42:58.639 [info] > git for-each-ref --format=%(refname)%00%(upstream:short)%00%(objectname)%00%(upstream:track)%00%(upstream:remotename)%00%(upstream:remoteref) refs/heads/master refs/remotes/master [8ms]
2026-08-22 15:42:58.639 [warning] [Git][getBranch] No such branch: master
2026-08-22 15:42:58.654 [info] > git for-each-ref --sort -committerdate --format %(refname)%00%(objectname)%00%(*objectname) [8ms]
2026-08-22 15:42:58.733 [info] > git status -z -uall [90ms]
2026-08-22 15:43:03.746 [info] > git config --get commit.template [6ms]
2026-08-22 15:43:03.754 [info] > git for-each-ref --format=%(refname)%00%(upstream:short)%00%(objectname)%00%(upstream:track)%00%(upstream:remotename)%00%(upstream:remoteref) refs/heads/master refs/remotes/master [10ms]
2026-08-22 15:43:03.754 [warning] [Git][getBranch] No such branch: master
2026-08-22 15:43:03.781 [info] > git for-each-ref --sort -committerdate --format %(refname)%00%(objectname)%00%(*objectname) [11ms]
2026-08-22 15:43:03.832 [info] > git status -z -uall [66ms]
2026-08-22 15:43:08.844 [info] > git config --get commit.template [5ms]
2026-08-22 15:43:08.854 [info] > git for-each-ref --format=%(refname)%00%(upstream:short)%00%(objectname)%00%(upstream:track)%00%(upstream:remotename)%00%(upstream:remoteref) refs/heads/master refs/remotes/master [11ms]
2026-08-22 15:43:08.854 [warning] [Git][getBranch] No such branch: master
2026-08-22 15:43:08.871 [info] > git for-each-ref --sort -committerdate --format %(refname)%00%(objectname)%00%(*objectname) [10ms]
2026-08-22 15:43:08.919 [info] > git status -z -uall [61ms]
2026-08-22 15:43:13.931 [info] > git config --get commit.template [5ms]
2026-08-22 15:43:13.939 [info] > git for-each-ref --format=%(refname)%00%(upstream:short)%00%(objectname)%00%(upstream:track)%00%(upstream:remotename)%00%(upstream:remoteref) refs/heads/master refs/remotes/master [9ms]
2026-08-22 15:43:13.939 [warning] [Git][getBranch] No such branch: master
2026-08-22 15:43:13.954 [info] > git for-each-ref --sort -committerdate --format %(refname)%00%(objectname)%00%(*objectname) [9ms]
2026-08-22 15:43:14.001 [info] > git status -z -uall [58ms]
2026-08-22 15:43:19.012 [info] > git config --get commit.template [5ms]
2026-08-22 15:43:19.021 [info] > git for-each-ref --format=%(refname)%00%(upstream:short)%00%(objectname)%00%(upstream:track)%00%(upstream:remotename)%00%(upstream:remoteref) refs/heads/master refs/remotes/master [10ms]
2026-08-22 15:43:19.021 [warning] [Git][getBranch] No such branch: master
2026-08-22 15:43:19.036 [info] > git for-each-ref --sort -committerdate --format %(refname)%00%(objectname)%00%(*objectname) [8ms]
2026-08-22 15:43:19.080 [info] > git status -z -uall [55ms]
2026-08-22 15:43:24.093 [info] > git config --get commit.template [5ms]
2026-08-22 15:43:24.102 [info] > git for-each-ref --format=%(refname)%00%(upstream:short)%00%(objectname)%00%(upstream:track)%00%(upstream:remotename)%00%(upstream:remoteref) refs/heads/master refs/remotes/master [10ms]
2026-08-22 15:43:24.102 [warning] [Git][getBranch] No such branch: master
2026-08-22 15:43:24.117 [info] > git for-each-ref --sort -committerdate --format %(refname)%00%(objectname)%00%(*objectname) [8ms]
2026-08-22 15:43:24.164 [info] > git status -z -uall [58ms]
2026-08-22 15:43:29.178 [info] > git config --get commit.template [6ms]
2026-08-22 15:43:29.187 [info] > git for-each-ref --format=%(refname)%00%(upstream:short)%00%(objectname)%00%(upstream:track)%00%(upstream:remotename)%00%(upstream:remoteref) refs/heads/master refs/remotes/master [10ms]
2026-08-22 15:43:29.187 [warning] [Git][getBranch] No such branch: master
2026-08-22 15:43:29.213 [info] > git for-each-ref --sort -committerdate --format %(refname)%00%(objectname)%00%(*objectname) [9ms]
2026-08-22 15:43:29.267 [info] > git status -z -uall [67ms]
2026-08-22 15:43:34.285 [info] > git config --get commit.template [9ms]
2026-08-22 15:43:34.294 [info] > git for-each-ref --format=%(refname)%00%(upstream:short)%00%(objectname)%00%(upstream:track)%00%(upstream:remotename)%00%(upstream:remoteref) refs/heads/master refs/remotes/master [14ms]
2026-08-22 15:43:34.294 [warning] [Git][getBranch] No such branch: master
2026-08-22 15:43:34.315 [info] > git for-each-ref --sort -committerdate --format %(refname)%00%(objectname)%00%(*objectname) [13ms]
2026-08-22 15:43:34.378 [info] > git status -z -uall [79ms]
2026-08-22 15:43:39.391 [info] > git config --get commit.template [6ms]
2026-08-22 15:43:39.399 [info] > git for-each-ref --format=%(refname)%00%(upstream:short)%00%(objectname)%00%(upstream:track)%00%(upstream:remotename)%00%(upstream:remoteref) refs/heads/master refs/remotes/master [9ms]
2026-08-22 15:43:39.399 [warning] [Git][getBranch] No such branch: master
2026-08-22 15:43:39.415 [info] > git for-each-ref --sort -committerdate --format %(refname)%00%(objectname)%00%(*objectname) [9ms]
2026-08-22 15:43:39.459 [info] > git status -z -uall [56ms]
2026-08-22 15:43:46.103 [info] > git config --get commit.template [4ms]
2026-08-22 15:43:46.111 [info] > git for-each-ref --format=%(refname)%00%(upstream:short)%00%(objectname)%00%(upstream:track)%00%(upstream:remotename)%00%(upstream:remoteref) refs/heads/master refs/remotes/master [9ms]
2026-08-22 15:43:46.111 [warning] [Git][getBranch] No such branch: master
2026-08-22 15:43:46.127 [info] > git for-each-ref --sort -committerdate --format %(refname)%00%(objectname)%00%(*objectname) [10ms]
2026-08-22 15:43:46.172 [info] > git status -z -uall [57ms]
2026-08-22 15:43:51.184 [info] > git config --get commit.template [5ms]
2026-08-22 15:43:51.192 [info] > git for-each-ref --format=%(refname)%00%(upstream:short)%00%(objectname)%00%(upstream:track)%00%(upstream:remotename)%00%(upstream:remoteref) refs/heads/master refs/remotes/master [9ms]
2026-08-22 15:43:51.192 [warning] [Git][getBranch] No such branch: master
2026-08-22 15:43:51.209 [info] > git for-each-ref --sort -committerdate --format %(refname)%00%(objectname)%00%(*objectname) [10ms]
2026-08-22 15:43:51.257 [info] > git status -z -uall [61ms]
2026-08-22 15:43:56.269 [info] > git config --get commit.template [5ms]
2026-08-22 15:43:56.278 [info] > git for-each-ref --format=%(refname)%00%(upstream:short)%00%(objectname)%00%(upstream:track)%00%(upstream:remotename)%00%(upstream:remoteref) refs/heads/master refs/remotes/master [11ms]
2026-08-22 15:43:56.278 [warning] [Git][getBranch] No such branch: master
2026-08-22 15:43:56.293 [info] > git for-each-ref --sort -committerdate --format %(refname)%00%(objectname)%00%(*objectname) [8ms]
2026-08-22 15:43:56.339 [info] > git status -z -uall [57ms]
2026-08-22 15:44:01.351 [info] > git config --get commit.template [4ms]
2026-08-22 15:44:01.360 [info] > git for-each-ref --format=%(refname)%00%(upstream:short)%00%(objectname)%00%(upstream:track)%00%(upstream:remotename)%00%(upstream:remoteref) refs/heads/master refs/remotes/master [10ms]
2026-08-22 15:44:01.360 [warning] [Git][getBranch] No such branch: master
2026-08-22 15:44:01.376 [info] > git for-each-ref --sort -committerdate --format %(refname)%00%(objectname)%00%(*objectname) [9ms]
2026-08-22 15:44:01.458 [info] > git status -z -uall [94ms]
2026-08-22 15:44:06.470 [info] > git config --get commit.template [5ms]
2026-08-22 15:44:06.478 [info] > git for-each-ref --format=%(refname)%00%(upstream:short)%00%(objectname)%00%(upstream:track)%00%(upstream:remotename)%00%(upstream:remoteref) refs/heads/master refs/remotes/master [10ms]
2026-08-22 15:44:06.478 [warning] [Git][getBranch] No such branch: master
2026-08-22 15:44:06.494 [info] > git for-each-ref --sort -committerdate --format %(refname)%00%(objectname)%00%(*objectname) [8ms]
2026-08-22 15:44:06.540 [info] > git status -z -uall [57ms]
2026-08-22 15:44:11.555 [info] > git config --get commit.template [5ms]
2026-08-22 15:44:11.563 [info] > git for-each-ref --format=%(refname)%00%(upstream:short)%00%(objectname)%00%(upstream:track)%00%(upstream:remotename)%00%(upstream:remoteref) refs/heads/master refs/remotes/master [9ms]
2026-08-22 15:44:11.563 [warning] [Git][getBranch] No such branch: master
2026-08-22 15:44:11.579 [info] > git for-each-ref --sort -committerdate --format %(refname)%00%(objectname)%00%(*objectname) [9ms]
2026-08-22 15:44:11.630 [info] > git status -z -uall [63ms]
2026-08-22 15:44:16.645 [info] > git config --get commit.template [6ms]
2026-08-22 15:44:16.654 [info] > git for-each-ref --format=%(refname)%00%(upstream:short)%00%(objectname)%00%(upstream:track)%00%(upstream:remotename)%00%(upstream:remoteref) refs/heads/master refs/remotes/master [9ms]
2026-08-22 15:44:16.654 [warning] [Git][getBranch] No such branch: master
2026-08-22 15:44:16.677 [info] > git for-each-ref --sort -committerdate --format %(refname)%00%(objectname)%00%(*objectname) [8ms]
2026-08-22 15:44:16.727 [info] > git status -z -uall [63ms]
2026-08-22 15:44:21.739 [info] > git config --get commit.template [5ms]
2026-08-22 15:44:21.746 [info] > git for-each-ref --format=%(refname)%00%(upstream:short)%00%(objectname)%00%(upstream:track)%00%(upstream:remotename)%00%(upstream:remoteref) refs/heads/master refs/remotes/master [9ms]
2026-08-22 15:44:21.746 [warning] [Git][getBranch] No such branch: master
2026-08-22 15:44:21.762 [info] > git for-each-ref --sort -committerdate --format %(refname)%00%(objectname)%00%(*objectname) [8ms]
2026-08-22 15:44:21.808 [info] > git status -z -uall [57ms]
2026-08-22 15:44:26.822 [info] > git config --get commit.template [6ms]
2026-08-22 15:44:26.829 [info] > git for-each-ref --format=%(refname)%00%(upstream:short)%00%(objectname)%00%(upstream:track)%00%(upstream:remotename)%00%(upstream:remoteref) refs/heads/master refs/remotes/master [7ms]
2026-08-22 15:44:26.830 [warning] [Git][getBranch] No such branch: master
2026-08-22 15:44:26.845 [info] > git for-each-ref --sort -committerdate --format %(refname)%00%(objectname)%00%(*objectname) [9ms]
2026-08-22 15:44:26.892 [info] > git status -z -uall [59ms]
2026-08-22 15:44:31.905 [info] > git config --get commit.template [5ms]
2026-08-22 15:44:31.913 [info] > git for-each-ref --format=%(refname)%00%(upstream:short)%00%(objectname)%00%(upstream:track)%00%(upstream:remotename)%00%(upstream:remoteref) refs/heads/master refs/remotes/master [10ms]
2026-08-22 15:44:31.913 [warning] [Git][getBranch] No such branch: master
2026-08-22 15:44:31.931 [info] > git for-each-ref --sort -committerdate --format %(refname)%00%(objectname)%00%(*objectname) [10ms]
2026-08-22 15:44:31.981 [info] > git status -z -uall [64ms]
2026-08-22 15:44:36.993 [info] > git config --get commit.template [5ms]
2026-08-22 15:44:37.001 [info] > git for-each-ref --format=%(refname)%00%(upstream:short)%00%(objectname)%00%(upstream:track)%00%(upstream:remotename)%00%(upstream:remoteref) refs/heads/master refs/remotes/master [9ms]
2026-08-22 15:44:37.001 [warning] [Git][getBranch] No such branch: master
2026-08-22 15:44:37.023 [info] > git for-each-ref --sort -committerdate --format %(refname)%00%(objectname)%00%(*objectname) [7ms]
2026-08-22 15:44:37.077 [info] > git status -z -uall [65ms]
2026-08-22 15:44:42.089 [info] > git config --get commit.template [5ms]
2026-08-22 15:44:42.097 [info] > git for-each-ref --format=%(refname)%00%(upstream:short)%00%(objectname)%00%(upstream:track)%00%(upstream:remotename)%00%(upstream:remoteref) refs/heads/master refs/remotes/master [9ms]
2026-08-22 15:44:42.098 [warning] [Git][getBranch] No such branch: master
2026-08-22 15:44:42.114 [info] > git for-each-ref --sort -committerdate --format %(refname)%00%(objectname)%00%(*objectname) [9ms]
2026-08-22 15:44:42.161 [info] > git status -z -uall [59ms]
2026-08-22 15:44:47.173 [info] > git config --get commit.template [5ms]
2026-08-22 15:44:47.180 [info] > git for-each-ref --format=%(refname)%00%(upstream:short)%00%(objectname)%00%(upstream:track)%00%(upstream:remotename)%00%(upstream:remoteref) refs/heads/master refs/remotes/master [8ms]
2026-08-22 15:44:47.181 [warning] [Git][getBranch] No such branch: master
2026-08-22 15:44:47.197 [info] > git for-each-ref --sort -committerdate --format %(refname)%00%(objectname)%00%(*objectname) [10ms]
2026-08-22 15:44:47.242 [info] > git status -z -uall [58ms]
2026-08-22 15:44:52.255 [info] > git config --get commit.template [5ms]
2026-08-22 15:44:52.263 [info] > git for-each-ref --format=%(refname)%00%(upstream:short)%00%(objectname)%00%(upstream:track)%00%(upstream:remotename)%00%(upstream:remoteref) refs/heads/master refs/remotes/master [9ms]
2026-08-22 15:44:52.263 [warning] [Git][getBranch] No such branch: master
2026-08-22 15:44:52.289 [info] > git for-each-ref --sort -committerdate --format %(refname)%00%(objectname)%00%(*objectname) [10ms]
2026-08-22 15:44:52.335 [info] > git status -z -uall [61ms]
2026-08-22 15:44:57.347 [info] > git config --get commit.template [5ms]
2026-08-22 15:44:57.356 [info] > git for-each-ref --format=%(refname)%00%(upstream:short)%00%(objectname)%00%(upstream:track)%00%(upstream:remotename)%00%(upstream:remoteref) refs/heads/master refs/remotes/master [10ms]
2026-08-22 15:44:57.356 [warning] [Git][getBranch] No such branch: master
2026-08-22 15:44:57.371 [info] > git for-each-ref --sort -committerdate --format %(refname)%00%(objectname)%00%(*objectname) [8ms]
2026-08-22 15:44:57.423 [info] > git status -z -uall [63ms]
2026-08-22 15:45:02.434 [info] > git config --get commit.template [5ms]
2026-08-22 15:45:02.442 [info] > git for-each-ref --format=%(refname)%00%(upstream:short)%00%(objectname)%00%(upstream:track)%00%(upstream:remotename)%00%(upstream:remoteref) refs/heads/master refs/remotes/master [9ms]
2026-08-22 15:45:02.442 [warning] [Git][getBranch] No such branch: master
2026-08-22 15:45:02.458 [info] > git for-each-ref --sort -committerdate --format %(refname)%00%(objectname)%00%(*objectname) [9ms]
2026-08-22 15:45:02.548 [info] > git status -z -uall [102ms]
2026-08-22 15:45:07.561 [info] > git config --get commit.template [6ms]
2026-08-22 15:45:07.568 [info] > git for-each-ref --format=%(refname)%00%(upstream:short)%00%(objectname)%00%(upstream:track)%00%(upstream:remotename)%00%(upstream:remoteref) refs/heads/master refs/remotes/master [9ms]
2026-08-22 15:45:07.568 [warning] [Git][getBranch] No such branch: master
2026-08-22 15:45:07.586 [info] > git for-each-ref --sort -committerdate --format %(refname)%00%(objectname)%00%(*objectname) [10ms]
2026-08-22 15:45:07.631 [info] > git status -z -uall [59ms]
2026-08-22 15:45:12.644 [info] > git config --get commit.template [5ms]
2026-08-22 15:45:12.652 [info] > git for-each-ref --format=%(refname)%00%(upstream:short)%00%(objectname)%00%(upstream:track)%00%(upstream:remotename)%00%(upstream:remoteref) refs/heads/master refs/remotes/master [10ms]
2026-08-22 15:45:12.652 [warning] [Git][getBranch] No such branch: master
2026-08-22 15:45:12.668 [info] > git for-each-ref --sort -committerdate --format %(refname)%00%(objectname)%00%(*objectname) [9ms]
2026-08-22 15:45:12.716 [info] > git status -z -uall [60ms]
2026-08-22 15:45:17.728 [info] > git config --get commit.template [5ms]
2026-08-22 15:45:17.736 [info] > git for-each-ref --format=%(refname)%00%(upstream:short)%00%(objectname)%00%(upstream:track)%00%(upstream:remotename)%00%(upstream:remoteref) refs/heads/master refs/remotes/master [10ms]
2026-08-22 15:45:17.736 [warning] [Git][getBranch] No such branch: master
2026-08-22 15:45:17.752 [info] > git for-each-ref --sort -committerdate --format %(refname)%00%(objectname)%00%(*objectname) [8ms]
2026-08-22 15:45:17.801 [info] > git status -z -uall [61ms]
2026-08-22 15:45:22.813 [info] > git config --get commit.template [5ms]
2026-08-22 15:45:22.820 [info] > git for-each-ref --format=%(refname)%00%(upstream:short)%00%(objectname)%00%(upstream:track)%00%(upstream:remotename)%00%(upstream:remoteref) refs/heads/master refs/remotes/master [9ms]
2026-08-22 15:45:22.820 [warning] [Git][getBranch] No such branch: master
2026-08-22 15:45:22.844 [info] > git for-each-ref --sort -committerdate --format %(refname)%00%(objectname)%00%(*objectname) [10ms]
2026-08-22 15:45:22.895 [info] > git status -z -uall [64ms]
2026-08-22 15:45:27.907 [info] > git config --get commit.template [5ms]
2026-08-22 15:45:27.915 [info] > git for-each-ref --format=%(refname)%00%(upstream:short)%00%(objectname)%00%(upstream:track)%00%(upstream:remotename)%00%(upstream:remoteref) refs/heads/master refs/remotes/master [9ms]
2026-08-22 15:45:27.915 [warning] [Git][getBranch] No such branch: master
2026-08-22 15:45:27.939 [info] > git for-each-ref --sort -committerdate --format %(refname)%00%(objectname)%00%(*objectname) [9ms]
2026-08-22 15:45:27.985 [info] > git status -z -uall [58ms]
2026-08-22 15:45:34.132 [info] > git config --get commit.template [6ms]
2026-08-22 15:45:34.139 [info] > git for-each-ref --format=%(refname)%00%(upstream:short)%00%(objectname)%00%(upstream:track)%00%(upstream:remotename)%00%(upstream:remoteref) refs/heads/master refs/remotes/master [9ms]
2026-08-22 15:45:34.140 [warning] [Git][getBranch] No such branch: master
2026-08-22 15:45:34.155 [info] > git for-each-ref --sort -committerdate --format %(refname)%00%(objectname)%00%(*objectname) [8ms]
2026-08-22 15:45:34.201 [info] > git status -z -uall [58ms]
2026-08-22 15:45:39.215 [info] > git config --get commit.template [6ms]
2026-08-22 15:45:39.225 [info] > git for-each-ref --format=%(refname)%00%(upstream:short)%00%(objectname)%00%(upstream:track)%00%(upstream:remotename)%00%(upstream:remoteref) refs/heads/master refs/remotes/master [12ms]
2026-08-22 15:45:39.225 [warning] [Git][getBranch] No such branch: master
2026-08-22 15:45:39.241 [info] > git for-each-ref --sort -committerdate --format %(refname)%00%(objectname)%00%(*objectname) [9ms]
2026-08-22 15:45:39.296 [info] > git status -z -uall [67ms]
2026-08-22 15:45:44.307 [info] > git config --get commit.template [5ms]
2026-08-22 15:45:44.317 [info] > git for-each-ref --format=%(refname)%00%(upstream:short)%00%(objectname)%00%(upstream:track)%00%(upstream:remotename)%00%(upstream:remoteref) refs/heads/master refs/remotes/master [12ms]
2026-08-22 15:45:44.317 [warning] [Git][getBranch] No such branch: master
2026-08-22 15:45:44.340 [info] > git for-each-ref --sort -committerdate --format %(refname)%00%(objectname)%00%(*objectname) [8ms]
2026-08-22 15:45:44.387 [info] > git status -z -uall [58ms]
2026-08-22 15:45:49.402 [info] > git config --get commit.template [6ms]
2026-08-22 15:45:49.410 [info] > git for-each-ref --format=%(refname)%00%(upstream:short)%00%(objectname)%00%(upstream:track)%00%(upstream:remotename)%00%(upstream:remoteref) refs/heads/master refs/remotes/master [10ms]
2026-08-22 15:45:49.410 [warning] [Git][getBranch] No such branch: master
2026-08-22 15:45:49.425 [info] > git for-each-ref --sort -committerdate --format %(refname)%00%(objectname)%00%(*objectname) [9ms]
2026-08-22 15:45:49.470 [info] > git status -z -uall [57ms]
2026-08-22 15:45:54.483 [info] > git config --get commit.template [5ms]
2026-08-22 15:45:54.492 [info] > git for-each-ref --format=%(refname)%00%(upstream:short)%00%(objectname)%00%(upstream:track)%00%(upstream:remotename)%00%(upstream:remoteref) refs/heads/master refs/remotes/master [10ms]
2026-08-22 15:45:54.492 [warning] [Git][getBranch] No such branch: master
2026-08-22 15:45:54.510 [info] > git for-each-ref --sort -committerdate --format %(refname)%00%(objectname)%00%(*objectname) [10ms]
2026-08-22 15:45:54.561 [info] > git status -z -uall [65ms]
2026-08-22 15:45:59.573 [info] > git config --get commit.template [5ms]
2026-08-22 15:45:59.580 [info] > git for-each-ref --format=%(refname)%00%(upstream:short)%00%(objectname)%00%(upstream:track)%00%(upstream:remotename)%00%(upstream:remoteref) refs/heads/master refs/remotes/master [8ms]
2026-08-22 15:45:59.580 [warning] [Git][getBranch] No such branch: master
2026-08-22 15:45:59.597 [info] > git for-each-ref --sort -committerdate --format %(refname)%00%(objectname)%00%(*objectname) [9ms]
2026-08-22 15:45:59.643 [info] > git status -z -uall [58ms]
2026-08-22 15:46:04.656 [info] > git config --get commit.template [6ms]
2026-08-22 15:46:04.664 [info] > git for-each-ref --format=%(refname)%00%(upstream:short)%00%(objectname)%00%(upstream:track)%00%(upstream:remotename)%00%(upstream:remoteref) refs/heads/master refs/remotes/master [10ms]
2026-08-22 15:46:04.664 [warning] [Git][getBranch] No such branch: master
2026-08-22 15:46:04.690 [info] > git for-each-ref --sort -committerdate --format %(refname)%00%(objectname)%00%(*objectname) [10ms]
2026-08-22 15:46:04.774 [info] > git status -z -uall [99ms]
2026-08-22 15:46:09.789 [info] > git config --get commit.template [6ms]
2026-08-22 15:46:09.798 [info] > git for-each-ref --format=%(refname)%00%(upstream:short)%00%(objectname)%00%(upstream:track)%00%(upstream:remotename)%00%(upstream:remoteref) refs/heads/master refs/remotes/master [9ms]
2026-08-22 15:46:09.798 [warning] [Git][getBranch] No such branch: master
2026-08-22 15:46:09.815 [info] > git for-each-ref --sort -committerdate --format %(refname)%00%(objectname)%00%(*objectname) [9ms]
2026-08-22 15:46:09.863 [info] > git status -z -uall [61ms]
2026-08-22 15:46:14.874 [info] > git config --get commit.template [5ms]
2026-08-22 15:46:14.883 [info] > git for-each-ref --format=%(refname)%00%(upstream:short)%00%(objectname)%00%(upstream:track)%00%(upstream:remotename)%00%(upstream:remoteref) refs/heads/master refs/remotes/master [10ms]
2026-08-22 15:46:14.883 [warning] [Git][getBranch] No such branch: master
2026-08-22 15:46:14.899 [info] > git for-each-ref --sort -committerdate --format %(refname)%00%(objectname)%00%(*objectname) [8ms]
2026-08-22 15:46:14.945 [info] > git status -z -uall [58ms]
2026-08-22 15:46:19.957 [info] > git config --get commit.template [5ms]
2026-08-22 15:46:19.965 [info] > git for-each-ref --format=%(refname)%00%(upstream:short)%00%(objectname)%00%(upstream:track)%00%(upstream:remotename)%00%(upstream:remoteref) refs/heads/master refs/remotes/master [10ms]
2026-08-22 15:46:19.965 [warning] [Git][getBranch] No such branch: master
2026-08-22 15:46:19.980 [info] > git for-each-ref --sort -committerdate --format %(refname)%00%(objectname)%00%(*objectname) [8ms]
2026-08-22 15:46:20.029 [info] > git status -z -uall [60ms]
2026-08-22 15:46:25.041 [info] > git config --get commit.template [5ms]
2026-08-22 15:46:25.048 [info] > git for-each-ref --format=%(refname)%00%(upstream:short)%00%(objectname)%00%(upstream:track)%00%(upstream:remotename)%00%(upstream:remoteref) refs/heads/master refs/remotes/master [8ms]
2026-08-22 15:46:25.049 [warning] [Git][getBranch] No such branch: master
2026-08-22 15:46:25.065 [info] > git for-each-ref --sort -committerdate --format %(refname)%00%(objectname)%00%(*objectname) [9ms]
2026-08-22 15:46:25.112 [info] > git status -z -uall [59ms]
2026-08-22 15:46:30.124 [info] > git config --get commit.template [5ms]
2026-08-22 15:46:30.132 [info] > git for-each-ref --format=%(refname)%00%(upstream:short)%00%(objectname)%00%(upstream:track)%00%(upstream:remotename)%00%(upstream:remoteref) refs/heads/master refs/remotes/master [9ms]
2026-08-22 15:46:30.132 [warning] [Git][getBranch] No such branch: master
2026-08-22 15:46:30.149 [info] > git for-each-ref --sort -committerdate --format %(refname)%00%(objectname)%00%(*objectname) [9ms]
2026-08-22 15:46:30.196 [info] > git status -z -uall [60ms]
2026-08-22 15:46:35.207 [info] > git config --get commit.template [4ms]
2026-08-22 15:46:35.215 [info] > git for-each-ref --format=%(refname)%00%(upstream:short)%00%(objectname)%00%(upstream:track)%00%(upstream:remotename)%00%(upstream:remoteref) refs/heads/master refs/remotes/master [9ms]
2026-08-22 15:46:35.215 [warning] [Git][getBranch] No such branch: master
2026-08-22 15:46:35.230 [info] > git for-each-ref --sort -committerdate --format %(refname)%00%(objectname)%00%(*objectname) [8ms]
2026-08-22 15:46:35.277 [info] > git status -z -uall [58ms]
2026-08-22 15:46:40.294 [info] > git config --get commit.template [8ms]
2026-08-22 15:46:40.302 [info] > git for-each-ref --format=%(refname)%00%(upstream:short)%00%(objectname)%00%(upstream:track)%00%(upstream:remotename)%00%(upstream:remoteref) refs/heads/master refs/remotes/master [13ms]
2026-08-22 15:46:40.302 [warning] [Git][getBranch] No such branch: master
2026-08-22 15:46:40.319 [info] > git for-each-ref --sort -committerdate --format %(refname)%00%(objectname)%00%(*objectname) [9ms]
2026-08-22 15:46:40.374 [info] > git status -z -uall [68ms]
2026-08-22 15:46:45.386 [info] > git config --get commit.template [5ms]
2026-08-22 15:46:45.394 [info] > git for-each-ref --format=%(refname)%00%(upstream:short)%00%(objectname)%00%(upstream:track)%00%(upstream:remotename)%00%(upstream:remoteref) refs/heads/master refs/remotes/master [10ms]
2026-08-22 15:46:45.394 [warning] [Git][getBranch] No such branch: master
2026-08-22 15:46:45.410 [info] > git for-each-ref --sort -committerdate --format %(refname)%00%(objectname)%00%(*objectname) [9ms]
2026-08-22 15:46:45.457 [info] > git status -z -uall [59ms]
2026-08-22 15:46:50.470 [info] > git config --get commit.template [6ms]
2026-08-22 15:46:50.477 [info] > git for-each-ref --format=%(refname)%00%(upstream:short)%00%(objectname)%00%(upstream:track)%00%(upstream:remotename)%00%(upstream:remoteref) refs/heads/master refs/remotes/master [9ms]
2026-08-22 15:46:50.478 [warning] [Git][getBranch] No such branch: master
2026-08-22 15:46:50.500 [info] > git for-each-ref --sort -committerdate --format %(refname)%00%(objectname)%00%(*objectname) [9ms]
2026-08-22 15:46:50.549 [info] > git status -z -uall [60ms]
2026-08-22 15:46:55.561 [info] > git config --get commit.template [6ms]
2026-08-22 15:46:55.569 [info] > git for-each-ref --format=%(refname)%00%(upstream:short)%00%(objectname)%00%(upstream:track)%00%(upstream:remotename)%00%(upstream:remoteref) refs/heads/master refs/remotes/master [9ms]
2026-08-22 15:46:55.569 [warning] [Git][getBranch] No such branch: master
2026-08-22 15:46:55.594 [info] > git for-each-ref --sort -committerdate --format %(refname)%00%(objectname)%00%(*objectname) [9ms]
2026-08-22 15:46:55.642 [info] > git status -z -uall [60ms]
2026-08-22 15:47:00.655 [info] > git config --get commit.template [5ms]
2026-08-22 15:47:00.663 [info] > git for-each-ref --format=%(refname)%00%(upstream:short)%00%(objectname)%00%(upstream:track)%00%(upstream:remotename)%00%(upstream:remoteref) refs/heads/master refs/remotes/master [9ms]
2026-08-22 15:47:00.663 [warning] [Git][getBranch] No such branch: master
2026-08-22 15:47:00.678 [info] > git for-each-ref --sort -committerdate --format %(refname)%00%(objectname)%00%(*objectname) [7ms]
2026-08-22 15:47:00.726 [info] > git status -z -uall [59ms]
2026-08-22 15:47:05.738 [info] > git config --get commit.template [5ms]
2026-08-22 15:47:05.746 [info] > git for-each-ref --format=%(refname)%00%(upstream:short)%00%(objectname)%00%(upstream:track)%00%(upstream:remotename)%00%(upstream:remoteref) refs/heads/master refs/remotes/master [9ms]
2026-08-22 15:47:05.746 [warning] [Git][getBranch] No such branch: master
2026-08-22 15:47:05.762 [info] > git for-each-ref --sort -committerdate --format %(refname)%00%(objectname)%00%(*objectname) [9ms]
2026-08-22 15:47:05.847 [info] > git status -z -uall [97ms]
2026-08-22 15:47:10.860 [info] > git config --get commit.template [6ms]
2026-08-22 15:47:10.868 [info] > git for-each-ref --format=%(refname)%00%(upstream:short)%00%(objectname)%00%(upstream:track)%00%(upstream:remotename)%00%(upstream:remoteref) refs/heads/master refs/remotes/master [8ms]
2026-08-22 15:47:10.868 [warning] [Git][getBranch] No such branch: master
2026-08-22 15:47:10.886 [info] > git for-each-ref --sort -committerdate --format %(refname)%00%(objectname)%00%(*objectname) [10ms]
2026-08-22 15:47:10.936 [info] > git status -z -uall [64ms]
2026-08-22 15:47:15.949 [info] > git config --get commit.template [5ms]
2026-08-22 15:47:15.956 [info] > git for-each-ref --format=%(refname)%00%(upstream:short)%00%(objectname)%00%(upstream:track)%00%(upstream:remotename)%00%(upstream:remoteref) refs/heads/master refs/remotes/master [8ms]
2026-08-22 15:47:15.957 [warning] [Git][getBranch] No such branch: master
2026-08-22 15:47:15.973 [info] > git for-each-ref --sort -committerdate --format %(refname)%00%(objectname)%00%(*objectname) [9ms]
2026-08-22 15:47:16.017 [info] > git status -z -uall [56ms]
2026-08-22 15:47:21.028 [info] > git config --get commit.template [5ms]
2026-08-22 15:47:21.036 [info] > git for-each-ref --format=%(refname)%00%(upstream:short)%00%(objectname)%00%(upstream:track)%00%(upstream:remotename)%00%(upstream:remoteref) refs/heads/master refs/remotes/master [8ms]
2026-08-22 15:47:21.036 [warning] [Git][getBranch] No such branch: master
2026-08-22 15:47:21.052 [info] > git for-each-ref --sort -committerdate --format %(refname)%00%(objectname)%00%(*objectname) [8ms]
2026-08-22 15:47:21.100 [info] > git status -z -uall [59ms]
2026-08-22 15:47:28.219 [info] > git config --get commit.template [5ms]
2026-08-22 15:47:28.228 [info] > git for-each-ref --format=%(refname)%00%(upstream:short)%00%(objectname)%00%(upstream:track)%00%(upstream:remotename)%00%(upstream:remoteref) refs/heads/master refs/remotes/master [10ms]
2026-08-22 15:47:28.228 [warning] [Git][getBranch] No such branch: master
2026-08-22 15:47:28.243 [info] > git for-each-ref --sort -committerdate --format %(refname)%00%(objectname)%00%(*objectname) [8ms]
2026-08-22 15:47:28.289 [info] > git status -z -uall [57ms]
2026-08-22 15:47:33.302 [info] > git config --get commit.template [5ms]
2026-08-22 15:47:33.310 [info] > git for-each-ref --format=%(refname)%00%(upstream:short)%00%(objectname)%00%(upstream:track)%00%(upstream:remotename)%00%(upstream:remoteref) refs/heads/master refs/remotes/master [9ms]
2026-08-22 15:47:33.310 [warning] [Git][getBranch] No such branch: master
2026-08-22 15:47:33.328 [info] > git for-each-ref --sort -committerdate --format %(refname)%00%(objectname)%00%(*objectname) [9ms]
2026-08-22 15:47:33.376 [info] > git status -z -uall [61ms]
2026-08-22 15:47:38.389 [info] > git config --get commit.template [6ms]
2026-08-22 15:47:38.398 [info] > git for-each-ref --format=%(refname)%00%(upstream:short)%00%(objectname)%00%(upstream:track)%00%(upstream:remotename)%00%(upstream:remoteref) refs/heads/master refs/remotes/master [11ms]
2026-08-22 15:47:38.398 [warning] [Git][getBranch] No such branch: master
2026-08-22 15:47:38.415 [info] > git for-each-ref --sort -committerdate --format %(refname)%00%(objectname)%00%(*objectname) [10ms]
2026-08-22 15:47:38.468 [info] > git status -z -uall [66ms]
2026-08-22 15:47:43.481 [info] > git config --get commit.template [5ms]
2026-08-22 15:47:43.489 [info] > git for-each-ref --format=%(refname)%00%(upstream:short)%00%(objectname)%00%(upstream:track)%00%(upstream:remotename)%00%(upstream:remoteref) refs/heads/master refs/remotes/master [9ms]
2026-08-22 15:47:43.489 [warning] [Git][getBranch] No such branch: master
2026-08-22 15:47:43.504 [info] > git for-each-ref --sort -committerdate --format %(refname)%00%(objectname)%00%(*objectname) [8ms]
2026-08-22 15:47:43.556 [info] > git status -z -uall [63ms]
2026-08-22 15:47:48.568 [info] > git config --get commit.template [4ms]
2026-08-22 15:47:48.577 [info] > git for-each-ref --format=%(refname)%00%(upstream:short)%00%(objectname)%00%(upstream:track)%00%(upstream:remotename)%00%(upstream:remoteref) refs/heads/master refs/remotes/master [10ms]
2026-08-22 15:47:48.577 [warning] [Git][getBranch] No such branch: master
2026-08-22 15:47:48.593 [info] > git for-each-ref --sort -committerdate --format %(refname)%00%(objectname)%00%(*objectname) [9ms]
2026-08-22 15:47:48.638 [info] > git status -z -uall [57ms]
2026-08-22 15:47:53.651 [info] > git config --get commit.template [5ms]
2026-08-22 15:47:53.659 [info] > git for-each-ref --format=%(refname)%00%(upstream:short)%00%(objectname)%00%(upstream:track)%00%(upstream:remotename)%00%(upstream:remoteref) refs/heads/master refs/remotes/master [9ms]
2026-08-22 15:47:53.659 [warning] [Git][getBranch] No such branch: master
2026-08-22 15:47:53.676 [info] > git for-each-ref --sort -committerdate --format %(refname)%00%(objectname)%00%(*objectname) [10ms]
2026-08-22 15:47:53.722 [info] > git status -z -uall [59ms]
2026-08-22 15:47:58.736 [info] > git config --get commit.template [5ms]
2026-08-22 15:47:58.744 [info] > git for-each-ref --format=%(refname)%00%(upstream:short)%00%(objectname)%00%(upstream:track)%00%(upstream:remotename)%00%(upstream:remoteref) refs/heads/master refs/remotes/master [10ms]
2026-08-22 15:47:58.744 [warning] [Git][getBranch] No such branch: master
2026-08-22 15:47:58.768 [info] > git for-each-ref --sort -committerdate --format %(refname)%00%(objectname)%00%(*objectname) [8ms]
2026-08-22 15:47:58.821 [info] > git status -z -uall [65ms]
2026-08-22 15:48:03.833 [info] > git config --get commit.template [5ms]
2026-08-22 15:48:03.841 [info] > git for-each-ref --format=%(refname)%00%(upstream:short)%00%(objectname)%00%(upstream:track)%00%(upstream:remotename)%00%(upstream:remoteref) refs/heads/master refs/remotes/master [9ms]
2026-08-22 15:48:03.841 [warning] [Git][getBranch] No such branch: master
2026-08-22 15:48:03.857 [info] > git for-each-ref --sort -committerdate --format %(refname)%00%(objectname)%00%(*objectname) [8ms]
2026-08-22 15:48:03.905 [info] > git status -z -uall [60ms]
2026-08-22 15:48:08.917 [info] > git config --get commit.template [5ms]
2026-08-22 15:48:08.925 [info] > git for-each-ref --format=%(refname)%00%(upstream:short)%00%(objectname)%00%(upstream:track)%00%(upstream:remotename)%00%(upstream:remoteref) refs/heads/master refs/remotes/master [8ms]
2026-08-22 15:48:08.925 [warning] [Git][getBranch] No such branch: master
2026-08-22 15:48:08.950 [info] > git for-each-ref --sort -committerdate --format %(refname)%00%(objectname)%00%(*objectname) [9ms]
2026-08-22 15:48:09.036 [info] > git status -z -uall [99ms]
2026-08-22 15:48:14.048 [info] > git config --get commit.template [5ms]
2026-08-22 15:48:14.056 [info] > git for-each-ref --format=%(refname)%00%(upstream:short)%00%(objectname)%00%(upstream:track)%00%(upstream:remotename)%00%(upstream:remoteref) refs/heads/master refs/remotes/master [8ms]
2026-08-22 15:48:14.056 [warning] [Git][getBranch] No such branch: master
2026-08-22 15:48:14.080 [info] > git for-each-ref --sort -committerdate --format %(refname)%00%(objectname)%00%(*objectname) [9ms]
2026-08-22 15:48:14.128 [info] > git status -z -uall [61ms]
2026-08-22 15:48:19.140 [info] > git config --get commit.template [5ms]
2026-08-22 15:48:19.149 [info] > git for-each-ref --format=%(refname)%00%(upstream:short)%00%(objectname)%00%(upstream:track)%00%(upstream:remotename)%00%(upstream:remoteref) refs/heads/master refs/remotes/master [10ms]
2026-08-22 15:48:19.149 [warning] [Git][getBranch] No such branch: master
2026-08-22 15:48:19.175 [info] > git for-each-ref --sort -committerdate --format %(refname)%00%(objectname)%00%(*objectname) [9ms]
2026-08-22 15:48:19.225 [info] > git status -z -uall [63ms]
2026-08-22 15:48:20.695 [info] > git check-ignore -v -z --stdin [9ms]
2026-08-22 15:48:24.238 [info] > git config --get commit.template [5ms]
2026-08-22 15:48:24.246 [info] > git for-each-ref --format=%(refname)%00%(upstream:short)%00%(objectname)%00%(upstream:track)%00%(upstream:remotename)%00%(upstream:remoteref) refs/heads/master refs/remotes/master [8ms]
2026-08-22 15:48:24.246 [warning] [Git][getBranch] No such branch: master
2026-08-22 15:48:24.260 [info] > git for-each-ref --sort -committerdate --format %(refname)%00%(objectname)%00%(*objectname) [8ms]
2026-08-22 15:48:24.305 [info] > git status -z -uall [56ms]
2026-08-22 15:48:27.136 [info] > git log --format=%H%n%aN%n%aE%n%at%n%ct%n%P%n%D%n%B -z --shortstat -n50 --skip=0 --topo-order --decorate=full --stdin [7ms]
2026-08-22 15:48:27.136 [info] fatal: bad revision 'refs/heads/master'
2026-08-22 15:48:27.136 [error] [GitHistoryProvider][provideHistoryItems] Failed to get history items with options '{"historyItemRefs":["refs/heads/master"],"limit":50,"skip":0}': Failed to execute git {
  "exitCode": 128,
  "gitCommand": "log",
  "stdout": "",
  "stderr": "fatal: bad revision 'refs/heads/master'\n"
}
2026-08-22 15:48:29.316 [info] > git config --get commit.template [5ms]
2026-08-22 15:48:29.323 [info] > git for-each-ref --format=%(refname)%00%(upstream:short)%00%(objectname)%00%(upstream:track)%00%(upstream:remotename)%00%(upstream:remoteref) refs/heads/master refs/remotes/master [8ms]
2026-08-22 15:48:29.323 [warning] [Git][getBranch] No such branch: master
2026-08-22 15:48:29.339 [info] > git for-each-ref --sort -committerdate --format %(refname)%00%(objectname)%00%(*objectname) [9ms]
2026-08-22 15:48:29.385 [info] > git status -z -uall [58ms]
2026-08-22 15:48:34.397 [info] > git config --get commit.template [5ms]
2026-08-22 15:48:34.406 [info] > git for-each-ref --format=%(refname)%00%(upstream:short)%00%(objectname)%00%(upstream:track)%00%(upstream:remotename)%00%(upstream:remoteref) refs/heads/master refs/remotes/master [10ms]
2026-08-22 15:48:34.406 [warning] [Git][getBranch] No such branch: master
2026-08-22 15:48:34.422 [info] > git for-each-ref --sort -committerdate --format %(refname)%00%(objectname)%00%(*objectname) [8ms]
2026-08-22 15:48:34.469 [info] > git status -z -uall [59ms]
2026-08-22 15:48:39.480 [info] > git config --get commit.template [5ms]
2026-08-22 15:48:39.488 [info] > git for-each-ref --format=%(refname)%00%(upstream:short)%00%(objectname)%00%(upstream:track)%00%(upstream:remotename)%00%(upstream:remoteref) refs/heads/master refs/remotes/master [9ms]
2026-08-22 15:48:39.488 [warning] [Git][getBranch] No such branch: master
2026-08-22 15:48:39.504 [info] > git for-each-ref --sort -committerdate --format %(refname)%00%(objectname)%00%(*objectname) [9ms]
2026-08-22 15:48:39.550 [info] > git status -z -uall [58ms]
2026-08-22 15:48:44.563 [info] > git config --get commit.template [6ms]
2026-08-22 15:48:44.572 [info] > git for-each-ref --format=%(refname)%00%(upstream:short)%00%(objectname)%00%(upstream:track)%00%(upstream:remotename)%00%(upstream:remoteref) refs/heads/master refs/remotes/master [11ms]
2026-08-22 15:48:44.572 [warning] [Git][getBranch] No such branch: master
2026-08-22 15:48:44.587 [info] > git for-each-ref --sort -committerdate --format %(refname)%00%(objectname)%00%(*objectname) [8ms]
2026-08-22 15:48:44.641 [info] > git status -z -uall [65ms]
2026-08-22 15:48:49.653 [info] > git config --get commit.template [5ms]
2026-08-22 15:48:49.660 [info] > git for-each-ref --format=%(refname)%00%(upstream:short)%00%(objectname)%00%(upstream:track)%00%(upstream:remotename)%00%(upstream:remoteref) refs/heads/master refs/remotes/master [8ms]
2026-08-22 15:48:49.660 [warning] [Git][getBranch] No such branch: master
2026-08-22 15:48:49.675 [info] > git for-each-ref --sort -committerdate --format %(refname)%00%(objectname)%00%(*objectname) [8ms]
2026-08-22 15:48:49.721 [info] > git status -z -uall [57ms]
2026-08-22 15:48:54.734 [info] > git config --get commit.template [5ms]
2026-08-22 15:48:54.743 [info] > git for-each-ref --format=%(refname)%00%(upstream:short)%00%(objectname)%00%(upstream:track)%00%(upstream:remotename)%00%(upstream:remoteref) refs/heads/master refs/remotes/master [11ms]
2026-08-22 15:48:54.743 [warning] [Git][getBranch] No such branch: master
2026-08-22 15:48:54.758 [info] > git for-each-ref --sort -committerdate --format %(refname)%00%(objectname)%00%(*objectname) [8ms]
2026-08-22 15:48:54.808 [info] > git status -z -uall [61ms]
2026-08-22 15:48:59.820 [info] > git config --get commit.template [6ms]
2026-08-22 15:48:59.827 [info] > git for-each-ref --format=%(refname)%00%(upstream:short)%00%(objectname)%00%(upstream:track)%00%(upstream:remotename)%00%(upstream:remoteref) refs/heads/master refs/remotes/master [9ms]
2026-08-22 15:48:59.827 [warning] [Git][getBranch] No such branch: master
2026-08-22 15:48:59.844 [info] > git for-each-ref --sort -committerdate --format %(refname)%00%(objectname)%00%(*objectname) [9ms]
2026-08-22 15:48:59.889 [info] > git status -z -uall [58ms]
2026-08-22 15:49:04.901 [info] > git config --get commit.template [5ms]
2026-08-22 15:49:04.908 [info] > git for-each-ref --format=%(refname)%00%(upstream:short)%00%(objectname)%00%(upstream:track)%00%(upstream:remotename)%00%(upstream:remoteref) refs/heads/master refs/remotes/master [8ms]
2026-08-22 15:49:04.908 [warning] [Git][getBranch] No such branch: master
2026-08-22 15:49:04.924 [info] > git for-each-ref --sort -committerdate --format %(refname)%00%(objectname)%00%(*objectname) [9ms]
2026-08-22 15:49:04.968 [info] > git status -z -uall [56ms]
2026-08-22 15:49:09.981 [info] > git config --get commit.template [6ms]
2026-08-22 15:49:09.990 [info] > git for-each-ref --format=%(refname)%00%(upstream:short)%00%(objectname)%00%(upstream:track)%00%(upstream:remotename)%00%(upstream:remoteref) refs/heads/master refs/remotes/master [11ms]
2026-08-22 15:49:09.990 [warning] [Git][getBranch] No such branch: master
2026-08-22 15:49:10.012 [info] > git for-each-ref --sort -committerdate --format %(refname)%00%(objectname)%00%(*objectname) [9ms]
2026-08-22 15:49:10.096 [info] > git status -z -uall [95ms]
2026-08-22 15:49:15.108 [info] > git config --get commit.template [5ms]
2026-08-22 15:49:15.117 [info] > git for-each-ref --format=%(refname)%00%(upstream:short)%00%(objectname)%00%(upstream:track)%00%(upstream:remotename)%00%(upstream:remoteref) refs/heads/master refs/remotes/master [9ms]
2026-08-22 15:49:15.117 [warning] [Git][getBranch] No such branch: master
2026-08-22 15:49:15.140 [info] > git for-each-ref --sort -committerdate --format %(refname)%00%(objectname)%00%(*objectname) [9ms]
2026-08-22 15:49:15.185 [info] > git status -z -uall [57ms]
2026-08-22 15:49:20.197 [info] > git config --get commit.template [4ms]
2026-08-22 15:49:20.204 [info] > git for-each-ref --format=%(refname)%00%(upstream:short)%00%(objectname)%00%(upstream:track)%00%(upstream:remotename)%00%(upstream:remoteref) refs/heads/master refs/remotes/master [8ms]
2026-08-22 15:49:20.204 [warning] [Git][getBranch] No such branch: master
2026-08-22 15:49:20.219 [info] > git for-each-ref --sort -committerdate --format %(refname)%00%(objectname)%00%(*objectname) [8ms]
2026-08-22 15:49:20.268 [info] > git status -z -uall [60ms]
2026-08-22 15:49:20.788 [info] > git log --format=%H%n%aN%n%aE%n%at%n%ct%n%P%n%D%n%B -z --shortstat -n50 --skip=0 --topo-order --decorate=full --stdin [7ms]
2026-08-22 15:49:20.789 [info] fatal: bad revision 'refs/heads/master'
2026-08-22 15:49:20.789 [error] [GitHistoryProvider][provideHistoryItems] Failed to get history items with options '{"historyItemRefs":["refs/heads/master"],"limit":50,"skip":0}': Failed to execute git {
  "exitCode": 128,
  "gitCommand": "log",
  "stdout": "",
  "stderr": "fatal: bad revision 'refs/heads/master'\n"
}
2026-08-22 15:49:28.166 [info] > git config --get commit.template [5ms]
2026-08-22 15:49:28.175 [info] > git for-each-ref --format=%(refname)%00%(upstream:short)%00%(objectname)%00%(upstream:track)%00%(upstream:remotename)%00%(upstream:remoteref) refs/heads/master refs/remotes/master [10ms]
2026-08-22 15:49:28.175 [warning] [Git][getBranch] No such branch: master
2026-08-22 15:49:28.192 [info] > git for-each-ref --sort -committerdate --format %(refname)%00%(objectname)%00%(*objectname) [9ms]
2026-08-22 15:49:28.235 [info] > git status -z -uall [56ms]
2026-08-22 15:49:33.247 [info] > git config --get commit.template [5ms]
2026-08-22 15:49:33.255 [info] > git for-each-ref --format=%(refname)%00%(upstream:short)%00%(objectname)%00%(upstream:track)%00%(upstream:remotename)%00%(upstream:remoteref) refs/heads/master refs/remotes/master [9ms]
2026-08-22 15:49:33.255 [warning] [Git][getBranch] No such branch: master
2026-08-22 15:49:33.272 [info] > git for-each-ref --sort -committerdate --format %(refname)%00%(objectname)%00%(*objectname) [10ms]
2026-08-22 15:49:33.319 [info] > git status -z -uall [60ms]
2026-08-22 15:49:38.331 [info] > git config --get commit.template [6ms]
2026-08-22 15:49:38.340 [info] > git for-each-ref --format=%(refname)%00%(upstream:short)%00%(objectname)%00%(upstream:track)%00%(upstream:remotename)%00%(upstream:remoteref) refs/heads/master refs/remotes/master [11ms]
2026-08-22 15:49:38.340 [warning] [Git][getBranch] No such branch: master
2026-08-22 15:49:38.356 [info] > git for-each-ref --sort -committerdate --format %(refname)%00%(objectname)%00%(*objectname) [9ms]
2026-08-22 15:49:38.406 [info] > git status -z -uall [62ms]
2026-08-22 15:49:43.420 [info] > git config --get commit.template [6ms]
2026-08-22 15:49:43.427 [info] > git for-each-ref --format=%(refname)%00%(upstream:short)%00%(objectname)%00%(upstream:track)%00%(upstream:remotename)%00%(upstream:remoteref) refs/heads/master refs/remotes/master [7ms]
2026-08-22 15:49:43.427 [warning] [Git][getBranch] No such branch: master
2026-08-22 15:49:43.441 [info] > git for-each-ref --sort -committerdate --format %(refname)%00%(objectname)%00%(*objectname) [7ms]
2026-08-22 15:49:43.486 [info] > git status -z -uall [55ms]
2026-08-22 15:49:48.500 [info] > git config --get commit.template [5ms]
2026-08-22 15:49:48.507 [info] > git for-each-ref --format=%(refname)%00%(upstream:short)%00%(objectname)%00%(upstream:track)%00%(upstream:remotename)%00%(upstream:remoteref) refs/heads/master refs/remotes/master [9ms]
2026-08-22 15:49:48.507 [warning] [Git][getBranch] No such branch: master
2026-08-22 15:49:48.523 [info] > git for-each-ref --sort -committerdate --format %(refname)%00%(objectname)%00%(*objectname) [9ms]
2026-08-22 15:49:48.575 [info] > git status -z -uall [64ms]
2026-08-22 15:49:53.587 [info] > git config --get commit.template [5ms]
2026-08-22 15:49:53.595 [info] > git for-each-ref --format=%(refname)%00%(upstream:short)%00%(objectname)%00%(upstream:track)%00%(upstream:remotename)%00%(upstream:remoteref) refs/heads/master refs/remotes/master [9ms]
2026-08-22 15:49:53.595 [warning] [Git][getBranch] No such branch: master
2026-08-22 15:49:53.612 [info] > git for-each-ref --sort -committerdate --format %(refname)%00%(objectname)%00%(*objectname) [9ms]
2026-08-22 15:49:53.657 [info] > git status -z -uall [57ms]
2026-08-22 15:50:02.261 [info] > git config --get commit.template [74ms]
2026-08-22 15:50:02.307 [info] > git for-each-ref --format=%(refname)%00%(upstream:short)%00%(objectname)%00%(upstream:track)%00%(upstream:remotename)%00%(upstream:remoteref) refs/heads/master refs/remotes/master [102ms]
2026-08-22 15:50:02.307 [warning] [Git][getBranch] No such branch: master
2026-08-22 15:50:02.402 [info] > git for-each-ref --sort -committerdate --format %(refname)%00%(objectname)%00%(*objectname) [85ms]
2026-08-22 15:50:02.591 [info] > git status -z -uall [278ms]
2026-08-22 15:50:11.181 [info] > git config --get commit.template [7ms]
2026-08-22 15:50:11.188 [info] > git for-each-ref --format=%(refname)%00%(upstream:short)%00%(objectname)%00%(upstream:track)%00%(upstream:remotename)%00%(upstream:remoteref) refs/heads/master refs/remotes/master [8ms]
2026-08-22 15:50:11.189 [warning] [Git][getBranch] No such branch: master
2026-08-22 15:50:11.212 [info] > git for-each-ref --sort -committerdate --format %(refname)%00%(objectname)%00%(*objectname) [9ms]
2026-08-22 15:50:11.421 [info] > git status -z -uall [221ms]
2026-08-22 15:50:28.186 [info] > git config --get commit.template [9ms]
2026-08-22 15:50:28.195 [info] > git for-each-ref --format=%(refname)%00%(upstream:short)%00%(objectname)%00%(upstream:track)%00%(upstream:remotename)%00%(upstream:remoteref) refs/heads/master refs/remotes/master [11ms]
2026-08-22 15:50:28.195 [warning] [Git][getBranch] No such branch: master
2026-08-22 15:50:28.218 [info] > git for-each-ref --sort -committerdate --format %(refname)%00%(objectname)%00%(*objectname) [15ms]
2026-08-22 15:50:28.286 [info] > git status -z -uall [87ms]
2026-08-22 15:50:33.301 [info] > git config --get commit.template [6ms]
2026-08-22 15:50:33.309 [info] > git for-each-ref --format=%(refname)%00%(upstream:short)%00%(objectname)%00%(upstream:track)%00%(upstream:remotename)%00%(upstream:remoteref) refs/heads/master refs/remotes/master [10ms]
2026-08-22 15:50:33.309 [warning] [Git][getBranch] No such branch: master
2026-08-22 15:50:33.331 [info] > git for-each-ref --sort -committerdate --format %(refname)%00%(objectname)%00%(*objectname) [14ms]
2026-08-22 15:50:33.386 [info] > git status -z -uall [73ms]
2026-08-22 15:50:38.399 [info] > git config --get commit.template [5ms]
2026-08-22 15:50:38.409 [info] > git for-each-ref --format=%(refname)%00%(upstream:short)%00%(objectname)%00%(upstream:track)%00%(upstream:remotename)%00%(upstream:remoteref) refs/heads/master refs/remotes/master [12ms]
2026-08-22 15:50:38.410 [warning] [Git][getBranch] No such branch: master
2026-08-22 15:50:38.426 [info] > git for-each-ref --sort -committerdate --format %(refname)%00%(objectname)%00%(*objectname) [10ms]
2026-08-22 15:50:38.472 [info] > git status -z -uall [59ms]
2026-08-22 15:50:43.484 [info] > git config --get commit.template [5ms]
2026-08-22 15:50:43.492 [info] > git for-each-ref --format=%(refname)%00%(upstream:short)%00%(objectname)%00%(upstream:track)%00%(upstream:remotename)%00%(upstream:remoteref) refs/heads/master refs/remotes/master [9ms]
2026-08-22 15:50:43.492 [warning] [Git][getBranch] No such branch: master
2026-08-22 15:50:43.509 [info] > git for-each-ref --sort -committerdate --format %(refname)%00%(objectname)%00%(*objectname) [9ms]
2026-08-22 15:50:43.551 [info] > git status -z -uall [55ms]
2026-08-22 15:50:48.569 [info] > git config --get commit.template [8ms]
2026-08-22 15:50:48.578 [info] > git for-each-ref --format=%(refname)%00%(upstream:short)%00%(objectname)%00%(upstream:track)%00%(upstream:remotename)%00%(upstream:remoteref) refs/heads/master refs/remotes/master [13ms]
2026-08-22 15:50:48.578 [warning] [Git][getBranch] No such branch: master
2026-08-22 15:50:48.597 [info] > git for-each-ref --sort -committerdate --format %(refname)%00%(objectname)%00%(*objectname) [12ms]
2026-08-22 15:50:48.666 [info] > git status -z -uall [84ms]
2026-08-22 15:50:53.678 [info] > git config --get commit.template [5ms]
2026-08-22 15:50:53.686 [info] > git for-each-ref --format=%(refname)%00%(upstream:short)%00%(objectname)%00%(upstream:track)%00%(upstream:remotename)%00%(upstream:remoteref) refs/heads/master refs/remotes/master [9ms]
2026-08-22 15:50:53.686 [warning] [Git][getBranch] No such branch: master
2026-08-22 15:50:53.702 [info] > git for-each-ref --sort -committerdate --format %(refname)%00%(objectname)%00%(*objectname) [7ms]
2026-08-22 15:50:53.750 [info] > git status -z -uall [59ms]
2026-08-22 15:50:58.763 [info] > git config --get commit.template [5ms]
2026-08-22 15:50:58.771 [info] > git for-each-ref --format=%(refname)%00%(upstream:short)%00%(objectname)%00%(upstream:track)%00%(upstream:remotename)%00%(upstream:remoteref) refs/heads/master refs/remotes/master [9ms]
2026-08-22 15:50:58.771 [warning] [Git][getBranch] No such branch: master
2026-08-22 15:50:58.786 [info] > git for-each-ref --sort -committerdate --format %(refname)%00%(objectname)%00%(*objectname) [8ms]
2026-08-22 15:50:58.837 [info] > git status -z -uall [61ms]
2026-08-22 15:51:03.849 [info] > git config --get commit.template [5ms]
2026-08-22 15:51:03.856 [info] > git for-each-ref --format=%(refname)%00%(upstream:short)%00%(objectname)%00%(upstream:track)%00%(upstream:remotename)%00%(upstream:remoteref) refs/heads/master refs/remotes/master [9ms]
2026-08-22 15:51:03.856 [warning] [Git][getBranch] No such branch: master
2026-08-22 15:51:03.871 [info] > git for-each-ref --sort -committerdate --format %(refname)%00%(objectname)%00%(*objectname) [8ms]
2026-08-22 15:51:03.919 [info] > git status -z -uall [59ms]
2026-08-22 15:51:06.422 [info] > git log --format=%H%n%aN%n%aE%n%at%n%ct%n%P%n%D%n%B -z --shortstat -n50 --skip=0 --topo-order --decorate=full --stdin [7ms]
2026-08-22 15:51:06.422 [info] fatal: bad revision 'refs/heads/master'
2026-08-22 15:51:06.422 [error] [GitHistoryProvider][provideHistoryItems] Failed to get history items with options '{"historyItemRefs":["refs/heads/master"],"limit":50,"skip":0}': Failed to execute git {
  "exitCode": 128,
  "gitCommand": "log",
  "stdout": "",
  "stderr": "fatal: bad revision 'refs/heads/master'\n"
}
2026-08-22 15:51:09.191 [info] > git config --get commit.template [4ms]
2026-08-22 15:51:09.199 [info] > git for-each-ref --format=%(refname)%00%(upstream:short)%00%(objectname)%00%(upstream:track)%00%(upstream:remotename)%00%(upstream:remoteref) refs/heads/master refs/remotes/master [9ms]
2026-08-22 15:51:09.199 [warning] [Git][getBranch] No such branch: master
2026-08-22 15:51:09.215 [info] > git for-each-ref --sort -committerdate --format %(refname)%00%(objectname)%00%(*objectname) [8ms]
2026-08-22 15:51:09.260 [info] > git status -z -uall [57ms]
2026-08-22 15:51:14.271 [info] > git config --get commit.template [5ms]
2026-08-22 15:51:14.278 [info] > git for-each-ref --format=%(refname)%00%(upstream:short)%00%(objectname)%00%(upstream:track)%00%(upstream:remotename)%00%(upstream:remoteref) refs/heads/master refs/remotes/master [8ms]
2026-08-22 15:51:14.278 [warning] [Git][getBranch] No such branch: master
2026-08-22 15:51:14.295 [info] > git for-each-ref --sort -committerdate --format %(refname)%00%(objectname)%00%(*objectname) [10ms]
2026-08-22 15:51:14.372 [info] > git status -z -uall [90ms]
2026-08-22 15:51:14.694 [info] > git check-ignore -v -z --stdin [8ms]
2026-08-22 15:51:18.168 [info] > git check-ignore -v -z --stdin [28ms]
2026-08-22 15:51:19.385 [info] > git config --get commit.template [5ms]
2026-08-22 15:51:19.394 [info] > git for-each-ref --format=%(refname)%00%(upstream:short)%00%(objectname)%00%(upstream:track)%00%(upstream:remotename)%00%(upstream:remoteref) refs/heads/master refs/remotes/master [10ms]
2026-08-22 15:51:19.394 [warning] [Git][getBranch] No such branch: master
2026-08-22 15:51:19.411 [info] > git for-each-ref --sort -committerdate --format %(refname)%00%(objectname)%00%(*objectname) [9ms]
2026-08-22 15:51:19.457 [info] > git status -z -uall [58ms]
2026-08-22 15:51:24.470 [info] > git config --get commit.template [6ms]
2026-08-22 15:51:24.477 [info] > git for-each-ref --format=%(refname)%00%(upstream:short)%00%(objectname)%00%(upstream:track)%00%(upstream:remotename)%00%(upstream:remoteref) refs/heads/master refs/remotes/master [8ms]
2026-08-22 15:51:24.477 [warning] [Git][getBranch] No such branch: master
2026-08-22 15:51:24.493 [info] > git for-each-ref --sort -committerdate --format %(refname)%00%(objectname)%00%(*objectname) [8ms]
2026-08-22 15:51:24.541 [info] > git status -z -uall [60ms]
2026-08-22 15:51:24.668 [info] > git check-ignore -v -z --stdin [22ms]
2026-08-22 15:51:29.553 [info] > git config --get commit.template [5ms]
2026-08-22 15:51:29.560 [info] > git for-each-ref --format=%(refname)%00%(upstream:short)%00%(objectname)%00%(upstream:track)%00%(upstream:remotename)%00%(upstream:remoteref) refs/heads/master refs/remotes/master [8ms]
2026-08-22 15:51:29.560 [warning] [Git][getBranch] No such branch: master
2026-08-22 15:51:29.574 [info] > git for-each-ref --sort -committerdate --format %(refname)%00%(objectname)%00%(*objectname) [7ms]
2026-08-22 15:51:29.623 [info] > git status -z -uall [59ms]
2026-08-22 15:51:34.636 [info] > git config --get commit.template [6ms]
2026-08-22 15:51:34.644 [info] > git for-each-ref --format=%(refname)%00%(upstream:short)%00%(objectname)%00%(upstream:track)%00%(upstream:remotename)%00%(upstream:remoteref) refs/heads/master refs/remotes/master [9ms]
2026-08-22 15:51:34.644 [warning] [Git][getBranch] No such branch: master
2026-08-22 15:51:34.669 [info] > git for-each-ref --sort -committerdate --format %(refname)%00%(objectname)%00%(*objectname) [9ms]
2026-08-22 15:51:34.738 [info] > git status -z -uall [86ms]
2026-08-22 15:51:47.614 [info] > git config --get commit.template [5ms]
2026-08-22 15:51:47.622 [info] > git for-each-ref --format=%(refname)%00%(upstream:short)%00%(objectname)%00%(upstream:track)%00%(upstream:remotename)%00%(upstream:remoteref) refs/heads/master refs/remotes/master [10ms]
2026-08-22 15:51:47.622 [warning] [Git][getBranch] No such branch: master
2026-08-22 15:51:47.639 [info] > git for-each-ref --sort -committerdate --format %(refname)%00%(objectname)%00%(*objectname) [10ms]
2026-08-22 15:51:47.685 [info] > git status -z -uall [59ms]
2026-08-22 15:51:51.159 [info] > git config --get commit.template [5ms]
2026-08-22 15:51:51.170 [info] > git for-each-ref --format=%(refname)%00%(upstream:short)%00%(objectname)%00%(upstream:track)%00%(upstream:remotename)%00%(upstream:remoteref) refs/heads/master refs/remotes/master [12ms]
2026-08-22 15:51:51.170 [warning] [Git][getBranch] No such branch: master
2026-08-22 15:51:51.187 [info] > git for-each-ref --sort -committerdate --format %(refname)%00%(objectname)%00%(*objectname) [10ms]
2026-08-22 15:51:51.248 [info] > git status -z -uall [74ms]
2026-08-22 15:51:52.677 [info] > git config --get commit.template [5ms]
2026-08-22 15:51:52.684 [info] > git for-each-ref --format=%(refname)%00%(upstream:short)%00%(objectname)%00%(upstream:track)%00%(upstream:remotename)%00%(upstream:remoteref) refs/heads/master refs/remotes/master [8ms]
2026-08-22 15:51:52.684 [warning] [Git][getBranch] No such branch: master
2026-08-22 15:51:52.702 [info] > git for-each-ref --sort -committerdate --format %(refname)%00%(objectname)%00%(*objectname) [10ms]
2026-08-22 15:51:52.748 [info] > git status -z -uall [59ms]
2026-08-22 15:51:52.761 [info] > git config --get commit.template [6ms]
2026-08-22 15:51:52.768 [info] > git for-each-ref --format=%(refname)%00%(upstream:short)%00%(objectname)%00%(upstream:track)%00%(upstream:remotename)%00%(upstream:remoteref) refs/heads/master refs/remotes/master [8ms]
2026-08-22 15:51:52.768 [warning] [Git][getBranch] No such branch: master
2026-08-22 15:51:52.787 [info] > git for-each-ref --sort -committerdate --format %(refname)%00%(objectname)%00%(*objectname) [9ms]
2026-08-22 15:51:52.823 [info] > git status -z -uall [50ms]
2026-08-22 15:51:58.621 [info] > git add -A -- . [839ms]
2026-08-22 15:52:00.936 [info] > git show --textconv :.git/COMMIT_EDITMSG [10ms]
2026-08-22 15:52:00.937 [warning] [GitFileSystemProvider][readFile] File not found - git:/voc/work/.git/COMMIT_EDITMSG.git?%7B%22path%22%3A%22%2Fvoc%2Fwork%2F.git%2FCOMMIT_EDITMSG%22%2C%22ref%22%3A%22%22%7D
2026-08-22 15:52:00.944 [info] > git ls-files --stage -- .git/COMMIT_EDITMSG [14ms]
2026-08-22 15:52:00.944 [warning] [GitFileSystemProvider][stat] File not found - git:/voc/work/.git/COMMIT_EDITMSG.git?%7B%22path%22%3A%22%2Fvoc%2Fwork%2F.git%2FCOMMIT_EDITMSG%22%2C%22ref%22%3A%22%22%7D
2026-08-22 15:52:05.015 [info] > git check-ignore -v -z --stdin [8ms]
2026-08-22 15:53:58.573 [info] > git -c user.useConfigOnly=true commit --quiet [119948ms]
2026-08-22 15:53:58.573 [info] Aborting commit due to empty commit message.
2026-08-22 15:53:58.587 [info] > git config --get commit.template [9ms]
2026-08-22 15:53:58.603 [info] > git for-each-ref --format=%(refname)%00%(upstream:short)%00%(objectname)%00%(upstream:track)%00%(upstream:remotename)%00%(upstream:remoteref) refs/heads/master refs/remotes/master [21ms]
2026-08-22 15:53:58.603 [warning] [Git][getBranch] No such branch: master
2026-08-22 15:53:58.619 [info] > git for-each-ref --sort -committerdate --format %(refname)%00%(objectname)%00%(*objectname) [8ms]
2026-08-22 15:53:58.675 [info] > git status -z -uall [68ms]
2026-08-22 15:53:58.689 [info] > git config --get commit.template [5ms]
2026-08-22 15:53:58.698 [info] > git for-each-ref --format=%(refname)%00%(upstream:short)%00%(objectname)%00%(upstream:track)%00%(upstream:remotename)%00%(upstream:remoteref) refs/heads/master refs/remotes/master [9ms]
2026-08-22 15:53:58.698 [warning] [Git][getBranch] No such branch: master
2026-08-22 15:53:58.713 [info] > git for-each-ref --sort -committerdate --format %(refname)%00%(objectname)%00%(*objectname) [8ms]
2026-08-22 15:53:58.766 [info] > git status -z -uall [64ms]
2026-08-22 15:54:00.118 [info] > git show --textconv HEAD:W2_Practice_Assignment_Solution_Activity/pipeline_solution.py [11ms]
2026-08-22 15:54:00.118 [warning] [GitFileSystemProvider][readFile] File not found - git:/voc/work/W2_Practice_Assignment_Solution_Activity/pipeline_solution.py.git?%7B%22path%22%3A%22%2Fvoc%2Fwork%2FW2_Practice_Assignment_Solution_Activity%2Fpipeline_solution.py%22%2C%22ref%22%3A%22HEAD%22%7D
2026-08-22 15:54:00.127 [info] > git show --textconv :W2_Practice_Assignment_Solution_Activity/pipeline_solution.py [23ms]
2026-08-22 15:54:00.135 [info] > git ls-tree -l HEAD -- W2_Practice_Assignment_Solution_Activity/pipeline_solution.py [21ms]
2026-08-22 15:54:00.135 [info] fatal: Not a valid object name HEAD
2026-08-22 15:54:00.135 [warning] [GitFileSystemProvider][stat] File not found - git:/voc/work/W2_Practice_Assignment_Solution_Activity/pipeline_solution.py.git?%7B%22path%22%3A%22%2Fvoc%2Fwork%2FW2_Practice_Assignment_Solution_Activity%2Fpipeline_solution.py%22%2C%22ref%22%3A%22HEAD%22%7D
2026-08-22 15:54:00.141 [info] > git ls-files --stage -- W2_Practice_Assignment_Solution_Activity/pipeline_solution.py [31ms]
2026-08-22 15:54:00.155 [info] > git cat-file -s cfaed44639f972bacd7d21876f386bd17dd7d7ea [10ms]
2026-08-22 15:54:03.779 [info] > git config --get commit.template [4ms]
2026-08-22 15:54:03.787 [info] > git for-each-ref --format=%(refname)%00%(upstream:short)%00%(objectname)%00%(upstream:track)%00%(upstream:remotename)%00%(upstream:remoteref) refs/heads/master refs/remotes/master [9ms]
2026-08-22 15:54:03.787 [warning] [Git][getBranch] No such branch: master
2026-08-22 15:54:03.809 [info] > git for-each-ref --sort -committerdate --format %(refname)%00%(objectname)%00%(*objectname) [7ms]
2026-08-22 15:54:03.855 [info] > git status -z -uall [56ms]
2026-08-22 15:54:08.867 [info] > git config --get commit.template [5ms]
2026-08-22 15:54:08.874 [info] > git for-each-ref --format=%(refname)%00%(upstream:short)%00%(objectname)%00%(upstream:track)%00%(upstream:remotename)%00%(upstream:remoteref) refs/heads/master refs/remotes/master [8ms]
2026-08-22 15:54:08.874 [warning] [Git][getBranch] No such branch: master
2026-08-22 15:54:08.890 [info] > git for-each-ref --sort -committerdate --format %(refname)%00%(objectname)%00%(*objectname) [8ms]
2026-08-22 15:54:08.937 [info] > git status -z -uall [58ms]
2026-08-22 15:54:15.134 [info] > git config --get commit.template [6ms]
2026-08-22 15:54:15.142 [info] > git for-each-ref --format=%(refname)%00%(upstream:short)%00%(objectname)%00%(upstream:track)%00%(upstream:remotename)%00%(upstream:remoteref) refs/heads/master refs/remotes/master [10ms]
2026-08-22 15:54:15.142 [warning] [Git][getBranch] No such branch: master
2026-08-22 15:54:15.158 [info] > git for-each-ref --sort -committerdate --format %(refname)%00%(objectname)%00%(*objectname) [9ms]
2026-08-22 15:54:15.256 [info] > git status -z -uall [110ms]
2026-08-22 15:54:20.268 [info] > git config --get commit.template [5ms]
2026-08-22 15:54:20.277 [info] > git for-each-ref --format=%(refname)%00%(upstream:short)%00%(objectname)%00%(upstream:track)%00%(upstream:remotename)%00%(upstream:remoteref) refs/heads/master refs/remotes/master [11ms]
2026-08-22 15:54:20.277 [warning] [Git][getBranch] No such branch: master
2026-08-22 15:54:20.297 [info] > git for-each-ref --sort -committerdate --format %(refname)%00%(objectname)%00%(*objectname) [12ms]
2026-08-22 15:54:20.346 [info] > git status -z -uall [65ms]
2026-08-22 15:54:25.359 [info] > git config --get commit.template [6ms]
2026-08-22 15:54:25.367 [info] > git for-each-ref --format=%(refname)%00%(upstream:short)%00%(objectname)%00%(upstream:track)%00%(upstream:remotename)%00%(upstream:remoteref) refs/heads/master refs/remotes/master [10ms]
2026-08-22 15:54:25.367 [warning] [Git][getBranch] No such branch: master
2026-08-22 15:54:25.385 [info] > git for-each-ref --sort -committerdate --format %(refname)%00%(objectname)%00%(*objectname) [10ms]
2026-08-22 15:54:25.433 [info] > git status -z -uall [62ms]
2026-08-22 15:54:30.445 [info] > git config --get commit.template [5ms]
2026-08-22 15:54:30.453 [info] > git for-each-ref --format=%(refname)%00%(upstream:short)%00%(objectname)%00%(upstream:track)%00%(upstream:remotename)%00%(upstream:remoteref) refs/heads/master refs/remotes/master [9ms]
2026-08-22 15:54:30.453 [warning] [Git][getBranch] No such branch: master
2026-08-22 15:54:30.470 [info] > git for-each-ref --sort -committerdate --format %(refname)%00%(objectname)%00%(*objectname) [10ms]
2026-08-22 15:54:30.519 [info] > git status -z -uall [61ms]
2026-08-22 15:54:35.531 [info] > git config --get commit.template [5ms]
2026-08-22 15:54:35.539 [info] > git for-each-ref --format=%(refname)%00%(upstream:short)%00%(objectname)%00%(upstream:track)%00%(upstream:remotename)%00%(upstream:remoteref) refs/heads/master refs/remotes/master [8ms]
2026-08-22 15:54:35.539 [warning] [Git][getBranch] No such branch: master
2026-08-22 15:54:35.555 [info] > git for-each-ref --sort -committerdate --format %(refname)%00%(objectname)%00%(*objectname) [9ms]
2026-08-22 15:54:35.599 [info] > git status -z -uall [56ms]
2026-08-22 15:54:40.610 [info] > git config --get commit.template [5ms]
2026-08-22 15:54:40.619 [info] > git for-each-ref --format=%(refname)%00%(upstream:short)%00%(objectname)%00%(upstream:track)%00%(upstream:remotename)%00%(upstream:remoteref) refs/heads/master refs/remotes/master [10ms]
2026-08-22 15:54:40.619 [warning] [Git][getBranch] No such branch: master
2026-08-22 15:54:40.634 [info] > git for-each-ref --sort -committerdate --format %(refname)%00%(objectname)%00%(*objectname) [8ms]
2026-08-22 15:54:40.678 [info] > git status -z -uall [55ms]
2026-08-22 15:54:45.689 [info] > git config --get commit.template [5ms]
2026-08-22 15:54:45.698 [info] > git for-each-ref --format=%(refname)%00%(upstream:short)%00%(objectname)%00%(upstream:track)%00%(upstream:remotename)%00%(upstream:remoteref) refs/heads/master refs/remotes/master [10ms]
2026-08-22 15:54:45.698 [warning] [Git][getBranch] No such branch: master
2026-08-22 15:54:45.714 [info] > git for-each-ref --sort -committerdate --format %(refname)%00%(objectname)%00%(*objectname) [10ms]
2026-08-22 15:54:45.762 [info] > git status -z -uall [60ms]
2026-08-22 15:54:50.772 [info] > git config --get commit.template [4ms]
2026-08-22 15:54:50.780 [info] > git for-each-ref --format=%(refname)%00%(upstream:short)%00%(objectname)%00%(upstream:track)%00%(upstream:remotename)%00%(upstream:remoteref) refs/heads/master refs/remotes/master [8ms]
2026-08-22 15:54:50.780 [warning] [Git][getBranch] No such branch: master
2026-08-22 15:54:50.796 [info] > git for-each-ref --sort -committerdate --format %(refname)%00%(objectname)%00%(*objectname) [8ms]
2026-08-22 15:54:50.852 [info] > git status -z -uall [68ms]
2026-08-22 15:54:55.864 [info] > git config --get commit.template [4ms]
2026-08-22 15:54:55.872 [info] > git for-each-ref --format=%(refname)%00%(upstream:short)%00%(objectname)%00%(upstream:track)%00%(upstream:remotename)%00%(upstream:remoteref) refs/heads/master refs/remotes/master [9ms]
2026-08-22 15:54:55.873 [warning] [Git][getBranch] No such branch: master
2026-08-22 15:54:55.888 [info] > git for-each-ref --sort -committerdate --format %(refname)%00%(objectname)%00%(*objectname) [8ms]
2026-08-22 15:54:55.936 [info] > git status -z -uall [59ms]
2026-08-22 15:55:00.948 [info] > git config --get commit.template [5ms]
2026-08-22 15:55:00.956 [info] > git for-each-ref --format=%(refname)%00%(upstream:short)%00%(objectname)%00%(upstream:track)%00%(upstream:remotename)%00%(upstream:remoteref) refs/heads/master refs/remotes/master [9ms]
2026-08-22 15:55:00.956 [warning] [Git][getBranch] No such branch: master
2026-08-22 15:55:00.972 [info] > git for-each-ref --sort -committerdate --format %(refname)%00%(objectname)%00%(*objectname) [9ms]
2026-08-22 15:55:01.017 [info] > git status -z -uall [57ms]
2026-08-22 15:55:06.029 [info] > git config --get commit.template [5ms]
2026-08-22 15:55:06.037 [info] > git for-each-ref --format=%(refname)%00%(upstream:short)%00%(objectname)%00%(upstream:track)%00%(upstream:remotename)%00%(upstream:remoteref) refs/heads/master refs/remotes/master [9ms]
2026-08-22 15:55:06.037 [warning] [Git][getBranch] No such branch: master
2026-08-22 15:55:06.059 [info] > git for-each-ref --sort -committerdate --format %(refname)%00%(objectname)%00%(*objectname) [8ms]
2026-08-22 15:55:06.106 [info] > git status -z -uall [58ms]
2026-08-22 15:55:11.119 [info] > git config --get commit.template [6ms]
2026-08-22 15:55:11.127 [info] > git for-each-ref --format=%(refname)%00%(upstream:short)%00%(objectname)%00%(upstream:track)%00%(upstream:remotename)%00%(upstream:remoteref) refs/heads/master refs/remotes/master [8ms]
2026-08-22 15:55:11.127 [warning] [Git][getBranch] No such branch: master
2026-08-22 15:55:11.144 [info] > git for-each-ref --sort -committerdate --format %(refname)%00%(objectname)%00%(*objectname) [8ms]
2026-08-22 15:55:11.189 [info] > git status -z -uall [58ms]
2026-08-22 15:55:16.201 [info] > git config --get commit.template [6ms]
2026-08-22 15:55:16.208 [info] > git for-each-ref --format=%(refname)%00%(upstream:short)%00%(objectname)%00%(upstream:track)%00%(upstream:remotename)%00%(upstream:remoteref) refs/heads/master refs/remotes/master [9ms]
2026-08-22 15:55:16.208 [warning] [Git][getBranch] No such branch: master
2026-08-22 15:55:16.233 [info] > git for-each-ref --sort -committerdate --format %(refname)%00%(objectname)%00%(*objectname) [8ms]
2026-08-22 15:55:16.336 [info] > git status -z -uall [114ms]
2026-08-22 15:55:21.348 [info] > git config --get commit.template [5ms]
2026-08-22 15:55:21.355 [info] > git for-each-ref --format=%(refname)%00%(upstream:short)%00%(objectname)%00%(upstream:track)%00%(upstream:remotename)%00%(upstream:remoteref) refs/heads/master refs/remotes/master [8ms]
2026-08-22 15:55:21.355 [warning] [Git][getBranch] No such branch: master
2026-08-22 15:55:21.370 [info] > git for-each-ref --sort -committerdate --format %(refname)%00%(objectname)%00%(*objectname) [8ms]
2026-08-22 15:55:21.416 [info] > git status -z -uall [57ms]
2026-08-22 15:55:26.428 [info] > git config --get commit.template [5ms]
2026-08-22 15:55:26.436 [info] > git for-each-ref --format=%(refname)%00%(upstream:short)%00%(objectname)%00%(upstream:track)%00%(upstream:remotename)%00%(upstream:remoteref) refs/heads/master refs/remotes/master [10ms]
2026-08-22 15:55:26.436 [warning] [Git][getBranch] No such branch: master
2026-08-22 15:55:26.452 [info] > git for-each-ref --sort -committerdate --format %(refname)%00%(objectname)%00%(*objectname) [8ms]
2026-08-22 15:55:26.507 [info] > git status -z -uall [67ms]
2026-08-22 15:55:31.521 [info] > git config --get commit.template [7ms]
2026-08-22 15:55:31.529 [info] > git for-each-ref --format=%(refname)%00%(upstream:short)%00%(objectname)%00%(upstream:track)%00%(upstream:remotename)%00%(upstream:remoteref) refs/heads/master refs/remotes/master [11ms]
2026-08-22 15:55:31.529 [warning] [Git][getBranch] No such branch: master
2026-08-22 15:55:31.548 [info] > git for-each-ref --sort -committerdate --format %(refname)%00%(objectname)%00%(*objectname) [10ms]
2026-08-22 15:55:31.607 [info] > git status -z -uall [74ms]
2026-08-22 15:55:36.619 [info] > git config --get commit.template [5ms]
2026-08-22 15:55:36.627 [info] > git for-each-ref --format=%(refname)%00%(upstream:short)%00%(objectname)%00%(upstream:track)%00%(upstream:remotename)%00%(upstream:remoteref) refs/heads/master refs/remotes/master [10ms]
2026-08-22 15:55:36.627 [warning] [Git][getBranch] No such branch: master
2026-08-22 15:55:36.645 [info] > git for-each-ref --sort -committerdate --format %(refname)%00%(objectname)%00%(*objectname) [9ms]
2026-08-22 15:55:36.690 [info] > git status -z -uall [58ms]
2026-08-22 15:55:41.705 [info] > git config --get commit.template [7ms]
2026-08-22 15:55:41.716 [info] > git for-each-ref --format=%(refname)%00%(upstream:short)%00%(objectname)%00%(upstream:track)%00%(upstream:remotename)%00%(upstream:remoteref) refs/heads/master refs/remotes/master [14ms]
2026-08-22 15:55:41.716 [warning] [Git][getBranch] No such branch: master
2026-08-22 15:55:41.734 [info] > git for-each-ref --sort -committerdate --format %(refname)%00%(objectname)%00%(*objectname) [10ms]
2026-08-22 15:55:41.800 [info] > git status -z -uall [80ms]
2026-08-22 15:55:46.813 [info] > git config --get commit.template [5ms]
2026-08-22 15:55:46.820 [info] > git for-each-ref --format=%(refname)%00%(upstream:short)%00%(objectname)%00%(upstream:track)%00%(upstream:remotename)%00%(upstream:remoteref) refs/heads/master refs/remotes/master [8ms]
2026-08-22 15:55:46.820 [warning] [Git][getBranch] No such branch: master
2026-08-22 15:55:46.843 [info] > git for-each-ref --sort -committerdate --format %(refname)%00%(objectname)%00%(*objectname) [9ms]
2026-08-22 15:55:46.892 [info] > git status -z -uall [61ms]
2026-08-22 15:55:51.904 [info] > git config --get commit.template [5ms]
2026-08-22 15:55:51.914 [info] > git for-each-ref --format=%(refname)%00%(upstream:short)%00%(objectname)%00%(upstream:track)%00%(upstream:remotename)%00%(upstream:remoteref) refs/heads/master refs/remotes/master [11ms]
2026-08-22 15:55:51.914 [warning] [Git][getBranch] No such branch: master
2026-08-22 15:55:51.932 [info] > git for-each-ref --sort -committerdate --format %(refname)%00%(objectname)%00%(*objectname) [10ms]
2026-08-22 15:55:51.986 [info] > git status -z -uall [67ms]
2026-08-22 15:55:56.999 [info] > git config --get commit.template [6ms]
2026-08-22 15:55:57.007 [info] > git for-each-ref --format=%(refname)%00%(upstream:short)%00%(objectname)%00%(upstream:track)%00%(upstream:remotename)%00%(upstream:remoteref) refs/heads/master refs/remotes/master [9ms]
2026-08-22 15:55:57.007 [warning] [Git][getBranch] No such branch: master
2026-08-22 15:55:57.025 [info] > git for-each-ref --sort -committerdate --format %(refname)%00%(objectname)%00%(*objectname) [10ms]
2026-08-22 15:55:57.077 [info] > git status -z -uall [65ms]
2026-08-22 15:56:02.091 [info] > git config --get commit.template [6ms]
2026-08-22 15:56:02.099 [info] > git for-each-ref --format=%(refname)%00%(upstream:short)%00%(objectname)%00%(upstream:track)%00%(upstream:remotename)%00%(upstream:remoteref) refs/heads/master refs/remotes/master [9ms]
2026-08-22 15:56:02.099 [warning] [Git][getBranch] No such branch: master
2026-08-22 15:56:02.115 [info] > git for-each-ref --sort -committerdate --format %(refname)%00%(objectname)%00%(*objectname) [9ms]
2026-08-22 15:56:02.162 [info] > git status -z -uall [59ms]
2026-08-22 15:56:07.174 [info] > git config --get commit.template [5ms]
2026-08-22 15:56:07.182 [info] > git for-each-ref --format=%(refname)%00%(upstream:short)%00%(objectname)%00%(upstream:track)%00%(upstream:remotename)%00%(upstream:remoteref) refs/heads/master refs/remotes/master [9ms]
2026-08-22 15:56:07.182 [warning] [Git][getBranch] No such branch: master
2026-08-22 15:56:07.202 [info] > git for-each-ref --sort -committerdate --format %(refname)%00%(objectname)%00%(*objectname) [11ms]
2026-08-22 15:56:07.249 [info] > git status -z -uall [62ms]
2026-08-22 15:56:12.261 [info] > git config --get commit.template [5ms]
2026-08-22 15:56:12.269 [info] > git for-each-ref --format=%(refname)%00%(upstream:short)%00%(objectname)%00%(upstream:track)%00%(upstream:remotename)%00%(upstream:remoteref) refs/heads/master refs/remotes/master [8ms]
2026-08-22 15:56:12.269 [warning] [Git][getBranch] No such branch: master
2026-08-22 15:56:12.285 [info] > git for-each-ref --sort -committerdate --format %(refname)%00%(objectname)%00%(*objectname) [8ms]
2026-08-22 15:56:12.328 [info] > git status -z -uall [54ms]
2026-08-22 15:56:17.340 [info] > git config --get commit.template [5ms]
2026-08-22 15:56:17.347 [info] > git for-each-ref --format=%(refname)%00%(upstream:short)%00%(objectname)%00%(upstream:track)%00%(upstream:remotename)%00%(upstream:remoteref) refs/heads/master refs/remotes/master [9ms]
2026-08-22 15:56:17.347 [warning] [Git][getBranch] No such branch: master
2026-08-22 15:56:17.362 [info] > git for-each-ref --sort -committerdate --format %(refname)%00%(objectname)%00%(*objectname) [9ms]
2026-08-22 15:56:17.467 [info] > git status -z -uall [116ms]
2026-08-22 15:56:22.483 [info] > git config --get commit.template [6ms]
2026-08-22 15:56:22.492 [info] > git for-each-ref --format=%(refname)%00%(upstream:short)%00%(objectname)%00%(upstream:track)%00%(upstream:remotename)%00%(upstream:remoteref) refs/heads/master refs/remotes/master [11ms]
2026-08-22 15:56:22.492 [warning] [Git][getBranch] No such branch: master
2026-08-22 15:56:22.506 [info] > git for-each-ref --sort -committerdate --format %(refname)%00%(objectname)%00%(*objectname) [9ms]
2026-08-22 15:56:22.550 [info] > git status -z -uall [56ms]
2026-08-22 15:56:27.563 [info] > git config --get commit.template [6ms]
2026-08-22 15:56:27.571 [info] > git for-each-ref --format=%(refname)%00%(upstream:short)%00%(objectname)%00%(upstream:track)%00%(upstream:remotename)%00%(upstream:remoteref) refs/heads/master refs/remotes/master [8ms]
2026-08-22 15:56:27.571 [warning] [Git][getBranch] No such branch: master
2026-08-22 15:56:27.585 [info] > git for-each-ref --sort -committerdate --format %(refname)%00%(objectname)%00%(*objectname) [8ms]
2026-08-22 15:56:27.630 [info] > git status -z -uall [55ms]
2026-08-22 15:56:32.642 [info] > git config --get commit.template [5ms]
2026-08-22 15:56:32.650 [info] > git for-each-ref --format=%(refname)%00%(upstream:short)%00%(objectname)%00%(upstream:track)%00%(upstream:remotename)%00%(upstream:remoteref) refs/heads/master refs/remotes/master [10ms]
2026-08-22 15:56:32.650 [warning] [Git][getBranch] No such branch: master
2026-08-22 15:56:32.667 [info] > git for-each-ref --sort -committerdate --format %(refname)%00%(objectname)%00%(*objectname) [10ms]
2026-08-22 15:56:32.711 [info] > git status -z -uall [57ms]
2026-08-22 15:56:37.724 [info] > git config --get commit.template [5ms]
2026-08-22 15:56:37.732 [info] > git for-each-ref --format=%(refname)%00%(upstream:short)%00%(objectname)%00%(upstream:track)%00%(upstream:remotename)%00%(upstream:remoteref) refs/heads/master refs/remotes/master [8ms]
2026-08-22 15:56:37.732 [warning] [Git][getBranch] No such branch: master
2026-08-22 15:56:37.747 [info] > git for-each-ref --sort -committerdate --format %(refname)%00%(objectname)%00%(*objectname) [8ms]
2026-08-22 15:56:37.792 [info] > git status -z -uall [56ms]
2026-08-22 15:56:42.804 [info] > git config --get commit.template [4ms]
2026-08-22 15:56:42.814 [info] > git for-each-ref --format=%(refname)%00%(upstream:short)%00%(objectname)%00%(upstream:track)%00%(upstream:remotename)%00%(upstream:remoteref) refs/heads/master refs/remotes/master [11ms]
2026-08-22 15:56:42.814 [warning] [Git][getBranch] No such branch: master
2026-08-22 15:56:42.837 [info] > git for-each-ref --sort -committerdate --format %(refname)%00%(objectname)%00%(*objectname) [8ms]
2026-08-22 15:56:42.881 [info] > git status -z -uall [55ms]
2026-08-22 15:56:47.893 [info] > git config --get commit.template [5ms]
2026-08-22 15:56:47.900 [info] > git for-each-ref --format=%(refname)%00%(upstream:short)%00%(objectname)%00%(upstream:track)%00%(upstream:remotename)%00%(upstream:remoteref) refs/heads/master refs/remotes/master [8ms]
2026-08-22 15:56:47.900 [warning] [Git][getBranch] No such branch: master
2026-08-22 15:56:47.915 [info] > git for-each-ref --sort -committerdate --format %(refname)%00%(objectname)%00%(*objectname) [7ms]
2026-08-22 15:56:47.960 [info] > git status -z -uall [56ms]
2026-08-22 15:56:52.971 [info] > git config --get commit.template [4ms]
2026-08-22 15:56:52.979 [info] > git for-each-ref --format=%(refname)%00%(upstream:short)%00%(objectname)%00%(upstream:track)%00%(upstream:remotename)%00%(upstream:remoteref) refs/heads/master refs/remotes/master [8ms]
2026-08-22 15:56:52.979 [warning] [Git][getBranch] No such branch: master
2026-08-22 15:56:52.994 [info] > git for-each-ref --sort -committerdate --format %(refname)%00%(objectname)%00%(*objectname) [8ms]
2026-08-22 15:56:53.046 [info] > git status -z -uall [63ms]
2026-08-22 15:56:58.057 [info] > git config --get commit.template [4ms]
2026-08-22 15:56:58.065 [info] > git for-each-ref --format=%(refname)%00%(upstream:short)%00%(objectname)%00%(upstream:track)%00%(upstream:remotename)%00%(upstream:remoteref) refs/heads/master refs/remotes/master [9ms]
2026-08-22 15:56:58.065 [warning] [Git][getBranch] No such branch: master
2026-08-22 15:56:58.081 [info] > git for-each-ref --sort -committerdate --format %(refname)%00%(objectname)%00%(*objectname) [9ms]
2026-08-22 15:56:58.127 [info] > git status -z -uall [58ms]
2026-08-22 15:57:03.139 [info] > git config --get commit.template [5ms]
2026-08-22 15:57:03.146 [info] > git for-each-ref --format=%(refname)%00%(upstream:short)%00%(objectname)%00%(upstream:track)%00%(upstream:remotename)%00%(upstream:remoteref) refs/heads/master refs/remotes/master [8ms]
2026-08-22 15:57:03.146 [warning] [Git][getBranch] No such branch: master
2026-08-22 15:57:03.162 [info] > git for-each-ref --sort -committerdate --format %(refname)%00%(objectname)%00%(*objectname) [8ms]
2026-08-22 15:57:03.208 [info] > git status -z -uall [58ms]
2026-08-22 15:57:08.219 [info] > git config --get commit.template [5ms]
2026-08-22 15:57:08.228 [info] > git for-each-ref --format=%(refname)%00%(upstream:short)%00%(objectname)%00%(upstream:track)%00%(upstream:remotename)%00%(upstream:remoteref) refs/heads/master refs/remotes/master [10ms]
2026-08-22 15:57:08.228 [warning] [Git][getBranch] No such branch: master
2026-08-22 15:57:08.246 [info] > git for-each-ref --sort -committerdate --format %(refname)%00%(objectname)%00%(*objectname) [11ms]
2026-08-22 15:57:08.294 [info] > git status -z -uall [62ms]
2026-08-22 15:57:13.306 [info] > git config --get commit.template [5ms]
2026-08-22 15:57:13.315 [info] > git for-each-ref --format=%(refname)%00%(upstream:short)%00%(objectname)%00%(upstream:track)%00%(upstream:remotename)%00%(upstream:remoteref) refs/heads/master refs/remotes/master [9ms]
2026-08-22 15:57:13.315 [warning] [Git][getBranch] No such branch: master
2026-08-22 15:57:13.339 [info] > git for-each-ref --sort -committerdate --format %(refname)%00%(objectname)%00%(*objectname) [8ms]
2026-08-22 15:57:13.386 [info] > git status -z -uall [59ms]
2026-08-22 15:57:18.398 [info] > git config --get commit.template [5ms]
2026-08-22 15:57:18.406 [info] > git for-each-ref --format=%(refname)%00%(upstream:short)%00%(objectname)%00%(upstream:track)%00%(upstream:remotename)%00%(upstream:remoteref) refs/heads/master refs/remotes/master [9ms]
2026-08-22 15:57:18.406 [warning] [Git][getBranch] No such branch: master
2026-08-22 15:57:18.422 [info] > git for-each-ref --sort -committerdate --format %(refname)%00%(objectname)%00%(*objectname) [8ms]
2026-08-22 15:57:18.535 [info] > git status -z -uall [125ms]
2026-08-22 15:57:23.546 [info] > git config --get commit.template [4ms]
2026-08-22 15:57:23.554 [info] > git for-each-ref --format=%(refname)%00%(upstream:short)%00%(objectname)%00%(upstream:track)%00%(upstream:remotename)%00%(upstream:remoteref) refs/heads/master refs/remotes/master [9ms]
2026-08-22 15:57:23.555 [warning] [Git][getBranch] No such branch: master
2026-08-22 15:57:23.578 [info] > git for-each-ref --sort -committerdate --format %(refname)%00%(objectname)%00%(*objectname) [8ms]
2026-08-22 15:57:23.624 [info] > git status -z -uall [57ms]
2026-08-22 15:57:28.636 [info] > git config --get commit.template [5ms]
2026-08-22 15:57:28.644 [info] > git for-each-ref --format=%(refname)%00%(upstream:short)%00%(objectname)%00%(upstream:track)%00%(upstream:remotename)%00%(upstream:remoteref) refs/heads/master refs/remotes/master [8ms]
2026-08-22 15:57:28.644 [warning] [Git][getBranch] No such branch: master
2026-08-22 15:57:28.659 [info] > git for-each-ref --sort -committerdate --format %(refname)%00%(objectname)%00%(*objectname) [8ms]
2026-08-22 15:57:28.706 [info] > git status -z -uall [58ms]
2026-08-22 15:57:33.719 [info] > git config --get commit.template [5ms]
2026-08-22 15:57:33.728 [info] > git for-each-ref --format=%(refname)%00%(upstream:short)%00%(objectname)%00%(upstream:track)%00%(upstream:remotename)%00%(upstream:remoteref) refs/heads/master refs/remotes/master [9ms]
2026-08-22 15:57:33.728 [warning] [Git][getBranch] No such branch: master
2026-08-22 15:57:33.743 [info] > git for-each-ref --sort -committerdate --format %(refname)%00%(objectname)%00%(*objectname) [9ms]
2026-08-22 15:57:33.787 [info] > git status -z -uall [56ms]
2026-08-22 15:57:38.801 [info] > git config --get commit.template [7ms]
2026-08-22 15:57:38.808 [info] > git for-each-ref --format=%(refname)%00%(upstream:short)%00%(objectname)%00%(upstream:track)%00%(upstream:remotename)%00%(upstream:remoteref) refs/heads/master refs/remotes/master [8ms]
2026-08-22 15:57:38.808 [warning] [Git][getBranch] No such branch: master
2026-08-22 15:57:38.824 [info] > git for-each-ref --sort -committerdate --format %(refname)%00%(objectname)%00%(*objectname) [8ms]
2026-08-22 15:57:38.869 [info] > git status -z -uall [56ms]
2026-08-22 15:57:43.880 [info] > git config --get commit.template [5ms]
2026-08-22 15:57:43.889 [info] > git for-each-ref --format=%(refname)%00%(upstream:short)%00%(objectname)%00%(upstream:track)%00%(upstream:remotename)%00%(upstream:remoteref) refs/heads/master refs/remotes/master [10ms]
2026-08-22 15:57:43.889 [warning] [Git][getBranch] No such branch: master
2026-08-22 15:57:43.904 [info] > git for-each-ref --sort -committerdate --format %(refname)%00%(objectname)%00%(*objectname) [8ms]
2026-08-22 15:57:43.950 [info] > git status -z -uall [57ms]
2026-08-22 15:57:48.963 [info] > git config --get commit.template [5ms]
2026-08-22 15:57:48.972 [info] > git for-each-ref --format=%(refname)%00%(upstream:short)%00%(objectname)%00%(upstream:track)%00%(upstream:remotename)%00%(upstream:remoteref) refs/heads/master refs/remotes/master [10ms]
2026-08-22 15:57:48.972 [warning] [Git][getBranch] No such branch: master
2026-08-22 15:57:48.989 [info] > git for-each-ref --sort -committerdate --format %(refname)%00%(objectname)%00%(*objectname) [9ms]
2026-08-22 15:57:49.032 [info] > git status -z -uall [56ms]
2026-08-22 15:58:33.586 [info] > git config --get commit.template [5ms]
2026-08-22 15:58:33.599 [info] > git for-each-ref --format=%(refname)%00%(upstream:short)%00%(objectname)%00%(upstream:track)%00%(upstream:remotename)%00%(upstream:remoteref) refs/heads/master refs/remotes/master [14ms]
2026-08-22 15:58:33.599 [warning] [Git][getBranch] No such branch: master
2026-08-22 15:58:33.624 [info] > git for-each-ref --sort -committerdate --format %(refname)%00%(objectname)%00%(*objectname) [10ms]
2026-08-22 15:58:33.741 [info] > git status -z -uall [131ms]
