2026-08-16 15:25:21.692 [info] [main] Log level: Info
2026-08-16 15:25:21.693 [info] [main] Validating found git in: "git"
2026-08-16 15:25:21.695 [info] [main] Using git "2.25.1" from "git"
2026-08-16 15:25:21.695 [info] [Model][doInitialScan] Initial repository scan started
2026-08-16 15:25:21.695 [info] > git rev-parse --show-toplevel [8ms]
2026-08-16 15:25:21.695 [info] > git rev-parse --git-dir --git-common-dir --show-superproject-working-tree [8ms]
2026-08-16 15:25:21.695 [info] [Model][openRepository] Opened repository (path): /voc/work
2026-08-16 15:25:21.695 [info] [Model][openRepository] Opened repository (real path): /voc/work
2026-08-16 15:25:21.695 [info] [Model][openRepository] Opened repository (kind): repository
2026-08-16 15:25:21.695 [info] [Git][getRemotes] No remotes found in the git config file
2026-08-16 15:25:21.695 [info] > git config --get commit.template [7ms]
2026-08-16 15:25:21.695 [info] > git rev-parse --show-toplevel [8ms]
2026-08-16 15:25:21.695 [info] fatal: this operation must be run in a work tree
2026-08-16 15:25:21.695 [info] > git for-each-ref --format=%(refname)%00%(upstream:short)%00%(objectname)%00%(upstream:track)%00%(upstream:remotename)%00%(upstream:remoteref) refs/heads/master refs/remotes/master [10ms]
2026-08-16 15:25:21.695 [warning] [Git][getBranch] No such branch: master
2026-08-16 15:25:21.695 [info] > git rev-parse --show-toplevel [7ms]
2026-08-16 15:25:21.695 [info] > git rev-parse --show-toplevel [8ms]
2026-08-16 15:25:21.695 [info] > git for-each-ref --sort -committerdate --format %(refname)%00%(objectname)%00%(*objectname) [12ms]
2026-08-16 15:25:21.695 [info] > git rev-parse --show-toplevel [7ms]
2026-08-16 15:25:21.695 [info] > git rev-parse --show-toplevel [7ms]
2026-08-16 15:25:21.695 [info] > git rev-parse --show-toplevel [7ms]
2026-08-16 15:25:21.695 [info] > git rev-parse --show-toplevel [6ms]
2026-08-16 15:25:21.695 [info] > git rev-parse --show-toplevel [6ms]
2026-08-16 15:25:21.695 [info] > git rev-parse --show-toplevel [11ms]
2026-08-16 15:25:21.695 [info] > git rev-parse --show-toplevel [6ms]
2026-08-16 15:25:21.695 [info] > git rev-parse --show-toplevel [7ms]
2026-08-16 15:25:21.695 [info] > git rev-parse --show-toplevel [7ms]
2026-08-16 15:25:21.695 [info] [Model][doInitialScan] Initial repository scan completed - repositories (1), closed repositories (0), parent repositories (0), unsafe repositories (0)
2026-08-16 15:25:21.695 [info] > git status -z -uall [97ms]
2026-08-16 15:25:21.695 [info] [Git][getRemotes] No remotes found in the git config file
2026-08-16 15:25:21.695 [info] > git config --get commit.template [8ms]
2026-08-16 15:25:21.695 [info] > git for-each-ref --format=%(refname)%00%(upstream:short)%00%(objectname)%00%(upstream:track)%00%(upstream:remotename)%00%(upstream:remoteref) refs/heads/master refs/remotes/master [11ms]
2026-08-16 15:25:21.695 [warning] [Git][getBranch] No such branch: master
2026-08-16 15:25:21.695 [error] [GitHistoryProvider][resolveHEADMergeBase] Failed to resolve merge base for master: Error: No such branch: master.
2026-08-16 15:25:21.695 [info] > git for-each-ref --format=%(refname)%00%(upstream:short)%00%(objectname)%00%(upstream:track)%00%(upstream:remotename)%00%(upstream:remoteref) refs/heads/master refs/remotes/master [11ms]
2026-08-16 15:25:21.695 [warning] [Git][getBranch] No such branch: master
2026-08-16 15:25:21.695 [info] > git for-each-ref --sort -committerdate --format %(refname)%00%(objectname)%00%(*objectname) [11ms]
2026-08-16 15:25:21.695 [info] > git status -z -uall [115ms]
2026-08-16 15:25:22.332 [info] > git check-ignore -v -z --stdin [12ms]
2026-08-16 15:25:23.527 [info] > git show --textconv :.git/COMMIT_EDITMSG [12ms]
2026-08-16 15:25:23.531 [info] > git ls-files --stage -- .git/COMMIT_EDITMSG [14ms]
2026-08-16 15:25:23.536 [info] > git hash-object -t tree /dev/null [7ms]
2026-08-16 15:25:23.536 [warning] [GitFileSystemProvider][readFile] File not found - git:/voc/work/.git/COMMIT_EDITMSG.git?%7B%22path%22%3A%22%2Fvoc%2Fwork%2F.git%2FCOMMIT_EDITMSG%22%2C%22ref%22%3A%22%22%7D
2026-08-16 15:25:23.542 [info] > git hash-object -t tree /dev/null [9ms]
2026-08-16 15:25:23.542 [warning] [GitFileSystemProvider][stat] File not found - git:/voc/work/.git/COMMIT_EDITMSG.git?%7B%22path%22%3A%22%2Fvoc%2Fwork%2F.git%2FCOMMIT_EDITMSG%22%2C%22ref%22%3A%22%22%7D
2026-08-16 15:25:34.542 [info] [Git][getRemotes] No remotes found in the git config file
2026-08-16 15:25:34.548 [info] > git config --get commit.template [7ms]
2026-08-16 15:25:34.555 [info] > git for-each-ref --format=%(refname)%00%(upstream:short)%00%(objectname)%00%(upstream:track)%00%(upstream:remotename)%00%(upstream:remoteref) refs/heads/master refs/remotes/master [11ms]
2026-08-16 15:25:34.555 [warning] [Git][getBranch] No such branch: master
2026-08-16 15:25:34.573 [info] > git for-each-ref --sort -committerdate --format %(refname)%00%(objectname)%00%(*objectname) [12ms]
2026-08-16 15:25:34.674 [info] > git status -z -uall [115ms]
2026-08-16 15:25:39.683 [info] [Git][getRemotes] No remotes found in the git config file
2026-08-16 15:25:39.688 [info] > git config --get commit.template [8ms]
2026-08-16 15:25:39.693 [info] > git for-each-ref --format=%(refname)%00%(upstream:short)%00%(objectname)%00%(upstream:track)%00%(upstream:remotename)%00%(upstream:remoteref) refs/heads/master refs/remotes/master [10ms]
2026-08-16 15:25:39.693 [warning] [Git][getBranch] No such branch: master
2026-08-16 15:25:39.708 [info] > git for-each-ref --sort -committerdate --format %(refname)%00%(objectname)%00%(*objectname) [12ms]
2026-08-16 15:25:39.786 [info] > git status -z -uall [91ms]
2026-08-16 15:25:42.739 [info] > git log --format=%H%n%aN%n%aE%n%at%n%ct%n%P%n%D%n%B -z --shortstat -n50 --skip=0 --topo-order --decorate=full --stdin [9ms]
2026-08-16 15:25:42.739 [info] fatal: bad revision 'refs/heads/master'
2026-08-16 15:25:42.739 [error] [GitHistoryProvider][provideHistoryItems] Failed to get history items with options '{"historyItemRefs":["refs/heads/master"],"limit":50,"skip":0}': Failed to execute git {
  "exitCode": 128,
  "gitCommand": "log",
  "stdout": "",
  "stderr": "fatal: bad revision 'refs/heads/master'\n"
}
2026-08-16 15:25:43.256 [info] > git check-ignore -v -z --stdin [11ms]
2026-08-16 15:25:44.796 [info] [Git][getRemotes] No remotes found in the git config file
2026-08-16 15:25:44.801 [info] > git config --get commit.template [7ms]
2026-08-16 15:25:44.805 [info] > git for-each-ref --format=%(refname)%00%(upstream:short)%00%(objectname)%00%(upstream:track)%00%(upstream:remotename)%00%(upstream:remoteref) refs/heads/master refs/remotes/master [10ms]
2026-08-16 15:25:44.806 [warning] [Git][getBranch] No such branch: master
2026-08-16 15:25:44.821 [info] > git for-each-ref --sort -committerdate --format %(refname)%00%(objectname)%00%(*objectname) [12ms]
2026-08-16 15:25:44.907 [info] > git status -z -uall [100ms]
2026-08-16 15:25:47.105 [info] > git for-each-ref --sort -committerdate --format %(refname)%00%(objectname)%00%(*objectname)%00%(parent)%00%(*parent)%00%(authorname)%00%(*authorname)%00%(committerdate:unix)%00%(*committerdate:unix)%00%(subject)%00%(*subject)%00%(upstream:track) [10ms]
2026-08-16 15:25:49.912 [info] [Git][getRemotes] No remotes found in the git config file
2026-08-16 15:25:49.919 [info] > git config --get commit.template [8ms]
2026-08-16 15:25:49.925 [info] > git for-each-ref --format=%(refname)%00%(upstream:short)%00%(objectname)%00%(upstream:track)%00%(upstream:remotename)%00%(upstream:remoteref) refs/heads/master refs/remotes/master [11ms]
2026-08-16 15:25:49.925 [warning] [Git][getBranch] No such branch: master
2026-08-16 15:25:49.941 [info] > git for-each-ref --sort -committerdate --format %(refname)%00%(objectname)%00%(*objectname) [12ms]
2026-08-16 15:25:50.020 [info] > git status -z -uall [93ms]
2026-08-16 15:25:55.029 [info] [Git][getRemotes] No remotes found in the git config file
2026-08-16 15:25:55.033 [info] > git config --get commit.template [8ms]
2026-08-16 15:25:55.037 [info] > git for-each-ref --format=%(refname)%00%(upstream:short)%00%(objectname)%00%(upstream:track)%00%(upstream:remotename)%00%(upstream:remoteref) refs/heads/master refs/remotes/master [9ms]
2026-08-16 15:25:55.037 [warning] [Git][getBranch] No such branch: master
2026-08-16 15:25:55.051 [info] > git for-each-ref --sort -committerdate --format %(refname)%00%(objectname)%00%(*objectname) [10ms]
2026-08-16 15:25:55.125 [info] > git status -z -uall [86ms]
2026-08-16 15:26:00.134 [info] [Git][getRemotes] No remotes found in the git config file
2026-08-16 15:26:00.138 [info] > git config --get commit.template [7ms]
2026-08-16 15:26:00.146 [info] > git for-each-ref --format=%(refname)%00%(upstream:short)%00%(objectname)%00%(upstream:track)%00%(upstream:remotename)%00%(upstream:remoteref) refs/heads/master refs/remotes/master [12ms]
2026-08-16 15:26:00.146 [warning] [Git][getBranch] No such branch: master
2026-08-16 15:26:00.167 [info] > git for-each-ref --sort -committerdate --format %(refname)%00%(objectname)%00%(*objectname) [13ms]
2026-08-16 15:26:00.245 [info] > git status -z -uall [93ms]
2026-08-16 15:26:05.253 [info] [Git][getRemotes] No remotes found in the git config file
2026-08-16 15:26:05.258 [info] > git config --get commit.template [8ms]
2026-08-16 15:26:05.264 [info] > git for-each-ref --format=%(refname)%00%(upstream:short)%00%(objectname)%00%(upstream:track)%00%(upstream:remotename)%00%(upstream:remoteref) refs/heads/master refs/remotes/master [11ms]
2026-08-16 15:26:05.264 [warning] [Git][getBranch] No such branch: master
2026-08-16 15:26:05.278 [info] > git for-each-ref --sort -committerdate --format %(refname)%00%(objectname)%00%(*objectname) [11ms]
2026-08-16 15:26:05.358 [info] > git status -z -uall [93ms]
2026-08-16 15:26:10.365 [info] [Git][getRemotes] No remotes found in the git config file
2026-08-16 15:26:10.371 [info] > git config --get commit.template [8ms]
2026-08-16 15:26:10.379 [info] > git for-each-ref --format=%(refname)%00%(upstream:short)%00%(objectname)%00%(upstream:track)%00%(upstream:remotename)%00%(upstream:remoteref) refs/heads/master refs/remotes/master [12ms]
2026-08-16 15:26:10.379 [warning] [Git][getBranch] No such branch: master
2026-08-16 15:26:10.402 [info] > git for-each-ref --sort -committerdate --format %(refname)%00%(objectname)%00%(*objectname) [19ms]
2026-08-16 15:26:10.485 [info] > git status -z -uall [104ms]
2026-08-16 15:26:15.493 [info] [Git][getRemotes] No remotes found in the git config file
2026-08-16 15:26:15.497 [info] > git config --get commit.template [7ms]
2026-08-16 15:26:15.503 [info] > git for-each-ref --format=%(refname)%00%(upstream:short)%00%(objectname)%00%(upstream:track)%00%(upstream:remotename)%00%(upstream:remoteref) refs/heads/master refs/remotes/master [10ms]
2026-08-16 15:26:15.503 [warning] [Git][getBranch] No such branch: master
2026-08-16 15:26:15.517 [info] > git for-each-ref --sort -committerdate --format %(refname)%00%(objectname)%00%(*objectname) [11ms]
2026-08-16 15:26:15.597 [info] > git status -z -uall [93ms]
2026-08-16 15:26:16.200 [info] > git check-ignore -v -z --stdin [11ms]
2026-08-16 15:26:19.039 [info] > git check-ignore -v -z --stdin [11ms]
2026-08-16 15:26:20.604 [info] [Git][getRemotes] No remotes found in the git config file
2026-08-16 15:26:20.610 [info] > git config --get commit.template [8ms]
2026-08-16 15:26:20.615 [info] > git for-each-ref --format=%(refname)%00%(upstream:short)%00%(objectname)%00%(upstream:track)%00%(upstream:remotename)%00%(upstream:remoteref) refs/heads/master refs/remotes/master [11ms]
2026-08-16 15:26:20.615 [warning] [Git][getBranch] No such branch: master
2026-08-16 15:26:20.630 [info] > git for-each-ref --sort -committerdate --format %(refname)%00%(objectname)%00%(*objectname) [12ms]
2026-08-16 15:26:20.778 [info] > git status -z -uall [161ms]
2026-08-16 15:26:21.451 [info] [Git][getRemotes] No remotes found in the git config file
2026-08-16 15:26:21.458 [info] > git config --get commit.template [8ms]
2026-08-16 15:26:21.464 [info] > git for-each-ref --format=%(refname)%00%(upstream:short)%00%(objectname)%00%(upstream:track)%00%(upstream:remotename)%00%(upstream:remoteref) refs/heads/master refs/remotes/master [11ms]
2026-08-16 15:26:21.464 [warning] [Git][getBranch] No such branch: master
2026-08-16 15:26:21.478 [info] > git for-each-ref --sort -committerdate --format %(refname)%00%(objectname)%00%(*objectname) [10ms]
2026-08-16 15:26:21.580 [info] > git status -z -uall [114ms]
2026-08-16 15:26:23.321 [info] [Git][getRemotes] No remotes found in the git config file
2026-08-16 15:26:23.326 [info] > git config --get commit.template [7ms]
2026-08-16 15:26:23.331 [info] > git for-each-ref --format=%(refname)%00%(upstream:short)%00%(objectname)%00%(upstream:track)%00%(upstream:remotename)%00%(upstream:remoteref) refs/heads/master refs/remotes/master [10ms]
2026-08-16 15:26:23.331 [warning] [Git][getBranch] No such branch: master
2026-08-16 15:26:23.345 [info] > git for-each-ref --sort -committerdate --format %(refname)%00%(objectname)%00%(*objectname) [11ms]
2026-08-16 15:26:23.418 [info] > git status -z -uall [85ms]
2026-08-16 15:26:25.787 [info] [Git][getRemotes] No remotes found in the git config file
2026-08-16 15:26:25.792 [info] > git config --get commit.template [8ms]
2026-08-16 15:26:25.798 [info] > git for-each-ref --format=%(refname)%00%(upstream:short)%00%(objectname)%00%(upstream:track)%00%(upstream:remotename)%00%(upstream:remoteref) refs/heads/master refs/remotes/master [11ms]
2026-08-16 15:26:25.798 [warning] [Git][getBranch] No such branch: master
2026-08-16 15:26:25.813 [info] > git for-each-ref --sort -committerdate --format %(refname)%00%(objectname)%00%(*objectname) [12ms]
2026-08-16 15:26:25.895 [info] > git status -z -uall [95ms]
2026-08-16 15:26:30.902 [info] [Git][getRemotes] No remotes found in the git config file
2026-08-16 15:26:30.908 [info] > git config --get commit.template [7ms]
2026-08-16 15:26:30.917 [info] > git for-each-ref --format=%(refname)%00%(upstream:short)%00%(objectname)%00%(upstream:track)%00%(upstream:remotename)%00%(upstream:remoteref) refs/heads/master refs/remotes/master [13ms]
2026-08-16 15:26:30.917 [warning] [Git][getBranch] No such branch: master
2026-08-16 15:26:30.934 [info] > git for-each-ref --sort -committerdate --format %(refname)%00%(objectname)%00%(*objectname) [14ms]
2026-08-16 15:26:31.017 [info] > git status -z -uall [99ms]
2026-08-16 15:26:36.025 [info] [Git][getRemotes] No remotes found in the git config file
2026-08-16 15:26:36.029 [info] > git config --get commit.template [7ms]
2026-08-16 15:26:36.034 [info] > git for-each-ref --format=%(refname)%00%(upstream:short)%00%(objectname)%00%(upstream:track)%00%(upstream:remotename)%00%(upstream:remoteref) refs/heads/master refs/remotes/master [9ms]
2026-08-16 15:26:36.034 [warning] [Git][getBranch] No such branch: master
2026-08-16 15:26:36.050 [info] > git for-each-ref --sort -committerdate --format %(refname)%00%(objectname)%00%(*objectname) [13ms]
2026-08-16 15:26:36.135 [info] > git status -z -uall [99ms]
2026-08-16 15:26:36.896 [info] > git show --textconv :W1_package/docs/adr/ADR.MD [32ms]
2026-08-16 15:26:36.896 [info] > git show --textconv HEAD:W1_package/docs/adr/ADR.MD [30ms]
2026-08-16 15:26:36.896 [info] > git ls-files --stage -- W1_package/docs/adr/ADR.MD [29ms]
2026-08-16 15:26:36.898 [warning] [GitFileSystemProvider][readFile] File not found - git:/voc/work/W1_package/docs/adr/ADR.MD.git?%7B%22path%22%3A%22%2Fvoc%2Fwork%2FW1_package%2Fdocs%2Fadr%2FADR.MD%22%2C%22ref%22%3A%22HEAD%22%7D
2026-08-16 15:26:36.909 [info] > git ls-tree -l HEAD -- W1_package/docs/adr/ADR.MD [13ms]
2026-08-16 15:26:36.909 [info] fatal: Not a valid object name HEAD
2026-08-16 15:26:36.909 [warning] [GitFileSystemProvider][stat] File not found - git:/voc/work/W1_package/docs/adr/ADR.MD.git?%7B%22path%22%3A%22%2Fvoc%2Fwork%2FW1_package%2Fdocs%2Fadr%2FADR.MD%22%2C%22ref%22%3A%22HEAD%22%7D
2026-08-16 15:26:36.915 [info] > git cat-file -s 2525547196611fab31d4c6c588f0f3f5c92b6251 [17ms]
2026-08-16 15:26:41.144 [info] [Git][getRemotes] No remotes found in the git config file
2026-08-16 15:26:41.149 [info] > git config --get commit.template [7ms]
2026-08-16 15:26:41.154 [info] > git for-each-ref --format=%(refname)%00%(upstream:short)%00%(objectname)%00%(upstream:track)%00%(upstream:remotename)%00%(upstream:remoteref) refs/heads/master refs/remotes/master [11ms]
2026-08-16 15:26:41.154 [warning] [Git][getBranch] No such branch: master
2026-08-16 15:26:41.170 [info] > git for-each-ref --sort -committerdate --format %(refname)%00%(objectname)%00%(*objectname) [11ms]
2026-08-16 15:26:41.252 [info] > git status -z -uall [96ms]
2026-08-16 15:26:44.955 [info] > git log --format=%H%n%aN%n%aE%n%at%n%ct%n%P%n%D%n%B -z --shortstat -n50 --skip=0 --topo-order --decorate=full --stdin [9ms]
2026-08-16 15:26:44.955 [info] fatal: bad revision 'refs/heads/master'
2026-08-16 15:26:44.956 [error] [GitHistoryProvider][provideHistoryItems] Failed to get history items with options '{"historyItemRefs":["refs/heads/master"],"limit":50,"skip":0}': Failed to execute git {
  "exitCode": 128,
  "gitCommand": "log",
  "stdout": "",
  "stderr": "fatal: bad revision 'refs/heads/master'\n"
}
2026-08-16 15:26:46.260 [info] [Git][getRemotes] No remotes found in the git config file
2026-08-16 15:26:46.264 [info] > git config --get commit.template [7ms]
2026-08-16 15:26:46.270 [info] > git for-each-ref --format=%(refname)%00%(upstream:short)%00%(objectname)%00%(upstream:track)%00%(upstream:remotename)%00%(upstream:remoteref) refs/heads/master refs/remotes/master [10ms]
2026-08-16 15:26:46.270 [warning] [Git][getBranch] No such branch: master
2026-08-16 15:26:46.288 [info] > git for-each-ref --sort -committerdate --format %(refname)%00%(objectname)%00%(*objectname) [11ms]
2026-08-16 15:26:46.377 [info] > git status -z -uall [102ms]
2026-08-16 15:26:51.386 [info] [Git][getRemotes] No remotes found in the git config file
2026-08-16 15:26:51.391 [info] > git config --get commit.template [9ms]
2026-08-16 15:26:51.396 [info] > git for-each-ref --format=%(refname)%00%(upstream:short)%00%(objectname)%00%(upstream:track)%00%(upstream:remotename)%00%(upstream:remoteref) refs/heads/master refs/remotes/master [10ms]
2026-08-16 15:26:51.396 [warning] [Git][getBranch] No such branch: master
2026-08-16 15:26:51.410 [info] > git for-each-ref --sort -committerdate --format %(refname)%00%(objectname)%00%(*objectname) [10ms]
2026-08-16 15:26:51.491 [info] > git status -z -uall [93ms]
2026-08-16 15:26:56.498 [info] [Git][getRemotes] No remotes found in the git config file
2026-08-16 15:26:56.504 [info] > git config --get commit.template [7ms]
2026-08-16 15:26:56.509 [info] > git for-each-ref --format=%(refname)%00%(upstream:short)%00%(objectname)%00%(upstream:track)%00%(upstream:remotename)%00%(upstream:remoteref) refs/heads/master refs/remotes/master [9ms]
2026-08-16 15:26:56.509 [warning] [Git][getBranch] No such branch: master
2026-08-16 15:26:56.524 [info] > git for-each-ref --sort -committerdate --format %(refname)%00%(objectname)%00%(*objectname) [11ms]
2026-08-16 15:26:56.603 [info] > git status -z -uall [92ms]
2026-08-16 15:27:01.611 [info] [Git][getRemotes] No remotes found in the git config file
2026-08-16 15:27:01.617 [info] > git config --get commit.template [7ms]
2026-08-16 15:27:01.623 [info] > git for-each-ref --format=%(refname)%00%(upstream:short)%00%(objectname)%00%(upstream:track)%00%(upstream:remotename)%00%(upstream:remoteref) refs/heads/master refs/remotes/master [10ms]
2026-08-16 15:27:01.623 [warning] [Git][getBranch] No such branch: master
2026-08-16 15:27:01.638 [info] > git for-each-ref --sort -committerdate --format %(refname)%00%(objectname)%00%(*objectname) [11ms]
2026-08-16 15:27:01.721 [info] > git status -z -uall [96ms]
2026-08-16 15:27:20.179 [info] [Git][getRemotes] No remotes found in the git config file
2026-08-16 15:27:20.183 [info] > git config --get commit.template [7ms]
2026-08-16 15:27:20.189 [info] > git for-each-ref --format=%(refname)%00%(upstream:short)%00%(objectname)%00%(upstream:track)%00%(upstream:remotename)%00%(upstream:remoteref) refs/heads/master refs/remotes/master [11ms]
2026-08-16 15:27:20.189 [warning] [Git][getBranch] No such branch: master
2026-08-16 15:27:20.203 [info] > git for-each-ref --sort -committerdate --format %(refname)%00%(objectname)%00%(*objectname) [10ms]
2026-08-16 15:27:20.281 [info] > git status -z -uall [90ms]
2026-08-16 15:27:47.630 [info] [Git][getRemotes] No remotes found in the git config file
2026-08-16 15:27:47.635 [info] > git config --get commit.template [8ms]
2026-08-16 15:27:47.640 [info] > git for-each-ref --format=%(refname)%00%(upstream:short)%00%(objectname)%00%(upstream:track)%00%(upstream:remotename)%00%(upstream:remoteref) refs/heads/master refs/remotes/master [10ms]
2026-08-16 15:27:47.640 [warning] [Git][getBranch] No such branch: master
2026-08-16 15:27:47.656 [info] > git for-each-ref --sort -committerdate --format %(refname)%00%(objectname)%00%(*objectname) [12ms]
2026-08-16 15:27:47.847 [info] > git status -z -uall [205ms]
2026-08-16 15:27:52.855 [info] [Git][getRemotes] No remotes found in the git config file
2026-08-16 15:27:52.860 [info] > git config --get commit.template [7ms]
2026-08-16 15:27:52.865 [info] > git for-each-ref --format=%(refname)%00%(upstream:short)%00%(objectname)%00%(upstream:track)%00%(upstream:remotename)%00%(upstream:remoteref) refs/heads/master refs/remotes/master [10ms]
2026-08-16 15:27:52.865 [warning] [Git][getBranch] No such branch: master
2026-08-16 15:27:52.880 [info] > git for-each-ref --sort -committerdate --format %(refname)%00%(objectname)%00%(*objectname) [11ms]
2026-08-16 15:27:52.956 [info] > git status -z -uall [89ms]
2026-08-16 15:27:57.964 [info] [Git][getRemotes] No remotes found in the git config file
2026-08-16 15:27:57.970 [info] > git config --get commit.template [7ms]
2026-08-16 15:27:57.977 [info] > git for-each-ref --format=%(refname)%00%(upstream:short)%00%(objectname)%00%(upstream:track)%00%(upstream:remotename)%00%(upstream:remoteref) refs/heads/master refs/remotes/master [11ms]
2026-08-16 15:27:57.977 [warning] [Git][getBranch] No such branch: master
2026-08-16 15:27:57.993 [info] > git for-each-ref --sort -committerdate --format %(refname)%00%(objectname)%00%(*objectname) [12ms]
2026-08-16 15:27:58.071 [info] > git status -z -uall [91ms]
2026-08-16 15:28:03.080 [info] [Git][getRemotes] No remotes found in the git config file
2026-08-16 15:28:03.086 [info] > git config --get commit.template [9ms]
2026-08-16 15:28:03.092 [info] > git for-each-ref --format=%(refname)%00%(upstream:short)%00%(objectname)%00%(upstream:track)%00%(upstream:remotename)%00%(upstream:remoteref) refs/heads/master refs/remotes/master [12ms]
2026-08-16 15:28:03.092 [warning] [Git][getBranch] No such branch: master
2026-08-16 15:28:03.110 [info] > git for-each-ref --sort -committerdate --format %(refname)%00%(objectname)%00%(*objectname) [15ms]
2026-08-16 15:28:03.188 [info] > git status -z -uall [95ms]
2026-08-16 15:28:03.651 [info] > git log --format=%H%n%aN%n%aE%n%at%n%ct%n%P%n%D%n%B -z --shortstat -n50 --skip=0 --topo-order --decorate=full --stdin [10ms]
2026-08-16 15:28:03.651 [info] fatal: bad revision 'refs/heads/master'
2026-08-16 15:28:03.651 [error] [GitHistoryProvider][provideHistoryItems] Failed to get history items with options '{"historyItemRefs":["refs/heads/master"],"limit":50,"skip":0}': Failed to execute git {
  "exitCode": 128,
  "gitCommand": "log",
  "stdout": "",
  "stderr": "fatal: bad revision 'refs/heads/master'\n"
}
2026-08-16 15:28:08.197 [info] [Git][getRemotes] No remotes found in the git config file
2026-08-16 15:28:08.201 [info] > git config --get commit.template [7ms]
2026-08-16 15:28:08.206 [info] > git for-each-ref --format=%(refname)%00%(upstream:short)%00%(objectname)%00%(upstream:track)%00%(upstream:remotename)%00%(upstream:remoteref) refs/heads/master refs/remotes/master [10ms]
2026-08-16 15:28:08.206 [warning] [Git][getBranch] No such branch: master
2026-08-16 15:28:08.221 [info] > git for-each-ref --sort -committerdate --format %(refname)%00%(objectname)%00%(*objectname) [11ms]
2026-08-16 15:28:08.295 [info] > git status -z -uall [87ms]
2026-08-16 15:28:13.302 [info] [Git][getRemotes] No remotes found in the git config file
2026-08-16 15:28:13.307 [info] > git config --get commit.template [7ms]
2026-08-16 15:28:13.312 [info] > git for-each-ref --format=%(refname)%00%(upstream:short)%00%(objectname)%00%(upstream:track)%00%(upstream:remotename)%00%(upstream:remoteref) refs/heads/master refs/remotes/master [10ms]
2026-08-16 15:28:13.312 [warning] [Git][getBranch] No such branch: master
2026-08-16 15:28:13.328 [info] > git for-each-ref --sort -committerdate --format %(refname)%00%(objectname)%00%(*objectname) [12ms]
2026-08-16 15:28:13.402 [info] > git status -z -uall [88ms]
2026-08-16 15:28:18.412 [info] [Git][getRemotes] No remotes found in the git config file
2026-08-16 15:28:18.419 [info] > git config --get commit.template [10ms]
2026-08-16 15:28:18.426 [info] > git for-each-ref --format=%(refname)%00%(upstream:short)%00%(objectname)%00%(upstream:track)%00%(upstream:remotename)%00%(upstream:remoteref) refs/heads/master refs/remotes/master [14ms]
2026-08-16 15:28:18.426 [warning] [Git][getBranch] No such branch: master
2026-08-16 15:28:18.443 [info] > git for-each-ref --sort -committerdate --format %(refname)%00%(objectname)%00%(*objectname) [14ms]
2026-08-16 15:28:18.531 [info] > git status -z -uall [103ms]
2026-08-16 15:28:23.538 [info] [Git][getRemotes] No remotes found in the git config file
2026-08-16 15:28:23.546 [info] > git config --get commit.template [8ms]
2026-08-16 15:28:23.553 [info] > git for-each-ref --format=%(refname)%00%(upstream:short)%00%(objectname)%00%(upstream:track)%00%(upstream:remotename)%00%(upstream:remoteref) refs/heads/master refs/remotes/master [13ms]
2026-08-16 15:28:23.553 [warning] [Git][getBranch] No such branch: master
2026-08-16 15:28:23.569 [info] > git for-each-ref --sort -committerdate --format %(refname)%00%(objectname)%00%(*objectname) [12ms]
2026-08-16 15:28:23.653 [info] > git status -z -uall [98ms]
2026-08-16 15:28:28.660 [info] [Git][getRemotes] No remotes found in the git config file
2026-08-16 15:28:28.666 [info] > git config --get commit.template [7ms]
2026-08-16 15:28:28.673 [info] > git for-each-ref --format=%(refname)%00%(upstream:short)%00%(objectname)%00%(upstream:track)%00%(upstream:remotename)%00%(upstream:remoteref) refs/heads/master refs/remotes/master [11ms]
2026-08-16 15:28:28.673 [warning] [Git][getBranch] No such branch: master
2026-08-16 15:28:28.688 [info] > git for-each-ref --sort -committerdate --format %(refname)%00%(objectname)%00%(*objectname) [11ms]
2026-08-16 15:28:28.767 [info] > git status -z -uall [92ms]
2026-08-16 15:28:33.777 [info] [Git][getRemotes] No remotes found in the git config file
2026-08-16 15:28:33.783 [info] > git config --get commit.template [9ms]
2026-08-16 15:28:33.788 [info] > git for-each-ref --format=%(refname)%00%(upstream:short)%00%(objectname)%00%(upstream:track)%00%(upstream:remotename)%00%(upstream:remoteref) refs/heads/master refs/remotes/master [11ms]
2026-08-16 15:28:33.788 [warning] [Git][getBranch] No such branch: master
2026-08-16 15:28:33.807 [info] > git for-each-ref --sort -committerdate --format %(refname)%00%(objectname)%00%(*objectname) [12ms]
2026-08-16 15:28:33.885 [info] > git status -z -uall [91ms]
2026-08-16 15:28:38.893 [info] [Git][getRemotes] No remotes found in the git config file
2026-08-16 15:28:38.899 [info] > git config --get commit.template [7ms]
2026-08-16 15:28:38.906 [info] > git for-each-ref --format=%(refname)%00%(upstream:short)%00%(objectname)%00%(upstream:track)%00%(upstream:remotename)%00%(upstream:remoteref) refs/heads/master refs/remotes/master [11ms]
2026-08-16 15:28:38.906 [warning] [Git][getBranch] No such branch: master
2026-08-16 15:28:38.924 [info] > git for-each-ref --sort -committerdate --format %(refname)%00%(objectname)%00%(*objectname) [14ms]
2026-08-16 15:28:39.003 [info] > git status -z -uall [95ms]
2026-08-16 15:28:39.404 [info] > git check-ignore -v -z --stdin [11ms]
2026-08-16 15:28:44.011 [info] [Git][getRemotes] No remotes found in the git config file
2026-08-16 15:28:44.016 [info] > git config --get commit.template [8ms]
2026-08-16 15:28:44.021 [info] > git for-each-ref --format=%(refname)%00%(upstream:short)%00%(objectname)%00%(upstream:track)%00%(upstream:remotename)%00%(upstream:remoteref) refs/heads/master refs/remotes/master [11ms]
2026-08-16 15:28:44.021 [warning] [Git][getBranch] No such branch: master
2026-08-16 15:28:44.037 [info] > git for-each-ref --sort -committerdate --format %(refname)%00%(objectname)%00%(*objectname) [11ms]
2026-08-16 15:28:44.114 [info] > git status -z -uall [91ms]
2026-08-16 15:28:49.121 [info] [Git][getRemotes] No remotes found in the git config file
2026-08-16 15:28:49.128 [info] > git config --get commit.template [8ms]
2026-08-16 15:28:49.134 [info] > git for-each-ref --format=%(refname)%00%(upstream:short)%00%(objectname)%00%(upstream:track)%00%(upstream:remotename)%00%(upstream:remoteref) refs/heads/master refs/remotes/master [11ms]
2026-08-16 15:28:49.134 [warning] [Git][getBranch] No such branch: master
2026-08-16 15:28:49.149 [info] > git for-each-ref --sort -committerdate --format %(refname)%00%(objectname)%00%(*objectname) [12ms]
2026-08-16 15:28:49.332 [info] > git status -z -uall [196ms]
2026-08-16 15:28:54.341 [info] [Git][getRemotes] No remotes found in the git config file
2026-08-16 15:28:54.345 [info] > git config --get commit.template [7ms]
2026-08-16 15:28:54.351 [info] > git for-each-ref --format=%(refname)%00%(upstream:short)%00%(objectname)%00%(upstream:track)%00%(upstream:remotename)%00%(upstream:remoteref) refs/heads/master refs/remotes/master [11ms]
2026-08-16 15:28:54.351 [warning] [Git][getBranch] No such branch: master
2026-08-16 15:28:54.366 [info] > git for-each-ref --sort -committerdate --format %(refname)%00%(objectname)%00%(*objectname) [12ms]
2026-08-16 15:28:54.445 [info] > git status -z -uall [93ms]
2026-08-16 15:28:57.110 [info] > git ls-files --stage -- __pycache__/sample1.cpython-310.pyc [11ms]
2026-08-16 15:28:57.122 [info] > git show --textconv :__pycache__/sample1.cpython-310.pyc [25ms]
2026-08-16 15:28:57.129 [info] > git cat-file -s f7effc0f1ba1b5fef612898eb7194a0fb755c4e6 [16ms]
2026-08-16 15:28:57.380 [info] > git ls-files --stage -- __pycache__/sample1.cpython-310.pyc [10ms]
2026-08-16 15:28:57.393 [info] > git cat-file -s f7effc0f1ba1b5fef612898eb7194a0fb755c4e6 [12ms]
2026-08-16 15:28:57.615 [info] > git check-ignore -v -z --stdin [12ms]
2026-08-16 15:28:57.645 [info] > git ls-files --stage -- __pycache__/sample1.cpython-310.pyc [10ms]
2026-08-16 15:28:57.658 [info] > git cat-file -s f7effc0f1ba1b5fef612898eb7194a0fb755c4e6 [11ms]
2026-08-16 15:28:59.451 [info] [Git][getRemotes] No remotes found in the git config file
2026-08-16 15:28:59.457 [info] > git config --get commit.template [7ms]
2026-08-16 15:28:59.463 [info] > git for-each-ref --format=%(refname)%00%(upstream:short)%00%(objectname)%00%(upstream:track)%00%(upstream:remotename)%00%(upstream:remoteref) refs/heads/master refs/remotes/master [11ms]
2026-08-16 15:28:59.463 [warning] [Git][getBranch] No such branch: master
2026-08-16 15:28:59.478 [info] > git for-each-ref --sort -committerdate --format %(refname)%00%(objectname)%00%(*objectname) [12ms]
2026-08-16 15:28:59.556 [info] > git status -z -uall [91ms]
2026-08-16 15:29:04.565 [info] [Git][getRemotes] No remotes found in the git config file
2026-08-16 15:29:04.569 [info] > git config --get commit.template [7ms]
2026-08-16 15:29:04.574 [info] > git for-each-ref --format=%(refname)%00%(upstream:short)%00%(objectname)%00%(upstream:track)%00%(upstream:remotename)%00%(upstream:remoteref) refs/heads/master refs/remotes/master [9ms]
2026-08-16 15:29:04.575 [warning] [Git][getBranch] No such branch: master
2026-08-16 15:29:04.590 [info] > git for-each-ref --sort -committerdate --format %(refname)%00%(objectname)%00%(*objectname) [12ms]
2026-08-16 15:29:04.666 [info] > git status -z -uall [90ms]
2026-08-16 15:29:09.675 [info] [Git][getRemotes] No remotes found in the git config file
2026-08-16 15:29:09.680 [info] > git config --get commit.template [8ms]
2026-08-16 15:29:09.685 [info] > git for-each-ref --format=%(refname)%00%(upstream:short)%00%(objectname)%00%(upstream:track)%00%(upstream:remotename)%00%(upstream:remoteref) refs/heads/master refs/remotes/master [10ms]
2026-08-16 15:29:09.685 [warning] [Git][getBranch] No such branch: master
2026-08-16 15:29:09.700 [info] > git for-each-ref --sort -committerdate --format %(refname)%00%(objectname)%00%(*objectname) [11ms]
2026-08-16 15:29:09.781 [info] > git status -z -uall [94ms]
2026-08-16 15:29:14.790 [info] [Git][getRemotes] No remotes found in the git config file
2026-08-16 15:29:14.793 [info] > git config --get commit.template [6ms]
2026-08-16 15:29:14.800 [info] > git for-each-ref --format=%(refname)%00%(upstream:short)%00%(objectname)%00%(upstream:track)%00%(upstream:remotename)%00%(upstream:remoteref) refs/heads/master refs/remotes/master [10ms]
2026-08-16 15:29:14.800 [warning] [Git][getBranch] No such branch: master
2026-08-16 15:29:14.814 [info] > git for-each-ref --sort -committerdate --format %(refname)%00%(objectname)%00%(*objectname) [10ms]
2026-08-16 15:29:14.890 [info] > git status -z -uall [88ms]
2026-08-16 15:29:17.152 [info] > git log --format=%H%n%aN%n%aE%n%at%n%ct%n%P%n%D%n%B -z --shortstat -n50 --skip=0 --topo-order --decorate=full --stdin [9ms]
2026-08-16 15:29:17.152 [info] fatal: bad revision 'refs/heads/master'
2026-08-16 15:29:17.152 [error] [GitHistoryProvider][provideHistoryItems] Failed to get history items with options '{"historyItemRefs":["refs/heads/master"],"limit":50,"skip":0}': Failed to execute git {
  "exitCode": 128,
  "gitCommand": "log",
  "stdout": "",
  "stderr": "fatal: bad revision 'refs/heads/master'\n"
}
2026-08-16 15:29:19.898 [info] [Git][getRemotes] No remotes found in the git config file
2026-08-16 15:29:19.902 [info] > git config --get commit.template [7ms]
2026-08-16 15:29:19.907 [info] > git for-each-ref --format=%(refname)%00%(upstream:short)%00%(objectname)%00%(upstream:track)%00%(upstream:remotename)%00%(upstream:remoteref) refs/heads/master refs/remotes/master [10ms]
2026-08-16 15:29:19.907 [warning] [Git][getBranch] No such branch: master
2026-08-16 15:29:19.922 [info] > git for-each-ref --sort -committerdate --format %(refname)%00%(objectname)%00%(*objectname) [11ms]
2026-08-16 15:29:19.998 [info] > git status -z -uall [89ms]
2026-08-16 15:29:25.008 [info] [Git][getRemotes] No remotes found in the git config file
2026-08-16 15:29:25.012 [info] > git config --get commit.template [8ms]
2026-08-16 15:29:25.018 [info] > git for-each-ref --format=%(refname)%00%(upstream:short)%00%(objectname)%00%(upstream:track)%00%(upstream:remotename)%00%(upstream:remoteref) refs/heads/master refs/remotes/master [11ms]
2026-08-16 15:29:25.018 [warning] [Git][getBranch] No such branch: master
2026-08-16 15:29:25.034 [info] > git for-each-ref --sort -committerdate --format %(refname)%00%(objectname)%00%(*objectname) [12ms]
2026-08-16 15:29:25.112 [info] > git status -z -uall [92ms]
2026-08-16 15:29:30.119 [info] [Git][getRemotes] No remotes found in the git config file
2026-08-16 15:29:30.125 [info] > git config --get commit.template [9ms]
2026-08-16 15:29:30.130 [info] > git for-each-ref --format=%(refname)%00%(upstream:short)%00%(objectname)%00%(upstream:track)%00%(upstream:remotename)%00%(upstream:remoteref) refs/heads/master refs/remotes/master [11ms]
2026-08-16 15:29:30.130 [warning] [Git][getBranch] No such branch: master
2026-08-16 15:29:30.146 [info] > git for-each-ref --sort -committerdate --format %(refname)%00%(objectname)%00%(*objectname) [12ms]
2026-08-16 15:29:30.226 [info] > git status -z -uall [94ms]
2026-08-16 15:29:35.233 [info] [Git][getRemotes] No remotes found in the git config file
2026-08-16 15:29:35.240 [info] > git config --get commit.template [8ms]
2026-08-16 15:29:35.246 [info] > git for-each-ref --format=%(refname)%00%(upstream:short)%00%(objectname)%00%(upstream:track)%00%(upstream:remotename)%00%(upstream:remoteref) refs/heads/master refs/remotes/master [11ms]
2026-08-16 15:29:35.246 [warning] [Git][getBranch] No such branch: master
2026-08-16 15:29:35.261 [info] > git for-each-ref --sort -committerdate --format %(refname)%00%(objectname)%00%(*objectname) [11ms]
2026-08-16 15:29:35.337 [info] > git status -z -uall [89ms]
2026-08-16 15:29:38.541 [info] > git show --textconv :.git/COMMIT_EDITMSG [12ms]
2026-08-16 15:29:38.542 [warning] [GitFileSystemProvider][readFile] File not found - git:/voc/work/.git/COMMIT_EDITMSG.git?%7B%22path%22%3A%22%2Fvoc%2Fwork%2F.git%2FCOMMIT_EDITMSG%22%2C%22ref%22%3A%22%22%7D
2026-08-16 15:29:38.545 [info] > git ls-files --stage -- .git/COMMIT_EDITMSG [14ms]
2026-08-16 15:29:38.545 [warning] [GitFileSystemProvider][stat] File not found - git:/voc/work/.git/COMMIT_EDITMSG.git?%7B%22path%22%3A%22%2Fvoc%2Fwork%2F.git%2FCOMMIT_EDITMSG%22%2C%22ref%22%3A%22%22%7D
2026-08-16 15:30:57.354 [info] > git check-ignore -v -z --stdin [16ms]
2026-08-16 15:30:58.890 [info] > git ls-files --stage -- .bash_history [12ms]
2026-08-16 15:30:58.900 [info] > git show --textconv :.bash_history [24ms]
2026-08-16 15:30:58.906 [info] > git cat-file -s 69df7cd018c13654a54f24e4272045e54cefadf6 [14ms]
2026-08-16 15:30:59.393 [info] > git check-ignore -v -z --stdin [12ms]
2026-08-16 15:31:05.237 [info] > git check-ignore -v -z --stdin [13ms]
2026-08-16 15:31:09.590 [info] > git check-ignore -v -z --stdin [16ms]
2026-08-16 15:31:10.693 [info] > git check-ignore -v -z --stdin [19ms]
2026-08-16 15:31:11.993 [info] > git check-ignore -v -z --stdin [12ms]
2026-08-16 15:31:14.958 [info] > git ls-files --stage -- .gitconfig [12ms]
2026-08-16 15:31:14.967 [info] > git show --textconv :.gitconfig [23ms]
2026-08-16 15:31:14.974 [info] > git cat-file -s be36d8eb7c4c617bf9740d06bd9c841fb2aef987 [15ms]
2026-08-16 15:31:15.462 [info] > git check-ignore -v -z --stdin [11ms]
2026-08-16 15:31:23.542 [info] > git ls-files --stage -- .gitconfig [12ms]
2026-08-16 15:31:23.546 [info] > git show --textconv HEAD:.gitconfig [18ms]
2026-08-16 15:31:23.547 [warning] [GitFileSystemProvider][readFile] File not found - git:/voc/work/.gitconfig.git?%7B%22path%22%3A%22%2Fvoc%2Fwork%2F.gitconfig%22%2C%22ref%22%3A%22HEAD%22%7D
2026-08-16 15:31:23.547 [info] > git ls-tree -l HEAD -- .gitconfig [15ms]
2026-08-16 15:31:23.550 [info] fatal: Not a valid object name HEAD
2026-08-16 15:31:23.551 [warning] [GitFileSystemProvider][stat] File not found - git:/voc/work/.gitconfig.git?%7B%22path%22%3A%22%2Fvoc%2Fwork%2F.gitconfig%22%2C%22ref%22%3A%22HEAD%22%7D
2026-08-16 15:31:23.551 [info] > git show --textconv :.gitconfig [25ms]
2026-08-16 15:31:23.555 [info] > git cat-file -s be36d8eb7c4c617bf9740d06bd9c841fb2aef987 [11ms]
2026-08-16 15:32:55.259 [info] > git log --format=%H%n%aN%n%aE%n%at%n%ct%n%P%n%D%n%B -z --shortstat -n50 --skip=0 --topo-order --decorate=full --stdin [16ms]
2026-08-16 15:32:55.259 [info] fatal: bad revision 'refs/heads/master'
2026-08-16 15:32:55.259 [error] [GitHistoryProvider][provideHistoryItems] Failed to get history items with options '{"historyItemRefs":["refs/heads/master"],"limit":50,"skip":0}': Failed to execute git {
  "exitCode": 128,
  "gitCommand": "log",
  "stdout": "",
  "stderr": "fatal: bad revision 'refs/heads/master'\n"
}
2026-08-16 15:33:53.945 [info] > git ls-files --stage -- .gitconfig [10ms]
2026-08-16 15:33:53.961 [info] > git cat-file -s be36d8eb7c4c617bf9740d06bd9c841fb2aef987 [14ms]
2026-08-16 15:33:55.250 [info] > git show --textconv :.git/COMMIT_EDITMSG [11ms]
2026-08-16 15:33:55.251 [warning] [GitFileSystemProvider][readFile] File not found - git:/voc/work/.git/COMMIT_EDITMSG.git?%7B%22path%22%3A%22%2Fvoc%2Fwork%2F.git%2FCOMMIT_EDITMSG%22%2C%22ref%22%3A%22%22%7D
2026-08-16 15:33:55.255 [info] > git ls-files --stage -- .git/COMMIT_EDITMSG [14ms]
2026-08-16 15:33:55.255 [warning] [GitFileSystemProvider][stat] File not found - git:/voc/work/.git/COMMIT_EDITMSG.git?%7B%22path%22%3A%22%2Fvoc%2Fwork%2F.git%2FCOMMIT_EDITMSG%22%2C%22ref%22%3A%22%22%7D
2026-08-16 15:33:56.370 [info] > git -c user.useConfigOnly=true commit --quiet [259477ms]
2026-08-16 15:33:56.370 [info] Aborting commit due to empty commit message.
2026-08-16 15:33:56.376 [info] [Git][getRemotes] No remotes found in the git config file
2026-08-16 15:33:56.382 [info] > git config --get commit.template [9ms]
2026-08-16 15:33:56.388 [info] > git for-each-ref --format=%(refname)%00%(upstream:short)%00%(objectname)%00%(upstream:track)%00%(upstream:remotename)%00%(upstream:remoteref) refs/heads/master refs/remotes/master [12ms]
2026-08-16 15:33:56.388 [warning] [Git][getBranch] No such branch: master
2026-08-16 15:33:56.403 [info] > git for-each-ref --sort -committerdate --format %(refname)%00%(objectname)%00%(*objectname) [11ms]
2026-08-16 15:33:56.873 [info] > git status -z -uall [483ms]
2026-08-16 15:33:56.884 [info] [Git][getRemotes] No remotes found in the git config file
2026-08-16 15:33:56.889 [info] > git config --get commit.template [8ms]
2026-08-16 15:33:56.894 [info] > git for-each-ref --format=%(refname)%00%(upstream:short)%00%(objectname)%00%(upstream:track)%00%(upstream:remotename)%00%(upstream:remoteref) refs/heads/master refs/remotes/master [11ms]
2026-08-16 15:33:56.894 [warning] [Git][getBranch] No such branch: master
2026-08-16 15:33:56.910 [info] > git for-each-ref --sort -committerdate --format %(refname)%00%(objectname)%00%(*objectname) [13ms]
2026-08-16 15:33:56.998 [info] > git status -z -uall [103ms]
2026-08-16 15:33:56.999 [info] > git show --textconv :W1_package/docs/adr/ADR.MD [43ms]
2026-08-16 15:33:56.999 [info] > git show --textconv HEAD:W1_package/docs/adr/ADR.MD [41ms]
2026-08-16 15:33:57.001 [info] > git ls-tree -l HEAD -- W1_package/docs/adr/ADR.MD [39ms]
2026-08-16 15:33:57.003 [info] fatal: Not a valid object name HEAD
2026-08-16 15:33:57.003 [warning] [GitFileSystemProvider][stat] File not found - git:/voc/work/W1_package/docs/adr/ADR.MD.git?%7B%22path%22%3A%22%2Fvoc%2Fwork%2FW1_package%2Fdocs%2Fadr%2FADR.MD%22%2C%22ref%22%3A%22HEAD%22%7D
2026-08-16 15:33:57.004 [warning] [GitFileSystemProvider][readFile] File not found - git:/voc/work/W1_package/docs/adr/ADR.MD.git?%7B%22path%22%3A%22%2Fvoc%2Fwork%2FW1_package%2Fdocs%2Fadr%2FADR.MD%22%2C%22ref%22%3A%22HEAD%22%7D
2026-08-16 15:33:57.004 [info] > git ls-files --stage -- W1_package/docs/adr/ADR.MD [44ms]
2026-08-16 15:33:57.016 [info] > git cat-file -s 2525547196611fab31d4c6c588f0f3f5c92b6251 [10ms]
2026-08-16 15:34:02.011 [info] [Git][getRemotes] No remotes found in the git config file
2026-08-16 15:34:02.015 [info] > git config --get commit.template [10ms]
2026-08-16 15:34:02.020 [info] > git for-each-ref --format=%(refname)%00%(upstream:short)%00%(objectname)%00%(upstream:track)%00%(upstream:remotename)%00%(upstream:remoteref) refs/heads/master refs/remotes/master [9ms]
2026-08-16 15:34:02.020 [warning] [Git][getBranch] No such branch: master
2026-08-16 15:34:02.037 [info] > git for-each-ref --sort -committerdate --format %(refname)%00%(objectname)%00%(*objectname) [12ms]
2026-08-16 15:34:02.105 [info] > git status -z -uall [82ms]
2026-08-16 15:34:07.114 [info] [Git][getRemotes] No remotes found in the git config file
2026-08-16 15:34:07.118 [info] > git config --get commit.template [7ms]
2026-08-16 15:34:07.124 [info] > git for-each-ref --format=%(refname)%00%(upstream:short)%00%(objectname)%00%(upstream:track)%00%(upstream:remotename)%00%(upstream:remoteref) refs/heads/master refs/remotes/master [10ms]
2026-08-16 15:34:07.124 [warning] [Git][getBranch] No such branch: master
2026-08-16 15:34:07.139 [info] > git for-each-ref --sort -committerdate --format %(refname)%00%(objectname)%00%(*objectname) [12ms]
2026-08-16 15:34:07.206 [info] > git status -z -uall [80ms]
2026-08-16 15:34:34.645 [info] [Git][getRemotes] No remotes found in the git config file
2026-08-16 15:34:34.649 [info] > git config --get commit.template [8ms]
2026-08-16 15:34:34.655 [info] > git for-each-ref --format=%(refname)%00%(upstream:short)%00%(objectname)%00%(upstream:track)%00%(upstream:remotename)%00%(upstream:remoteref) refs/heads/master refs/remotes/master [11ms]
2026-08-16 15:34:34.655 [warning] [Git][getBranch] No such branch: master
2026-08-16 15:34:34.669 [info] > git for-each-ref --sort -committerdate --format %(refname)%00%(objectname)%00%(*objectname) [10ms]
2026-08-16 15:34:34.736 [info] > git status -z -uall [79ms]
2026-08-16 15:34:39.744 [info] [Git][getRemotes] No remotes found in the git config file
2026-08-16 15:34:39.750 [info] > git config --get commit.template [7ms]
2026-08-16 15:34:39.756 [info] > git for-each-ref --format=%(refname)%00%(upstream:short)%00%(objectname)%00%(upstream:track)%00%(upstream:remotename)%00%(upstream:remoteref) refs/heads/master refs/remotes/master [10ms]
2026-08-16 15:34:39.756 [warning] [Git][getBranch] No such branch: master
2026-08-16 15:34:39.770 [info] > git for-each-ref --sort -committerdate --format %(refname)%00%(objectname)%00%(*objectname) [11ms]
2026-08-16 15:34:39.837 [info] > git status -z -uall [80ms]
2026-08-16 15:34:41.385 [info] > git show --textconv :.git/COMMIT_EDITMSG [10ms]
2026-08-16 15:34:41.385 [warning] [GitFileSystemProvider][readFile] File not found - git:/voc/work/.git/COMMIT_EDITMSG.git?%7B%22path%22%3A%22%2Fvoc%2Fwork%2F.git%2FCOMMIT_EDITMSG%22%2C%22ref%22%3A%22%22%7D
2026-08-16 15:34:41.389 [info] > git ls-files --stage -- .git/COMMIT_EDITMSG [13ms]
2026-08-16 15:34:41.390 [warning] [GitFileSystemProvider][stat] File not found - git:/voc/work/.git/COMMIT_EDITMSG.git?%7B%22path%22%3A%22%2Fvoc%2Fwork%2F.git%2FCOMMIT_EDITMSG%22%2C%22ref%22%3A%22%22%7D
2026-08-16 15:34:44.846 [info] [Git][getRemotes] No remotes found in the git config file
2026-08-16 15:34:44.851 [info] > git config --get commit.template [8ms]
2026-08-16 15:34:44.856 [info] > git for-each-ref --format=%(refname)%00%(upstream:short)%00%(objectname)%00%(upstream:track)%00%(upstream:remotename)%00%(upstream:remoteref) refs/heads/master refs/remotes/master [10ms]
2026-08-16 15:34:44.856 [warning] [Git][getBranch] No such branch: master
2026-08-16 15:34:44.873 [info] > git for-each-ref --sort -committerdate --format %(refname)%00%(objectname)%00%(*objectname) [11ms]
2026-08-16 15:34:44.941 [info] > git status -z -uall [80ms]
2026-08-16 15:34:49.947 [info] [Git][getRemotes] No remotes found in the git config file
2026-08-16 15:34:49.953 [info] > git config --get commit.template [7ms]
2026-08-16 15:34:49.960 [info] > git for-each-ref --format=%(refname)%00%(upstream:short)%00%(objectname)%00%(upstream:track)%00%(upstream:remotename)%00%(upstream:remoteref) refs/heads/master refs/remotes/master [11ms]
2026-08-16 15:34:49.960 [warning] [Git][getBranch] No such branch: master
2026-08-16 15:34:49.975 [info] > git for-each-ref --sort -committerdate --format %(refname)%00%(objectname)%00%(*objectname) [11ms]
2026-08-16 15:34:50.043 [info] > git status -z -uall [81ms]
2026-08-16 15:34:55.050 [info] [Git][getRemotes] No remotes found in the git config file
2026-08-16 15:34:55.057 [info] > git config --get commit.template [8ms]
2026-08-16 15:34:55.062 [info] > git for-each-ref --format=%(refname)%00%(upstream:short)%00%(objectname)%00%(upstream:track)%00%(upstream:remotename)%00%(upstream:remoteref) refs/heads/master refs/remotes/master [10ms]
2026-08-16 15:34:55.062 [warning] [Git][getBranch] No such branch: master
2026-08-16 15:34:55.078 [info] > git for-each-ref --sort -committerdate --format %(refname)%00%(objectname)%00%(*objectname) [12ms]
2026-08-16 15:34:55.146 [info] > git status -z -uall [82ms]
2026-08-16 15:35:00.156 [info] [Git][getRemotes] No remotes found in the git config file
2026-08-16 15:35:00.165 [info] > git config --get commit.template [12ms]
2026-08-16 15:35:00.170 [info] > git for-each-ref --format=%(refname)%00%(upstream:short)%00%(objectname)%00%(upstream:track)%00%(upstream:remotename)%00%(upstream:remoteref) refs/heads/master refs/remotes/master [14ms]
2026-08-16 15:35:00.170 [warning] [Git][getBranch] No such branch: master
2026-08-16 15:35:00.185 [info] > git for-each-ref --sort -committerdate --format %(refname)%00%(objectname)%00%(*objectname) [11ms]
2026-08-16 15:35:00.363 [info] > git status -z -uall [191ms]
2026-08-16 15:35:09.663 [info] [Git][getRemotes] No remotes found in the git config file
2026-08-16 15:35:09.668 [info] > git config --get commit.template [10ms]
2026-08-16 15:35:09.673 [info] > git for-each-ref --format=%(refname)%00%(upstream:short)%00%(objectname)%00%(upstream:track)%00%(upstream:remotename)%00%(upstream:remoteref) refs/heads/master refs/remotes/master [10ms]
2026-08-16 15:35:09.673 [warning] [Git][getBranch] No such branch: master
2026-08-16 15:35:09.694 [info] > git for-each-ref --sort -committerdate --format %(refname)%00%(objectname)%00%(*objectname) [13ms]
2026-08-16 15:35:09.782 [info] > git status -z -uall [105ms]
2026-08-16 15:35:15.666 [info] [Git][getRemotes] No remotes found in the git config file
2026-08-16 15:35:15.671 [info] > git config --get commit.template [10ms]
2026-08-16 15:35:15.675 [info] > git for-each-ref --format=%(refname)%00%(upstream:short)%00%(objectname)%00%(upstream:track)%00%(upstream:remotename)%00%(upstream:remoteref) refs/heads/master refs/remotes/master [9ms]
2026-08-16 15:35:15.675 [warning] [Git][getBranch] No such branch: master
2026-08-16 15:35:15.695 [info] > git for-each-ref --sort -committerdate --format %(refname)%00%(objectname)%00%(*objectname) [11ms]
2026-08-16 15:35:15.767 [info] > git status -z -uall [88ms]
2026-08-16 15:35:20.786 [info] [Git][getRemotes] No remotes found in the git config file
2026-08-16 15:35:20.786 [info] > git config --get commit.template [7ms]
2026-08-16 15:35:20.795 [info] > git for-each-ref --format=%(refname)%00%(upstream:short)%00%(objectname)%00%(upstream:track)%00%(upstream:remotename)%00%(upstream:remoteref) refs/heads/master refs/remotes/master [9ms]
2026-08-16 15:35:20.795 [warning] [Git][getBranch] No such branch: master
2026-08-16 15:35:20.816 [info] > git for-each-ref --sort -committerdate --format %(refname)%00%(objectname)%00%(*objectname) [12ms]
2026-08-16 15:35:20.888 [info] > git status -z -uall [88ms]
2026-08-16 15:35:25.902 [info] [Git][getRemotes] No remotes found in the git config file
2026-08-16 15:35:25.903 [info] > git config --get commit.template [7ms]
2026-08-16 15:35:25.912 [info] > git for-each-ref --format=%(refname)%00%(upstream:short)%00%(objectname)%00%(upstream:track)%00%(upstream:remotename)%00%(upstream:remoteref) refs/heads/master refs/remotes/master [10ms]
2026-08-16 15:35:25.912 [warning] [Git][getBranch] No such branch: master
2026-08-16 15:35:25.930 [info] > git for-each-ref --sort -committerdate --format %(refname)%00%(objectname)%00%(*objectname) [10ms]
2026-08-16 15:35:26.000 [info] > git status -z -uall [84ms]
2026-08-16 15:35:31.013 [info] [Git][getRemotes] No remotes found in the git config file
2026-08-16 15:35:31.019 [info] > git config --get commit.template [7ms]
2026-08-16 15:35:31.027 [info] > git for-each-ref --format=%(refname)%00%(upstream:short)%00%(objectname)%00%(upstream:track)%00%(upstream:remotename)%00%(upstream:remoteref) refs/heads/master refs/remotes/master [9ms]
2026-08-16 15:35:31.027 [warning] [Git][getBranch] No such branch: master
2026-08-16 15:35:31.046 [info] > git for-each-ref --sort -committerdate --format %(refname)%00%(objectname)%00%(*objectname) [10ms]
2026-08-16 15:35:31.117 [info] > git status -z -uall [85ms]
2026-08-16 15:35:36.127 [info] [Git][getRemotes] No remotes found in the git config file
2026-08-16 15:35:36.133 [info] > git config --get commit.template [6ms]
2026-08-16 15:35:36.141 [info] > git for-each-ref --format=%(refname)%00%(upstream:short)%00%(objectname)%00%(upstream:track)%00%(upstream:remotename)%00%(upstream:remoteref) refs/heads/master refs/remotes/master [9ms]
2026-08-16 15:35:36.141 [warning] [Git][getBranch] No such branch: master
2026-08-16 15:35:36.160 [info] > git for-each-ref --sort -committerdate --format %(refname)%00%(objectname)%00%(*objectname) [10ms]
2026-08-16 15:35:36.229 [info] > git status -z -uall [84ms]
2026-08-16 15:35:41.247 [info] [Git][getRemotes] No remotes found in the git config file
2026-08-16 15:35:41.248 [info] > git config --get commit.template [7ms]
2026-08-16 15:35:41.257 [info] > git for-each-ref --format=%(refname)%00%(upstream:short)%00%(objectname)%00%(upstream:track)%00%(upstream:remotename)%00%(upstream:remoteref) refs/heads/master refs/remotes/master [10ms]
2026-08-16 15:35:41.257 [warning] [Git][getBranch] No such branch: master
2026-08-16 15:35:41.276 [info] > git for-each-ref --sort -committerdate --format %(refname)%00%(objectname)%00%(*objectname) [10ms]
2026-08-16 15:35:41.346 [info] > git status -z -uall [85ms]
2026-08-16 15:35:46.363 [info] [Git][getRemotes] No remotes found in the git config file
2026-08-16 15:35:46.364 [info] > git config --get commit.template [7ms]
2026-08-16 15:35:46.373 [info] > git for-each-ref --format=%(refname)%00%(upstream:short)%00%(objectname)%00%(upstream:track)%00%(upstream:remotename)%00%(upstream:remoteref) refs/heads/master refs/remotes/master [10ms]
2026-08-16 15:35:46.373 [warning] [Git][getBranch] No such branch: master
2026-08-16 15:35:46.392 [info] > git for-each-ref --sort -committerdate --format %(refname)%00%(objectname)%00%(*objectname) [11ms]
2026-08-16 15:35:46.464 [info] > git status -z -uall [87ms]
2026-08-16 15:35:51.481 [info] [Git][getRemotes] No remotes found in the git config file
2026-08-16 15:35:51.481 [info] > git config --get commit.template [6ms]
2026-08-16 15:35:51.490 [info] > git for-each-ref --format=%(refname)%00%(upstream:short)%00%(objectname)%00%(upstream:track)%00%(upstream:remotename)%00%(upstream:remoteref) refs/heads/master refs/remotes/master [9ms]
2026-08-16 15:35:51.490 [warning] [Git][getBranch] No such branch: master
2026-08-16 15:35:51.508 [info] > git for-each-ref --sort -committerdate --format %(refname)%00%(objectname)%00%(*objectname) [10ms]
2026-08-16 15:35:51.579 [info] > git status -z -uall [85ms]
2026-08-16 15:36:21.333 [info] [Git][getRemotes] No remotes found in the git config file
2026-08-16 15:36:21.338 [info] > git config --get commit.template [11ms]
2026-08-16 15:36:21.342 [info] > git for-each-ref --format=%(refname)%00%(upstream:short)%00%(objectname)%00%(upstream:track)%00%(upstream:remotename)%00%(upstream:remoteref) refs/heads/master refs/remotes/master [10ms]
2026-08-16 15:36:21.342 [warning] [Git][getBranch] No such branch: master
2026-08-16 15:36:21.359 [info] > git for-each-ref --sort -committerdate --format %(refname)%00%(objectname)%00%(*objectname) [10ms]
2026-08-16 15:36:21.532 [info] > git status -z -uall [187ms]
2026-08-16 15:36:26.549 [info] [Git][getRemotes] No remotes found in the git config file
2026-08-16 15:36:26.553 [info] > git config --get commit.template [9ms]
2026-08-16 15:36:26.558 [info] > git for-each-ref --format=%(refname)%00%(upstream:short)%00%(objectname)%00%(upstream:track)%00%(upstream:remotename)%00%(upstream:remoteref) refs/heads/master refs/remotes/master [9ms]
2026-08-16 15:36:26.558 [warning] [Git][getBranch] No such branch: master
2026-08-16 15:36:26.576 [info] > git for-each-ref --sort -committerdate --format %(refname)%00%(objectname)%00%(*objectname) [11ms]
2026-08-16 15:36:26.651 [info] > git status -z -uall [89ms]
2026-08-16 15:36:31.662 [info] [Git][getRemotes] No remotes found in the git config file
2026-08-16 15:36:31.668 [info] > git config --get commit.template [7ms]
2026-08-16 15:36:31.675 [info] > git for-each-ref --format=%(refname)%00%(upstream:short)%00%(objectname)%00%(upstream:track)%00%(upstream:remotename)%00%(upstream:remoteref) refs/heads/master refs/remotes/master [9ms]
2026-08-16 15:36:31.676 [warning] [Git][getBranch] No such branch: master
2026-08-16 15:36:31.698 [info] > git for-each-ref --sort -committerdate --format %(refname)%00%(objectname)%00%(*objectname) [12ms]
2026-08-16 15:36:31.772 [info] > git status -z -uall [89ms]
2026-08-16 15:36:36.787 [info] [Git][getRemotes] No remotes found in the git config file
2026-08-16 15:36:36.792 [info] > git config --get commit.template [9ms]
2026-08-16 15:36:36.798 [info] > git for-each-ref --format=%(refname)%00%(upstream:short)%00%(objectname)%00%(upstream:track)%00%(upstream:remotename)%00%(upstream:remoteref) refs/heads/master refs/remotes/master [11ms]
2026-08-16 15:36:36.798 [warning] [Git][getBranch] No such branch: master
2026-08-16 15:36:36.815 [info] > git for-each-ref --sort -committerdate --format %(refname)%00%(objectname)%00%(*objectname) [11ms]
2026-08-16 15:36:36.891 [info] > git status -z -uall [90ms]
2026-08-16 15:36:41.908 [info] [Git][getRemotes] No remotes found in the git config file
2026-08-16 15:36:41.912 [info] > git config --get commit.template [9ms]
2026-08-16 15:36:41.917 [info] > git for-each-ref --format=%(refname)%00%(upstream:short)%00%(objectname)%00%(upstream:track)%00%(upstream:remotename)%00%(upstream:remoteref) refs/heads/master refs/remotes/master [10ms]
2026-08-16 15:36:41.918 [warning] [Git][getBranch] No such branch: master
2026-08-16 15:36:41.936 [info] > git for-each-ref --sort -committerdate --format %(refname)%00%(objectname)%00%(*objectname) [12ms]
2026-08-16 15:36:42.008 [info] > git status -z -uall [87ms]
2026-08-16 15:36:47.017 [info] [Git][getRemotes] No remotes found in the git config file
2026-08-16 15:36:47.023 [info] > git config --get commit.template [7ms]
2026-08-16 15:36:47.030 [info] > git for-each-ref --format=%(refname)%00%(upstream:short)%00%(objectname)%00%(upstream:track)%00%(upstream:remotename)%00%(upstream:remoteref) refs/heads/master refs/remotes/master [10ms]
2026-08-16 15:36:47.030 [warning] [Git][getBranch] No such branch: master
2026-08-16 15:36:47.049 [info] > git for-each-ref --sort -committerdate --format %(refname)%00%(objectname)%00%(*objectname) [12ms]
2026-08-16 15:36:47.121 [info] > git status -z -uall [87ms]
2026-08-16 15:36:52.137 [info] [Git][getRemotes] No remotes found in the git config file
2026-08-16 15:36:52.142 [info] > git config --get commit.template [10ms]
2026-08-16 15:36:52.148 [info] > git for-each-ref --format=%(refname)%00%(upstream:short)%00%(objectname)%00%(upstream:track)%00%(upstream:remotename)%00%(upstream:remoteref) refs/heads/master refs/remotes/master [11ms]
2026-08-16 15:36:52.148 [warning] [Git][getBranch] No such branch: master
2026-08-16 15:36:52.167 [info] > git for-each-ref --sort -committerdate --format %(refname)%00%(objectname)%00%(*objectname) [12ms]
2026-08-16 15:36:52.243 [info] > git status -z -uall [91ms]
2026-08-16 15:36:57.259 [info] [Git][getRemotes] No remotes found in the git config file
2026-08-16 15:36:57.263 [info] > git config --get commit.template [9ms]
2026-08-16 15:36:57.268 [info] > git for-each-ref --format=%(refname)%00%(upstream:short)%00%(objectname)%00%(upstream:track)%00%(upstream:remotename)%00%(upstream:remoteref) refs/heads/master refs/remotes/master [9ms]
2026-08-16 15:36:57.268 [warning] [Git][getBranch] No such branch: master
2026-08-16 15:36:57.286 [info] > git for-each-ref --sort -committerdate --format %(refname)%00%(objectname)%00%(*objectname) [11ms]
2026-08-16 15:36:57.359 [info] > git status -z -uall [87ms]
2026-08-16 15:37:02.371 [info] [Git][getRemotes] No remotes found in the git config file
2026-08-16 15:37:02.377 [info] > git config --get commit.template [7ms]
2026-08-16 15:37:02.387 [info] > git for-each-ref --format=%(refname)%00%(upstream:short)%00%(objectname)%00%(upstream:track)%00%(upstream:remotename)%00%(upstream:remoteref) refs/heads/master refs/remotes/master [12ms]
2026-08-16 15:37:02.387 [warning] [Git][getBranch] No such branch: master
2026-08-16 15:37:02.406 [info] > git for-each-ref --sort -committerdate --format %(refname)%00%(objectname)%00%(*objectname) [12ms]
2026-08-16 15:37:02.482 [info] > git status -z -uall [92ms]
2026-08-16 15:37:07.497 [info] [Git][getRemotes] No remotes found in the git config file
2026-08-16 15:37:07.502 [info] > git config --get commit.template [10ms]
2026-08-16 15:37:07.507 [info] > git for-each-ref --format=%(refname)%00%(upstream:short)%00%(objectname)%00%(upstream:track)%00%(upstream:remotename)%00%(upstream:remoteref) refs/heads/master refs/remotes/master [10ms]
2026-08-16 15:37:07.507 [warning] [Git][getBranch] No such branch: master
2026-08-16 15:37:07.524 [info] > git for-each-ref --sort -committerdate --format %(refname)%00%(objectname)%00%(*objectname) [10ms]
2026-08-16 15:37:07.597 [info] > git status -z -uall [87ms]
2026-08-16 15:37:12.611 [info] [Git][getRemotes] No remotes found in the git config file
2026-08-16 15:37:12.617 [info] > git config --get commit.template [11ms]
2026-08-16 15:37:12.621 [info] > git for-each-ref --format=%(refname)%00%(upstream:short)%00%(objectname)%00%(upstream:track)%00%(upstream:remotename)%00%(upstream:remoteref) refs/heads/master refs/remotes/master [10ms]
2026-08-16 15:37:12.621 [warning] [Git][getBranch] No such branch: master
2026-08-16 15:37:12.638 [info] > git for-each-ref --sort -committerdate --format %(refname)%00%(objectname)%00%(*objectname) [10ms]
2026-08-16 15:37:12.716 [info] > git status -z -uall [92ms]
2026-08-16 15:37:17.731 [info] [Git][getRemotes] No remotes found in the git config file
2026-08-16 15:37:17.735 [info] > git config --get commit.template [9ms]
2026-08-16 15:37:17.740 [info] > git for-each-ref --format=%(refname)%00%(upstream:short)%00%(objectname)%00%(upstream:track)%00%(upstream:remotename)%00%(upstream:remoteref) refs/heads/master refs/remotes/master [9ms]
2026-08-16 15:37:17.740 [warning] [Git][getBranch] No such branch: master
2026-08-16 15:37:17.758 [info] > git for-each-ref --sort -committerdate --format %(refname)%00%(objectname)%00%(*objectname) [11ms]
2026-08-16 15:37:17.829 [info] > git status -z -uall [85ms]
2026-08-16 15:37:22.841 [info] [Git][getRemotes] No remotes found in the git config file
2026-08-16 15:37:22.848 [info] > git config --get commit.template [7ms]
2026-08-16 15:37:22.855 [info] > git for-each-ref --format=%(refname)%00%(upstream:short)%00%(objectname)%00%(upstream:track)%00%(upstream:remotename)%00%(upstream:remoteref) refs/heads/master refs/remotes/master [10ms]
2026-08-16 15:37:22.855 [warning] [Git][getBranch] No such branch: master
2026-08-16 15:37:22.872 [info] > git for-each-ref --sort -committerdate --format %(refname)%00%(objectname)%00%(*objectname) [10ms]
2026-08-16 15:37:23.040 [info] > git status -z -uall [182ms]
2026-08-16 15:37:28.050 [info] [Git][getRemotes] No remotes found in the git config file
2026-08-16 15:37:28.056 [info] > git config --get commit.template [7ms]
2026-08-16 15:37:28.064 [info] > git for-each-ref --format=%(refname)%00%(upstream:short)%00%(objectname)%00%(upstream:track)%00%(upstream:remotename)%00%(upstream:remoteref) refs/heads/master refs/remotes/master [10ms]
2026-08-16 15:37:28.064 [warning] [Git][getBranch] No such branch: master
2026-08-16 15:37:28.083 [info] > git for-each-ref --sort -committerdate --format %(refname)%00%(objectname)%00%(*objectname) [13ms]
2026-08-16 15:37:28.155 [info] > git status -z -uall [88ms]
2026-08-16 15:37:33.169 [info] [Git][getRemotes] No remotes found in the git config file
2026-08-16 15:37:33.173 [info] > git config --get commit.template [9ms]
2026-08-16 15:37:33.178 [info] > git for-each-ref --format=%(refname)%00%(upstream:short)%00%(objectname)%00%(upstream:track)%00%(upstream:remotename)%00%(upstream:remoteref) refs/heads/master refs/remotes/master [9ms]
2026-08-16 15:37:33.178 [warning] [Git][getBranch] No such branch: master
2026-08-16 15:37:33.195 [info] > git for-each-ref --sort -committerdate --format %(refname)%00%(objectname)%00%(*objectname) [10ms]
2026-08-16 15:37:33.267 [info] > git status -z -uall [86ms]
2026-08-16 15:37:38.282 [info] [Git][getRemotes] No remotes found in the git config file
2026-08-16 15:37:38.287 [info] > git config --get commit.template [10ms]
2026-08-16 15:37:38.291 [info] > git for-each-ref --format=%(refname)%00%(upstream:short)%00%(objectname)%00%(upstream:track)%00%(upstream:remotename)%00%(upstream:remoteref) refs/heads/master refs/remotes/master [9ms]
2026-08-16 15:37:38.291 [warning] [Git][getBranch] No such branch: master
2026-08-16 15:37:38.308 [info] > git for-each-ref --sort -committerdate --format %(refname)%00%(objectname)%00%(*objectname) [10ms]
2026-08-16 15:37:38.377 [info] > git status -z -uall [83ms]
2026-08-16 15:37:43.393 [info] [Git][getRemotes] No remotes found in the git config file
2026-08-16 15:37:43.397 [info] > git config --get commit.template [9ms]
2026-08-16 15:37:43.402 [info] > git for-each-ref --format=%(refname)%00%(upstream:short)%00%(objectname)%00%(upstream:track)%00%(upstream:remotename)%00%(upstream:remoteref) refs/heads/master refs/remotes/master [9ms]
2026-08-16 15:37:43.402 [warning] [Git][getBranch] No such branch: master
2026-08-16 15:37:43.425 [info] > git for-each-ref --sort -committerdate --format %(refname)%00%(objectname)%00%(*objectname) [12ms]
2026-08-16 15:37:43.496 [info] > git status -z -uall [86ms]
2026-08-16 15:37:48.507 [info] [Git][getRemotes] No remotes found in the git config file
2026-08-16 15:37:48.512 [info] > git config --get commit.template [6ms]
2026-08-16 15:37:48.530 [info] > git for-each-ref --format=%(refname)%00%(upstream:short)%00%(objectname)%00%(upstream:track)%00%(upstream:remotename)%00%(upstream:remoteref) refs/heads/master refs/remotes/master [19ms]
2026-08-16 15:37:48.530 [warning] [Git][getBranch] No such branch: master
2026-08-16 15:37:48.548 [info] > git for-each-ref --sort -committerdate --format %(refname)%00%(objectname)%00%(*objectname) [11ms]
2026-08-16 15:37:48.619 [info] > git status -z -uall [86ms]
2026-08-16 15:37:53.633 [info] [Git][getRemotes] No remotes found in the git config file
2026-08-16 15:37:53.651 [info] > git config --get commit.template [22ms]
2026-08-16 15:37:53.651 [info] > git for-each-ref --format=%(refname)%00%(upstream:short)%00%(objectname)%00%(upstream:track)%00%(upstream:remotename)%00%(upstream:remoteref) refs/heads/master refs/remotes/master [18ms]
2026-08-16 15:37:53.651 [warning] [Git][getBranch] No such branch: master
2026-08-16 15:37:53.670 [info] > git for-each-ref --sort -committerdate --format %(refname)%00%(objectname)%00%(*objectname) [12ms]
2026-08-16 15:37:53.741 [info] > git status -z -uall [87ms]
2026-08-16 15:37:58.753 [info] [Git][getRemotes] No remotes found in the git config file
2026-08-16 15:37:58.763 [info] > git config --get commit.template [11ms]
2026-08-16 15:37:58.773 [info] > git for-each-ref --format=%(refname)%00%(upstream:short)%00%(objectname)%00%(upstream:track)%00%(upstream:remotename)%00%(upstream:remoteref) refs/heads/master refs/remotes/master [17ms]
2026-08-16 15:37:58.773 [warning] [Git][getBranch] No such branch: master
2026-08-16 15:37:58.791 [info] > git for-each-ref --sort -committerdate --format %(refname)%00%(objectname)%00%(*objectname) [11ms]
2026-08-16 15:37:58.864 [info] > git status -z -uall [87ms]
2026-08-16 15:38:03.878 [info] [Git][getRemotes] No remotes found in the git config file
2026-08-16 15:38:03.888 [info] > git config --get commit.template [15ms]
2026-08-16 15:38:03.888 [info] > git for-each-ref --format=%(refname)%00%(upstream:short)%00%(objectname)%00%(upstream:track)%00%(upstream:remotename)%00%(upstream:remoteref) refs/heads/master refs/remotes/master [10ms]
2026-08-16 15:38:03.888 [warning] [Git][getBranch] No such branch: master
2026-08-16 15:38:03.914 [info] > git for-each-ref --sort -committerdate --format %(refname)%00%(objectname)%00%(*objectname) [10ms]
2026-08-16 15:38:03.987 [info] > git status -z -uall [87ms]
2026-08-16 15:38:09.002 [info] [Git][getRemotes] No remotes found in the git config file
2026-08-16 15:38:09.013 [info] > git config --get commit.template [16ms]
2026-08-16 15:38:09.013 [info] > git for-each-ref --format=%(refname)%00%(upstream:short)%00%(objectname)%00%(upstream:track)%00%(upstream:remotename)%00%(upstream:remoteref) refs/heads/master refs/remotes/master [11ms]
2026-08-16 15:38:09.013 [warning] [Git][getBranch] No such branch: master
2026-08-16 15:38:09.032 [info] > git for-each-ref --sort -committerdate --format %(refname)%00%(objectname)%00%(*objectname) [12ms]
2026-08-16 15:38:09.103 [info] > git status -z -uall [87ms]
2026-08-16 15:38:14.115 [info] [Git][getRemotes] No remotes found in the git config file
2026-08-16 15:38:14.125 [info] > git config --get commit.template [14ms]
2026-08-16 15:38:14.125 [info] > git for-each-ref --format=%(refname)%00%(upstream:short)%00%(objectname)%00%(upstream:track)%00%(upstream:remotename)%00%(upstream:remoteref) refs/heads/master refs/remotes/master [10ms]
2026-08-16 15:38:14.125 [warning] [Git][getBranch] No such branch: master
2026-08-16 15:38:14.143 [info] > git for-each-ref --sort -committerdate --format %(refname)%00%(objectname)%00%(*objectname) [11ms]
2026-08-16 15:38:14.216 [info] > git status -z -uall [87ms]
2026-08-16 15:38:19.231 [info] [Git][getRemotes] No remotes found in the git config file
2026-08-16 15:38:19.242 [info] > git config --get commit.template [16ms]
2026-08-16 15:38:19.242 [info] > git for-each-ref --format=%(refname)%00%(upstream:short)%00%(objectname)%00%(upstream:track)%00%(upstream:remotename)%00%(upstream:remoteref) refs/heads/master refs/remotes/master [11ms]
2026-08-16 15:38:19.242 [warning] [Git][getBranch] No such branch: master
2026-08-16 15:38:19.260 [info] > git for-each-ref --sort -committerdate --format %(refname)%00%(objectname)%00%(*objectname) [12ms]
2026-08-16 15:38:19.334 [info] > git status -z -uall [89ms]
2026-08-16 15:38:24.344 [info] [Git][getRemotes] No remotes found in the git config file
2026-08-16 15:38:24.354 [info] > git config --get commit.template [11ms]
2026-08-16 15:38:24.364 [info] > git for-each-ref --format=%(refname)%00%(upstream:short)%00%(objectname)%00%(upstream:track)%00%(upstream:remotename)%00%(upstream:remoteref) refs/heads/master refs/remotes/master [16ms]
2026-08-16 15:38:24.364 [warning] [Git][getBranch] No such branch: master
2026-08-16 15:38:24.382 [info] > git for-each-ref --sort -committerdate --format %(refname)%00%(objectname)%00%(*objectname) [11ms]
2026-08-16 15:38:24.552 [info] > git status -z -uall [184ms]
2026-08-16 15:38:29.566 [info] [Git][getRemotes] No remotes found in the git config file
2026-08-16 15:38:29.576 [info] > git config --get commit.template [15ms]
2026-08-16 15:38:29.576 [info] > git for-each-ref --format=%(refname)%00%(upstream:short)%00%(objectname)%00%(upstream:track)%00%(upstream:remotename)%00%(upstream:remoteref) refs/heads/master refs/remotes/master [10ms]
2026-08-16 15:38:29.576 [warning] [Git][getBranch] No such branch: master
2026-08-16 15:38:29.593 [info] > git for-each-ref --sort -committerdate --format %(refname)%00%(objectname)%00%(*objectname) [10ms]
2026-08-16 15:38:29.665 [info] > git status -z -uall [86ms]
2026-08-16 15:39:15.755 [info] [Git][getRemotes] No remotes found in the git config file
2026-08-16 15:39:15.765 [info] > git config --get commit.template [11ms]
2026-08-16 15:39:15.774 [info] > git for-each-ref --format=%(refname)%00%(upstream:short)%00%(objectname)%00%(upstream:track)%00%(upstream:remotename)%00%(upstream:remoteref) refs/heads/master refs/remotes/master [15ms]
2026-08-16 15:39:15.774 [warning] [Git][getBranch] No such branch: master
2026-08-16 15:39:15.792 [info] > git for-each-ref --sort -committerdate --format %(refname)%00%(objectname)%00%(*objectname) [11ms]
2026-08-16 15:39:15.867 [info] > git status -z -uall [90ms]
2026-08-16 15:39:20.883 [info] [Git][getRemotes] No remotes found in the git config file
2026-08-16 15:39:20.893 [info] > git for-each-ref --format=%(refname)%00%(upstream:short)%00%(objectname)%00%(upstream:track)%00%(upstream:remotename)%00%(upstream:remoteref) refs/heads/master refs/remotes/master [9ms]
2026-08-16 15:39:20.893 [warning] [Git][getBranch] No such branch: master
2026-08-16 15:39:20.893 [info] > git config --get commit.template [15ms]
2026-08-16 15:39:20.912 [info] > git for-each-ref --sort -committerdate --format %(refname)%00%(objectname)%00%(*objectname) [13ms]
2026-08-16 15:39:20.983 [info] > git status -z -uall [87ms]
2026-08-16 15:39:23.044 [info] > git log --format=%H%n%aN%n%aE%n%at%n%ct%n%P%n%D%n%B -z --shortstat -n50 --skip=0 --topo-order --decorate=full --stdin [8ms]
2026-08-16 15:39:23.044 [info] fatal: bad revision 'refs/heads/master'
2026-08-16 15:39:23.044 [error] [GitHistoryProvider][provideHistoryItems] Failed to get history items with options '{"historyItemRefs":["refs/heads/master"],"limit":50,"skip":0}': Failed to execute git {
  "exitCode": 128,
  "gitCommand": "log",
  "stdout": "",
  "stderr": "fatal: bad revision 'refs/heads/master'\n"
}
2026-08-16 15:39:25.998 [info] [Git][getRemotes] No remotes found in the git config file
2026-08-16 15:39:26.008 [info] > git config --get commit.template [14ms]
2026-08-16 15:39:26.008 [info] > git for-each-ref --format=%(refname)%00%(upstream:short)%00%(objectname)%00%(upstream:track)%00%(upstream:remotename)%00%(upstream:remoteref) refs/heads/master refs/remotes/master [10ms]
2026-08-16 15:39:26.008 [warning] [Git][getBranch] No such branch: master
2026-08-16 15:39:26.026 [info] > git for-each-ref --sort -committerdate --format %(refname)%00%(objectname)%00%(*objectname) [11ms]
2026-08-16 15:39:26.193 [info] > git status -z -uall [182ms]
2026-08-16 15:39:31.203 [info] [Git][getRemotes] No remotes found in the git config file
2026-08-16 15:39:31.214 [info] > git config --get commit.template [11ms]
2026-08-16 15:39:31.222 [info] > git for-each-ref --format=%(refname)%00%(upstream:short)%00%(objectname)%00%(upstream:track)%00%(upstream:remotename)%00%(upstream:remoteref) refs/heads/master refs/remotes/master [15ms]
2026-08-16 15:39:31.222 [warning] [Git][getBranch] No such branch: master
2026-08-16 15:39:31.241 [info] > git for-each-ref --sort -committerdate --format %(refname)%00%(objectname)%00%(*objectname) [12ms]
2026-08-16 15:39:31.312 [info] > git status -z -uall [87ms]
2026-08-16 15:39:36.329 [info] [Git][getRemotes] No remotes found in the git config file
2026-08-16 15:39:36.340 [info] > git config --get commit.template [15ms]
2026-08-16 15:39:36.340 [info] > git for-each-ref --format=%(refname)%00%(upstream:short)%00%(objectname)%00%(upstream:track)%00%(upstream:remotename)%00%(upstream:remoteref) refs/heads/master refs/remotes/master [11ms]
2026-08-16 15:39:36.340 [warning] [Git][getBranch] No such branch: master
2026-08-16 15:39:36.357 [info] > git for-each-ref --sort -committerdate --format %(refname)%00%(objectname)%00%(*objectname) [10ms]
2026-08-16 15:39:36.428 [info] > git status -z -uall [85ms]
2026-08-16 15:39:41.442 [info] [Git][getRemotes] No remotes found in the git config file
2026-08-16 15:39:41.452 [info] > git config --get commit.template [15ms]
2026-08-16 15:39:41.452 [info] > git for-each-ref --format=%(refname)%00%(upstream:short)%00%(objectname)%00%(upstream:track)%00%(upstream:remotename)%00%(upstream:remoteref) refs/heads/master refs/remotes/master [10ms]
2026-08-16 15:39:41.452 [warning] [Git][getBranch] No such branch: master
2026-08-16 15:39:41.470 [info] > git for-each-ref --sort -committerdate --format %(refname)%00%(objectname)%00%(*objectname) [11ms]
2026-08-16 15:39:41.540 [info] > git status -z -uall [84ms]
2026-08-16 15:39:42.361 [info] > git log --format=%H%n%aN%n%aE%n%at%n%ct%n%P%n%D%n%B -z --shortstat -n50 --skip=0 --topo-order --decorate=full --stdin [9ms]
2026-08-16 15:39:42.361 [info] fatal: bad revision 'refs/heads/master'
2026-08-16 15:39:42.361 [error] [GitHistoryProvider][provideHistoryItems] Failed to get history items with options '{"historyItemRefs":["refs/heads/master"],"limit":50,"skip":0}': Failed to execute git {
  "exitCode": 128,
  "gitCommand": "log",
  "stdout": "",
  "stderr": "fatal: bad revision 'refs/heads/master'\n"
}
2026-08-16 15:39:46.552 [info] [Git][getRemotes] No remotes found in the git config file
2026-08-16 15:39:46.562 [info] > git config --get commit.template [11ms]
2026-08-16 15:39:46.571 [info] > git for-each-ref --format=%(refname)%00%(upstream:short)%00%(objectname)%00%(upstream:track)%00%(upstream:remotename)%00%(upstream:remoteref) refs/heads/master refs/remotes/master [15ms]
2026-08-16 15:39:46.571 [warning] [Git][getBranch] No such branch: master
2026-08-16 15:39:46.590 [info] > git for-each-ref --sort -committerdate --format %(refname)%00%(objectname)%00%(*objectname) [12ms]
2026-08-16 15:39:46.662 [info] > git status -z -uall [88ms]
2026-08-16 15:39:51.675 [info] [Git][getRemotes] No remotes found in the git config file
2026-08-16 15:39:51.684 [info] > git config --get commit.template [13ms]
2026-08-16 15:39:51.693 [info] > git for-each-ref --format=%(refname)%00%(upstream:short)%00%(objectname)%00%(upstream:track)%00%(upstream:remotename)%00%(upstream:remoteref) refs/heads/master refs/remotes/master [18ms]
2026-08-16 15:39:51.693 [warning] [Git][getBranch] No such branch: master
2026-08-16 15:39:51.710 [info] > git for-each-ref --sort -committerdate --format %(refname)%00%(objectname)%00%(*objectname) [11ms]
2026-08-16 15:39:51.781 [info] > git status -z -uall [85ms]
2026-08-16 15:39:56.792 [info] [Git][getRemotes] No remotes found in the git config file
2026-08-16 15:39:56.801 [info] > git config --get commit.template [10ms]
2026-08-16 15:39:56.810 [info] > git for-each-ref --format=%(refname)%00%(upstream:short)%00%(objectname)%00%(upstream:track)%00%(upstream:remotename)%00%(upstream:remoteref) refs/heads/master refs/remotes/master [14ms]
2026-08-16 15:39:56.810 [warning] [Git][getBranch] No such branch: master
2026-08-16 15:39:56.827 [info] > git for-each-ref --sort -committerdate --format %(refname)%00%(objectname)%00%(*objectname) [10ms]
2026-08-16 15:39:56.898 [info] > git status -z -uall [84ms]
2026-08-16 15:40:01.913 [info] [Git][getRemotes] No remotes found in the git config file
2026-08-16 15:40:01.923 [info] > git config --get commit.template [15ms]
2026-08-16 15:40:01.923 [info] > git for-each-ref --format=%(refname)%00%(upstream:short)%00%(objectname)%00%(upstream:track)%00%(upstream:remotename)%00%(upstream:remoteref) refs/heads/master refs/remotes/master [10ms]
2026-08-16 15:40:01.923 [warning] [Git][getBranch] No such branch: master
2026-08-16 15:40:01.942 [info] > git for-each-ref --sort -committerdate --format %(refname)%00%(objectname)%00%(*objectname) [12ms]
2026-08-16 15:40:02.018 [info] > git status -z -uall [92ms]
2026-08-16 15:40:07.033 [info] [Git][getRemotes] No remotes found in the git config file
2026-08-16 15:40:07.043 [info] > git config --get commit.template [15ms]
2026-08-16 15:40:07.043 [info] > git for-each-ref --format=%(refname)%00%(upstream:short)%00%(objectname)%00%(upstream:track)%00%(upstream:remotename)%00%(upstream:remoteref) refs/heads/master refs/remotes/master [10ms]
2026-08-16 15:40:07.043 [warning] [Git][getBranch] No such branch: master
2026-08-16 15:40:07.069 [info] > git for-each-ref --sort -committerdate --format %(refname)%00%(objectname)%00%(*objectname) [11ms]
2026-08-16 15:40:07.139 [info] > git status -z -uall [84ms]
2026-08-16 15:40:12.150 [info] [Git][getRemotes] No remotes found in the git config file
2026-08-16 15:40:12.161 [info] > git config --get commit.template [11ms]
2026-08-16 15:40:12.169 [info] > git for-each-ref --format=%(refname)%00%(upstream:short)%00%(objectname)%00%(upstream:track)%00%(upstream:remotename)%00%(upstream:remoteref) refs/heads/master refs/remotes/master [15ms]
2026-08-16 15:40:12.169 [warning] [Git][getBranch] No such branch: master
2026-08-16 15:40:12.188 [info] > git for-each-ref --sort -committerdate --format %(refname)%00%(objectname)%00%(*objectname) [12ms]
2026-08-16 15:40:12.259 [info] > git status -z -uall [86ms]
2026-08-16 15:40:17.271 [info] [Git][getRemotes] No remotes found in the git config file
2026-08-16 15:40:17.281 [info] > git config --get commit.template [11ms]
2026-08-16 15:40:17.290 [info] > git for-each-ref --format=%(refname)%00%(upstream:short)%00%(objectname)%00%(upstream:track)%00%(upstream:remotename)%00%(upstream:remoteref) refs/heads/master refs/remotes/master [15ms]
2026-08-16 15:40:17.290 [warning] [Git][getBranch] No such branch: master
2026-08-16 15:40:17.308 [info] > git for-each-ref --sort -committerdate --format %(refname)%00%(objectname)%00%(*objectname) [11ms]
2026-08-16 15:40:17.382 [info] > git status -z -uall [89ms]
2026-08-16 15:40:22.397 [info] [Git][getRemotes] No remotes found in the git config file
2026-08-16 15:40:22.407 [info] > git config --get commit.template [14ms]
2026-08-16 15:40:22.407 [info] > git for-each-ref --format=%(refname)%00%(upstream:short)%00%(objectname)%00%(upstream:track)%00%(upstream:remotename)%00%(upstream:remoteref) refs/heads/master refs/remotes/master [10ms]
2026-08-16 15:40:22.407 [warning] [Git][getBranch] No such branch: master
2026-08-16 15:40:22.424 [info] > git for-each-ref --sort -committerdate --format %(refname)%00%(objectname)%00%(*objectname) [10ms]
2026-08-16 15:40:22.495 [info] > git status -z -uall [85ms]
2026-08-16 15:40:27.505 [info] [Git][getRemotes] No remotes found in the git config file
2026-08-16 15:40:27.515 [info] > git config --get commit.template [11ms]
2026-08-16 15:40:27.524 [info] > git for-each-ref --format=%(refname)%00%(upstream:short)%00%(objectname)%00%(upstream:track)%00%(upstream:remotename)%00%(upstream:remoteref) refs/heads/master refs/remotes/master [15ms]
2026-08-16 15:40:27.524 [warning] [Git][getBranch] No such branch: master
2026-08-16 15:40:27.542 [info] > git for-each-ref --sort -committerdate --format %(refname)%00%(objectname)%00%(*objectname) [12ms]
2026-08-16 15:40:27.714 [info] > git status -z -uall [187ms]
2026-08-16 15:40:32.726 [info] [Git][getRemotes] No remotes found in the git config file
2026-08-16 15:40:32.736 [info] > git config --get commit.template [11ms]
2026-08-16 15:40:32.745 [info] > git for-each-ref --format=%(refname)%00%(upstream:short)%00%(objectname)%00%(upstream:track)%00%(upstream:remotename)%00%(upstream:remoteref) refs/heads/master refs/remotes/master [16ms]
2026-08-16 15:40:32.745 [warning] [Git][getBranch] No such branch: master
2026-08-16 15:40:32.762 [info] > git for-each-ref --sort -committerdate --format %(refname)%00%(objectname)%00%(*objectname) [10ms]
2026-08-16 15:40:32.832 [info] > git status -z -uall [83ms]
2026-08-16 15:40:34.217 [info] > git for-each-ref --sort -committerdate --format %(refname)%00%(objectname)%00%(*objectname) refs/heads [10ms]
2026-08-16 15:40:37.849 [info] [Git][getRemotes] No remotes found in the git config file
2026-08-16 15:40:37.858 [info] > git config --get commit.template [14ms]
2026-08-16 15:40:37.858 [info] > git for-each-ref --format=%(refname)%00%(upstream:short)%00%(objectname)%00%(upstream:track)%00%(upstream:remotename)%00%(upstream:remoteref) refs/heads/master refs/remotes/master [9ms]
2026-08-16 15:40:37.858 [warning] [Git][getBranch] No such branch: master
2026-08-16 15:40:37.875 [info] > git for-each-ref --sort -committerdate --format %(refname)%00%(objectname)%00%(*objectname) [10ms]
2026-08-16 15:40:37.948 [info] > git status -z -uall [87ms]
2026-08-16 15:40:42.963 [info] [Git][getRemotes] No remotes found in the git config file
2026-08-16 15:40:42.972 [info] > git config --get commit.template [13ms]
2026-08-16 15:40:42.980 [info] > git for-each-ref --format=%(refname)%00%(upstream:short)%00%(objectname)%00%(upstream:track)%00%(upstream:remotename)%00%(upstream:remoteref) refs/heads/master refs/remotes/master [18ms]
2026-08-16 15:40:42.980 [warning] [Git][getBranch] No such branch: master
2026-08-16 15:40:42.999 [info] > git for-each-ref --sort -committerdate --format %(refname)%00%(objectname)%00%(*objectname) [12ms]
2026-08-16 15:40:43.073 [info] > git status -z -uall [89ms]
2026-08-16 15:40:48.087 [info] [Git][getRemotes] No remotes found in the git config file
2026-08-16 15:40:48.098 [info] > git config --get commit.template [16ms]
2026-08-16 15:40:48.098 [info] > git for-each-ref --format=%(refname)%00%(upstream:short)%00%(objectname)%00%(upstream:track)%00%(upstream:remotename)%00%(upstream:remoteref) refs/heads/master refs/remotes/master [11ms]
2026-08-16 15:40:48.098 [warning] [Git][getBranch] No such branch: master
2026-08-16 15:40:48.118 [info] > git for-each-ref --sort -committerdate --format %(refname)%00%(objectname)%00%(*objectname) [13ms]
2026-08-16 15:40:48.193 [info] > git status -z -uall [91ms]
2026-08-16 15:40:53.208 [info] [Git][getRemotes] No remotes found in the git config file
2026-08-16 15:40:53.217 [info] > git config --get commit.template [14ms]
2026-08-16 15:40:53.217 [info] > git for-each-ref --format=%(refname)%00%(upstream:short)%00%(objectname)%00%(upstream:track)%00%(upstream:remotename)%00%(upstream:remoteref) refs/heads/master refs/remotes/master [9ms]
2026-08-16 15:40:53.217 [warning] [Git][getBranch] No such branch: master
2026-08-16 15:40:53.234 [info] > git for-each-ref --sort -committerdate --format %(refname)%00%(objectname)%00%(*objectname) [10ms]
2026-08-16 15:40:53.302 [info] > git status -z -uall [82ms]
2026-08-16 15:40:58.315 [info] [Git][getRemotes] No remotes found in the git config file
2026-08-16 15:40:58.324 [info] > git config --get commit.template [14ms]
2026-08-16 15:40:58.333 [info] > git for-each-ref --format=%(refname)%00%(upstream:short)%00%(objectname)%00%(upstream:track)%00%(upstream:remotename)%00%(upstream:remoteref) refs/heads/master refs/remotes/master [18ms]
2026-08-16 15:40:58.333 [warning] [Git][getBranch] No such branch: master
2026-08-16 15:40:58.351 [info] > git for-each-ref --sort -committerdate --format %(refname)%00%(objectname)%00%(*objectname) [11ms]
2026-08-16 15:40:58.422 [info] > git status -z -uall [86ms]
2026-08-16 15:41:03.438 [info] [Git][getRemotes] No remotes found in the git config file
2026-08-16 15:41:03.447 [info] > git config --get commit.template [14ms]
2026-08-16 15:41:03.456 [info] > git for-each-ref --format=%(refname)%00%(upstream:short)%00%(objectname)%00%(upstream:track)%00%(upstream:remotename)%00%(upstream:remoteref) refs/heads/master refs/remotes/master [18ms]
2026-08-16 15:41:03.456 [warning] [Git][getBranch] No such branch: master
2026-08-16 15:41:03.476 [info] > git for-each-ref --sort -committerdate --format %(refname)%00%(objectname)%00%(*objectname) [13ms]
2026-08-16 15:41:03.547 [info] > git status -z -uall [87ms]
2026-08-16 15:41:05.487 [info] > git checkout -q -b develop --no-track HEAD [11ms]
2026-08-16 15:41:05.487 [info] fatal: 'HEAD' is not a commit and a branch 'develop' cannot be created from it
2026-08-16 15:41:05.495 [info] [Git][getRemotes] No remotes found in the git config file
2026-08-16 15:41:05.505 [info] > git config --get commit.template [14ms]
2026-08-16 15:41:05.505 [info] > git for-each-ref --format=%(refname)%00%(upstream:short)%00%(objectname)%00%(upstream:track)%00%(upstream:remotename)%00%(upstream:remoteref) refs/heads/master refs/remotes/master [10ms]
2026-08-16 15:41:05.505 [warning] [Git][getBranch] No such branch: master
2026-08-16 15:41:05.523 [info] > git for-each-ref --sort -committerdate --format %(refname)%00%(objectname)%00%(*objectname) [11ms]
2026-08-16 15:41:05.595 [info] > git status -z -uall [87ms]
2026-08-16 15:41:08.557 [info] [Git][getRemotes] No remotes found in the git config file
2026-08-16 15:41:08.567 [info] > git config --get commit.template [11ms]
2026-08-16 15:41:08.576 [info] > git for-each-ref --format=%(refname)%00%(upstream:short)%00%(objectname)%00%(upstream:track)%00%(upstream:remotename)%00%(upstream:remoteref) refs/heads/master refs/remotes/master [15ms]
2026-08-16 15:41:08.576 [warning] [Git][getBranch] No such branch: master
2026-08-16 15:41:08.595 [info] > git for-each-ref --sort -committerdate --format %(refname)%00%(objectname)%00%(*objectname) [12ms]
2026-08-16 15:41:08.666 [info] > git status -z -uall [87ms]
2026-08-16 15:41:13.676 [info] [Git][getRemotes] No remotes found in the git config file
2026-08-16 15:41:13.685 [info] > git config --get commit.template [9ms]
2026-08-16 15:41:13.694 [info] > git for-each-ref --format=%(refname)%00%(upstream:short)%00%(objectname)%00%(upstream:track)%00%(upstream:remotename)%00%(upstream:remoteref) refs/heads/master refs/remotes/master [13ms]
2026-08-16 15:41:13.694 [warning] [Git][getBranch] No such branch: master
2026-08-16 15:41:13.712 [info] > git for-each-ref --sort -committerdate --format %(refname)%00%(objectname)%00%(*objectname) [12ms]
2026-08-16 15:41:13.786 [info] > git status -z -uall [89ms]
2026-08-16 15:41:18.802 [info] [Git][getRemotes] No remotes found in the git config file
2026-08-16 15:41:18.811 [info] > git config --get commit.template [14ms]
2026-08-16 15:41:18.811 [info] > git for-each-ref --format=%(refname)%00%(upstream:short)%00%(objectname)%00%(upstream:track)%00%(upstream:remotename)%00%(upstream:remoteref) refs/heads/master refs/remotes/master [9ms]
2026-08-16 15:41:18.811 [warning] [Git][getBranch] No such branch: master
2026-08-16 15:41:18.829 [info] > git for-each-ref --sort -committerdate --format %(refname)%00%(objectname)%00%(*objectname) [11ms]
2026-08-16 15:41:18.906 [info] > git status -z -uall [91ms]
2026-08-16 15:41:23.922 [info] [Git][getRemotes] No remotes found in the git config file
2026-08-16 15:41:23.932 [info] > git config --get commit.template [15ms]
2026-08-16 15:41:23.932 [info] > git for-each-ref --format=%(refname)%00%(upstream:short)%00%(objectname)%00%(upstream:track)%00%(upstream:remotename)%00%(upstream:remoteref) refs/heads/master refs/remotes/master [10ms]
2026-08-16 15:41:23.932 [warning] [Git][getBranch] No such branch: master
2026-08-16 15:41:23.951 [info] > git for-each-ref --sort -committerdate --format %(refname)%00%(objectname)%00%(*objectname) [13ms]
2026-08-16 15:41:24.025 [info] > git status -z -uall [90ms]
2026-08-16 15:41:29.035 [info] [Git][getRemotes] No remotes found in the git config file
2026-08-16 15:41:29.045 [info] > git config --get commit.template [11ms]
2026-08-16 15:41:29.054 [info] > git for-each-ref --format=%(refname)%00%(upstream:short)%00%(objectname)%00%(upstream:track)%00%(upstream:remotename)%00%(upstream:remoteref) refs/heads/master refs/remotes/master [15ms]
2026-08-16 15:41:29.054 [warning] [Git][getBranch] No such branch: master
2026-08-16 15:41:29.073 [info] > git for-each-ref --sort -committerdate --format %(refname)%00%(objectname)%00%(*objectname) [12ms]
2026-08-16 15:41:29.249 [info] > git status -z -uall [192ms]
2026-08-16 15:41:34.263 [info] [Git][getRemotes] No remotes found in the git config file
2026-08-16 15:41:34.273 [info] > git config --get commit.template [14ms]
2026-08-16 15:41:34.282 [info] > git for-each-ref --format=%(refname)%00%(upstream:short)%00%(objectname)%00%(upstream:track)%00%(upstream:remotename)%00%(upstream:remoteref) refs/heads/master refs/remotes/master [19ms]
2026-08-16 15:41:34.282 [warning] [Git][getBranch] No such branch: master
2026-08-16 15:41:34.302 [info] > git for-each-ref --sort -committerdate --format %(refname)%00%(objectname)%00%(*objectname) [13ms]
2026-08-16 15:41:34.378 [info] > git status -z -uall [93ms]
2026-08-16 15:41:39.393 [info] [Git][getRemotes] No remotes found in the git config file
2026-08-16 15:41:39.403 [info] > git config --get commit.template [15ms]
2026-08-16 15:41:39.403 [info] > git for-each-ref --format=%(refname)%00%(upstream:short)%00%(objectname)%00%(upstream:track)%00%(upstream:remotename)%00%(upstream:remoteref) refs/heads/master refs/remotes/master [11ms]
2026-08-16 15:41:39.403 [warning] [Git][getBranch] No such branch: master
2026-08-16 15:41:39.422 [info] > git for-each-ref --sort -committerdate --format %(refname)%00%(objectname)%00%(*objectname) [12ms]
2026-08-16 15:41:39.495 [info] > git status -z -uall [88ms]
2026-08-16 15:41:44.506 [info] [Git][getRemotes] No remotes found in the git config file
2026-08-16 15:41:44.515 [info] > git config --get commit.template [10ms]
2026-08-16 15:41:44.525 [info] > git for-each-ref --format=%(refname)%00%(upstream:short)%00%(objectname)%00%(upstream:track)%00%(upstream:remotename)%00%(upstream:remoteref) refs/heads/master refs/remotes/master [15ms]
2026-08-16 15:41:44.525 [warning] [Git][getBranch] No such branch: master
2026-08-16 15:41:44.542 [info] > git for-each-ref --sort -committerdate --format %(refname)%00%(objectname)%00%(*objectname) [10ms]
2026-08-16 15:41:44.616 [info] > git status -z -uall [88ms]
2026-08-16 15:41:49.629 [info] [Git][getRemotes] No remotes found in the git config file
2026-08-16 15:41:49.639 [info] > git config --get commit.template [14ms]
2026-08-16 15:41:49.639 [info] > git for-each-ref --format=%(refname)%00%(upstream:short)%00%(objectname)%00%(upstream:track)%00%(upstream:remotename)%00%(upstream:remoteref) refs/heads/master refs/remotes/master [10ms]
2026-08-16 15:41:49.639 [warning] [Git][getBranch] No such branch: master
2026-08-16 15:41:49.657 [info] > git for-each-ref --sort -committerdate --format %(refname)%00%(objectname)%00%(*objectname) [10ms]
2026-08-16 15:41:49.730 [info] > git status -z -uall [87ms]
2026-08-16 15:45:08.783 [info] [Git][getRemotes] No remotes found in the git config file
2026-08-16 15:45:08.792 [info] > git config --get commit.template [10ms]
2026-08-16 15:45:08.800 [info] > git for-each-ref --format=%(refname)%00%(upstream:short)%00%(objectname)%00%(upstream:track)%00%(upstream:remotename)%00%(upstream:remoteref) refs/heads/master refs/remotes/master [13ms]
2026-08-16 15:45:08.800 [warning] [Git][getBranch] No such branch: master
2026-08-16 15:45:08.817 [info] > git for-each-ref --sort -committerdate --format %(refname)%00%(objectname)%00%(*objectname) [10ms]
2026-08-16 15:45:09.045 [info] > git status -z -uall [241ms]
2026-08-16 15:45:34.805 [info] [Git][getRemotes] No remotes found in the git config file
2026-08-16 15:45:34.814 [info] > git config --get commit.template [14ms]
2026-08-16 15:45:34.823 [info] > git for-each-ref --format=%(refname)%00%(upstream:short)%00%(objectname)%00%(upstream:track)%00%(upstream:remotename)%00%(upstream:remoteref) refs/heads/master refs/remotes/master [18ms]
2026-08-16 15:45:34.824 [warning] [Git][getBranch] No such branch: master
2026-08-16 15:45:34.851 [info] > git for-each-ref --sort -committerdate --format %(refname)%00%(objectname)%00%(*objectname) [11ms]
2026-08-16 15:45:34.925 [info] > git status -z -uall [89ms]
2026-08-16 15:45:39.941 [info] [Git][getRemotes] No remotes found in the git config file
2026-08-16 15:45:39.951 [info] > git config --get commit.template [15ms]
2026-08-16 15:45:39.951 [info] > git for-each-ref --format=%(refname)%00%(upstream:short)%00%(objectname)%00%(upstream:track)%00%(upstream:remotename)%00%(upstream:remoteref) refs/heads/master refs/remotes/master [10ms]
2026-08-16 15:45:39.951 [warning] [Git][getBranch] No such branch: master
2026-08-16 15:45:39.969 [info] > git for-each-ref --sort -committerdate --format %(refname)%00%(objectname)%00%(*objectname) [12ms]
2026-08-16 15:45:40.040 [info] > git status -z -uall [86ms]
2026-08-16 15:45:45.055 [info] [Git][getRemotes] No remotes found in the git config file
2026-08-16 15:45:45.067 [info] > git config --get commit.template [17ms]
2026-08-16 15:45:45.067 [info] > git for-each-ref --format=%(refname)%00%(upstream:short)%00%(objectname)%00%(upstream:track)%00%(upstream:remotename)%00%(upstream:remoteref) refs/heads/master refs/remotes/master [12ms]
2026-08-16 15:45:45.067 [warning] [Git][getBranch] No such branch: master
2026-08-16 15:45:45.084 [info] > git for-each-ref --sort -committerdate --format %(refname)%00%(objectname)%00%(*objectname) [11ms]
2026-08-16 15:45:45.156 [info] > git status -z -uall [86ms]
2026-08-16 15:45:50.168 [info] [Git][getRemotes] No remotes found in the git config file
2026-08-16 15:45:50.177 [info] > git config --get commit.template [14ms]
2026-08-16 15:45:50.177 [info] > git for-each-ref --format=%(refname)%00%(upstream:short)%00%(objectname)%00%(upstream:track)%00%(upstream:remotename)%00%(upstream:remoteref) refs/heads/master refs/remotes/master [9ms]
2026-08-16 15:45:50.177 [warning] [Git][getBranch] No such branch: master
2026-08-16 15:45:50.195 [info] > git for-each-ref --sort -committerdate --format %(refname)%00%(objectname)%00%(*objectname) [11ms]
2026-08-16 15:45:50.265 [info] > git status -z -uall [84ms]
2026-08-16 15:45:55.276 [info] [Git][getRemotes] No remotes found in the git config file
2026-08-16 15:45:55.287 [info] > git config --get commit.template [11ms]
2026-08-16 15:45:55.296 [info] > git for-each-ref --format=%(refname)%00%(upstream:short)%00%(objectname)%00%(upstream:track)%00%(upstream:remotename)%00%(upstream:remoteref) refs/heads/master refs/remotes/master [17ms]
2026-08-16 15:45:55.296 [warning] [Git][getBranch] No such branch: master
2026-08-16 15:45:55.313 [info] > git for-each-ref --sort -committerdate --format %(refname)%00%(objectname)%00%(*objectname) [11ms]
2026-08-16 15:45:55.384 [info] > git status -z -uall [85ms]
2026-08-16 15:46:00.401 [info] [Git][getRemotes] No remotes found in the git config file
2026-08-16 15:46:00.410 [info] > git config --get commit.template [15ms]
2026-08-16 15:46:00.410 [info] > git for-each-ref --format=%(refname)%00%(upstream:short)%00%(objectname)%00%(upstream:track)%00%(upstream:remotename)%00%(upstream:remoteref) refs/heads/master refs/remotes/master [9ms]
2026-08-16 15:46:00.418 [warning] [Git][getBranch] No such branch: master
2026-08-16 15:46:00.436 [info] > git for-each-ref --sort -committerdate --format %(refname)%00%(objectname)%00%(*objectname) [11ms]
2026-08-16 15:46:00.507 [info] > git status -z -uall [85ms]
2026-08-16 15:47:02.907 [info] [Git][getRemotes] No remotes found in the git config file
2026-08-16 15:47:02.916 [info] > git config --get commit.template [15ms]
2026-08-16 15:47:02.926 [info] > git for-each-ref --format=%(refname)%00%(upstream:short)%00%(objectname)%00%(upstream:track)%00%(upstream:remotename)%00%(upstream:remoteref) refs/heads/master refs/remotes/master [20ms]
2026-08-16 15:47:02.926 [warning] [Git][getBranch] No such branch: master
2026-08-16 15:47:02.943 [info] > git for-each-ref --sort -committerdate --format %(refname)%00%(objectname)%00%(*objectname) [11ms]
2026-08-16 15:47:03.174 [info] > git status -z -uall [245ms]
2026-08-16 15:47:08.190 [info] [Git][getRemotes] No remotes found in the git config file
2026-08-16 15:47:08.199 [info] > git config --get commit.template [15ms]
2026-08-16 15:47:08.199 [info] > git for-each-ref --format=%(refname)%00%(upstream:short)%00%(objectname)%00%(upstream:track)%00%(upstream:remotename)%00%(upstream:remoteref) refs/heads/master refs/remotes/master [10ms]
2026-08-16 15:47:08.199 [warning] [Git][getBranch] No such branch: master
2026-08-16 15:47:08.219 [info] > git for-each-ref --sort -committerdate --format %(refname)%00%(objectname)%00%(*objectname) [13ms]
2026-08-16 15:47:08.292 [info] > git status -z -uall [89ms]
2026-08-16 15:47:13.304 [info] [Git][getRemotes] No remotes found in the git config file
2026-08-16 15:47:13.313 [info] > git config --get commit.template [13ms]
2026-08-16 15:47:13.322 [info] > git for-each-ref --format=%(refname)%00%(upstream:short)%00%(objectname)%00%(upstream:track)%00%(upstream:remotename)%00%(upstream:remoteref) refs/heads/master refs/remotes/master [19ms]
2026-08-16 15:47:13.322 [warning] [Git][getBranch] No such branch: master
2026-08-16 15:47:13.341 [info] > git for-each-ref --sort -committerdate --format %(refname)%00%(objectname)%00%(*objectname) [12ms]
2026-08-16 15:47:13.416 [info] > git status -z -uall [90ms]
2026-08-16 15:47:18.432 [info] [Git][getRemotes] No remotes found in the git config file
2026-08-16 15:47:18.442 [info] > git config --get commit.template [16ms]
2026-08-16 15:47:18.442 [info] > git for-each-ref --format=%(refname)%00%(upstream:short)%00%(objectname)%00%(upstream:track)%00%(upstream:remotename)%00%(upstream:remoteref) refs/heads/master refs/remotes/master [10ms]
2026-08-16 15:47:18.442 [warning] [Git][getBranch] No such branch: master
2026-08-16 15:47:18.459 [info] > git for-each-ref --sort -committerdate --format %(refname)%00%(objectname)%00%(*objectname) [10ms]
2026-08-16 15:47:18.531 [info] > git status -z -uall [86ms]
2026-08-16 15:47:23.544 [info] [Git][getRemotes] No remotes found in the git config file
2026-08-16 15:47:23.554 [info] > git config --get commit.template [14ms]
2026-08-16 15:47:23.554 [info] > git for-each-ref --format=%(refname)%00%(upstream:short)%00%(objectname)%00%(upstream:track)%00%(upstream:remotename)%00%(upstream:remoteref) refs/heads/master refs/remotes/master [10ms]
2026-08-16 15:47:23.554 [warning] [Git][getBranch] No such branch: master
2026-08-16 15:47:23.571 [info] > git for-each-ref --sort -committerdate --format %(refname)%00%(objectname)%00%(*objectname) [11ms]
2026-08-16 15:47:23.642 [info] > git status -z -uall [85ms]
2026-08-16 15:47:28.657 [info] [Git][getRemotes] No remotes found in the git config file
2026-08-16 15:47:28.666 [info] > git config --get commit.template [14ms]
2026-08-16 15:47:28.666 [info] > git for-each-ref --format=%(refname)%00%(upstream:short)%00%(objectname)%00%(upstream:track)%00%(upstream:remotename)%00%(upstream:remoteref) refs/heads/master refs/remotes/master [9ms]
2026-08-16 15:47:28.666 [warning] [Git][getBranch] No such branch: master
2026-08-16 15:47:28.686 [info] > git for-each-ref --sort -committerdate --format %(refname)%00%(objectname)%00%(*objectname) [12ms]
2026-08-16 15:47:28.758 [info] > git status -z -uall [88ms]
2026-08-16 15:47:33.770 [info] [Git][getRemotes] No remotes found in the git config file
2026-08-16 15:47:33.778 [info] > git config --get commit.template [9ms]
2026-08-16 15:47:33.787 [info] > git for-each-ref --format=%(refname)%00%(upstream:short)%00%(objectname)%00%(upstream:track)%00%(upstream:remotename)%00%(upstream:remoteref) refs/heads/master refs/remotes/master [13ms]
2026-08-16 15:47:33.787 [warning] [Git][getBranch] No such branch: master
2026-08-16 15:47:33.807 [info] > git for-each-ref --sort -committerdate --format %(refname)%00%(objectname)%00%(*objectname) [12ms]
2026-08-16 15:47:33.879 [info] > git status -z -uall [88ms]
2026-08-16 15:47:38.890 [info] [Git][getRemotes] No remotes found in the git config file
2026-08-16 15:47:38.899 [info] > git config --get commit.template [10ms]
2026-08-16 15:47:38.908 [info] > git for-each-ref --format=%(refname)%00%(upstream:short)%00%(objectname)%00%(upstream:track)%00%(upstream:remotename)%00%(upstream:remoteref) refs/heads/master refs/remotes/master [15ms]
2026-08-16 15:47:38.908 [warning] [Git][getBranch] No such branch: master
2026-08-16 15:47:38.930 [info] > git for-each-ref --sort -committerdate --format %(refname)%00%(objectname)%00%(*objectname) [13ms]
2026-08-16 15:47:39.003 [info] > git status -z -uall [89ms]
2026-08-16 15:47:44.017 [info] [Git][getRemotes] No remotes found in the git config file
2026-08-16 15:47:44.026 [info] > git config --get commit.template [13ms]
2026-08-16 15:47:44.037 [info] > git for-each-ref --format=%(refname)%00%(upstream:short)%00%(objectname)%00%(upstream:track)%00%(upstream:remotename)%00%(upstream:remoteref) refs/heads/master refs/remotes/master [20ms]
2026-08-16 15:47:44.037 [warning] [Git][getBranch] No such branch: master
2026-08-16 15:47:44.057 [info] > git for-each-ref --sort -committerdate --format %(refname)%00%(objectname)%00%(*objectname) [13ms]
2026-08-16 15:47:44.131 [info] > git status -z -uall [90ms]
2026-08-16 15:47:49.141 [info] [Git][getRemotes] No remotes found in the git config file
2026-08-16 15:47:49.151 [info] > git config --get commit.template [11ms]
2026-08-16 15:47:49.160 [info] > git for-each-ref --format=%(refname)%00%(upstream:short)%00%(objectname)%00%(upstream:track)%00%(upstream:remotename)%00%(upstream:remoteref) refs/heads/master refs/remotes/master [15ms]
2026-08-16 15:47:49.160 [warning] [Git][getBranch] No such branch: master
2026-08-16 15:47:49.177 [info] > git for-each-ref --sort -committerdate --format %(refname)%00%(objectname)%00%(*objectname) [11ms]
2026-08-16 15:47:49.250 [info] > git status -z -uall [87ms]
2026-08-16 15:47:54.267 [info] [Git][getRemotes] No remotes found in the git config file
2026-08-16 15:47:54.277 [info] > git config --get commit.template [15ms]
2026-08-16 15:47:54.277 [info] > git for-each-ref --format=%(refname)%00%(upstream:short)%00%(objectname)%00%(upstream:track)%00%(upstream:remotename)%00%(upstream:remoteref) refs/heads/master refs/remotes/master [10ms]
2026-08-16 15:47:54.277 [warning] [Git][getBranch] No such branch: master
2026-08-16 15:47:54.295 [info] > git for-each-ref --sort -committerdate --format %(refname)%00%(objectname)%00%(*objectname) [12ms]
2026-08-16 15:47:54.367 [info] > git status -z -uall [87ms]
2026-08-16 15:47:59.384 [info] [Git][getRemotes] No remotes found in the git config file
2026-08-16 15:47:59.393 [info] > git config --get commit.template [14ms]
2026-08-16 15:47:59.402 [info] > git for-each-ref --format=%(refname)%00%(upstream:short)%00%(objectname)%00%(upstream:track)%00%(upstream:remotename)%00%(upstream:remoteref) refs/heads/master refs/remotes/master [17ms]
2026-08-16 15:47:59.402 [warning] [Git][getBranch] No such branch: master
2026-08-16 15:47:59.428 [info] > git for-each-ref --sort -committerdate --format %(refname)%00%(objectname)%00%(*objectname) [11ms]
2026-08-16 15:47:59.502 [info] > git status -z -uall [88ms]
2026-08-16 15:48:04.518 [info] [Git][getRemotes] No remotes found in the git config file
2026-08-16 15:48:04.527 [info] > git config --get commit.template [14ms]
2026-08-16 15:48:04.536 [info] > git for-each-ref --format=%(refname)%00%(upstream:short)%00%(objectname)%00%(upstream:track)%00%(upstream:remotename)%00%(upstream:remoteref) refs/heads/master refs/remotes/master [19ms]
2026-08-16 15:48:04.536 [warning] [Git][getBranch] No such branch: master
2026-08-16 15:48:04.554 [info] > git for-each-ref --sort -committerdate --format %(refname)%00%(objectname)%00%(*objectname) [10ms]
2026-08-16 15:48:04.729 [info] > git status -z -uall [190ms]
2026-08-16 15:48:09.740 [info] [Git][getRemotes] No remotes found in the git config file
2026-08-16 15:48:09.750 [info] > git config --get commit.template [11ms]
2026-08-16 15:48:09.760 [info] > git for-each-ref --format=%(refname)%00%(upstream:short)%00%(objectname)%00%(upstream:track)%00%(upstream:remotename)%00%(upstream:remoteref) refs/heads/master refs/remotes/master [16ms]
2026-08-16 15:48:09.760 [warning] [Git][getBranch] No such branch: master
2026-08-16 15:48:09.776 [info] > git for-each-ref --sort -committerdate --format %(refname)%00%(objectname)%00%(*objectname) [9ms]
2026-08-16 15:48:09.849 [info] > git status -z -uall [85ms]
2026-08-16 15:48:14.860 [info] [Git][getRemotes] No remotes found in the git config file
2026-08-16 15:48:14.870 [info] > git config --get commit.template [11ms]
2026-08-16 15:48:14.879 [info] > git for-each-ref --format=%(refname)%00%(upstream:short)%00%(objectname)%00%(upstream:track)%00%(upstream:remotename)%00%(upstream:remoteref) refs/heads/master refs/remotes/master [15ms]
2026-08-16 15:48:14.879 [warning] [Git][getBranch] No such branch: master
2026-08-16 15:48:14.897 [info] > git for-each-ref --sort -committerdate --format %(refname)%00%(objectname)%00%(*objectname) [11ms]
2026-08-16 15:48:14.968 [info] > git status -z -uall [86ms]
2026-08-16 15:48:19.982 [info] [Git][getRemotes] No remotes found in the git config file
2026-08-16 15:48:19.992 [info] > git config --get commit.template [14ms]
2026-08-16 15:48:19.992 [info] > git for-each-ref --format=%(refname)%00%(upstream:short)%00%(objectname)%00%(upstream:track)%00%(upstream:remotename)%00%(upstream:remoteref) refs/heads/master refs/remotes/master [10ms]
2026-08-16 15:48:19.992 [warning] [Git][getBranch] No such branch: master
2026-08-16 15:48:20.011 [info] > git for-each-ref --sort -committerdate --format %(refname)%00%(objectname)%00%(*objectname) [12ms]
2026-08-16 15:48:20.082 [info] > git status -z -uall [87ms]
2026-08-16 15:48:25.097 [info] [Git][getRemotes] No remotes found in the git config file
2026-08-16 15:48:25.106 [info] > git config --get commit.template [13ms]
2026-08-16 15:48:25.115 [info] > git for-each-ref --format=%(refname)%00%(upstream:short)%00%(objectname)%00%(upstream:track)%00%(upstream:remotename)%00%(upstream:remoteref) refs/heads/master refs/remotes/master [18ms]
2026-08-16 15:48:25.115 [warning] [Git][getBranch] No such branch: master
2026-08-16 15:48:25.132 [info] > git for-each-ref --sort -committerdate --format %(refname)%00%(objectname)%00%(*objectname) [10ms]
2026-08-16 15:48:25.203 [info] > git status -z -uall [83ms]
2026-08-16 15:48:30.213 [info] [Git][getRemotes] No remotes found in the git config file
2026-08-16 15:48:30.222 [info] > git config --get commit.template [9ms]
2026-08-16 15:48:30.230 [info] > git for-each-ref --format=%(refname)%00%(upstream:short)%00%(objectname)%00%(upstream:track)%00%(upstream:remotename)%00%(upstream:remoteref) refs/heads/master refs/remotes/master [13ms]
2026-08-16 15:48:30.230 [warning] [Git][getBranch] No such branch: master
2026-08-16 15:48:30.249 [info] > git for-each-ref --sort -committerdate --format %(refname)%00%(objectname)%00%(*objectname) [11ms]
2026-08-16 15:48:30.320 [info] > git status -z -uall [86ms]
2026-08-16 15:48:35.335 [info] [Git][getRemotes] No remotes found in the git config file
2026-08-16 15:48:35.343 [info] > git config --get commit.template [13ms]
2026-08-16 15:48:35.353 [info] > git for-each-ref --format=%(refname)%00%(upstream:short)%00%(objectname)%00%(upstream:track)%00%(upstream:remotename)%00%(upstream:remoteref) refs/heads/master refs/remotes/master [18ms]
2026-08-16 15:48:35.353 [warning] [Git][getBranch] No such branch: master
2026-08-16 15:48:35.373 [info] > git for-each-ref --sort -committerdate --format %(refname)%00%(objectname)%00%(*objectname) [13ms]
2026-08-16 15:48:35.449 [info] > git status -z -uall [93ms]
2026-08-16 15:48:40.458 [info] [Git][getRemotes] No remotes found in the git config file
2026-08-16 15:48:40.467 [info] > git config --get commit.template [10ms]
2026-08-16 15:48:40.476 [info] > git for-each-ref --format=%(refname)%00%(upstream:short)%00%(objectname)%00%(upstream:track)%00%(upstream:remotename)%00%(upstream:remoteref) refs/heads/master refs/remotes/master [15ms]
2026-08-16 15:48:40.476 [warning] [Git][getBranch] No such branch: master
2026-08-16 15:48:40.494 [info] > git for-each-ref --sort -committerdate --format %(refname)%00%(objectname)%00%(*objectname) [11ms]
2026-08-16 15:48:40.565 [info] > git status -z -uall [85ms]
2026-08-16 15:48:45.579 [info] [Git][getRemotes] No remotes found in the git config file
2026-08-16 15:48:45.589 [info] > git config --get commit.template [14ms]
2026-08-16 15:48:45.589 [info] > git for-each-ref --format=%(refname)%00%(upstream:short)%00%(objectname)%00%(upstream:track)%00%(upstream:remotename)%00%(upstream:remoteref) refs/heads/master refs/remotes/master [10ms]
2026-08-16 15:48:45.589 [warning] [Git][getBranch] No such branch: master
2026-08-16 15:48:45.605 [info] > git for-each-ref --sort -committerdate --format %(refname)%00%(objectname)%00%(*objectname) [9ms]
2026-08-16 15:48:45.675 [info] > git status -z -uall [83ms]
2026-08-16 15:48:50.685 [info] [Git][getRemotes] No remotes found in the git config file
2026-08-16 15:48:50.695 [info] > git config --get commit.template [11ms]
2026-08-16 15:48:50.705 [info] > git for-each-ref --format=%(refname)%00%(upstream:short)%00%(objectname)%00%(upstream:track)%00%(upstream:remotename)%00%(upstream:remoteref) refs/heads/master refs/remotes/master [17ms]
2026-08-16 15:48:50.705 [warning] [Git][getBranch] No such branch: master
2026-08-16 15:48:50.723 [info] > git for-each-ref --sort -committerdate --format %(refname)%00%(objectname)%00%(*objectname) [11ms]
2026-08-16 15:48:50.796 [info] > git status -z -uall [88ms]
2026-08-16 15:48:55.811 [info] [Git][getRemotes] No remotes found in the git config file
2026-08-16 15:48:55.820 [info] > git config --get commit.template [13ms]
2026-08-16 15:48:55.830 [info] > git for-each-ref --format=%(refname)%00%(upstream:short)%00%(objectname)%00%(upstream:track)%00%(upstream:remotename)%00%(upstream:remoteref) refs/heads/master refs/remotes/master [19ms]
2026-08-16 15:48:55.830 [warning] [Git][getBranch] No such branch: master
2026-08-16 15:48:55.848 [info] > git for-each-ref --sort -committerdate --format %(refname)%00%(objectname)%00%(*objectname) [11ms]
2026-08-16 15:48:55.918 [info] > git status -z -uall [84ms]
2026-08-16 15:49:00.931 [info] [Git][getRemotes] No remotes found in the git config file
2026-08-16 15:49:00.942 [info] > git config --get commit.template [15ms]
2026-08-16 15:49:00.942 [info] > git for-each-ref --format=%(refname)%00%(upstream:short)%00%(objectname)%00%(upstream:track)%00%(upstream:remotename)%00%(upstream:remoteref) refs/heads/master refs/remotes/master [11ms]
2026-08-16 15:49:00.942 [warning] [Git][getBranch] No such branch: master
2026-08-16 15:49:00.959 [info] > git for-each-ref --sort -committerdate --format %(refname)%00%(objectname)%00%(*objectname) [11ms]
2026-08-16 15:49:01.031 [info] > git status -z -uall [86ms]
2026-08-16 15:49:06.047 [info] [Git][getRemotes] No remotes found in the git config file
2026-08-16 15:49:06.056 [info] > git config --get commit.template [14ms]
2026-08-16 15:49:06.064 [info] > git for-each-ref --format=%(refname)%00%(upstream:short)%00%(objectname)%00%(upstream:track)%00%(upstream:remotename)%00%(upstream:remoteref) refs/heads/master refs/remotes/master [17ms]
2026-08-16 15:49:06.064 [warning] [Git][getBranch] No such branch: master
2026-08-16 15:49:06.084 [info] > git for-each-ref --sort -committerdate --format %(refname)%00%(objectname)%00%(*objectname) [13ms]
2026-08-16 15:49:06.252 [info] > git status -z -uall [184ms]
2026-08-16 15:49:11.266 [info] [Git][getRemotes] No remotes found in the git config file
2026-08-16 15:49:11.275 [info] > git config --get commit.template [14ms]
2026-08-16 15:49:11.285 [info] > git for-each-ref --format=%(refname)%00%(upstream:short)%00%(objectname)%00%(upstream:track)%00%(upstream:remotename)%00%(upstream:remoteref) refs/heads/master refs/remotes/master [19ms]
2026-08-16 15:49:11.285 [warning] [Git][getBranch] No such branch: master
2026-08-16 15:49:11.303 [info] > git for-each-ref --sort -committerdate --format %(refname)%00%(objectname)%00%(*objectname) [11ms]
2026-08-16 15:49:11.374 [info] > git status -z -uall [86ms]
2026-08-16 15:49:16.386 [info] [Git][getRemotes] No remotes found in the git config file
2026-08-16 15:49:16.395 [info] > git config --get commit.template [10ms]
2026-08-16 15:49:16.404 [info] > git for-each-ref --format=%(refname)%00%(upstream:short)%00%(objectname)%00%(upstream:track)%00%(upstream:remotename)%00%(upstream:remoteref) refs/heads/master refs/remotes/master [14ms]
2026-08-16 15:49:16.404 [warning] [Git][getBranch] No such branch: master
2026-08-16 15:49:16.430 [info] > git for-each-ref --sort -committerdate --format %(refname)%00%(objectname)%00%(*objectname) [18ms]
2026-08-16 15:49:16.502 [info] > git status -z -uall [94ms]
2026-08-16 15:49:21.513 [info] [Git][getRemotes] No remotes found in the git config file
2026-08-16 15:49:21.523 [info] > git config --get commit.template [11ms]
2026-08-16 15:49:21.532 [info] > git for-each-ref --format=%(refname)%00%(upstream:short)%00%(objectname)%00%(upstream:track)%00%(upstream:remotename)%00%(upstream:remoteref) refs/heads/master refs/remotes/master [15ms]
2026-08-16 15:49:21.532 [warning] [Git][getBranch] No such branch: master
2026-08-16 15:49:21.551 [info] > git for-each-ref --sort -committerdate --format %(refname)%00%(objectname)%00%(*objectname) [12ms]
2026-08-16 15:49:21.624 [info] > git status -z -uall [88ms]
2026-08-16 15:49:26.638 [info] [Git][getRemotes] No remotes found in the git config file
2026-08-16 15:49:26.649 [info] > git config --get commit.template [16ms]
2026-08-16 15:49:26.649 [info] > git for-each-ref --format=%(refname)%00%(upstream:short)%00%(objectname)%00%(upstream:track)%00%(upstream:remotename)%00%(upstream:remoteref) refs/heads/master refs/remotes/master [11ms]
2026-08-16 15:49:26.649 [warning] [Git][getBranch] No such branch: master
2026-08-16 15:49:26.668 [info] > git for-each-ref --sort -committerdate --format %(refname)%00%(objectname)%00%(*objectname) [12ms]
2026-08-16 15:49:26.737 [info] > git status -z -uall [85ms]
2026-08-16 15:49:31.748 [info] [Git][getRemotes] No remotes found in the git config file
2026-08-16 15:49:31.757 [info] > git config --get commit.template [10ms]
2026-08-16 15:49:31.765 [info] > git for-each-ref --format=%(refname)%00%(upstream:short)%00%(objectname)%00%(upstream:track)%00%(upstream:remotename)%00%(upstream:remoteref) refs/heads/master refs/remotes/master [13ms]
2026-08-16 15:49:31.765 [warning] [Git][getBranch] No such branch: master
2026-08-16 15:49:31.786 [info] > git for-each-ref --sort -committerdate --format %(refname)%00%(objectname)%00%(*objectname) [13ms]
2026-08-16 15:49:31.859 [info] > git status -z -uall [90ms]
2026-08-16 15:49:36.873 [info] [Git][getRemotes] No remotes found in the git config file
2026-08-16 15:49:36.882 [info] > git config --get commit.template [13ms]
2026-08-16 15:49:36.891 [info] > git for-each-ref --format=%(refname)%00%(upstream:short)%00%(objectname)%00%(upstream:track)%00%(upstream:remotename)%00%(upstream:remoteref) refs/heads/master refs/remotes/master [18ms]
2026-08-16 15:49:36.891 [warning] [Git][getBranch] No such branch: master
2026-08-16 15:49:36.910 [info] > git for-each-ref --sort -committerdate --format %(refname)%00%(objectname)%00%(*objectname) [13ms]
2026-08-16 15:49:36.982 [info] > git status -z -uall [88ms]
2026-08-16 15:49:39.521 [info] > git log --format=%H%n%aN%n%aE%n%at%n%ct%n%P%n%D%n%B -z --shortstat -n50 --skip=0 --topo-order --decorate=full --stdin [9ms]
2026-08-16 15:49:39.521 [info] fatal: bad revision 'refs/heads/master'
2026-08-16 15:49:39.521 [error] [GitHistoryProvider][provideHistoryItems] Failed to get history items with options '{"historyItemRefs":["refs/heads/master"],"limit":50,"skip":0}': Failed to execute git {
  "exitCode": 128,
  "gitCommand": "log",
  "stdout": "",
  "stderr": "fatal: bad revision 'refs/heads/master'\n"
}
2026-08-16 15:49:41.996 [info] [Git][getRemotes] No remotes found in the git config file
2026-08-16 15:49:42.006 [info] > git config --get commit.template [14ms]
2026-08-16 15:49:42.006 [info] > git for-each-ref --format=%(refname)%00%(upstream:short)%00%(objectname)%00%(upstream:track)%00%(upstream:remotename)%00%(upstream:remoteref) refs/heads/master refs/remotes/master [10ms]
2026-08-16 15:49:42.006 [warning] [Git][getBranch] No such branch: master
2026-08-16 15:49:42.024 [info] > git for-each-ref --sort -committerdate --format %(refname)%00%(objectname)%00%(*objectname) [12ms]
2026-08-16 15:49:42.093 [info] > git status -z -uall [84ms]
2026-08-16 15:49:46.629 [info] > git show --textconv :.git/COMMIT_EDITMSG [11ms]
2026-08-16 15:49:46.630 [warning] [GitFileSystemProvider][readFile] File not found - git:/voc/work/.git/COMMIT_EDITMSG.git?%7B%22path%22%3A%22%2Fvoc%2Fwork%2F.git%2FCOMMIT_EDITMSG%22%2C%22ref%22%3A%22%22%7D
2026-08-16 15:49:46.638 [info] > git ls-files --stage -- .git/COMMIT_EDITMSG [15ms]
2026-08-16 15:49:46.638 [warning] [GitFileSystemProvider][stat] File not found - git:/voc/work/.git/COMMIT_EDITMSG.git?%7B%22path%22%3A%22%2Fvoc%2Fwork%2F.git%2FCOMMIT_EDITMSG%22%2C%22ref%22%3A%22%22%7D
2026-08-16 15:58:38.618 [info] > git -c user.useConfigOnly=true commit --quiet [533687ms]
2026-08-16 15:58:38.618 [info] Aborting commit due to empty commit message.
2026-08-16 15:58:38.630 [info] [Git][getRemotes] No remotes found in the git config file
2026-08-16 15:58:38.639 [info] > git config --get commit.template [14ms]
2026-08-16 15:58:38.648 [info] > git for-each-ref --format=%(refname)%00%(upstream:short)%00%(objectname)%00%(upstream:track)%00%(upstream:remotename)%00%(upstream:remoteref) refs/heads/master refs/remotes/master [18ms]
2026-08-16 15:58:38.648 [warning] [Git][getBranch] No such branch: master
2026-08-16 15:58:38.666 [info] > git for-each-ref --sort -committerdate --format %(refname)%00%(objectname)%00%(*objectname) [11ms]
2026-08-16 15:58:38.894 [info] > git status -z -uall [242ms]
2026-08-16 15:58:38.907 [info] [Git][getRemotes] No remotes found in the git config file
2026-08-16 15:58:38.916 [info] > git config --get commit.template [13ms]
2026-08-16 15:58:38.925 [info] > git for-each-ref --format=%(refname)%00%(upstream:short)%00%(objectname)%00%(upstream:track)%00%(upstream:remotename)%00%(upstream:remoteref) refs/heads/master refs/remotes/master [18ms]
2026-08-16 15:58:38.925 [warning] [Git][getBranch] No such branch: master
2026-08-16 15:58:38.952 [info] > git for-each-ref --sort -committerdate --format %(refname)%00%(objectname)%00%(*objectname) [11ms]
2026-08-16 15:58:39.020 [info] > git status -z -uall [82ms]
2026-08-16 15:58:44.034 [info] [Git][getRemotes] No remotes found in the git config file
2026-08-16 15:58:44.043 [info] > git config --get commit.template [12ms]
2026-08-16 15:58:44.053 [info] > git for-each-ref --format=%(refname)%00%(upstream:short)%00%(objectname)%00%(upstream:track)%00%(upstream:remotename)%00%(upstream:remoteref) refs/heads/master refs/remotes/master [14ms]
2026-08-16 15:58:44.053 [warning] [Git][getBranch] No such branch: master
2026-08-16 15:58:44.073 [info] > git for-each-ref --sort -committerdate --format %(refname)%00%(objectname)%00%(*objectname) [12ms]
2026-08-16 15:58:44.148 [info] > git status -z -uall [91ms]
2026-08-16 15:58:49.159 [info] [Git][getRemotes] No remotes found in the git config file
2026-08-16 15:58:49.169 [info] > git config --get commit.template [10ms]
2026-08-16 15:58:49.178 [info] > git for-each-ref --format=%(refname)%00%(upstream:short)%00%(objectname)%00%(upstream:track)%00%(upstream:remotename)%00%(upstream:remoteref) refs/heads/master refs/remotes/master [16ms]
2026-08-16 15:58:49.178 [warning] [Git][getBranch] No such branch: master
2026-08-16 15:58:49.198 [info] > git for-each-ref --sort -committerdate --format %(refname)%00%(objectname)%00%(*objectname) [13ms]
2026-08-16 15:58:49.268 [info] > git status -z -uall [87ms]
2026-08-16 15:58:54.283 [info] [Git][getRemotes] No remotes found in the git config file
2026-08-16 15:58:54.291 [info] > git config --get commit.template [13ms]
2026-08-16 15:58:54.299 [info] > git for-each-ref --format=%(refname)%00%(upstream:short)%00%(objectname)%00%(upstream:track)%00%(upstream:remotename)%00%(upstream:remoteref) refs/heads/master refs/remotes/master [16ms]
2026-08-16 15:58:54.299 [warning] [Git][getBranch] No such branch: master
2026-08-16 15:58:54.318 [info] > git for-each-ref --sort -committerdate --format %(refname)%00%(objectname)%00%(*objectname) [12ms]
2026-08-16 15:58:54.383 [info] > git status -z -uall [80ms]
2026-08-16 15:58:59.396 [info] [Git][getRemotes] No remotes found in the git config file
2026-08-16 15:58:59.405 [info] > git config --get commit.template [13ms]
2026-08-16 15:58:59.415 [info] > git for-each-ref --format=%(refname)%00%(upstream:short)%00%(objectname)%00%(upstream:track)%00%(upstream:remotename)%00%(upstream:remoteref) refs/heads/master refs/remotes/master [19ms]
2026-08-16 15:58:59.415 [warning] [Git][getBranch] No such branch: master
2026-08-16 15:58:59.432 [info] > git for-each-ref --sort -committerdate --format %(refname)%00%(objectname)%00%(*objectname) [11ms]
2026-08-16 15:58:59.499 [info] > git status -z -uall [81ms]
2026-08-16 15:59:04.515 [info] [Git][getRemotes] No remotes found in the git config file
2026-08-16 15:59:04.523 [info] > git config --get commit.template [13ms]
2026-08-16 15:59:04.524 [info] > git for-each-ref --format=%(refname)%00%(upstream:short)%00%(objectname)%00%(upstream:track)%00%(upstream:remotename)%00%(upstream:remoteref) refs/heads/master refs/remotes/master [9ms]
2026-08-16 15:59:04.524 [warning] [Git][getBranch] No such branch: master
2026-08-16 15:59:04.540 [info] > git for-each-ref --sort -committerdate --format %(refname)%00%(objectname)%00%(*objectname) [10ms]
2026-08-16 15:59:04.606 [info] > git status -z -uall [79ms]
2026-08-16 15:59:09.618 [info] [Git][getRemotes] No remotes found in the git config file
2026-08-16 15:59:09.627 [info] > git config --get commit.template [10ms]
2026-08-16 15:59:09.636 [info] > git for-each-ref --format=%(refname)%00%(upstream:short)%00%(objectname)%00%(upstream:track)%00%(upstream:remotename)%00%(upstream:remoteref) refs/heads/master refs/remotes/master [14ms]
2026-08-16 15:59:09.636 [warning] [Git][getBranch] No such branch: master
2026-08-16 15:59:09.653 [info] > git for-each-ref --sort -committerdate --format %(refname)%00%(objectname)%00%(*objectname) [10ms]
2026-08-16 15:59:09.720 [info] > git status -z -uall [80ms]
2026-08-16 15:59:14.731 [info] [Git][getRemotes] No remotes found in the git config file
2026-08-16 15:59:14.740 [info] > git config --get commit.template [10ms]
2026-08-16 15:59:14.749 [info] > git for-each-ref --format=%(refname)%00%(upstream:short)%00%(objectname)%00%(upstream:track)%00%(upstream:remotename)%00%(upstream:remoteref) refs/heads/master refs/remotes/master [14ms]
2026-08-16 15:59:14.749 [warning] [Git][getBranch] No such branch: master
2026-08-16 15:59:14.766 [info] > git for-each-ref --sort -committerdate --format %(refname)%00%(objectname)%00%(*objectname) [10ms]
2026-08-16 15:59:14.832 [info] > git status -z -uall [80ms]
2026-08-16 15:59:19.842 [info] [Git][getRemotes] No remotes found in the git config file
2026-08-16 15:59:19.851 [info] > git config --get commit.template [10ms]
2026-08-16 15:59:19.860 [info] > git for-each-ref --format=%(refname)%00%(upstream:short)%00%(objectname)%00%(upstream:track)%00%(upstream:remotename)%00%(upstream:remoteref) refs/heads/master refs/remotes/master [14ms]
2026-08-16 15:59:19.860 [warning] [Git][getBranch] No such branch: master
2026-08-16 15:59:19.878 [info] > git for-each-ref --sort -committerdate --format %(refname)%00%(objectname)%00%(*objectname) [11ms]
2026-08-16 15:59:19.950 [info] > git status -z -uall [86ms]
2026-08-16 15:59:25.182 [info] [Git][getRemotes] No remotes found in the git config file
2026-08-16 15:59:25.247 [info] > git config --get commit.template [169ms]
2026-08-16 15:59:25.266 [info] > git for-each-ref --format=%(refname)%00%(upstream:short)%00%(objectname)%00%(upstream:track)%00%(upstream:remotename)%00%(upstream:remoteref) refs/heads/master refs/remotes/master [90ms]
2026-08-16 15:59:25.266 [warning] [Git][getBranch] No such branch: master
2026-08-16 15:59:25.312 [info] > git for-each-ref --sort -committerdate --format %(refname)%00%(objectname)%00%(*objectname) [28ms]
2026-08-16 15:59:25.710 [info] > git status -z -uall [429ms]
2026-08-16 15:59:30.726 [info] [Git][getRemotes] No remotes found in the git config file
2026-08-16 15:59:30.735 [info] > git config --get commit.template [14ms]
2026-08-16 15:59:30.744 [info] > git for-each-ref --format=%(refname)%00%(upstream:short)%00%(objectname)%00%(upstream:track)%00%(upstream:remotename)%00%(upstream:remoteref) refs/heads/master refs/remotes/master [19ms]
2026-08-16 15:59:30.744 [warning] [Git][getBranch] No such branch: master
2026-08-16 15:59:30.767 [info] > git for-each-ref --sort -committerdate --format %(refname)%00%(objectname)%00%(*objectname) [16ms]
2026-08-16 15:59:30.916 [info] > git status -z -uall [168ms]
2026-08-16 15:59:35.930 [info] [Git][getRemotes] No remotes found in the git config file
2026-08-16 15:59:35.941 [info] > git config --get commit.template [15ms]
2026-08-16 15:59:35.951 [info] > git for-each-ref --format=%(refname)%00%(upstream:short)%00%(objectname)%00%(upstream:track)%00%(upstream:remotename)%00%(upstream:remoteref) refs/heads/master refs/remotes/master [21ms]
2026-08-16 15:59:35.951 [warning] [Git][getBranch] No such branch: master
2026-08-16 15:59:35.972 [info] > git for-each-ref --sort -committerdate --format %(refname)%00%(objectname)%00%(*objectname) [15ms]
2026-08-16 15:59:36.178 [info] > git status -z -uall [224ms]
2026-08-16 15:59:41.196 [info] [Git][getRemotes] No remotes found in the git config file
2026-08-16 15:59:41.206 [info] > git config --get commit.template [15ms]
2026-08-16 15:59:41.216 [info] > git for-each-ref --format=%(refname)%00%(upstream:short)%00%(objectname)%00%(upstream:track)%00%(upstream:remotename)%00%(upstream:remoteref) refs/heads/master refs/remotes/master [20ms]
2026-08-16 15:59:41.216 [warning] [Git][getBranch] No such branch: master
2026-08-16 15:59:41.240 [info] > git for-each-ref --sort -committerdate --format %(refname)%00%(objectname)%00%(*objectname) [17ms]
2026-08-16 15:59:42.018 [info] > git status -z -uall [798ms]
2026-08-16 15:59:47.034 [info] [Git][getRemotes] No remotes found in the git config file
2026-08-16 15:59:47.044 [info] > git config --get commit.template [15ms]
2026-08-16 15:59:47.053 [info] > git for-each-ref --format=%(refname)%00%(upstream:short)%00%(objectname)%00%(upstream:track)%00%(upstream:remotename)%00%(upstream:remoteref) refs/heads/master refs/remotes/master [19ms]
2026-08-16 15:59:47.053 [warning] [Git][getBranch] No such branch: master
2026-08-16 15:59:47.071 [info] > git for-each-ref --sort -committerdate --format %(refname)%00%(objectname)%00%(*objectname) [11ms]
2026-08-16 15:59:47.140 [info] > git status -z -uall [84ms]
2026-08-16 15:59:52.156 [info] [Git][getRemotes] No remotes found in the git config file
2026-08-16 15:59:52.165 [info] > git config --get commit.template [13ms]
2026-08-16 15:59:52.173 [info] > git for-each-ref --format=%(refname)%00%(upstream:short)%00%(objectname)%00%(upstream:track)%00%(upstream:remotename)%00%(upstream:remoteref) refs/heads/master refs/remotes/master [17ms]
2026-08-16 15:59:52.174 [warning] [Git][getBranch] No such branch: master
2026-08-16 15:59:52.193 [info] > git for-each-ref --sort -committerdate --format %(refname)%00%(objectname)%00%(*objectname) [12ms]
2026-08-16 15:59:52.259 [info] > git status -z -uall [81ms]
2026-08-16 15:59:57.275 [info] [Git][getRemotes] No remotes found in the git config file
2026-08-16 15:59:57.284 [info] > git config --get commit.template [12ms]
2026-08-16 15:59:57.293 [info] > git for-each-ref --format=%(refname)%00%(upstream:short)%00%(objectname)%00%(upstream:track)%00%(upstream:remotename)%00%(upstream:remoteref) refs/heads/master refs/remotes/master [17ms]
2026-08-16 15:59:57.293 [warning] [Git][getBranch] No such branch: master
2026-08-16 15:59:57.310 [info] > git for-each-ref --sort -committerdate --format %(refname)%00%(objectname)%00%(*objectname) [11ms]
2026-08-16 15:59:57.376 [info] > git status -z -uall [80ms]
2026-08-16 16:00:02.393 [info] [Git][getRemotes] No remotes found in the git config file
2026-08-16 16:00:02.402 [info] > git config --get commit.template [15ms]
2026-08-16 16:00:02.403 [info] > git for-each-ref --format=%(refname)%00%(upstream:short)%00%(objectname)%00%(upstream:track)%00%(upstream:remotename)%00%(upstream:remoteref) refs/heads/master refs/remotes/master [9ms]
2026-08-16 16:00:02.403 [warning] [Git][getBranch] No such branch: master
2026-08-16 16:00:02.422 [info] > git for-each-ref --sort -committerdate --format %(refname)%00%(objectname)%00%(*objectname) [13ms]
2026-08-16 16:00:02.490 [info] > git status -z -uall [84ms]
2026-08-16 16:00:07.508 [info] [Git][getRemotes] No remotes found in the git config file
2026-08-16 16:00:07.517 [info] > git config --get commit.template [16ms]
2026-08-16 16:00:07.526 [info] > git for-each-ref --format=%(refname)%00%(upstream:short)%00%(objectname)%00%(upstream:track)%00%(upstream:remotename)%00%(upstream:remoteref) refs/heads/master refs/remotes/master [18ms]
2026-08-16 16:00:07.526 [warning] [Git][getBranch] No such branch: master
2026-08-16 16:00:07.543 [info] > git for-each-ref --sort -committerdate --format %(refname)%00%(objectname)%00%(*objectname) [10ms]
2026-08-16 16:00:07.616 [info] > git status -z -uall [87ms]
2026-08-16 16:00:12.627 [info] [Git][getRemotes] No remotes found in the git config file
2026-08-16 16:00:12.635 [info] > git config --get commit.template [9ms]
2026-08-16 16:00:12.642 [info] > git for-each-ref --format=%(refname)%00%(upstream:short)%00%(objectname)%00%(upstream:track)%00%(upstream:remotename)%00%(upstream:remoteref) refs/heads/master refs/remotes/master [11ms]
2026-08-16 16:00:12.642 [warning] [Git][getBranch] No such branch: master
2026-08-16 16:00:12.660 [info] > git for-each-ref --sort -committerdate --format %(refname)%00%(objectname)%00%(*objectname) [11ms]
2026-08-16 16:00:12.725 [info] > git status -z -uall [79ms]
2026-08-16 16:00:17.740 [info] [Git][getRemotes] No remotes found in the git config file
2026-08-16 16:00:17.747 [info] > git config --get commit.template [12ms]
2026-08-16 16:00:17.756 [info] > git for-each-ref --format=%(refname)%00%(upstream:short)%00%(objectname)%00%(upstream:track)%00%(upstream:remotename)%00%(upstream:remoteref) refs/heads/master refs/remotes/master [15ms]
2026-08-16 16:00:17.756 [warning] [Git][getBranch] No such branch: master
2026-08-16 16:00:17.773 [info] > git for-each-ref --sort -committerdate --format %(refname)%00%(objectname)%00%(*objectname) [10ms]
2026-08-16 16:00:17.840 [info] > git status -z -uall [81ms]
2026-08-16 16:00:22.853 [info] [Git][getRemotes] No remotes found in the git config file
2026-08-16 16:00:22.861 [info] > git config --get commit.template [9ms]
2026-08-16 16:00:22.869 [info] > git for-each-ref --format=%(refname)%00%(upstream:short)%00%(objectname)%00%(upstream:track)%00%(upstream:remotename)%00%(upstream:remoteref) refs/heads/master refs/remotes/master [11ms]
2026-08-16 16:00:22.869 [warning] [Git][getBranch] No such branch: master
2026-08-16 16:00:22.886 [info] > git for-each-ref --sort -committerdate --format %(refname)%00%(objectname)%00%(*objectname) [10ms]
2026-08-16 16:00:22.957 [info] > git status -z -uall [84ms]
2026-08-16 16:00:27.973 [info] [Git][getRemotes] No remotes found in the git config file
2026-08-16 16:00:27.980 [info] > git config --get commit.template [12ms]
2026-08-16 16:00:27.988 [info] > git for-each-ref --format=%(refname)%00%(upstream:short)%00%(objectname)%00%(upstream:track)%00%(upstream:remotename)%00%(upstream:remoteref) refs/heads/master refs/remotes/master [16ms]
2026-08-16 16:00:27.988 [warning] [Git][getBranch] No such branch: master
2026-08-16 16:00:28.005 [info] > git for-each-ref --sort -committerdate --format %(refname)%00%(objectname)%00%(*objectname) [10ms]
2026-08-16 16:00:28.071 [info] > git status -z -uall [80ms]
2026-08-16 16:00:30.712 [info] [Git][getRemotes] No remotes found in the git config file
2026-08-16 16:00:30.720 [info] > git config --get commit.template [12ms]
2026-08-16 16:00:30.728 [info] > git for-each-ref --format=%(refname)%00%(upstream:short)%00%(objectname)%00%(upstream:track)%00%(upstream:remotename)%00%(upstream:remoteref) refs/heads/master refs/remotes/master [16ms]
2026-08-16 16:00:30.728 [warning] [Git][getBranch] No such branch: master
2026-08-16 16:00:30.745 [info] > git for-each-ref --sort -committerdate --format %(refname)%00%(objectname)%00%(*objectname) [10ms]
2026-08-16 16:00:30.810 [info] > git status -z -uall [79ms]
2026-08-16 16:00:33.087 [info] [Git][getRemotes] No remotes found in the git config file
2026-08-16 16:00:33.094 [info] > git config --get commit.template [12ms]
2026-08-16 16:00:33.101 [info] > git for-each-ref --format=%(refname)%00%(upstream:short)%00%(objectname)%00%(upstream:track)%00%(upstream:remotename)%00%(upstream:remoteref) refs/heads/master refs/remotes/master [14ms]
2026-08-16 16:00:33.101 [warning] [Git][getBranch] No such branch: master
2026-08-16 16:00:33.118 [info] > git for-each-ref --sort -committerdate --format %(refname)%00%(objectname)%00%(*objectname) [11ms]
2026-08-16 16:00:33.184 [info] > git status -z -uall [80ms]
2026-08-16 16:00:38.200 [info] [Git][getRemotes] No remotes found in the git config file
2026-08-16 16:00:38.207 [info] > git config --get commit.template [12ms]
2026-08-16 16:00:38.214 [info] > git for-each-ref --format=%(refname)%00%(upstream:short)%00%(objectname)%00%(upstream:track)%00%(upstream:remotename)%00%(upstream:remoteref) refs/heads/master refs/remotes/master [14ms]
2026-08-16 16:00:38.215 [warning] [Git][getBranch] No such branch: master
2026-08-16 16:00:38.232 [info] > git for-each-ref --sort -committerdate --format %(refname)%00%(objectname)%00%(*objectname) [11ms]
2026-08-16 16:00:38.300 [info] > git status -z -uall [82ms]
2026-08-16 16:00:42.992 [info] > git for-each-ref --sort -committerdate --format %(refname)%00%(objectname)%00%(*objectname)%00%(parent)%00%(*parent)%00%(authorname)%00%(*authorname)%00%(committerdate:unix)%00%(*committerdate:unix)%00%(subject)%00%(*subject)%00%(upstream:track) [13ms]
2026-08-16 16:00:43.315 [info] [Git][getRemotes] No remotes found in the git config file
2026-08-16 16:00:43.322 [info] > git config --get commit.template [8ms]
2026-08-16 16:00:43.330 [info] > git for-each-ref --format=%(refname)%00%(upstream:short)%00%(objectname)%00%(upstream:track)%00%(upstream:remotename)%00%(upstream:remoteref) refs/heads/master refs/remotes/master [12ms]
2026-08-16 16:00:43.330 [warning] [Git][getBranch] No such branch: master
2026-08-16 16:00:43.347 [info] > git for-each-ref --sort -committerdate --format %(refname)%00%(objectname)%00%(*objectname) [10ms]
2026-08-16 16:00:43.513 [info] > git status -z -uall [180ms]
2026-08-16 16:00:43.661 [info] > git for-each-ref --sort -committerdate --format %(refname)%00%(objectname)%00%(*objectname)%00%(parent)%00%(*parent)%00%(authorname)%00%(*authorname)%00%(committerdate:unix)%00%(*committerdate:unix)%00%(subject)%00%(*subject)%00%(upstream:track) [10ms]
2026-08-16 16:00:45.566 [info] > git for-each-ref --sort -committerdate --format %(refname)%00%(objectname)%00%(*objectname) refs/heads [9ms]
2026-08-16 16:00:48.525 [info] [Git][getRemotes] No remotes found in the git config file
2026-08-16 16:00:48.533 [info] > git config --get commit.template [12ms]
2026-08-16 16:00:48.542 [info] > git for-each-ref --format=%(refname)%00%(upstream:short)%00%(objectname)%00%(upstream:track)%00%(upstream:remotename)%00%(upstream:remoteref) refs/heads/master refs/remotes/master [17ms]
2026-08-16 16:00:48.542 [warning] [Git][getBranch] No such branch: master
2026-08-16 16:00:48.559 [info] > git for-each-ref --sort -committerdate --format %(refname)%00%(objectname)%00%(*objectname) [11ms]
2026-08-16 16:00:48.625 [info] > git status -z -uall [80ms]
2026-08-16 16:00:53.460 [info] > git checkout -q -b Master --no-track HEAD [10ms]
2026-08-16 16:00:53.460 [info] fatal: 'HEAD' is not a commit and a branch 'Master' cannot be created from it
2026-08-16 16:00:53.469 [info] [Git][getRemotes] No remotes found in the git config file
2026-08-16 16:00:53.477 [info] > git config --get commit.template [11ms]
2026-08-16 16:00:53.485 [info] > git for-each-ref --format=%(refname)%00%(upstream:short)%00%(objectname)%00%(upstream:track)%00%(upstream:remotename)%00%(upstream:remoteref) refs/heads/master refs/remotes/master [16ms]
2026-08-16 16:00:53.485 [warning] [Git][getBranch] No such branch: master
2026-08-16 16:00:53.504 [info] > git for-each-ref --sort -committerdate --format %(refname)%00%(objectname)%00%(*objectname) [10ms]
2026-08-16 16:00:53.571 [info] > git status -z -uall [81ms]
2026-08-16 16:00:53.637 [info] [Git][getRemotes] No remotes found in the git config file
2026-08-16 16:00:53.644 [info] > git config --get commit.template [8ms]
2026-08-16 16:00:53.652 [info] > git for-each-ref --format=%(refname)%00%(upstream:short)%00%(objectname)%00%(upstream:track)%00%(upstream:remotename)%00%(upstream:remoteref) refs/heads/master refs/remotes/master [11ms]
2026-08-16 16:00:53.652 [warning] [Git][getBranch] No such branch: master
2026-08-16 16:00:53.671 [info] > git for-each-ref --sort -committerdate --format %(refname)%00%(objectname)%00%(*objectname) [12ms]
2026-08-16 16:00:53.740 [info] > git status -z -uall [84ms]
2026-08-16 16:00:58.749 [info] [Git][getRemotes] No remotes found in the git config file
2026-08-16 16:00:58.756 [info] > git config --get commit.template [8ms]
2026-08-16 16:00:58.763 [info] > git for-each-ref --format=%(refname)%00%(upstream:short)%00%(objectname)%00%(upstream:track)%00%(upstream:remotename)%00%(upstream:remoteref) refs/heads/master refs/remotes/master [11ms]
2026-08-16 16:00:58.763 [warning] [Git][getBranch] No such branch: master
2026-08-16 16:00:58.781 [info] > git for-each-ref --sort -committerdate --format %(refname)%00%(objectname)%00%(*objectname) [11ms]
2026-08-16 16:00:58.846 [info] > git status -z -uall [80ms]
2026-08-16 16:01:03.856 [info] [Git][getRemotes] No remotes found in the git config file
2026-08-16 16:01:03.863 [info] > git config --get commit.template [8ms]
2026-08-16 16:01:03.870 [info] > git for-each-ref --format=%(refname)%00%(upstream:short)%00%(objectname)%00%(upstream:track)%00%(upstream:remotename)%00%(upstream:remoteref) refs/heads/master refs/remotes/master [10ms]
2026-08-16 16:01:03.870 [warning] [Git][getBranch] No such branch: master
2026-08-16 16:01:03.888 [info] > git for-each-ref --sort -committerdate --format %(refname)%00%(objectname)%00%(*objectname) [11ms]
2026-08-16 16:01:03.955 [info] > git status -z -uall [82ms]
2026-08-16 16:01:34.235 [info] [Git][getRemotes] No remotes found in the git config file
2026-08-16 16:01:34.242 [info] > git config --get commit.template [12ms]
2026-08-16 16:01:34.250 [info] > git for-each-ref --format=%(refname)%00%(upstream:short)%00%(objectname)%00%(upstream:track)%00%(upstream:remotename)%00%(upstream:remoteref) refs/heads/master refs/remotes/master [15ms]
2026-08-16 16:01:34.250 [warning] [Git][getBranch] No such branch: master
2026-08-16 16:01:34.269 [info] > git for-each-ref --sort -committerdate --format %(refname)%00%(objectname)%00%(*objectname) [12ms]
2026-08-16 16:01:34.333 [info] > git status -z -uall [79ms]
2026-08-16 16:02:02.114 [info] [Git][getRemotes] No remotes found in the git config file
2026-08-16 16:02:02.135 [info] > git config --get commit.template [22ms]
2026-08-16 16:02:02.152 [info] > git for-each-ref --format=%(refname)%00%(upstream:short)%00%(objectname)%00%(upstream:track)%00%(upstream:remotename)%00%(upstream:remoteref) refs/heads/master refs/remotes/master [33ms]
2026-08-16 16:02:02.152 [warning] [Git][getBranch] No such branch: master
2026-08-16 16:02:02.175 [info] > git for-each-ref --sort -committerdate --format %(refname)%00%(objectname)%00%(*objectname) [14ms]
2026-08-16 16:02:02.371 [info] > git status -z -uall [214ms]
2026-08-16 16:02:07.383 [info] [Git][getRemotes] No remotes found in the git config file
2026-08-16 16:02:07.391 [info] > git config --get commit.template [9ms]
2026-08-16 16:02:07.398 [info] > git for-each-ref --format=%(refname)%00%(upstream:short)%00%(objectname)%00%(upstream:track)%00%(upstream:remotename)%00%(upstream:remoteref) refs/heads/master refs/remotes/master [11ms]
2026-08-16 16:02:07.398 [warning] [Git][getBranch] No such branch: master
2026-08-16 16:02:07.416 [info] > git for-each-ref --sort -committerdate --format %(refname)%00%(objectname)%00%(*objectname) [10ms]
2026-08-16 16:02:07.484 [info] > git status -z -uall [82ms]
2026-08-16 16:02:11.080 [info] > git show --textconv :.git/COMMIT_EDITMSG [11ms]
2026-08-16 16:02:11.080 [warning] [GitFileSystemProvider][readFile] File not found - git:/voc/work/.git/COMMIT_EDITMSG.git?%7B%22path%22%3A%22%2Fvoc%2Fwork%2F.git%2FCOMMIT_EDITMSG%22%2C%22ref%22%3A%22%22%7D
2026-08-16 16:02:11.088 [info] > git ls-files --stage -- .git/COMMIT_EDITMSG [16ms]
2026-08-16 16:02:11.088 [warning] [GitFileSystemProvider][stat] File not found - git:/voc/work/.git/COMMIT_EDITMSG.git?%7B%22path%22%3A%22%2Fvoc%2Fwork%2F.git%2FCOMMIT_EDITMSG%22%2C%22ref%22%3A%22%22%7D
2026-08-16 16:02:31.238 [info] > git -c user.useConfigOnly=true commit --quiet [21793ms]
2026-08-16 16:02:31.238 [info] Aborting commit due to empty commit message.
2026-08-16 16:02:31.250 [info] [Git][getRemotes] No remotes found in the git config file
2026-08-16 16:02:31.257 [info] > git config --get commit.template [12ms]
2026-08-16 16:02:31.265 [info] > git for-each-ref --format=%(refname)%00%(upstream:short)%00%(objectname)%00%(upstream:track)%00%(upstream:remotename)%00%(upstream:remoteref) refs/heads/master refs/remotes/master [15ms]
2026-08-16 16:02:31.265 [warning] [Git][getBranch] No such branch: master
2026-08-16 16:02:31.281 [info] > git for-each-ref --sort -committerdate --format %(refname)%00%(objectname)%00%(*objectname) [9ms]
2026-08-16 16:02:31.348 [info] > git status -z -uall [80ms]
2026-08-16 16:02:31.364 [info] [Git][getRemotes] No remotes found in the git config file
2026-08-16 16:02:31.371 [info] > git config --get commit.template [12ms]
2026-08-16 16:02:31.379 [info] > git for-each-ref --format=%(refname)%00%(upstream:short)%00%(objectname)%00%(upstream:track)%00%(upstream:remotename)%00%(upstream:remoteref) refs/heads/master refs/remotes/master [15ms]
2026-08-16 16:02:31.379 [warning] [Git][getBranch] No such branch: master
2026-08-16 16:02:31.397 [info] > git for-each-ref --sort -committerdate --format %(refname)%00%(objectname)%00%(*objectname) [10ms]
2026-08-16 16:02:31.475 [info] > git status -z -uall [92ms]
2026-08-16 16:02:36.487 [info] [Git][getRemotes] No remotes found in the git config file
2026-08-16 16:02:36.494 [info] > git config --get commit.template [8ms]
2026-08-16 16:02:36.503 [info] > git for-each-ref --format=%(refname)%00%(upstream:short)%00%(objectname)%00%(upstream:track)%00%(upstream:remotename)%00%(upstream:remoteref) refs/heads/master refs/remotes/master [13ms]
2026-08-16 16:02:36.503 [warning] [Git][getBranch] No such branch: master
2026-08-16 16:02:36.528 [info] > git for-each-ref --sort -committerdate --format %(refname)%00%(objectname)%00%(*objectname) [19ms]
2026-08-16 16:02:36.594 [info] > git status -z -uall [88ms]
2026-08-16 16:02:41.606 [info] [Git][getRemotes] No remotes found in the git config file
2026-08-16 16:02:41.613 [info] > git config --get commit.template [8ms]
2026-08-16 16:02:41.621 [info] > git for-each-ref --format=%(refname)%00%(upstream:short)%00%(objectname)%00%(upstream:track)%00%(upstream:remotename)%00%(upstream:remoteref) refs/heads/master refs/remotes/master [11ms]
2026-08-16 16:02:41.621 [warning] [Git][getBranch] No such branch: master
2026-08-16 16:02:41.640 [info] > git for-each-ref --sort -committerdate --format %(refname)%00%(objectname)%00%(*objectname) [11ms]
2026-08-16 16:02:41.711 [info] > git status -z -uall [87ms]
2026-08-16 16:02:46.727 [info] [Git][getRemotes] No remotes found in the git config file
2026-08-16 16:02:46.734 [info] > git config --get commit.template [12ms]
2026-08-16 16:02:46.747 [info] > git for-each-ref --format=%(refname)%00%(upstream:short)%00%(objectname)%00%(upstream:track)%00%(upstream:remotename)%00%(upstream:remoteref) refs/heads/master refs/remotes/master [21ms]
2026-08-16 16:02:46.747 [warning] [Git][getBranch] No such branch: master
2026-08-16 16:02:46.765 [info] > git for-each-ref --sort -committerdate --format %(refname)%00%(objectname)%00%(*objectname) [11ms]
2026-08-16 16:02:46.832 [info] > git status -z -uall [82ms]
2026-08-16 16:02:51.848 [info] [Git][getRemotes] No remotes found in the git config file
2026-08-16 16:02:51.855 [info] > git config --get commit.template [12ms]
2026-08-16 16:02:51.862 [info] > git for-each-ref --format=%(refname)%00%(upstream:short)%00%(objectname)%00%(upstream:track)%00%(upstream:remotename)%00%(upstream:remoteref) refs/heads/master refs/remotes/master [14ms]
2026-08-16 16:02:51.862 [warning] [Git][getBranch] No such branch: master
2026-08-16 16:02:51.881 [info] > git for-each-ref --sort -committerdate --format %(refname)%00%(objectname)%00%(*objectname) [12ms]
2026-08-16 16:02:51.954 [info] > git status -z -uall [89ms]
2026-08-16 16:02:58.071 [info] [Git][getRemotes] No remotes found in the git config file
2026-08-16 16:02:58.079 [info] > git config --get commit.template [13ms]
2026-08-16 16:02:58.086 [info] > git for-each-ref --format=%(refname)%00%(upstream:short)%00%(objectname)%00%(upstream:track)%00%(upstream:remotename)%00%(upstream:remoteref) refs/heads/master refs/remotes/master [15ms]
2026-08-16 16:02:58.086 [warning] [Git][getBranch] No such branch: master
2026-08-16 16:02:58.104 [info] > git for-each-ref --sort -committerdate --format %(refname)%00%(objectname)%00%(*objectname) [11ms]
2026-08-16 16:02:58.170 [info] > git status -z -uall [81ms]
2026-08-16 16:04:14.064 [info] [Git][getRemotes] No remotes found in the git config file
2026-08-16 16:04:14.073 [info] > git config --get commit.template [10ms]
2026-08-16 16:04:14.081 [info] > git for-each-ref --format=%(refname)%00%(upstream:short)%00%(objectname)%00%(upstream:track)%00%(upstream:remotename)%00%(upstream:remoteref) refs/heads/master refs/remotes/master [12ms]
2026-08-16 16:04:14.081 [warning] [Git][getBranch] No such branch: master
2026-08-16 16:04:14.101 [info] > git for-each-ref --sort -committerdate --format %(refname)%00%(objectname)%00%(*objectname) [11ms]
2026-08-16 16:04:14.340 [info] > git status -z -uall [255ms]
2026-08-16 16:04:19.354 [info] [Git][getRemotes] No remotes found in the git config file
2026-08-16 16:04:19.362 [info] > git config --get commit.template [9ms]
2026-08-16 16:04:19.370 [info] > git for-each-ref --format=%(refname)%00%(upstream:short)%00%(objectname)%00%(upstream:track)%00%(upstream:remotename)%00%(upstream:remoteref) refs/heads/master refs/remotes/master [13ms]
2026-08-16 16:04:19.370 [warning] [Git][getBranch] No such branch: master
2026-08-16 16:04:19.391 [info] > git for-each-ref --sort -committerdate --format %(refname)%00%(objectname)%00%(*objectname) [14ms]
2026-08-16 16:04:19.460 [info] > git status -z -uall [86ms]
2026-08-16 16:04:29.352 [info] [Git][getRemotes] No remotes found in the git config file
2026-08-16 16:04:29.359 [info] > git config --get commit.template [7ms]
2026-08-16 16:04:29.367 [info] > git for-each-ref --format=%(refname)%00%(upstream:short)%00%(objectname)%00%(upstream:track)%00%(upstream:remotename)%00%(upstream:remoteref) refs/heads/master refs/remotes/master [11ms]
2026-08-16 16:04:29.367 [warning] [Git][getBranch] No such branch: master
2026-08-16 16:04:29.385 [info] > git for-each-ref --sort -committerdate --format %(refname)%00%(objectname)%00%(*objectname) [10ms]
2026-08-16 16:04:29.451 [info] > git status -z -uall [80ms]
2026-08-16 16:04:34.462 [info] [Git][getRemotes] No remotes found in the git config file
2026-08-16 16:04:34.470 [info] > git config --get commit.template [9ms]
2026-08-16 16:04:34.478 [info] > git for-each-ref --format=%(refname)%00%(upstream:short)%00%(objectname)%00%(upstream:track)%00%(upstream:remotename)%00%(upstream:remoteref) refs/heads/master refs/remotes/master [11ms]
2026-08-16 16:04:34.478 [warning] [Git][getBranch] No such branch: master
2026-08-16 16:04:34.495 [info] > git for-each-ref --sort -committerdate --format %(refname)%00%(objectname)%00%(*objectname) [10ms]
2026-08-16 16:04:34.562 [info] > git status -z -uall [81ms]
2026-08-16 16:04:39.580 [info] [Git][getRemotes] No remotes found in the git config file
2026-08-16 16:04:39.588 [info] > git config --get commit.template [13ms]
2026-08-16 16:04:39.595 [info] > git for-each-ref --format=%(refname)%00%(upstream:short)%00%(objectname)%00%(upstream:track)%00%(upstream:remotename)%00%(upstream:remoteref) refs/heads/master refs/remotes/master [15ms]
2026-08-16 16:04:39.595 [warning] [Git][getBranch] No such branch: master
2026-08-16 16:04:39.612 [info] > git for-each-ref --sort -committerdate --format %(refname)%00%(objectname)%00%(*objectname) [10ms]
2026-08-16 16:04:39.681 [info] > git status -z -uall [82ms]
2026-08-16 16:04:44.692 [info] [Git][getRemotes] No remotes found in the git config file
2026-08-16 16:04:44.699 [info] > git config --get commit.template [8ms]
2026-08-16 16:04:44.706 [info] > git for-each-ref --format=%(refname)%00%(upstream:short)%00%(objectname)%00%(upstream:track)%00%(upstream:remotename)%00%(upstream:remoteref) refs/heads/master refs/remotes/master [10ms]
2026-08-16 16:04:44.706 [warning] [Git][getBranch] No such branch: master
2026-08-16 16:04:44.724 [info] > git for-each-ref --sort -committerdate --format %(refname)%00%(objectname)%00%(*objectname) [11ms]
2026-08-16 16:04:44.836 [info] > git status -z -uall [127ms]
2026-08-16 16:06:15.259 [info] [Git][getRemotes] No remotes found in the git config file
2026-08-16 16:06:15.267 [info] > git config --get commit.template [12ms]
2026-08-16 16:06:15.274 [info] > git for-each-ref --format=%(refname)%00%(upstream:short)%00%(objectname)%00%(upstream:track)%00%(upstream:remotename)%00%(upstream:remoteref) refs/heads/master refs/remotes/master [15ms]
2026-08-16 16:06:15.274 [warning] [Git][getBranch] No such branch: master
2026-08-16 16:06:15.291 [info] > git for-each-ref --sort -committerdate --format %(refname)%00%(objectname)%00%(*objectname) [10ms]
2026-08-16 16:06:15.523 [info] > git status -z -uall [246ms]
2026-08-16 16:06:20.536 [info] [Git][getRemotes] No remotes found in the git config file
2026-08-16 16:06:20.544 [info] > git config --get commit.template [9ms]
2026-08-16 16:06:20.552 [info] > git for-each-ref --format=%(refname)%00%(upstream:short)%00%(objectname)%00%(upstream:track)%00%(upstream:remotename)%00%(upstream:remoteref) refs/heads/master refs/remotes/master [13ms]
2026-08-16 16:06:20.552 [warning] [Git][getBranch] No such branch: master
2026-08-16 16:06:20.570 [info] > git for-each-ref --sort -committerdate --format %(refname)%00%(objectname)%00%(*objectname) [11ms]
2026-08-16 16:06:20.639 [info] > git status -z -uall [83ms]
2026-08-16 16:06:41.264 [info] [Git][getRemotes] No remotes found in the git config file
2026-08-16 16:06:41.273 [info] > git config --get commit.template [13ms]
2026-08-16 16:06:41.281 [info] > git for-each-ref --format=%(refname)%00%(upstream:short)%00%(objectname)%00%(upstream:track)%00%(upstream:remotename)%00%(upstream:remoteref) refs/heads/master refs/remotes/master [17ms]
2026-08-16 16:06:41.281 [warning] [Git][getBranch] No such branch: master
2026-08-16 16:06:41.302 [info] > git for-each-ref --sort -committerdate --format %(refname)%00%(objectname)%00%(*objectname) [11ms]
2026-08-16 16:06:41.370 [info] > git status -z -uall [83ms]
2026-08-16 16:06:46.383 [info] [Git][getRemotes] No remotes found in the git config file
2026-08-16 16:06:46.390 [info] > git config --get commit.template [9ms]
2026-08-16 16:06:46.398 [info] > git for-each-ref --format=%(refname)%00%(upstream:short)%00%(objectname)%00%(upstream:track)%00%(upstream:remotename)%00%(upstream:remoteref) refs/heads/master refs/remotes/master [11ms]
2026-08-16 16:06:46.398 [warning] [Git][getBranch] No such branch: master
2026-08-16 16:06:46.418 [info] > git for-each-ref --sort -committerdate --format %(refname)%00%(objectname)%00%(*objectname) [12ms]
2026-08-16 16:06:46.486 [info] > git status -z -uall [84ms]
2026-08-16 16:06:51.501 [info] [Git][getRemotes] No remotes found in the git config file
2026-08-16 16:06:51.508 [info] > git config --get commit.template [12ms]
2026-08-16 16:06:51.515 [info] > git for-each-ref --format=%(refname)%00%(upstream:short)%00%(objectname)%00%(upstream:track)%00%(upstream:remotename)%00%(upstream:remoteref) refs/heads/master refs/remotes/master [14ms]
2026-08-16 16:06:51.515 [warning] [Git][getBranch] No such branch: master
2026-08-16 16:06:51.534 [info] > git for-each-ref --sort -committerdate --format %(refname)%00%(objectname)%00%(*objectname) [11ms]
2026-08-16 16:06:51.600 [info] > git status -z -uall [81ms]
2026-08-16 16:07:30.085 [info] [Git][getRemotes] No remotes found in the git config file
2026-08-16 16:07:30.094 [info] > git config --get commit.template [14ms]
2026-08-16 16:07:30.102 [info] > git for-each-ref --format=%(refname)%00%(upstream:short)%00%(objectname)%00%(upstream:track)%00%(upstream:remotename)%00%(upstream:remoteref) refs/heads/master refs/remotes/master [17ms]
2026-08-16 16:07:30.102 [warning] [Git][getBranch] No such branch: master
2026-08-16 16:07:30.121 [info] > git for-each-ref --sort -committerdate --format %(refname)%00%(objectname)%00%(*objectname) [11ms]
2026-08-16 16:07:30.293 [info] > git status -z -uall [187ms]
2026-08-16 16:07:35.309 [info] [Git][getRemotes] No remotes found in the git config file
2026-08-16 16:07:35.317 [info] > git config --get commit.template [13ms]
2026-08-16 16:07:35.325 [info] > git for-each-ref --format=%(refname)%00%(upstream:short)%00%(objectname)%00%(upstream:track)%00%(upstream:remotename)%00%(upstream:remoteref) refs/heads/master refs/remotes/master [16ms]
2026-08-16 16:07:35.325 [warning] [Git][getBranch] No such branch: master
2026-08-16 16:07:35.344 [info] > git for-each-ref --sort -committerdate --format %(refname)%00%(objectname)%00%(*objectname) [11ms]
2026-08-16 16:07:35.413 [info] > git status -z -uall [84ms]
2026-08-16 16:07:40.427 [info] [Git][getRemotes] No remotes found in the git config file
2026-08-16 16:07:40.435 [info] > git config --get commit.template [10ms]
2026-08-16 16:07:40.443 [info] > git for-each-ref --format=%(refname)%00%(upstream:short)%00%(objectname)%00%(upstream:track)%00%(upstream:remotename)%00%(upstream:remoteref) refs/heads/master refs/remotes/master [12ms]
2026-08-16 16:07:40.443 [warning] [Git][getBranch] No such branch: master
2026-08-16 16:07:40.463 [info] > git for-each-ref --sort -committerdate --format %(refname)%00%(objectname)%00%(*objectname) [10ms]
2026-08-16 16:07:40.529 [info] > git status -z -uall [80ms]
2026-08-16 16:07:45.545 [info] [Git][getRemotes] No remotes found in the git config file
2026-08-16 16:07:45.553 [info] > git config --get commit.template [12ms]
2026-08-16 16:07:45.561 [info] > git for-each-ref --format=%(refname)%00%(upstream:short)%00%(objectname)%00%(upstream:track)%00%(upstream:remotename)%00%(upstream:remoteref) refs/heads/master refs/remotes/master [16ms]
2026-08-16 16:07:45.561 [warning] [Git][getBranch] No such branch: master
2026-08-16 16:07:45.578 [info] > git for-each-ref --sort -committerdate --format %(refname)%00%(objectname)%00%(*objectname) [10ms]
2026-08-16 16:07:45.649 [info] > git status -z -uall [85ms]
2026-08-16 16:07:50.664 [info] [Git][getRemotes] No remotes found in the git config file
2026-08-16 16:07:50.673 [info] > git config --get commit.template [14ms]
2026-08-16 16:07:50.682 [info] > git for-each-ref --format=%(refname)%00%(upstream:short)%00%(objectname)%00%(upstream:track)%00%(upstream:remotename)%00%(upstream:remoteref) refs/heads/master refs/remotes/master [18ms]
2026-08-16 16:07:50.682 [warning] [Git][getBranch] No such branch: master
2026-08-16 16:07:50.709 [info] > git for-each-ref --sort -committerdate --format %(refname)%00%(objectname)%00%(*objectname) [11ms]
2026-08-16 16:07:50.781 [info] > git status -z -uall [87ms]
2026-08-16 16:07:55.792 [info] [Git][getRemotes] No remotes found in the git config file
2026-08-16 16:07:55.799 [info] > git config --get commit.template [8ms]
2026-08-16 16:07:55.808 [info] > git for-each-ref --format=%(refname)%00%(upstream:short)%00%(objectname)%00%(upstream:track)%00%(upstream:remotename)%00%(upstream:remoteref) refs/heads/master refs/remotes/master [10ms]
2026-08-16 16:07:55.808 [warning] [Git][getBranch] No such branch: master
2026-08-16 16:07:55.834 [info] > git for-each-ref --sort -committerdate --format %(refname)%00%(objectname)%00%(*objectname) [10ms]
2026-08-16 16:07:55.901 [info] > git status -z -uall [82ms]
2026-08-16 16:08:00.917 [info] [Git][getRemotes] No remotes found in the git config file
2026-08-16 16:08:00.925 [info] > git config --get commit.template [11ms]
2026-08-16 16:08:00.933 [info] > git for-each-ref --format=%(refname)%00%(upstream:short)%00%(objectname)%00%(upstream:track)%00%(upstream:remotename)%00%(upstream:remoteref) refs/heads/master refs/remotes/master [16ms]
2026-08-16 16:08:00.933 [warning] [Git][getBranch] No such branch: master
2026-08-16 16:08:00.950 [info] > git for-each-ref --sort -committerdate --format %(refname)%00%(objectname)%00%(*objectname) [11ms]
2026-08-16 16:08:01.019 [info] > git status -z -uall [83ms]
2026-08-16 16:08:06.035 [info] [Git][getRemotes] No remotes found in the git config file
2026-08-16 16:08:06.043 [info] > git config --get commit.template [13ms]
2026-08-16 16:08:06.051 [info] > git for-each-ref --format=%(refname)%00%(upstream:short)%00%(objectname)%00%(upstream:track)%00%(upstream:remotename)%00%(upstream:remoteref) refs/heads/master refs/remotes/master [16ms]
2026-08-16 16:08:06.051 [warning] [Git][getBranch] No such branch: master
2026-08-16 16:08:06.070 [info] > git for-each-ref --sort -committerdate --format %(refname)%00%(objectname)%00%(*objectname) [11ms]
2026-08-16 16:08:06.141 [info] > git status -z -uall [86ms]
2026-08-16 16:08:06.320 [info] > git for-each-ref --sort -committerdate --format %(refname)%00%(objectname)%00%(*objectname)%00%(parent)%00%(*parent)%00%(authorname)%00%(*authorname)%00%(committerdate:unix)%00%(*committerdate:unix)%00%(subject)%00%(*subject)%00%(upstream:track) [11ms]
2026-08-16 16:08:09.948 [info] > git for-each-ref --sort -committerdate --format %(refname)%00%(objectname)%00%(*objectname)%00%(parent)%00%(*parent)%00%(authorname)%00%(*authorname)%00%(committerdate:unix)%00%(*committerdate:unix)%00%(subject)%00%(*subject)%00%(upstream:track) [11ms]
2026-08-16 16:08:11.159 [info] [Git][getRemotes] No remotes found in the git config file
2026-08-16 16:08:11.166 [info] > git config --get commit.template [13ms]
2026-08-16 16:08:11.173 [info] > git for-each-ref --format=%(refname)%00%(upstream:short)%00%(objectname)%00%(upstream:track)%00%(upstream:remotename)%00%(upstream:remoteref) refs/heads/master refs/remotes/master [15ms]
2026-08-16 16:08:11.173 [warning] [Git][getBranch] No such branch: master
2026-08-16 16:08:11.194 [info] > git for-each-ref --sort -committerdate --format %(refname)%00%(objectname)%00%(*objectname) [12ms]
2026-08-16 16:08:11.268 [info] > git status -z -uall [90ms]
2026-08-16 16:08:11.357 [info] > git for-each-ref --sort -committerdate --format %(refname)%00%(objectname)%00%(*objectname) refs/heads [10ms]
2026-08-16 16:08:16.285 [info] [Git][getRemotes] No remotes found in the git config file
2026-08-16 16:08:16.292 [info] > git config --get commit.template [14ms]
2026-08-16 16:08:16.301 [info] > git for-each-ref --format=%(refname)%00%(upstream:short)%00%(objectname)%00%(upstream:track)%00%(upstream:remotename)%00%(upstream:remoteref) refs/heads/master refs/remotes/master [17ms]
2026-08-16 16:08:16.301 [warning] [Git][getBranch] No such branch: master
2026-08-16 16:08:16.324 [info] > git for-each-ref --sort -committerdate --format %(refname)%00%(objectname)%00%(*objectname) [12ms]
2026-08-16 16:08:16.392 [info] > git status -z -uall [85ms]
2026-08-16 16:08:18.318 [info] > git checkout -q -b Master --no-track HEAD [11ms]
2026-08-16 16:08:18.318 [info] fatal: 'HEAD' is not a commit and a branch 'Master' cannot be created from it
2026-08-16 16:08:18.328 [info] [Git][getRemotes] No remotes found in the git config file
2026-08-16 16:08:18.336 [info] > git config --get commit.template [12ms]
2026-08-16 16:08:18.344 [info] > git for-each-ref --format=%(refname)%00%(upstream:short)%00%(objectname)%00%(upstream:track)%00%(upstream:remotename)%00%(upstream:remoteref) refs/heads/master refs/remotes/master [16ms]
2026-08-16 16:08:18.345 [warning] [Git][getBranch] No such branch: master
2026-08-16 16:08:18.366 [info] > git for-each-ref --sort -committerdate --format %(refname)%00%(objectname)%00%(*objectname) [13ms]
2026-08-16 16:08:18.434 [info] > git status -z -uall [85ms]
2026-08-16 16:08:21.409 [info] [Git][getRemotes] No remotes found in the git config file
2026-08-16 16:08:21.418 [info] > git config --get commit.template [14ms]
2026-08-16 16:08:21.427 [info] > git for-each-ref --format=%(refname)%00%(upstream:short)%00%(objectname)%00%(upstream:track)%00%(upstream:remotename)%00%(upstream:remoteref) refs/heads/master refs/remotes/master [18ms]
2026-08-16 16:08:21.427 [warning] [Git][getBranch] No such branch: master
2026-08-16 16:08:21.445 [info] > git for-each-ref --sort -committerdate --format %(refname)%00%(objectname)%00%(*objectname) [11ms]
2026-08-16 16:08:21.517 [info] > git status -z -uall [87ms]
2026-08-16 16:08:24.129 [info] > git for-each-ref --sort -committerdate --format %(refname)%00%(objectname)%00%(*objectname)%00%(parent)%00%(*parent)%00%(authorname)%00%(*authorname)%00%(committerdate:unix)%00%(*committerdate:unix)%00%(subject)%00%(*subject)%00%(upstream:track) [9ms]
2026-08-16 16:08:26.198 [info] > git for-each-ref --sort -committerdate --format %(refname)%00%(objectname)%00%(*objectname)%00%(parent)%00%(*parent)%00%(authorname)%00%(*authorname)%00%(committerdate:unix)%00%(*committerdate:unix)%00%(subject)%00%(*subject)%00%(upstream:track) [11ms]
2026-08-16 16:08:26.532 [info] [Git][getRemotes] No remotes found in the git config file
2026-08-16 16:08:26.539 [info] > git config --get commit.template [12ms]
2026-08-16 16:08:26.547 [info] > git for-each-ref --format=%(refname)%00%(upstream:short)%00%(objectname)%00%(upstream:track)%00%(upstream:remotename)%00%(upstream:remoteref) refs/heads/master refs/remotes/master [15ms]
2026-08-16 16:08:26.547 [warning] [Git][getBranch] No such branch: master
2026-08-16 16:08:26.565 [info] > git for-each-ref --sort -committerdate --format %(refname)%00%(objectname)%00%(*objectname) [11ms]
2026-08-16 16:08:26.632 [info] > git status -z -uall [81ms]
2026-08-16 16:08:31.644 [info] [Git][getRemotes] No remotes found in the git config file
2026-08-16 16:08:31.651 [info] > git config --get commit.template [8ms]
2026-08-16 16:08:31.659 [info] > git for-each-ref --format=%(refname)%00%(upstream:short)%00%(objectname)%00%(upstream:track)%00%(upstream:remotename)%00%(upstream:remoteref) refs/heads/master refs/remotes/master [11ms]
2026-08-16 16:08:31.659 [warning] [Git][getBranch] No such branch: master
2026-08-16 16:08:31.677 [info] > git for-each-ref --sort -committerdate --format %(refname)%00%(objectname)%00%(*objectname) [11ms]
2026-08-16 16:08:31.846 [info] > git status -z -uall [183ms]
2026-08-16 16:08:32.486 [info] > git for-each-ref --sort -committerdate --format %(refname)%00%(objectname)%00%(*objectname)%00%(parent)%00%(*parent)%00%(authorname)%00%(*authorname)%00%(committerdate:unix)%00%(*committerdate:unix)%00%(subject)%00%(*subject)%00%(upstream:track) [10ms]
2026-08-16 16:08:36.861 [info] [Git][getRemotes] No remotes found in the git config file
2026-08-16 16:08:36.869 [info] > git config --get commit.template [13ms]
2026-08-16 16:08:36.877 [info] > git for-each-ref --format=%(refname)%00%(upstream:short)%00%(objectname)%00%(upstream:track)%00%(upstream:remotename)%00%(upstream:remoteref) refs/heads/master refs/remotes/master [16ms]
2026-08-16 16:08:36.877 [warning] [Git][getBranch] No such branch: master
2026-08-16 16:08:36.896 [info] > git for-each-ref --sort -committerdate --format %(refname)%00%(objectname)%00%(*objectname) [12ms]
2026-08-16 16:08:36.962 [info] > git status -z -uall [82ms]
2026-08-16 16:08:37.229 [info] > git for-each-ref --sort -committerdate --format %(refname)%00%(objectname)%00%(*objectname)%00%(parent)%00%(*parent)%00%(authorname)%00%(*authorname)%00%(committerdate:unix)%00%(*committerdate:unix)%00%(subject)%00%(*subject)%00%(upstream:track) [10ms]
2026-08-16 16:08:39.791 [info] > git for-each-ref --sort -committerdate --format %(refname)%00%(objectname)%00%(*objectname) refs/heads [10ms]
2026-08-16 16:08:41.974 [info] [Git][getRemotes] No remotes found in the git config file
2026-08-16 16:08:41.982 [info] > git config --get commit.template [9ms]
2026-08-16 16:08:41.989 [info] > git for-each-ref --format=%(refname)%00%(upstream:short)%00%(objectname)%00%(upstream:track)%00%(upstream:remotename)%00%(upstream:remoteref) refs/heads/master refs/remotes/master [11ms]
2026-08-16 16:08:41.989 [warning] [Git][getBranch] No such branch: master
2026-08-16 16:08:42.007 [info] > git for-each-ref --sort -committerdate --format %(refname)%00%(objectname)%00%(*objectname) [10ms]
2026-08-16 16:08:42.076 [info] > git status -z -uall [83ms]
2026-08-16 16:08:47.092 [info] [Git][getRemotes] No remotes found in the git config file
2026-08-16 16:08:47.099 [info] > git config --get commit.template [12ms]
2026-08-16 16:08:47.107 [info] > git for-each-ref --format=%(refname)%00%(upstream:short)%00%(objectname)%00%(upstream:track)%00%(upstream:remotename)%00%(upstream:remoteref) refs/heads/master refs/remotes/master [16ms]
2026-08-16 16:08:47.107 [warning] [Git][getBranch] No such branch: master
2026-08-16 16:08:47.124 [info] > git for-each-ref --sort -committerdate --format %(refname)%00%(objectname)%00%(*objectname) [10ms]
2026-08-16 16:08:47.195 [info] > git status -z -uall [85ms]
2026-08-16 16:08:52.212 [info] [Git][getRemotes] No remotes found in the git config file
2026-08-16 16:08:52.219 [info] > git config --get commit.template [13ms]
2026-08-16 16:08:52.227 [info] > git for-each-ref --format=%(refname)%00%(upstream:short)%00%(objectname)%00%(upstream:track)%00%(upstream:remotename)%00%(upstream:remoteref) refs/heads/master refs/remotes/master [16ms]
2026-08-16 16:08:52.227 [warning] [Git][getBranch] No such branch: master
2026-08-16 16:08:52.246 [info] > git for-each-ref --sort -committerdate --format %(refname)%00%(objectname)%00%(*objectname) [12ms]
2026-08-16 16:08:52.316 [info] > git status -z -uall [85ms]
2026-08-16 16:08:57.332 [info] [Git][getRemotes] No remotes found in the git config file
2026-08-16 16:08:57.340 [info] > git config --get commit.template [13ms]
2026-08-16 16:08:57.347 [info] > git for-each-ref --format=%(refname)%00%(upstream:short)%00%(objectname)%00%(upstream:track)%00%(upstream:remotename)%00%(upstream:remoteref) refs/heads/master refs/remotes/master [15ms]
2026-08-16 16:08:57.347 [warning] [Git][getBranch] No such branch: master
2026-08-16 16:08:57.365 [info] > git for-each-ref --sort -committerdate --format %(refname)%00%(objectname)%00%(*objectname) [10ms]
2026-08-16 16:08:57.435 [info] > git status -z -uall [84ms]
2026-08-16 16:09:02.446 [info] [Git][getRemotes] No remotes found in the git config file
2026-08-16 16:09:02.454 [info] > git config --get commit.template [9ms]
2026-08-16 16:09:02.462 [info] > git for-each-ref --format=%(refname)%00%(upstream:short)%00%(objectname)%00%(upstream:track)%00%(upstream:remotename)%00%(upstream:remoteref) refs/heads/master refs/remotes/master [12ms]
2026-08-16 16:09:02.462 [warning] [Git][getBranch] No such branch: master
2026-08-16 16:09:02.480 [info] > git for-each-ref --sort -committerdate --format %(refname)%00%(objectname)%00%(*objectname) [11ms]
2026-08-16 16:09:02.548 [info] > git status -z -uall [82ms]
2026-08-16 16:09:07.565 [info] [Git][getRemotes] No remotes found in the git config file
2026-08-16 16:09:07.572 [info] > git config --get commit.template [13ms]
2026-08-16 16:09:07.580 [info] > git for-each-ref --format=%(refname)%00%(upstream:short)%00%(objectname)%00%(upstream:track)%00%(upstream:remotename)%00%(upstream:remoteref) refs/heads/master refs/remotes/master [15ms]
2026-08-16 16:09:07.581 [warning] [Git][getBranch] No such branch: master
2026-08-16 16:09:07.600 [info] > git for-each-ref --sort -committerdate --format %(refname)%00%(objectname)%00%(*objectname) [11ms]
2026-08-16 16:09:07.671 [info] > git status -z -uall [85ms]
2026-08-16 16:09:12.688 [info] [Git][getRemotes] No remotes found in the git config file
2026-08-16 16:09:12.695 [info] > git config --get commit.template [12ms]
2026-08-16 16:09:12.703 [info] > git for-each-ref --format=%(refname)%00%(upstream:short)%00%(objectname)%00%(upstream:track)%00%(upstream:remotename)%00%(upstream:remoteref) refs/heads/master refs/remotes/master [15ms]
2026-08-16 16:09:12.703 [warning] [Git][getBranch] No such branch: master
2026-08-16 16:09:12.721 [info] > git for-each-ref --sort -committerdate --format %(refname)%00%(objectname)%00%(*objectname) [11ms]
2026-08-16 16:09:12.792 [info] > git status -z -uall [85ms]
2026-08-16 16:09:17.806 [info] [Git][getRemotes] No remotes found in the git config file
2026-08-16 16:09:17.813 [info] > git config --get commit.template [11ms]
2026-08-16 16:09:17.821 [info] > git for-each-ref --format=%(refname)%00%(upstream:short)%00%(objectname)%00%(upstream:track)%00%(upstream:remotename)%00%(upstream:remoteref) refs/heads/master refs/remotes/master [15ms]
2026-08-16 16:09:17.821 [warning] [Git][getBranch] No such branch: master
2026-08-16 16:09:17.840 [info] > git for-each-ref --sort -committerdate --format %(refname)%00%(objectname)%00%(*objectname) [11ms]
2026-08-16 16:09:17.913 [info] > git status -z -uall [88ms]
2026-08-16 16:09:22.923 [info] [Git][getRemotes] No remotes found in the git config file
2026-08-16 16:09:22.930 [info] > git config --get commit.template [8ms]
2026-08-16 16:09:22.938 [info] > git for-each-ref --format=%(refname)%00%(upstream:short)%00%(objectname)%00%(upstream:track)%00%(upstream:remotename)%00%(upstream:remoteref) refs/heads/master refs/remotes/master [11ms]
2026-08-16 16:09:22.938 [warning] [Git][getBranch] No such branch: master
2026-08-16 16:09:22.958 [info] > git for-each-ref --sort -committerdate --format %(refname)%00%(objectname)%00%(*objectname) [12ms]
2026-08-16 16:09:23.026 [info] > git status -z -uall [84ms]
2026-08-16 16:09:28.039 [info] [Git][getRemotes] No remotes found in the git config file
2026-08-16 16:09:28.047 [info] > git config --get commit.template [9ms]
2026-08-16 16:09:28.055 [info] > git for-each-ref --format=%(refname)%00%(upstream:short)%00%(objectname)%00%(upstream:track)%00%(upstream:remotename)%00%(upstream:remoteref) refs/heads/master refs/remotes/master [12ms]
2026-08-16 16:09:28.055 [warning] [Git][getBranch] No such branch: master
2026-08-16 16:09:28.076 [info] > git for-each-ref --sort -committerdate --format %(refname)%00%(objectname)%00%(*objectname) [14ms]
2026-08-16 16:09:28.158 [info] > git status -z -uall [99ms]
2026-08-16 16:09:33.170 [info] [Git][getRemotes] No remotes found in the git config file
2026-08-16 16:09:33.177 [info] > git config --get commit.template [8ms]
2026-08-16 16:09:33.184 [info] > git for-each-ref --format=%(refname)%00%(upstream:short)%00%(objectname)%00%(upstream:track)%00%(upstream:remotename)%00%(upstream:remoteref) refs/heads/master refs/remotes/master [11ms]
2026-08-16 16:09:33.184 [warning] [Git][getBranch] No such branch: master
2026-08-16 16:09:33.202 [info] > git for-each-ref --sort -committerdate --format %(refname)%00%(objectname)%00%(*objectname) [12ms]
2026-08-16 16:09:33.376 [info] > git status -z -uall [189ms]
2026-08-16 16:09:38.390 [info] [Git][getRemotes] No remotes found in the git config file
2026-08-16 16:09:38.397 [info] > git config --get commit.template [12ms]
2026-08-16 16:09:38.405 [info] > git for-each-ref --format=%(refname)%00%(upstream:short)%00%(objectname)%00%(upstream:track)%00%(upstream:remotename)%00%(upstream:remoteref) refs/heads/master refs/remotes/master [15ms]
2026-08-16 16:09:38.405 [warning] [Git][getBranch] No such branch: master
2026-08-16 16:09:38.423 [info] > git for-each-ref --sort -committerdate --format %(refname)%00%(objectname)%00%(*objectname) [11ms]
2026-08-16 16:09:38.492 [info] > git status -z -uall [83ms]
2026-08-16 16:09:43.504 [info] [Git][getRemotes] No remotes found in the git config file
2026-08-16 16:09:43.512 [info] > git config --get commit.template [9ms]
2026-08-16 16:09:43.520 [info] > git for-each-ref --format=%(refname)%00%(upstream:short)%00%(objectname)%00%(upstream:track)%00%(upstream:remotename)%00%(upstream:remoteref) refs/heads/master refs/remotes/master [13ms]
2026-08-16 16:09:43.520 [warning] [Git][getBranch] No such branch: master
2026-08-16 16:09:43.538 [info] > git for-each-ref --sort -committerdate --format %(refname)%00%(objectname)%00%(*objectname) [10ms]
2026-08-16 16:09:43.606 [info] > git status -z -uall [82ms]
2026-08-16 16:09:57.445 [info] [Git][getRemotes] No remotes found in the git config file
2026-08-16 16:09:57.454 [info] > git config --get commit.template [14ms]
2026-08-16 16:09:57.462 [info] > git for-each-ref --format=%(refname)%00%(upstream:short)%00%(objectname)%00%(upstream:track)%00%(upstream:remotename)%00%(upstream:remoteref) refs/heads/master refs/remotes/master [17ms]
2026-08-16 16:09:57.463 [warning] [Git][getBranch] No such branch: master
2026-08-16 16:09:57.481 [info] > git for-each-ref --sort -committerdate --format %(refname)%00%(objectname)%00%(*objectname) [11ms]
2026-08-16 16:09:57.550 [info] > git status -z -uall [83ms]
2026-08-16 16:10:02.565 [info] [Git][getRemotes] No remotes found in the git config file
2026-08-16 16:10:02.573 [info] > git config --get commit.template [13ms]
2026-08-16 16:10:02.581 [info] > git for-each-ref --format=%(refname)%00%(upstream:short)%00%(objectname)%00%(upstream:track)%00%(upstream:remotename)%00%(upstream:remoteref) refs/heads/master refs/remotes/master [16ms]
2026-08-16 16:10:02.581 [warning] [Git][getBranch] No such branch: master
2026-08-16 16:10:02.600 [info] > git for-each-ref --sort -committerdate --format %(refname)%00%(objectname)%00%(*objectname) [12ms]
2026-08-16 16:10:02.666 [info] > git status -z -uall [81ms]
2026-08-16 16:10:07.680 [info] [Git][getRemotes] No remotes found in the git config file
2026-08-16 16:10:07.688 [info] > git config --get commit.template [12ms]
2026-08-16 16:10:07.696 [info] > git for-each-ref --format=%(refname)%00%(upstream:short)%00%(objectname)%00%(upstream:track)%00%(upstream:remotename)%00%(upstream:remoteref) refs/heads/master refs/remotes/master [16ms]
2026-08-16 16:10:07.696 [warning] [Git][getBranch] No such branch: master
2026-08-16 16:10:07.716 [info] > git for-each-ref --sort -committerdate --format %(refname)%00%(objectname)%00%(*objectname) [13ms]
2026-08-16 16:10:07.785 [info] > git status -z -uall [86ms]
2026-08-16 16:10:12.801 [info] [Git][getRemotes] No remotes found in the git config file
2026-08-16 16:10:12.808 [info] > git config --get commit.template [12ms]
2026-08-16 16:10:12.816 [info] > git for-each-ref --format=%(refname)%00%(upstream:short)%00%(objectname)%00%(upstream:track)%00%(upstream:remotename)%00%(upstream:remoteref) refs/heads/master refs/remotes/master [14ms]
2026-08-16 16:10:12.816 [warning] [Git][getBranch] No such branch: master
2026-08-16 16:10:12.833 [info] > git for-each-ref --sort -committerdate --format %(refname)%00%(objectname)%00%(*objectname) [10ms]
2026-08-16 16:10:12.903 [info] > git status -z -uall [84ms]
2026-08-16 16:10:17.918 [info] [Git][getRemotes] No remotes found in the git config file
2026-08-16 16:10:17.926 [info] > git config --get commit.template [14ms]
2026-08-16 16:10:17.934 [info] > git for-each-ref --format=%(refname)%00%(upstream:short)%00%(objectname)%00%(upstream:track)%00%(upstream:remotename)%00%(upstream:remoteref) refs/heads/master refs/remotes/master [17ms]
2026-08-16 16:10:17.935 [warning] [Git][getBranch] No such branch: master
2026-08-16 16:10:17.954 [info] > git for-each-ref --sort -committerdate --format %(refname)%00%(objectname)%00%(*objectname) [13ms]
2026-08-16 16:10:18.023 [info] > git status -z -uall [85ms]
2026-08-16 16:10:23.040 [info] [Git][getRemotes] No remotes found in the git config file
2026-08-16 16:10:23.047 [info] > git config --get commit.template [14ms]
2026-08-16 16:10:23.055 [info] > git for-each-ref --format=%(refname)%00%(upstream:short)%00%(objectname)%00%(upstream:track)%00%(upstream:remotename)%00%(upstream:remoteref) refs/heads/master refs/remotes/master [16ms]
2026-08-16 16:10:23.055 [warning] [Git][getBranch] No such branch: master
2026-08-16 16:10:23.073 [info] > git for-each-ref --sort -committerdate --format %(refname)%00%(objectname)%00%(*objectname) [11ms]
2026-08-16 16:10:23.141 [info] > git status -z -uall [82ms]
2026-08-16 16:10:28.156 [info] [Git][getRemotes] No remotes found in the git config file
2026-08-16 16:10:28.163 [info] > git config --get commit.template [12ms]
2026-08-16 16:10:28.171 [info] > git for-each-ref --format=%(refname)%00%(upstream:short)%00%(objectname)%00%(upstream:track)%00%(upstream:remotename)%00%(upstream:remoteref) refs/heads/master refs/remotes/master [15ms]
2026-08-16 16:10:28.171 [warning] [Git][getBranch] No such branch: master
2026-08-16 16:10:28.189 [info] > git for-each-ref --sort -committerdate --format %(refname)%00%(objectname)%00%(*objectname) [11ms]
2026-08-16 16:10:28.256 [info] > git status -z -uall [82ms]
2026-08-16 16:10:31.641 [info] > git for-each-ref --sort -committerdate --format %(refname)%00%(objectname)%00%(*objectname)%00%(parent)%00%(*parent)%00%(authorname)%00%(*authorname)%00%(committerdate:unix)%00%(*committerdate:unix)%00%(subject)%00%(*subject)%00%(upstream:track) [10ms]
2026-08-16 16:10:33.272 [info] [Git][getRemotes] No remotes found in the git config file
2026-08-16 16:10:33.279 [info] > git config --get commit.template [12ms]
2026-08-16 16:10:33.287 [info] > git for-each-ref --format=%(refname)%00%(upstream:short)%00%(objectname)%00%(upstream:track)%00%(upstream:remotename)%00%(upstream:remoteref) refs/heads/master refs/remotes/master [15ms]
2026-08-16 16:10:33.287 [warning] [Git][getBranch] No such branch: master
2026-08-16 16:10:33.307 [info] > git for-each-ref --sort -committerdate --format %(refname)%00%(objectname)%00%(*objectname) [10ms]
2026-08-16 16:10:33.474 [info] > git status -z -uall [181ms]
2026-08-16 16:10:33.552 [info] > git for-each-ref --sort -committerdate --format %(refname)%00%(objectname)%00%(*objectname)%00%(parent)%00%(*parent)%00%(authorname)%00%(*authorname)%00%(committerdate:unix)%00%(*committerdate:unix)%00%(subject)%00%(*subject)%00%(upstream:track) [11ms]
2026-08-16 16:10:38.489 [info] [Git][getRemotes] No remotes found in the git config file
2026-08-16 16:10:38.503 [info] > git config --get commit.template [19ms]
2026-08-16 16:10:38.503 [info] > git for-each-ref --format=%(refname)%00%(upstream:short)%00%(objectname)%00%(upstream:track)%00%(upstream:remotename)%00%(upstream:remoteref) refs/heads/master refs/remotes/master [14ms]
2026-08-16 16:10:38.503 [warning] [Git][getBranch] No such branch: master
2026-08-16 16:10:38.530 [info] > git for-each-ref --sort -committerdate --format %(refname)%00%(objectname)%00%(*objectname) [20ms]
2026-08-16 16:10:38.594 [info] > git status -z -uall [87ms]
2026-08-16 16:10:43.606 [info] [Git][getRemotes] No remotes found in the git config file
2026-08-16 16:10:43.613 [info] > git config --get commit.template [8ms]
2026-08-16 16:10:43.621 [info] > git for-each-ref --format=%(refname)%00%(upstream:short)%00%(objectname)%00%(upstream:track)%00%(upstream:remotename)%00%(upstream:remoteref) refs/heads/master refs/remotes/master [11ms]
2026-08-16 16:10:43.621 [warning] [Git][getBranch] No such branch: master
2026-08-16 16:10:43.638 [info] > git for-each-ref --sort -committerdate --format %(refname)%00%(objectname)%00%(*objectname) [10ms]
2026-08-16 16:10:43.707 [info] > git status -z -uall [83ms]
2026-08-16 16:10:48.721 [info] [Git][getRemotes] No remotes found in the git config file
2026-08-16 16:10:48.729 [info] > git config --get commit.template [12ms]
2026-08-16 16:10:48.736 [info] > git for-each-ref --format=%(refname)%00%(upstream:short)%00%(objectname)%00%(upstream:track)%00%(upstream:remotename)%00%(upstream:remoteref) refs/heads/master refs/remotes/master [15ms]
2026-08-16 16:10:48.736 [warning] [Git][getBranch] No such branch: master
2026-08-16 16:10:48.753 [info] > git for-each-ref --sort -committerdate --format %(refname)%00%(objectname)%00%(*objectname) [10ms]
2026-08-16 16:10:48.820 [info] > git status -z -uall [81ms]
2026-08-16 16:13:15.058 [info] [Git][getRemotes] No remotes found in the git config file
2026-08-16 16:13:15.065 [info] > git config --get commit.template [12ms]
2026-08-16 16:13:15.073 [info] > git for-each-ref --format=%(refname)%00%(upstream:short)%00%(objectname)%00%(upstream:track)%00%(upstream:remotename)%00%(upstream:remoteref) refs/heads/master refs/remotes/master [15ms]
2026-08-16 16:13:15.073 [warning] [Git][getBranch] No such branch: master
2026-08-16 16:13:15.090 [info] > git for-each-ref --sort -committerdate --format %(refname)%00%(objectname)%00%(*objectname) [11ms]
2026-08-16 16:13:15.321 [info] > git status -z -uall [244ms]
2026-08-16 16:20:03.075 [info] [Git][getRemotes] No remotes found in the git config file
2026-08-16 16:20:03.085 [info] > git config --get commit.template [11ms]
2026-08-16 16:20:03.094 [info] > git for-each-ref --format=%(refname)%00%(upstream:short)%00%(objectname)%00%(upstream:track)%00%(upstream:remotename)%00%(upstream:remoteref) refs/heads/master refs/remotes/master [16ms]
2026-08-16 16:20:03.094 [warning] [Git][getBranch] No such branch: master
2026-08-16 16:20:03.114 [info] > git for-each-ref --sort -committerdate --format %(refname)%00%(objectname)%00%(*objectname) [13ms]
2026-08-16 16:20:03.515 [info] > git status -z -uall [418ms]
2026-08-16 16:20:10.184 [info] [Git][getRemotes] No remotes found in the git config file
2026-08-16 16:20:10.191 [info] > git config --get commit.template [12ms]
2026-08-16 16:20:10.199 [info] > git for-each-ref --format=%(refname)%00%(upstream:short)%00%(objectname)%00%(upstream:track)%00%(upstream:remotename)%00%(upstream:remoteref) refs/heads/master refs/remotes/master [16ms]
2026-08-16 16:20:10.199 [warning] [Git][getBranch] No such branch: master
2026-08-16 16:20:10.218 [info] > git for-each-ref --sort -committerdate --format %(refname)%00%(objectname)%00%(*objectname) [12ms]
2026-08-16 16:20:10.294 [info] > git status -z -uall [92ms]
2026-08-16 16:20:15.309 [info] [Git][getRemotes] No remotes found in the git config file
2026-08-16 16:20:15.318 [info] > git config --get commit.template [14ms]
2026-08-16 16:20:15.324 [info] > git for-each-ref --format=%(refname)%00%(upstream:short)%00%(objectname)%00%(upstream:track)%00%(upstream:remotename)%00%(upstream:remoteref) refs/heads/master refs/remotes/master [15ms]
2026-08-16 16:20:15.325 [warning] [Git][getBranch] No such branch: master
2026-08-16 16:20:15.343 [info] > git for-each-ref --sort -committerdate --format %(refname)%00%(objectname)%00%(*objectname) [12ms]
2026-08-16 16:20:15.418 [info] > git status -z -uall [90ms]
2026-08-16 16:20:20.434 [info] [Git][getRemotes] No remotes found in the git config file
2026-08-16 16:20:20.444 [info] > git config --get commit.template [14ms]
2026-08-16 16:20:20.453 [info] > git for-each-ref --format=%(refname)%00%(upstream:short)%00%(objectname)%00%(upstream:track)%00%(upstream:remotename)%00%(upstream:remoteref) refs/heads/master refs/remotes/master [19ms]
2026-08-16 16:20:20.453 [warning] [Git][getBranch] No such branch: master
2026-08-16 16:20:20.474 [info] > git for-each-ref --sort -committerdate --format %(refname)%00%(objectname)%00%(*objectname) [13ms]
2026-08-16 16:20:20.555 [info] > git status -z -uall [98ms]
2026-08-16 16:20:25.570 [info] [Git][getRemotes] No remotes found in the git config file
2026-08-16 16:20:25.578 [info] > git config --get commit.template [12ms]
2026-08-16 16:20:25.586 [info] > git for-each-ref --format=%(refname)%00%(upstream:short)%00%(objectname)%00%(upstream:track)%00%(upstream:remotename)%00%(upstream:remoteref) refs/heads/master refs/remotes/master [16ms]
2026-08-16 16:20:25.586 [warning] [Git][getBranch] No such branch: master
2026-08-16 16:20:25.606 [info] > git for-each-ref --sort -committerdate --format %(refname)%00%(objectname)%00%(*objectname) [13ms]
2026-08-16 16:20:25.679 [info] > git status -z -uall [90ms]
2026-08-16 16:20:30.691 [info] [Git][getRemotes] No remotes found in the git config file
2026-08-16 16:20:30.699 [info] > git config --get commit.template [12ms]
2026-08-16 16:20:30.708 [info] > git for-each-ref --format=%(refname)%00%(upstream:short)%00%(objectname)%00%(upstream:track)%00%(upstream:remotename)%00%(upstream:remoteref) refs/heads/master refs/remotes/master [17ms]
2026-08-16 16:20:30.708 [warning] [Git][getBranch] No such branch: master
2026-08-16 16:20:30.727 [info] > git for-each-ref --sort -committerdate --format %(refname)%00%(objectname)%00%(*objectname) [13ms]
2026-08-16 16:20:30.807 [info] > git status -z -uall [96ms]
2026-08-16 16:20:35.822 [info] [Git][getRemotes] No remotes found in the git config file
2026-08-16 16:20:35.829 [info] > git config --get commit.template [11ms]
2026-08-16 16:20:35.836 [info] > git for-each-ref --format=%(refname)%00%(upstream:short)%00%(objectname)%00%(upstream:track)%00%(upstream:remotename)%00%(upstream:remoteref) refs/heads/master refs/remotes/master [15ms]
2026-08-16 16:20:35.837 [warning] [Git][getBranch] No such branch: master
2026-08-16 16:20:35.855 [info] > git for-each-ref --sort -committerdate --format %(refname)%00%(objectname)%00%(*objectname) [12ms]
2026-08-16 16:20:35.933 [info] > git status -z -uall [93ms]
2026-08-16 16:20:52.290 [info] [Git][getRemotes] No remotes found in the git config file
2026-08-16 16:20:52.297 [info] > git config --get commit.template [12ms]
2026-08-16 16:20:52.304 [info] > git for-each-ref --format=%(refname)%00%(upstream:short)%00%(objectname)%00%(upstream:track)%00%(upstream:remotename)%00%(upstream:remoteref) refs/heads/master refs/remotes/master [14ms]
2026-08-16 16:20:52.304 [warning] [Git][getBranch] No such branch: master
2026-08-16 16:20:52.324 [info] > git for-each-ref --sort -committerdate --format %(refname)%00%(objectname)%00%(*objectname) [14ms]
2026-08-16 16:20:52.402 [info] > git status -z -uall [95ms]
2026-08-16 16:20:57.413 [info] [Git][getRemotes] No remotes found in the git config file
2026-08-16 16:20:57.421 [info] > git config --get commit.template [9ms]
2026-08-16 16:20:57.428 [info] > git for-each-ref --format=%(refname)%00%(upstream:short)%00%(objectname)%00%(upstream:track)%00%(upstream:remotename)%00%(upstream:remoteref) refs/heads/master refs/remotes/master [11ms]
2026-08-16 16:20:57.428 [warning] [Git][getBranch] No such branch: master
2026-08-16 16:20:57.447 [info] > git for-each-ref --sort -committerdate --format %(refname)%00%(objectname)%00%(*objectname) [12ms]
2026-08-16 16:20:57.521 [info] > git status -z -uall [90ms]
2026-08-16 16:21:02.536 [info] [Git][getRemotes] No remotes found in the git config file
2026-08-16 16:21:02.543 [info] > git config --get commit.template [12ms]
2026-08-16 16:21:02.550 [info] > git for-each-ref --format=%(refname)%00%(upstream:short)%00%(objectname)%00%(upstream:track)%00%(upstream:remotename)%00%(upstream:remoteref) refs/heads/master refs/remotes/master [14ms]
2026-08-16 16:21:02.550 [warning] [Git][getBranch] No such branch: master
2026-08-16 16:21:02.570 [info] > git for-each-ref --sort -committerdate --format %(refname)%00%(objectname)%00%(*objectname) [13ms]
2026-08-16 16:21:02.683 [info] > git status -z -uall [129ms]
2026-08-16 16:21:07.699 [info] [Git][getRemotes] No remotes found in the git config file
2026-08-16 16:21:07.706 [info] > git config --get commit.template [12ms]
2026-08-16 16:21:07.714 [info] > git for-each-ref --format=%(refname)%00%(upstream:short)%00%(objectname)%00%(upstream:track)%00%(upstream:remotename)%00%(upstream:remoteref) refs/heads/master refs/remotes/master [15ms]
2026-08-16 16:21:07.714 [warning] [Git][getBranch] No such branch: master
2026-08-16 16:21:07.732 [info] > git for-each-ref --sort -committerdate --format %(refname)%00%(objectname)%00%(*objectname) [11ms]
2026-08-16 16:21:07.950 [info] > git status -z -uall [233ms]
2026-08-16 16:21:12.963 [info] [Git][getRemotes] No remotes found in the git config file
2026-08-16 16:21:12.971 [info] > git config --get commit.template [9ms]
2026-08-16 16:21:12.979 [info] > git for-each-ref --format=%(refname)%00%(upstream:short)%00%(objectname)%00%(upstream:track)%00%(upstream:remotename)%00%(upstream:remoteref) refs/heads/master refs/remotes/master [12ms]
2026-08-16 16:21:12.979 [warning] [Git][getBranch] No such branch: master
2026-08-16 16:21:12.998 [info] > git for-each-ref --sort -committerdate --format %(refname)%00%(objectname)%00%(*objectname) [12ms]
2026-08-16 16:21:13.071 [info] > git status -z -uall [89ms]
2026-08-16 16:21:18.085 [info] [Git][getRemotes] No remotes found in the git config file
2026-08-16 16:21:18.093 [info] > git config --get commit.template [13ms]
2026-08-16 16:21:18.100 [info] > git for-each-ref --format=%(refname)%00%(upstream:short)%00%(objectname)%00%(upstream:track)%00%(upstream:remotename)%00%(upstream:remoteref) refs/heads/master refs/remotes/master [15ms]
2026-08-16 16:21:18.100 [warning] [Git][getBranch] No such branch: master
2026-08-16 16:21:18.119 [info] > git for-each-ref --sort -committerdate --format %(refname)%00%(objectname)%00%(*objectname) [12ms]
2026-08-16 16:21:18.192 [info] > git status -z -uall [88ms]
2026-08-16 16:21:23.208 [info] [Git][getRemotes] No remotes found in the git config file
2026-08-16 16:21:23.215 [info] > git config --get commit.template [12ms]
2026-08-16 16:21:23.224 [info] > git for-each-ref --format=%(refname)%00%(upstream:short)%00%(objectname)%00%(upstream:track)%00%(upstream:remotename)%00%(upstream:remoteref) refs/heads/master refs/remotes/master [16ms]
2026-08-16 16:21:23.224 [warning] [Git][getBranch] No such branch: master
2026-08-16 16:21:23.242 [info] > git for-each-ref --sort -committerdate --format %(refname)%00%(objectname)%00%(*objectname) [12ms]
2026-08-16 16:21:23.318 [info] > git status -z -uall [91ms]
2026-08-16 16:21:28.333 [info] [Git][getRemotes] No remotes found in the git config file
2026-08-16 16:21:28.340 [info] > git config --get commit.template [11ms]
2026-08-16 16:21:28.350 [info] > git for-each-ref --format=%(refname)%00%(upstream:short)%00%(objectname)%00%(upstream:track)%00%(upstream:remotename)%00%(upstream:remoteref) refs/heads/master refs/remotes/master [17ms]
2026-08-16 16:21:28.350 [warning] [Git][getBranch] No such branch: master
2026-08-16 16:21:28.369 [info] > git for-each-ref --sort -committerdate --format %(refname)%00%(objectname)%00%(*objectname) [12ms]
2026-08-16 16:21:28.442 [info] > git status -z -uall [89ms]
2026-08-16 16:21:33.453 [info] [Git][getRemotes] No remotes found in the git config file
2026-08-16 16:21:33.460 [info] > git config --get commit.template [11ms]
2026-08-16 16:21:33.468 [info] > git for-each-ref --format=%(refname)%00%(upstream:short)%00%(objectname)%00%(upstream:track)%00%(upstream:remotename)%00%(upstream:remoteref) refs/heads/master refs/remotes/master [14ms]
2026-08-16 16:21:33.468 [warning] [Git][getBranch] No such branch: master
2026-08-16 16:21:33.487 [info] > git for-each-ref --sort -committerdate --format %(refname)%00%(objectname)%00%(*objectname) [12ms]
2026-08-16 16:21:33.561 [info] > git status -z -uall [90ms]
2026-08-16 16:21:38.573 [info] [Git][getRemotes] No remotes found in the git config file
2026-08-16 16:21:38.581 [info] > git config --get commit.template [9ms]
2026-08-16 16:21:38.588 [info] > git for-each-ref --format=%(refname)%00%(upstream:short)%00%(objectname)%00%(upstream:track)%00%(upstream:remotename)%00%(upstream:remoteref) refs/heads/master refs/remotes/master [12ms]
2026-08-16 16:21:38.588 [warning] [Git][getBranch] No such branch: master
2026-08-16 16:21:38.607 [info] > git for-each-ref --sort -committerdate --format %(refname)%00%(objectname)%00%(*objectname) [12ms]
2026-08-16 16:21:38.683 [info] > git status -z -uall [91ms]
2026-08-16 16:21:43.697 [info] [Git][getRemotes] No remotes found in the git config file
2026-08-16 16:21:43.704 [info] > git config --get commit.template [12ms]
2026-08-16 16:21:43.712 [info] > git for-each-ref --format=%(refname)%00%(upstream:short)%00%(objectname)%00%(upstream:track)%00%(upstream:remotename)%00%(upstream:remoteref) refs/heads/master refs/remotes/master [15ms]
2026-08-16 16:21:43.712 [warning] [Git][getBranch] No such branch: master
2026-08-16 16:21:43.732 [info] > git for-each-ref --sort -committerdate --format %(refname)%00%(objectname)%00%(*objectname) [13ms]
2026-08-16 16:21:43.806 [info] > git status -z -uall [91ms]
2026-08-16 16:21:48.817 [info] [Git][getRemotes] No remotes found in the git config file
2026-08-16 16:21:48.825 [info] > git config --get commit.template [9ms]
2026-08-16 16:21:48.832 [info] > git for-each-ref --format=%(refname)%00%(upstream:short)%00%(objectname)%00%(upstream:track)%00%(upstream:remotename)%00%(upstream:remoteref) refs/heads/master refs/remotes/master [11ms]
2026-08-16 16:21:48.832 [warning] [Git][getBranch] No such branch: master
2026-08-16 16:21:48.852 [info] > git for-each-ref --sort -committerdate --format %(refname)%00%(objectname)%00%(*objectname) [13ms]
2026-08-16 16:21:48.928 [info] > git status -z -uall [92ms]
2026-08-16 16:21:53.944 [info] [Git][getRemotes] No remotes found in the git config file
2026-08-16 16:21:53.951 [info] > git config --get commit.template [12ms]
2026-08-16 16:21:53.960 [info] > git for-each-ref --format=%(refname)%00%(upstream:short)%00%(objectname)%00%(upstream:track)%00%(upstream:remotename)%00%(upstream:remoteref) refs/heads/master refs/remotes/master [16ms]
2026-08-16 16:21:53.960 [warning] [Git][getBranch] No such branch: master
2026-08-16 16:21:53.979 [info] > git for-each-ref --sort -committerdate --format %(refname)%00%(objectname)%00%(*objectname) [12ms]
2026-08-16 16:21:54.054 [info] > git status -z -uall [90ms]
2026-08-16 16:21:59.069 [info] [Git][getRemotes] No remotes found in the git config file
2026-08-16 16:21:59.076 [info] > git config --get commit.template [12ms]
2026-08-16 16:21:59.084 [info] > git for-each-ref --format=%(refname)%00%(upstream:short)%00%(objectname)%00%(upstream:track)%00%(upstream:remotename)%00%(upstream:remoteref) refs/heads/master refs/remotes/master [16ms]
2026-08-16 16:21:59.084 [warning] [Git][getBranch] No such branch: master
2026-08-16 16:21:59.105 [info] > git for-each-ref --sort -committerdate --format %(refname)%00%(objectname)%00%(*objectname) [15ms]
2026-08-16 16:21:59.179 [info] > git status -z -uall [92ms]
2026-08-16 16:22:04.194 [info] [Git][getRemotes] No remotes found in the git config file
2026-08-16 16:22:04.201 [info] > git config --get commit.template [12ms]
2026-08-16 16:22:04.210 [info] > git for-each-ref --format=%(refname)%00%(upstream:short)%00%(objectname)%00%(upstream:track)%00%(upstream:remotename)%00%(upstream:remoteref) refs/heads/master refs/remotes/master [16ms]
2026-08-16 16:22:04.210 [warning] [Git][getBranch] No such branch: master
2026-08-16 16:22:04.229 [info] > git for-each-ref --sort -committerdate --format %(refname)%00%(objectname)%00%(*objectname) [13ms]
2026-08-16 16:22:04.301 [info] > git status -z -uall [88ms]
2026-08-16 16:22:09.313 [info] [Git][getRemotes] No remotes found in the git config file
2026-08-16 16:22:09.321 [info] > git config --get commit.template [9ms]
2026-08-16 16:22:09.329 [info] > git for-each-ref --format=%(refname)%00%(upstream:short)%00%(objectname)%00%(upstream:track)%00%(upstream:remotename)%00%(upstream:remoteref) refs/heads/master refs/remotes/master [13ms]
2026-08-16 16:22:09.329 [warning] [Git][getBranch] No such branch: master
2026-08-16 16:22:09.348 [info] > git for-each-ref --sort -committerdate --format %(refname)%00%(objectname)%00%(*objectname) [12ms]
2026-08-16 16:22:09.557 [info] > git status -z -uall [224ms]
2026-08-16 16:22:14.571 [info] [Git][getRemotes] No remotes found in the git config file
2026-08-16 16:22:14.579 [info] > git config --get commit.template [13ms]
2026-08-16 16:22:14.586 [info] > git for-each-ref --format=%(refname)%00%(upstream:short)%00%(objectname)%00%(upstream:track)%00%(upstream:remotename)%00%(upstream:remoteref) refs/heads/master refs/remotes/master [15ms]
2026-08-16 16:22:14.586 [warning] [Git][getBranch] No such branch: master
2026-08-16 16:22:14.606 [info] > git for-each-ref --sort -committerdate --format %(refname)%00%(objectname)%00%(*objectname) [13ms]
2026-08-16 16:22:14.682 [info] > git status -z -uall [93ms]
2026-08-16 16:22:19.697 [info] [Git][getRemotes] No remotes found in the git config file
2026-08-16 16:22:19.705 [info] > git config --get commit.template [12ms]
2026-08-16 16:22:19.713 [info] > git for-each-ref --format=%(refname)%00%(upstream:short)%00%(objectname)%00%(upstream:track)%00%(upstream:remotename)%00%(upstream:remoteref) refs/heads/master refs/remotes/master [17ms]
2026-08-16 16:22:19.713 [warning] [Git][getBranch] No such branch: master
2026-08-16 16:22:19.731 [info] > git for-each-ref --sort -committerdate --format %(refname)%00%(objectname)%00%(*objectname) [12ms]
2026-08-16 16:22:19.808 [info] > git status -z -uall [92ms]
2026-08-16 16:22:24.823 [info] [Git][getRemotes] No remotes found in the git config file
2026-08-16 16:22:24.831 [info] > git config --get commit.template [14ms]
2026-08-16 16:22:24.840 [info] > git for-each-ref --format=%(refname)%00%(upstream:short)%00%(objectname)%00%(upstream:track)%00%(upstream:remotename)%00%(upstream:remoteref) refs/heads/master refs/remotes/master [17ms]
2026-08-16 16:22:24.840 [warning] [Git][getBranch] No such branch: master
2026-08-16 16:22:24.859 [info] > git for-each-ref --sort -committerdate --format %(refname)%00%(objectname)%00%(*objectname) [12ms]
2026-08-16 16:22:24.934 [info] > git status -z -uall [91ms]
2026-08-16 16:22:29.949 [info] [Git][getRemotes] No remotes found in the git config file
2026-08-16 16:22:29.958 [info] > git config --get commit.template [14ms]
2026-08-16 16:22:29.965 [info] > git for-each-ref --format=%(refname)%00%(upstream:short)%00%(objectname)%00%(upstream:track)%00%(upstream:remotename)%00%(upstream:remoteref) refs/heads/master refs/remotes/master [16ms]
2026-08-16 16:22:29.965 [warning] [Git][getBranch] No such branch: master
2026-08-16 16:22:29.984 [info] > git for-each-ref --sort -committerdate --format %(refname)%00%(objectname)%00%(*objectname) [12ms]
2026-08-16 16:22:30.058 [info] > git status -z -uall [89ms]
2026-08-16 16:22:35.073 [info] [Git][getRemotes] No remotes found in the git config file
2026-08-16 16:22:35.081 [info] > git config --get commit.template [13ms]
2026-08-16 16:22:35.089 [info] > git for-each-ref --format=%(refname)%00%(upstream:short)%00%(objectname)%00%(upstream:track)%00%(upstream:remotename)%00%(upstream:remoteref) refs/heads/master refs/remotes/master [16ms]
2026-08-16 16:22:35.089 [warning] [Git][getBranch] No such branch: master
2026-08-16 16:22:35.107 [info] > git for-each-ref --sort -committerdate --format %(refname)%00%(objectname)%00%(*objectname) [12ms]
2026-08-16 16:22:35.182 [info] > git status -z -uall [90ms]
2026-08-16 16:22:40.197 [info] [Git][getRemotes] No remotes found in the git config file
2026-08-16 16:22:40.205 [info] > git config --get commit.template [12ms]
2026-08-16 16:22:40.213 [info] > git for-each-ref --format=%(refname)%00%(upstream:short)%00%(objectname)%00%(upstream:track)%00%(upstream:remotename)%00%(upstream:remoteref) refs/heads/master refs/remotes/master [16ms]
2026-08-16 16:22:40.213 [warning] [Git][getBranch] No such branch: master
2026-08-16 16:22:40.233 [info] > git for-each-ref --sort -committerdate --format %(refname)%00%(objectname)%00%(*objectname) [13ms]
2026-08-16 16:22:40.309 [info] > git status -z -uall [93ms]
2026-08-16 16:22:45.324 [info] [Git][getRemotes] No remotes found in the git config file
2026-08-16 16:22:45.338 [info] > git config --get commit.template [18ms]
2026-08-16 16:22:45.338 [info] > git for-each-ref --format=%(refname)%00%(upstream:short)%00%(objectname)%00%(upstream:track)%00%(upstream:remotename)%00%(upstream:remoteref) refs/heads/master refs/remotes/master [14ms]
2026-08-16 16:22:45.338 [warning] [Git][getBranch] No such branch: master
2026-08-16 16:22:45.358 [info] > git for-each-ref --sort -committerdate --format %(refname)%00%(objectname)%00%(*objectname) [13ms]
2026-08-16 16:22:45.432 [info] > git status -z -uall [90ms]
2026-08-16 16:24:38.855 [info] [Git][getRemotes] No remotes found in the git config file
2026-08-16 16:24:38.868 [info] > git config --get commit.template [14ms]
2026-08-16 16:24:38.877 [info] > git for-each-ref --format=%(refname)%00%(upstream:short)%00%(objectname)%00%(upstream:track)%00%(upstream:remotename)%00%(upstream:remoteref) refs/heads/master refs/remotes/master [16ms]
2026-08-16 16:24:38.877 [warning] [Git][getBranch] No such branch: master
2026-08-16 16:24:38.895 [info] > git for-each-ref --sort -committerdate --format %(refname)%00%(objectname)%00%(*objectname) [11ms]
2026-08-16 16:24:39.158 [info] > git status -z -uall [277ms]
2026-08-16 16:24:44.173 [info] [Git][getRemotes] No remotes found in the git config file
2026-08-16 16:24:44.180 [info] > git config --get commit.template [13ms]
2026-08-16 16:24:44.187 [info] > git for-each-ref --format=%(refname)%00%(upstream:short)%00%(objectname)%00%(upstream:track)%00%(upstream:remotename)%00%(upstream:remoteref) refs/heads/master refs/remotes/master [15ms]
2026-08-16 16:24:44.188 [warning] [Git][getBranch] No such branch: master
2026-08-16 16:24:44.207 [info] > git for-each-ref --sort -committerdate --format %(refname)%00%(objectname)%00%(*objectname) [13ms]
2026-08-16 16:24:44.283 [info] > git status -z -uall [92ms]
2026-08-16 16:24:49.295 [info] [Git][getRemotes] No remotes found in the git config file
2026-08-16 16:24:49.302 [info] > git config --get commit.template [8ms]
2026-08-16 16:24:49.310 [info] > git for-each-ref --format=%(refname)%00%(upstream:short)%00%(objectname)%00%(upstream:track)%00%(upstream:remotename)%00%(upstream:remoteref) refs/heads/master refs/remotes/master [11ms]
2026-08-16 16:24:49.311 [warning] [Git][getBranch] No such branch: master
2026-08-16 16:24:49.329 [info] > git for-each-ref --sort -committerdate --format %(refname)%00%(objectname)%00%(*objectname) [12ms]
2026-08-16 16:24:49.404 [info] > git status -z -uall [90ms]
2026-08-16 16:24:54.420 [info] [Git][getRemotes] No remotes found in the git config file
2026-08-16 16:24:54.429 [info] > git config --get commit.template [14ms]
2026-08-16 16:24:54.439 [info] > git for-each-ref --format=%(refname)%00%(upstream:short)%00%(objectname)%00%(upstream:track)%00%(upstream:remotename)%00%(upstream:remoteref) refs/heads/master refs/remotes/master [19ms]
2026-08-16 16:24:54.439 [warning] [Git][getBranch] No such branch: master
2026-08-16 16:24:54.460 [info] > git for-each-ref --sort -committerdate --format %(refname)%00%(objectname)%00%(*objectname) [13ms]
2026-08-16 16:24:54.534 [info] > git status -z -uall [91ms]
2026-08-16 16:24:59.550 [info] [Git][getRemotes] No remotes found in the git config file
2026-08-16 16:24:59.557 [info] > git config --get commit.template [12ms]
2026-08-16 16:24:59.566 [info] > git for-each-ref --format=%(refname)%00%(upstream:short)%00%(objectname)%00%(upstream:track)%00%(upstream:remotename)%00%(upstream:remoteref) refs/heads/master refs/remotes/master [16ms]
2026-08-16 16:24:59.566 [warning] [Git][getBranch] No such branch: master
2026-08-16 16:24:59.585 [info] > git for-each-ref --sort -committerdate --format %(refname)%00%(objectname)%00%(*objectname) [13ms]
2026-08-16 16:24:59.661 [info] > git status -z -uall [92ms]
2026-08-16 16:25:04.686 [info] [Git][getRemotes] No remotes found in the git config file
2026-08-16 16:25:04.686 [info] > git config --get commit.template [8ms]
2026-08-16 16:25:04.697 [info] > git for-each-ref --format=%(refname)%00%(upstream:short)%00%(objectname)%00%(upstream:track)%00%(upstream:remotename)%00%(upstream:remoteref) refs/heads/master refs/remotes/master [11ms]
2026-08-16 16:25:04.697 [warning] [Git][getBranch] No such branch: master
2026-08-16 16:25:04.723 [info] > git for-each-ref --sort -committerdate --format %(refname)%00%(objectname)%00%(*objectname) [16ms]
2026-08-16 16:25:04.835 [info] > git status -z -uall [132ms]
2026-08-16 16:25:09.850 [info] [Git][getRemotes] No remotes found in the git config file
2026-08-16 16:25:09.858 [info] > git config --get commit.template [12ms]
2026-08-16 16:25:09.867 [info] > git for-each-ref --format=%(refname)%00%(upstream:short)%00%(objectname)%00%(upstream:track)%00%(upstream:remotename)%00%(upstream:remoteref) refs/heads/master refs/remotes/master [17ms]
2026-08-16 16:25:09.867 [warning] [Git][getBranch] No such branch: master
2026-08-16 16:25:09.886 [info] > git for-each-ref --sort -committerdate --format %(refname)%00%(objectname)%00%(*objectname) [13ms]
2026-08-16 16:25:09.960 [info] > git status -z -uall [90ms]
2026-08-16 16:25:14.975 [info] [Git][getRemotes] No remotes found in the git config file
2026-08-16 16:25:14.983 [info] > git config --get commit.template [13ms]
2026-08-16 16:25:14.991 [info] > git for-each-ref --format=%(refname)%00%(upstream:short)%00%(objectname)%00%(upstream:track)%00%(upstream:remotename)%00%(upstream:remoteref) refs/heads/master refs/remotes/master [17ms]
2026-08-16 16:25:14.991 [warning] [Git][getBranch] No such branch: master
2026-08-16 16:25:15.010 [info] > git for-each-ref --sort -committerdate --format %(refname)%00%(objectname)%00%(*objectname) [13ms]
2026-08-16 16:25:15.087 [info] > git status -z -uall [93ms]
2026-08-16 16:25:20.098 [info] [Git][getRemotes] No remotes found in the git config file
2026-08-16 16:25:20.107 [info] > git config --get commit.template [10ms]
2026-08-16 16:25:20.115 [info] > git for-each-ref --format=%(refname)%00%(upstream:short)%00%(objectname)%00%(upstream:track)%00%(upstream:remotename)%00%(upstream:remoteref) refs/heads/master refs/remotes/master [13ms]
2026-08-16 16:25:20.115 [warning] [Git][getBranch] No such branch: master
2026-08-16 16:25:20.136 [info] > git for-each-ref --sort -committerdate --format %(refname)%00%(objectname)%00%(*objectname) [14ms]
2026-08-16 16:25:20.214 [info] > git status -z -uall [96ms]
2026-08-16 16:25:25.228 [info] [Git][getRemotes] No remotes found in the git config file
2026-08-16 16:25:25.236 [info] > git config --get commit.template [13ms]
2026-08-16 16:25:25.244 [info] > git for-each-ref --format=%(refname)%00%(upstream:short)%00%(objectname)%00%(upstream:track)%00%(upstream:remotename)%00%(upstream:remoteref) refs/heads/master refs/remotes/master [16ms]
2026-08-16 16:25:25.244 [warning] [Git][getBranch] No such branch: master
2026-08-16 16:25:25.264 [info] > git for-each-ref --sort -committerdate --format %(refname)%00%(objectname)%00%(*objectname) [13ms]
2026-08-16 16:25:25.340 [info] > git status -z -uall [93ms]
2026-08-16 16:25:30.352 [info] [Git][getRemotes] No remotes found in the git config file
2026-08-16 16:25:30.360 [info] > git config --get commit.template [9ms]
2026-08-16 16:25:30.370 [info] > git for-each-ref --format=%(refname)%00%(upstream:short)%00%(objectname)%00%(upstream:track)%00%(upstream:remotename)%00%(upstream:remoteref) refs/heads/master refs/remotes/master [14ms]
2026-08-16 16:25:30.370 [warning] [Git][getBranch] No such branch: master
2026-08-16 16:25:30.397 [info] > git for-each-ref --sort -committerdate --format %(refname)%00%(objectname)%00%(*objectname) [12ms]
2026-08-16 16:25:30.474 [info] > git status -z -uall [93ms]
2026-08-16 16:25:38.283 [info] [Git][getRemotes] No remotes found in the git config file
2026-08-16 16:25:38.292 [info] > git config --get commit.template [14ms]
2026-08-16 16:25:38.301 [info] > git for-each-ref --format=%(refname)%00%(upstream:short)%00%(objectname)%00%(upstream:track)%00%(upstream:remotename)%00%(upstream:remoteref) refs/heads/master refs/remotes/master [18ms]
2026-08-16 16:25:38.301 [warning] [Git][getBranch] No such branch: master
2026-08-16 16:25:38.319 [info] > git for-each-ref --sort -committerdate --format %(refname)%00%(objectname)%00%(*objectname) [12ms]
2026-08-16 16:25:38.396 [info] > git status -z -uall [92ms]
2026-08-16 16:25:43.412 [info] [Git][getRemotes] No remotes found in the git config file
2026-08-16 16:25:43.421 [info] > git config --get commit.template [14ms]
2026-08-16 16:25:43.429 [info] > git for-each-ref --format=%(refname)%00%(upstream:short)%00%(objectname)%00%(upstream:track)%00%(upstream:remotename)%00%(upstream:remoteref) refs/heads/master refs/remotes/master [18ms]
2026-08-16 16:25:43.429 [warning] [Git][getBranch] No such branch: master
2026-08-16 16:25:43.448 [info] > git for-each-ref --sort -committerdate --format %(refname)%00%(objectname)%00%(*objectname) [13ms]
2026-08-16 16:25:43.637 [info] > git status -z -uall [205ms]
2026-08-16 16:25:50.573 [info] [Git][getRemotes] No remotes found in the git config file
2026-08-16 16:25:50.581 [info] > git config --get commit.template [13ms]
2026-08-16 16:25:50.589 [info] > git for-each-ref --format=%(refname)%00%(upstream:short)%00%(objectname)%00%(upstream:track)%00%(upstream:remotename)%00%(upstream:remoteref) refs/heads/master refs/remotes/master [17ms]
2026-08-16 16:25:50.589 [warning] [Git][getBranch] No such branch: master
2026-08-16 16:25:50.608 [info] > git for-each-ref --sort -committerdate --format %(refname)%00%(objectname)%00%(*objectname) [12ms]
2026-08-16 16:25:50.682 [info] > git status -z -uall [90ms]
2026-08-16 16:26:21.005 [info] [Git][getRemotes] No remotes found in the git config file
2026-08-16 16:26:21.016 [info] > git config --get commit.template [17ms]
2026-08-16 16:26:21.025 [info] > git for-each-ref --format=%(refname)%00%(upstream:short)%00%(objectname)%00%(upstream:track)%00%(upstream:remotename)%00%(upstream:remoteref) refs/heads/master refs/remotes/master [20ms]
2026-08-16 16:26:21.025 [warning] [Git][getBranch] No such branch: master
2026-08-16 16:26:21.045 [info] > git for-each-ref --sort -committerdate --format %(refname)%00%(objectname)%00%(*objectname) [13ms]
2026-08-16 16:26:21.125 [info] > git status -z -uall [96ms]
2026-08-16 16:26:26.142 [info] [Git][getRemotes] No remotes found in the git config file
2026-08-16 16:26:26.150 [info] > git config --get commit.template [12ms]
2026-08-16 16:26:26.158 [info] > git for-each-ref --format=%(refname)%00%(upstream:short)%00%(objectname)%00%(upstream:track)%00%(upstream:remotename)%00%(upstream:remoteref) refs/heads/master refs/remotes/master [16ms]
2026-08-16 16:26:26.158 [warning] [Git][getBranch] No such branch: master
2026-08-16 16:26:26.177 [info] > git for-each-ref --sort -committerdate --format %(refname)%00%(objectname)%00%(*objectname) [12ms]
2026-08-16 16:26:26.254 [info] > git status -z -uall [93ms]
2026-08-16 16:26:31.269 [info] [Git][getRemotes] No remotes found in the git config file
2026-08-16 16:26:31.277 [info] > git config --get commit.template [13ms]
2026-08-16 16:26:31.285 [info] > git for-each-ref --format=%(refname)%00%(upstream:short)%00%(objectname)%00%(upstream:track)%00%(upstream:remotename)%00%(upstream:remoteref) refs/heads/master refs/remotes/master [16ms]
2026-08-16 16:26:31.285 [warning] [Git][getBranch] No such branch: master
2026-08-16 16:26:31.304 [info] > git for-each-ref --sort -committerdate --format %(refname)%00%(objectname)%00%(*objectname) [13ms]
2026-08-16 16:26:31.379 [info] > git status -z -uall [91ms]
2026-08-16 16:26:39.922 [info] [Git][getRemotes] No remotes found in the git config file
2026-08-16 16:26:39.931 [info] > git config --get commit.template [13ms]
2026-08-16 16:26:39.938 [info] > git for-each-ref --format=%(refname)%00%(upstream:short)%00%(objectname)%00%(upstream:track)%00%(upstream:remotename)%00%(upstream:remoteref) refs/heads/master refs/remotes/master [16ms]
2026-08-16 16:26:39.938 [warning] [Git][getBranch] No such branch: master
2026-08-16 16:26:39.957 [info] > git for-each-ref --sort -committerdate --format %(refname)%00%(objectname)%00%(*objectname) [12ms]
2026-08-16 16:26:40.032 [info] > git status -z -uall [91ms]
