2026-08-15 15:03:15.814 [info] semantic_tokens_range file:///voc/work/sample1.py 0:0-4:28
2026-08-15 15:03:15.857 [info] semantic_tokens_full file:///voc/work/sample1.py 
2026-08-15 15:03:16.274 [info] semantic_tokens_full file:///voc/work/sample2.py 
2026-08-15 15:05:57.679 [info] semantic_tokens_full file:///voc/work/hello_llm.py 
2026-08-15 15:05:58.061 [info] semantic_tokens_range file:///voc/work/hello_llm.py 0:0-20:17
2026-08-15 15:05:58.187 [info] ERROR:pygls.protocol.json_rpc:Exception occurred for message "14": _pickle.UnpicklingError: could not find MARK
NoneType: None

2026-08-15 15:05:58.189 [info] [Error - 3:05:58 PM] Request textDocument/semanticTokens/range failed.
2026-08-15 15:05:58.190 [info]   Message: _pickle.UnpicklingError: could not find MARK
  Code: -32603 
[object Object]
2026-08-15 15:05:58.192 [info] ERROR:pygls.protocol.json_rpc:Exception occurred for message "12": _pickle.UnpicklingError: invalid load key, ' '.
NoneType: None

2026-08-15 15:05:58.194 [info] [Error - 3:05:58 PM] Request textDocument/semanticTokens/full failed.
2026-08-15 15:05:58.194 [info]   Message: _pickle.UnpicklingError: invalid load key, ' '.
  Code: -32603 
[object Object]
2026-08-15 15:06:05.111 [info] ERROR:pygls.protocol.json_rpc:Failed to handle request 15 textDocument/codeAction CodeActionParams(text_document=TextDocumentIdentifier(uri='file:///voc/work/sample2.py'), range=0:0-0:0, context=CodeActionContext(diagnostics=[], only=None, trigger_kind=<CodeActionTriggerKind.Automatic: 2>), work_done_token=None, partial_result_token=None)
Traceback (most recent call last):
  File "/usr/local/lib/code-server-4.103.2/lib/vscode/extensions/ms-python.python-2025.12.0/python_files/lib/jedilsp/pygls/protocol/json_rpc.py", line 266, in _handle_request
    self._execute_request(msg_id, handler, params)
  File "/usr/local/lib/code-server-4.103.2/lib/vscode/extensions/ms-python.python-2025.12.0/python_files/lib/jedilsp/pygls/protocol/json_rpc.py", line 188, in _execute_request
    self._send_response(msg_id, handler(params))
  File "/usr/local/lib/code-server-4.103.2/lib/vscode/extensions/ms-python.python-2025.12.0/python_files/lib/jedilsp/jedi_language_server/notebook_utils.py", line 373, in wrapped
    result = f(notebook_server, notebook_params)
  File "/usr/local/lib/code-server-4.103.2/lib/vscode/extensions/ms-python.python-2025.12.0/python_files/lib/jedilsp/jedi_language_server/server.py", line 717, in code_action
    extract_function_refactoring = jedi_script.extract_function(
  File "/usr/local/lib/code-server-4.103.2/lib/vscode/extensions/ms-python.python-2025.12.0/python_files/lib/jedilsp/jedi/api/helpers.py", line 487, in wrapper
    return func(self, line, column, *args, **kwargs)
  File "/usr/local/lib/code-server-4.103.2/lib/vscode/extensions/ms-python.python-2025.12.0/python_files/lib/jedilsp/jedi/api/__init__.py", line 675, in extract_function
    return extract_function(
  File "/usr/local/lib/code-server-4.103.2/lib/vscode/extensions/ms-python.python-2025.12.0/python_files/lib/jedilsp/jedi/api/refactoring/extract.py", line 216, in extract_function
    params, return_variables = list(_find_inputs_and_outputs(module_context, context, nodes))
  File "/usr/local/lib/code-server-4.103.2/lib/vscode/extensions/ms-python.python-2025.12.0/python_files/lib/jedilsp/jedi/api/refactoring/extract.py", line 332, in _find_inputs_and_outputs
    name_definitions = context.goto(name, name.start_pos)
  File "/usr/local/lib/code-server-4.103.2/lib/vscode/extensions/ms-python.python-2025.12.0/python_files/lib/jedilsp/jedi/inference/context.py", line 34, in goto
    names = finder.filter_name(filters, name_or_str)
  File "/usr/local/lib/code-server-4.103.2/lib/vscode/extensions/ms-python.python-2025.12.0/python_files/lib/jedilsp/jedi/inference/finder.py", line 35, in filter_name
    for filter in filters:
  File "/usr/local/lib/code-server-4.103.2/lib/vscode/extensions/ms-python.python-2025.12.0/python_files/lib/jedilsp/jedi/inference/context.py", line 496, in get_global_filters
    b = next(base_context.inference_state.builtins_module.get_filters(), None)
  File "/usr/local/lib/code-server-4.103.2/lib/vscode/extensions/ms-python.python-2025.12.0/python_files/lib/jedilsp/jedi/inference/cache.py", line 44, in wrapper
    rv = function(obj, *args, **kwargs)
  File "/usr/local/lib/code-server-4.103.2/lib/vscode/extensions/ms-python.python-2025.12.0/python_files/lib/jedilsp/jedi/inference/__init__.py", line 129, in builtins_module
    builtins_module, = self.import_module((module_name,), sys_path=[])
  File "/usr/local/lib/code-server-4.103.2/lib/vscode/extensions/ms-python.python-2025.12.0/python_files/lib/jedilsp/jedi/inference/__init__.py", line 112, in import_module
    return imports.import_module_by_names(
  File "/usr/local/lib/code-server-4.103.2/lib/vscode/extensions/ms-python.python-2025.12.0/python_files/lib/jedilsp/jedi/inference/imports.py", line 376, in import_module_by_names
    value_set = ValueSet.from_sets([
  File "/usr/local/lib/code-server-4.103.2/lib/vscode/extensions/ms-python.python-2025.12.0/python_files/lib/jedilsp/jedi/inference/imports.py", line 377, in <listcomp>
    import_module(
  File "/usr/local/lib/code-server-4.103.2/lib/vscode/extensions/ms-python.python-2025.12.0/python_files/lib/jedilsp/jedi/plugins/__init__.py", line 21, in wrapper
    return built_functions[public_name](*args, **kwargs)
  File "/usr/local/lib/code-server-4.103.2/lib/vscode/extensions/ms-python.python-2025.12.0/python_files/lib/jedilsp/jedi/plugins/flask.py", line 20, in wrapper
    return callback(inference_state, import_names, module_context, *args, **kwargs)
  File "/usr/local/lib/code-server-4.103.2/lib/vscode/extensions/ms-python.python-2025.12.0/python_files/lib/jedilsp/jedi/inference/gradual/typeshed.py", line 115, in wrapper
    python_value_set = ValueSet.from_sets(
  File "/usr/local/lib/code-server-4.103.2/lib/vscode/extensions/ms-python.python-2025.12.0/python_files/lib/jedilsp/jedi/inference/base_value.py", line 430, in from_sets
    for set_ in sets:
  File "/usr/local/lib/code-server-4.103.2/lib/vscode/extensions/ms-python.python-2025.12.0/python_files/lib/jedilsp/jedi/inference/gradual/typeshed.py", line 116, in <genexpr>
    func(inference_state, import_names, p, sys_path,)
  File "/usr/local/lib/code-server-4.103.2/lib/vscode/extensions/ms-python.python-2025.12.0/python_files/lib/jedilsp/jedi/inference/imports.py", line 411, in import_module
    file_io_or_ns, is_pkg = inference_state.compiled_subprocess.get_module_info(
  File "/usr/local/lib/code-server-4.103.2/lib/vscode/extensions/ms-python.python-2025.12.0/python_files/lib/jedilsp/jedi/inference/compiled/subprocess/__init__.py", line 188, in wrapper
    result = self._compiled_subprocess.run(
  File "/usr/local/lib/code-server-4.103.2/lib/vscode/extensions/ms-python.python-2025.12.0/python_files/lib/jedilsp/jedi/inference/compiled/subprocess/__init__.py", line 296, in run
    return self._send(inference_state_id, function, args, kwargs)
  File "/usr/local/lib/code-server-4.103.2/lib/vscode/extensions/ms-python.python-2025.12.0/python_files/lib/jedilsp/jedi/inference/compiled/subprocess/__init__.py", line 318, in _send
    is_exception, traceback, result = pickle_load(self._get_process().stdout)
  File "/usr/local/lib/code-server-4.103.2/lib/vscode/extensions/ms-python.python-2025.12.0/python_files/lib/jedilsp/jedi/_compatibility.py", line 25, in pickle_load
    return Unpickler(file).load()
_pickle.UnpicklingError: invalid load key, ' '.

2026-08-15 15:06:05.112 [info] [Error - 3:06:05 PM] Request textDocument/codeAction failed.
2026-08-15 15:06:05.116 [info]   Message: _pickle.UnpicklingError: invalid load key, ' '.
  Code: -32603 
[object Object]
2026-08-15 15:06:05.116 [info] ERROR:pygls.protocol.json_rpc:Failed to handle request 16 textDocument/documentSymbol DocumentSymbolParams(text_document=TextDocumentIdentifier(uri='file:///voc/work/sample2.py'), work_done_token=None, partial_result_token=None)
Traceback (most recent call last):
  File "/usr/local/lib/code-server-4.103.2/lib/vscode/extensions/ms-python.python-2025.12.0/python_files/lib/jedilsp/pygls/protocol/json_rpc.py", line 266, in _handle_request
    self._execute_request(msg_id, handler, params)
  File "/usr/local/lib/code-server-4.103.2/lib/vscode/extensions/ms-python.python-2025.12.0/python_files/lib/jedilsp/pygls/protocol/json_rpc.py", line 188, in _execute_request
    self._send_response(msg_id, handler(params))
  File "/usr/local/lib/code-server-4.103.2/lib/vscode/extensions/ms-python.python-2025.12.0/python_files/lib/jedilsp/jedi_language_server/server.py", line 546, in document_symbol
    document_symbols = jedi_utils.lsp_document_symbols(names)
  File "/usr/local/lib/code-server-4.103.2/lib/vscode/extensions/ms-python.python-2025.12.0/python_files/lib/jedilsp/jedi_language_server/jedi_utils.py", line 225, in lsp_document_symbols
    symbol_range = _document_symbol_range(name)
  File "/usr/local/lib/code-server-4.103.2/lib/vscode/extensions/ms-python.python-2025.12.0/python_files/lib/jedilsp/jedi_language_server/jedi_utils.py", line 204, in _document_symbol_range
    end = name.get_definition_end_position()
  File "/usr/local/lib/code-server-4.103.2/lib/vscode/extensions/ms-python.python-2025.12.0/python_files/lib/jedilsp/jedi/api/classes.py", line 260, in get_definition_end_position
    if self.type in ("function", "class"):
  File "/usr/local/lib/code-server-4.103.2/lib/vscode/extensions/ms-python.python-2025.12.0/python_files/lib/jedilsp/jedi/api/classes.py", line 190, in type
    for value in self._name.infer():
  File "/usr/local/lib/code-server-4.103.2/lib/vscode/extensions/ms-python.python-2025.12.0/python_files/lib/jedilsp/jedi/inference/names.py", line 281, in infer
    return tree_name_to_values(
  File "/usr/local/lib/code-server-4.103.2/lib/vscode/extensions/ms-python.python-2025.12.0/python_files/lib/jedilsp/jedi/plugins/__init__.py", line 21, in wrapper
    return built_functions[public_name](*args, **kwargs)
  File "/usr/local/lib/code-server-4.103.2/lib/vscode/extensions/ms-python.python-2025.12.0/python_files/lib/jedilsp/jedi/plugins/stdlib.py", line 878, in wrapper
    return func(inference_state, context, tree_name)
  File "/usr/local/lib/code-server-4.103.2/lib/vscode/extensions/ms-python.python-2025.12.0/python_files/lib/jedilsp/jedi/plugins/django.py", line 177, in wrapper
    result = func(inference_state, context, tree_name)
  File "/usr/local/lib/code-server-4.103.2/lib/vscode/extensions/ms-python.python-2025.12.0/python_files/lib/jedilsp/jedi/inference/syntax_tree.py", line 771, in tree_name_to_values
    types = imports.infer_import(context, tree_name)
  File "/usr/local/lib/code-server-4.103.2/lib/vscode/extensions/ms-python.python-2025.12.0/python_files/lib/jedilsp/jedi/inference/cache.py", line 44, in wrapper
    rv = function(obj, *args, **kwargs)
  File "/usr/local/lib/code-server-4.103.2/lib/vscode/extensions/ms-python.python-2025.12.0/python_files/lib/jedilsp/jedi/inference/imports.py", line 53, in infer_import
    _prepare_infer_import(module_context, tree_name)
  File "/usr/local/lib/code-server-4.103.2/lib/vscode/extensions/ms-python.python-2025.12.0/python_files/lib/jedilsp/jedi/inference/imports.py", line 116, in _prepare_infer_import
    return from_import_name, tuple(import_path), import_node.level, importer.follow()
  File "/usr/local/lib/code-server-4.103.2/lib/vscode/extensions/ms-python.python-2025.12.0/python_files/lib/jedilsp/jedi/inference/imports.py", line 296, in follow
    return import_module_by_names(
  File "/usr/local/lib/code-server-4.103.2/lib/vscode/extensions/ms-python.python-2025.12.0/python_files/lib/jedilsp/jedi/inference/imports.py", line 376, in import_module_by_names
    value_set = ValueSet.from_sets([
  File "/usr/local/lib/code-server-4.103.2/lib/vscode/extensions/ms-python.python-2025.12.0/python_files/lib/jedilsp/jedi/inference/imports.py", line 377, in <listcomp>
    import_module(
  File "/usr/local/lib/code-server-4.103.2/lib/vscode/extensions/ms-python.python-2025.12.0/python_files/lib/jedilsp/jedi/plugins/__init__.py", line 21, in wrapper
    return built_functions[public_name](*args, **kwargs)
  File "/usr/local/lib/code-server-4.103.2/lib/vscode/extensions/ms-python.python-2025.12.0/python_files/lib/jedilsp/jedi/plugins/flask.py", line 20, in wrapper
    return callback(inference_state, import_names, module_context, *args, **kwargs)
  File "/usr/local/lib/code-server-4.103.2/lib/vscode/extensions/ms-python.python-2025.12.0/python_files/lib/jedilsp/jedi/inference/gradual/typeshed.py", line 115, in wrapper
    python_value_set = ValueSet.from_sets(
  File "/usr/local/lib/code-server-4.103.2/lib/vscode/extensions/ms-python.python-2025.12.0/python_files/lib/jedilsp/jedi/inference/base_value.py", line 430, in from_sets
    for set_ in sets:
  File "/usr/local/lib/code-server-4.103.2/lib/vscode/extensions/ms-python.python-2025.12.0/python_files/lib/jedilsp/jedi/inference/gradual/typeshed.py", line 116, in <genexpr>
    func(inference_state, import_names, p, sys_path,)
  File "/usr/local/lib/code-server-4.103.2/lib/vscode/extensions/ms-python.python-2025.12.0/python_files/lib/jedilsp/jedi/inference/imports.py", line 411, in import_module
    file_io_or_ns, is_pkg = inference_state.compiled_subprocess.get_module_info(
  File "/usr/local/lib/code-server-4.103.2/lib/vscode/extensions/ms-python.python-2025.12.0/python_files/lib/jedilsp/jedi/inference/compiled/subprocess/__init__.py", line 188, in wrapper
    result = self._compiled_subprocess.run(
  File "/usr/local/lib/code-server-4.103.2/lib/vscode/extensions/ms-python.python-2025.12.0/python_files/lib/jedilsp/jedi/inference/compiled/subprocess/__init__.py", line 296, in run
    return self._send(inference_state_id, function, args, kwargs)
  File "/usr/local/lib/code-server-4.103.2/lib/vscode/extensions/ms-python.python-2025.12.0/python_files/lib/jedilsp/jedi/inference/compiled/subprocess/__init__.py", line 318, in _send
    is_exception, traceback, result = pickle_load(self._get_process().stdout)
  File "/usr/local/lib/code-server-4.103.2/lib/vscode/extensions/ms-python.python-2025.12.0/python_files/lib/jedilsp/jedi/_compatibility.py", line 25, in pickle_load
    return Unpickler(file).load()
_pickle.UnpicklingError: invalid load key, ' '.

2026-08-15 15:06:05.120 [info] [Error - 3:06:05 PM] Request textDocument/documentSymbol failed.
2026-08-15 15:06:05.120 [info]   Message: _pickle.UnpicklingError: invalid load key, ' '.
  Code: -32603 
[object Object]
2026-08-15 15:06:05.148 [info] semantic_tokens_full file:///voc/work/sample2.py 
2026-08-15 15:06:05.149 [info] ERROR:pygls.protocol.json_rpc:Exception occurred for message "17": _pickle.UnpicklingError: invalid load key, ' '.
NoneType: None

2026-08-15 15:06:05.152 [info] [Error - 3:06:05 PM] Request textDocument/semanticTokens/full failed.
2026-08-15 15:06:05.152 [info]   Message: _pickle.UnpicklingError: invalid load key, ' '.
  Code: -32603 
[object Object]
2026-08-15 15:06:05.387 [info] ERROR:pygls.protocol.json_rpc:Failed to handle request 18 textDocument/documentSymbol DocumentSymbolParams(text_document=TextDocumentIdentifier(uri='file:///voc/work/sample2.py'), work_done_token=None, partial_result_token=None)
Traceback (most recent call last):
  File "/usr/local/lib/code-server-4.103.2/lib/vscode/extensions/ms-python.python-2025.12.0/python_files/lib/jedilsp/pygls/protocol/json_rpc.py", line 266, in _handle_request
    self._execute_request(msg_id, handler, params)
  File "/usr/local/lib/code-server-4.103.2/lib/vscode/extensions/ms-python.python-2025.12.0/python_files/lib/jedilsp/pygls/protocol/json_rpc.py", line 188, in _execute_request
    self._send_response(msg_id, handler(params))
  File "/usr/local/lib/code-server-4.103.2/lib/vscode/extensions/ms-python.python-2025.12.0/python_files/lib/jedilsp/jedi_language_server/server.py", line 546, in document_symbol
    document_symbols = jedi_utils.lsp_document_symbols(names)
  File "/usr/local/lib/code-server-4.103.2/lib/vscode/extensions/ms-python.python-2025.12.0/python_files/lib/jedilsp/jedi_language_server/jedi_utils.py", line 225, in lsp_document_symbols
    symbol_range = _document_symbol_range(name)
  File "/usr/local/lib/code-server-4.103.2/lib/vscode/extensions/ms-python.python-2025.12.0/python_files/lib/jedilsp/jedi_language_server/jedi_utils.py", line 204, in _document_symbol_range
    end = name.get_definition_end_position()
  File "/usr/local/lib/code-server-4.103.2/lib/vscode/extensions/ms-python.python-2025.12.0/python_files/lib/jedilsp/jedi/api/classes.py", line 260, in get_definition_end_position
    if self.type in ("function", "class"):
  File "/usr/local/lib/code-server-4.103.2/lib/vscode/extensions/ms-python.python-2025.12.0/python_files/lib/jedilsp/jedi/api/classes.py", line 190, in type
    for value in self._name.infer():
  File "/usr/local/lib/code-server-4.103.2/lib/vscode/extensions/ms-python.python-2025.12.0/python_files/lib/jedilsp/jedi/inference/names.py", line 281, in infer
    return tree_name_to_values(
  File "/usr/local/lib/code-server-4.103.2/lib/vscode/extensions/ms-python.python-2025.12.0/python_files/lib/jedilsp/jedi/plugins/__init__.py", line 21, in wrapper
    return built_functions[public_name](*args, **kwargs)
  File "/usr/local/lib/code-server-4.103.2/lib/vscode/extensions/ms-python.python-2025.12.0/python_files/lib/jedilsp/jedi/plugins/stdlib.py", line 878, in wrapper
    return func(inference_state, context, tree_name)
  File "/usr/local/lib/code-server-4.103.2/lib/vscode/extensions/ms-python.python-2025.12.0/python_files/lib/jedilsp/jedi/plugins/django.py", line 177, in wrapper
    result = func(inference_state, context, tree_name)
  File "/usr/local/lib/code-server-4.103.2/lib/vscode/extensions/ms-python.python-2025.12.0/python_files/lib/jedilsp/jedi/inference/syntax_tree.py", line 771, in tree_name_to_values
    types = imports.infer_import(context, tree_name)
  File "/usr/local/lib/code-server-4.103.2/lib/vscode/extensions/ms-python.python-2025.12.0/python_files/lib/jedilsp/jedi/inference/cache.py", line 44, in wrapper
    rv = function(obj, *args, **kwargs)
  File "/usr/local/lib/code-server-4.103.2/lib/vscode/extensions/ms-python.python-2025.12.0/python_files/lib/jedilsp/jedi/inference/imports.py", line 53, in infer_import
    _prepare_infer_import(module_context, tree_name)
  File "/usr/local/lib/code-server-4.103.2/lib/vscode/extensions/ms-python.python-2025.12.0/python_files/lib/jedilsp/jedi/inference/imports.py", line 116, in _prepare_infer_import
    return from_import_name, tuple(import_path), import_node.level, importer.follow()
  File "/usr/local/lib/code-server-4.103.2/lib/vscode/extensions/ms-python.python-2025.12.0/python_files/lib/jedilsp/jedi/inference/imports.py", line 296, in follow
    return import_module_by_names(
  File "/usr/local/lib/code-server-4.103.2/lib/vscode/extensions/ms-python.python-2025.12.0/python_files/lib/jedilsp/jedi/inference/imports.py", line 376, in import_module_by_names
    value_set = ValueSet.from_sets([
  File "/usr/local/lib/code-server-4.103.2/lib/vscode/extensions/ms-python.python-2025.12.0/python_files/lib/jedilsp/jedi/inference/imports.py", line 377, in <listcomp>
    import_module(
  File "/usr/local/lib/code-server-4.103.2/lib/vscode/extensions/ms-python.python-2025.12.0/python_files/lib/jedilsp/jedi/plugins/__init__.py", line 21, in wrapper
    return built_functions[public_name](*args, **kwargs)
  File "/usr/local/lib/code-server-4.103.2/lib/vscode/extensions/ms-python.python-2025.12.0/python_files/lib/jedilsp/jedi/plugins/flask.py", line 20, in wrapper
    return callback(inference_state, import_names, module_context, *args, **kwargs)
  File "/usr/local/lib/code-server-4.103.2/lib/vscode/extensions/ms-python.python-2025.12.0/python_files/lib/jedilsp/jedi/inference/gradual/typeshed.py", line 115, in wrapper
    python_value_set = ValueSet.from_sets(
  File "/usr/local/lib/code-server-4.103.2/lib/vscode/extensions/ms-python.python-2025.12.0/python_files/lib/jedilsp/jedi/inference/base_value.py", line 430, in from_sets
    for set_ in sets:
  File "/usr/local/lib/code-server-4.103.2/lib/vscode/extensions/ms-python.python-2025.12.0/python_files/lib/jedilsp/jedi/inference/gradual/typeshed.py", line 116, in <genexpr>
    func(inference_state, import_names, p, sys_path,)
  File "/usr/local/lib/code-server-4.103.2/lib/vscode/extensions/ms-python.python-2025.12.0/python_files/lib/jedilsp/jedi/inference/imports.py", line 411, in import_module
    file_io_or_ns, is_pkg = inference_state.compiled_subprocess.get_module_info(
  File "/usr/local/lib/code-server-4.103.2/lib/vscode/extensions/ms-python.python-2025.12.0/python_files/lib/jedilsp/jedi/inference/compiled/subprocess/__init__.py", line 188, in wrapper
    result = self._compiled_subprocess.run(
  File "/usr/local/lib/code-server-4.103.2/lib/vscode/extensions/ms-python.python-2025.12.0/python_files/lib/jedilsp/jedi/inference/compiled/subprocess/__init__.py", line 296, in run
    return self._send(inference_state_id, function, args, kwargs)
  File "/usr/local/lib/code-server-4.103.2/lib/vscode/extensions/ms-python.python-2025.12.0/python_files/lib/jedilsp/jedi/inference/compiled/subprocess/__init__.py", line 318, in _send
    is_exception, traceback, result = pickle_load(self._get_process().stdout)
  File "/usr/local/lib/code-server-4.103.2/lib/vscode/extensions/ms-python.python-2025.12.0/python_files/lib/jedilsp/jedi/_compatibility.py", line 25, in pickle_load
    return Unpickler(file).load()
_pickle.UnpicklingError: invalid load key, ' '.

2026-08-15 15:06:05.388 [info] [Error - 3:06:05 PM] Request textDocument/documentSymbol failed.
2026-08-15 15:06:05.391 [info]   Message: _pickle.UnpicklingError: invalid load key, ' '.
  Code: -32603 
[object Object]
2026-08-15 15:06:05.477 [info] semantic_tokens_range file:///voc/work/sample2.py 0:0-5:15
2026-08-15 15:06:05.477 [info] ERROR:pygls.protocol.json_rpc:Exception occurred for message "19": _pickle.UnpicklingError: invalid load key, ' '.
NoneType: None

2026-08-15 15:06:05.481 [info] [Error - 3:06:05 PM] Request textDocument/semanticTokens/range failed.
2026-08-15 15:06:05.481 [info]   Message: _pickle.UnpicklingError: invalid load key, ' '.
  Code: -32603 
[object Object]
2026-08-15 15:06:07.469 [info] ERROR:pygls.protocol.json_rpc:Failed to handle request 20 textDocument/codeAction CodeActionParams(text_document=TextDocumentIdentifier(uri='file:///voc/work/sample1.py'), range=0:0-0:0, context=CodeActionContext(diagnostics=[], only=None, trigger_kind=<CodeActionTriggerKind.Automatic: 2>), work_done_token=None, partial_result_token=None)
Traceback (most recent call last):
  File "/usr/local/lib/code-server-4.103.2/lib/vscode/extensions/ms-python.python-2025.12.0/python_files/lib/jedilsp/pygls/protocol/json_rpc.py", line 266, in _handle_request
    self._execute_request(msg_id, handler, params)
  File "/usr/local/lib/code-server-4.103.2/lib/vscode/extensions/ms-python.python-2025.12.0/python_files/lib/jedilsp/pygls/protocol/json_rpc.py", line 188, in _execute_request
    self._send_response(msg_id, handler(params))
  File "/usr/local/lib/code-server-4.103.2/lib/vscode/extensions/ms-python.python-2025.12.0/python_files/lib/jedilsp/jedi_language_server/notebook_utils.py", line 373, in wrapped
    result = f(notebook_server, notebook_params)
  File "/usr/local/lib/code-server-4.103.2/lib/vscode/extensions/ms-python.python-2025.12.0/python_files/lib/jedilsp/jedi_language_server/server.py", line 717, in code_action
    extract_function_refactoring = jedi_script.extract_function(
  File "/usr/local/lib/code-server-4.103.2/lib/vscode/extensions/ms-python.python-2025.12.0/python_files/lib/jedilsp/jedi/api/helpers.py", line 487, in wrapper
    return func(self, line, column, *args, **kwargs)
  File "/usr/local/lib/code-server-4.103.2/lib/vscode/extensions/ms-python.python-2025.12.0/python_files/lib/jedilsp/jedi/api/__init__.py", line 675, in extract_function
    return extract_function(
  File "/usr/local/lib/code-server-4.103.2/lib/vscode/extensions/ms-python.python-2025.12.0/python_files/lib/jedilsp/jedi/api/refactoring/extract.py", line 216, in extract_function
    params, return_variables = list(_find_inputs_and_outputs(module_context, context, nodes))
  File "/usr/local/lib/code-server-4.103.2/lib/vscode/extensions/ms-python.python-2025.12.0/python_files/lib/jedilsp/jedi/api/refactoring/extract.py", line 332, in _find_inputs_and_outputs
    name_definitions = context.goto(name, name.start_pos)
  File "/usr/local/lib/code-server-4.103.2/lib/vscode/extensions/ms-python.python-2025.12.0/python_files/lib/jedilsp/jedi/inference/context.py", line 34, in goto
    names = finder.filter_name(filters, name_or_str)
  File "/usr/local/lib/code-server-4.103.2/lib/vscode/extensions/ms-python.python-2025.12.0/python_files/lib/jedilsp/jedi/inference/finder.py", line 35, in filter_name
    for filter in filters:
  File "/usr/local/lib/code-server-4.103.2/lib/vscode/extensions/ms-python.python-2025.12.0/python_files/lib/jedilsp/jedi/inference/context.py", line 496, in get_global_filters
    b = next(base_context.inference_state.builtins_module.get_filters(), None)
  File "/usr/local/lib/code-server-4.103.2/lib/vscode/extensions/ms-python.python-2025.12.0/python_files/lib/jedilsp/jedi/inference/cache.py", line 44, in wrapper
    rv = function(obj, *args, **kwargs)
  File "/usr/local/lib/code-server-4.103.2/lib/vscode/extensions/ms-python.python-2025.12.0/python_files/lib/jedilsp/jedi/inference/__init__.py", line 129, in builtins_module
    builtins_module, = self.import_module((module_name,), sys_path=[])
  File "/usr/local/lib/code-server-4.103.2/lib/vscode/extensions/ms-python.python-2025.12.0/python_files/lib/jedilsp/jedi/inference/__init__.py", line 112, in import_module
    return imports.import_module_by_names(
  File "/usr/local/lib/code-server-4.103.2/lib/vscode/extensions/ms-python.python-2025.12.0/python_files/lib/jedilsp/jedi/inference/imports.py", line 376, in import_module_by_names
    value_set = ValueSet.from_sets([
  File "/usr/local/lib/code-server-4.103.2/lib/vscode/extensions/ms-python.python-2025.12.0/python_files/lib/jedilsp/jedi/inference/imports.py", line 377, in <listcomp>
    import_module(
  File "/usr/local/lib/code-server-4.103.2/lib/vscode/extensions/ms-python.python-2025.12.0/python_files/lib/jedilsp/jedi/plugins/__init__.py", line 21, in wrapper
    return built_functions[public_name](*args, **kwargs)
  File "/usr/local/lib/code-server-4.103.2/lib/vscode/extensions/ms-python.python-2025.12.0/python_files/lib/jedilsp/jedi/plugins/flask.py", line 20, in wrapper
    return callback(inference_state, import_names, module_context, *args, **kwargs)
  File "/usr/local/lib/code-server-4.103.2/lib/vscode/extensions/ms-python.python-2025.12.0/python_files/lib/jedilsp/jedi/inference/gradual/typeshed.py", line 115, in wrapper
    python_value_set = ValueSet.from_sets(
  File "/usr/local/lib/code-server-4.103.2/lib/vscode/extensions/ms-python.python-2025.12.0/python_files/lib/jedilsp/jedi/inference/base_value.py", line 430, in from_sets
    for set_ in sets:
  File "/usr/local/lib/code-server-4.103.2/lib/vscode/extensions/ms-python.python-2025.12.0/python_files/lib/jedilsp/jedi/inference/gradual/typeshed.py", line 116, in <genexpr>
    func(inference_state, import_names, p, sys_path,)
  File "/usr/local/lib/code-server-4.103.2/lib/vscode/extensions/ms-python.python-2025.12.0/python_files/lib/jedilsp/jedi/inference/imports.py", line 411, in import_module
    file_io_or_ns, is_pkg = inference_state.compiled_subprocess.get_module_info(
  File "/usr/local/lib/code-server-4.103.2/lib/vscode/extensions/ms-python.python-2025.12.0/python_files/lib/jedilsp/jedi/inference/compiled/subprocess/__init__.py", line 188, in wrapper
    result = self._compiled_subprocess.run(
  File "/usr/local/lib/code-server-4.103.2/lib/vscode/extensions/ms-python.python-2025.12.0/python_files/lib/jedilsp/jedi/inference/compiled/subprocess/__init__.py", line 293, in run
    self._send(delete_id, None)
  File "/usr/local/lib/code-server-4.103.2/lib/vscode/extensions/ms-python.python-2025.12.0/python_files/lib/jedilsp/jedi/inference/compiled/subprocess/__init__.py", line 318, in _send
    is_exception, traceback, result = pickle_load(self._get_process().stdout)
  File "/usr/local/lib/code-server-4.103.2/lib/vscode/extensions/ms-python.python-2025.12.0/python_files/lib/jedilsp/jedi/_compatibility.py", line 25, in pickle_load
    return Unpickler(file).load()
_pickle.UnpicklingError: invalid load key, ' '.

2026-08-15 15:06:07.469 [info] [Error - 3:06:07 PM] Request textDocument/codeAction failed.
2026-08-15 15:06:07.472 [info]   Message: _pickle.UnpicklingError: invalid load key, ' '.
  Code: -32603 
[object Object]
2026-08-15 15:06:07.492 [info] semantic_tokens_full file:///voc/work/sample1.py 
2026-08-15 15:06:07.493 [info] ERROR:pygls.protocol.json_rpc:Exception occurred for message "22": _pickle.UnpicklingError: invalid load key, ' '.
NoneType: None

2026-08-15 15:06:07.496 [info] [Error - 3:06:07 PM] Request textDocument/semanticTokens/full failed.
2026-08-15 15:06:07.496 [info]   Message: _pickle.UnpicklingError: invalid load key, ' '.
  Code: -32603 
[object Object]
2026-08-15 15:06:07.769 [info] semantic_tokens_range file:///voc/work/sample1.py 0:0-4:28
2026-08-15 15:06:07.770 [info] ERROR:pygls.protocol.json_rpc:Exception occurred for message "24": _pickle.UnpicklingError: invalid load key, ' '.
NoneType: None

2026-08-15 15:06:07.775 [info] [Error - 3:06:07 PM] Request textDocument/semanticTokens/range failed.
2026-08-15 15:06:07.775 [info]   Message: _pickle.UnpicklingError: invalid load key, ' '.
  Code: -32603 
[object Object]
2026-08-15 15:06:08.438 [info] ERROR:pygls.protocol.json_rpc:Failed to handle request 26 textDocument/documentSymbol DocumentSymbolParams(text_document=TextDocumentIdentifier(uri='file:///voc/work/hello_llm.py'), work_done_token=None, partial_result_token=None)
Traceback (most recent call last):
  File "/usr/local/lib/code-server-4.103.2/lib/vscode/extensions/ms-python.python-2025.12.0/python_files/lib/jedilsp/pygls/protocol/json_rpc.py", line 266, in _handle_request
    self._execute_request(msg_id, handler, params)
  File "/usr/local/lib/code-server-4.103.2/lib/vscode/extensions/ms-python.python-2025.12.0/python_files/lib/jedilsp/pygls/protocol/json_rpc.py", line 188, in _execute_request
    self._send_response(msg_id, handler(params))
  File "/usr/local/lib/code-server-4.103.2/lib/vscode/extensions/ms-python.python-2025.12.0/python_files/lib/jedilsp/jedi_language_server/server.py", line 546, in document_symbol
    document_symbols = jedi_utils.lsp_document_symbols(names)
  File "/usr/local/lib/code-server-4.103.2/lib/vscode/extensions/ms-python.python-2025.12.0/python_files/lib/jedilsp/jedi_language_server/jedi_utils.py", line 225, in lsp_document_symbols
    symbol_range = _document_symbol_range(name)
  File "/usr/local/lib/code-server-4.103.2/lib/vscode/extensions/ms-python.python-2025.12.0/python_files/lib/jedilsp/jedi_language_server/jedi_utils.py", line 204, in _document_symbol_range
    end = name.get_definition_end_position()
  File "/usr/local/lib/code-server-4.103.2/lib/vscode/extensions/ms-python.python-2025.12.0/python_files/lib/jedilsp/jedi/api/classes.py", line 260, in get_definition_end_position
    if self.type in ("function", "class"):
  File "/usr/local/lib/code-server-4.103.2/lib/vscode/extensions/ms-python.python-2025.12.0/python_files/lib/jedilsp/jedi/api/classes.py", line 190, in type
    for value in self._name.infer():
  File "/usr/local/lib/code-server-4.103.2/lib/vscode/extensions/ms-python.python-2025.12.0/python_files/lib/jedilsp/jedi/inference/names.py", line 281, in infer
    return tree_name_to_values(
  File "/usr/local/lib/code-server-4.103.2/lib/vscode/extensions/ms-python.python-2025.12.0/python_files/lib/jedilsp/jedi/plugins/__init__.py", line 21, in wrapper
    return built_functions[public_name](*args, **kwargs)
  File "/usr/local/lib/code-server-4.103.2/lib/vscode/extensions/ms-python.python-2025.12.0/python_files/lib/jedilsp/jedi/plugins/stdlib.py", line 878, in wrapper
    return func(inference_state, context, tree_name)
  File "/usr/local/lib/code-server-4.103.2/lib/vscode/extensions/ms-python.python-2025.12.0/python_files/lib/jedilsp/jedi/plugins/django.py", line 177, in wrapper
    result = func(inference_state, context, tree_name)
  File "/usr/local/lib/code-server-4.103.2/lib/vscode/extensions/ms-python.python-2025.12.0/python_files/lib/jedilsp/jedi/inference/syntax_tree.py", line 771, in tree_name_to_values
    types = imports.infer_import(context, tree_name)
  File "/usr/local/lib/code-server-4.103.2/lib/vscode/extensions/ms-python.python-2025.12.0/python_files/lib/jedilsp/jedi/inference/cache.py", line 44, in wrapper
    rv = function(obj, *args, **kwargs)
  File "/usr/local/lib/code-server-4.103.2/lib/vscode/extensions/ms-python.python-2025.12.0/python_files/lib/jedilsp/jedi/inference/imports.py", line 53, in infer_import
    _prepare_infer_import(module_context, tree_name)
  File "/usr/local/lib/code-server-4.103.2/lib/vscode/extensions/ms-python.python-2025.12.0/python_files/lib/jedilsp/jedi/inference/imports.py", line 116, in _prepare_infer_import
    return from_import_name, tuple(import_path), import_node.level, importer.follow()
  File "/usr/local/lib/code-server-4.103.2/lib/vscode/extensions/ms-python.python-2025.12.0/python_files/lib/jedilsp/jedi/inference/imports.py", line 296, in follow
    return import_module_by_names(
  File "/usr/local/lib/code-server-4.103.2/lib/vscode/extensions/ms-python.python-2025.12.0/python_files/lib/jedilsp/jedi/inference/imports.py", line 376, in import_module_by_names
    value_set = ValueSet.from_sets([
  File "/usr/local/lib/code-server-4.103.2/lib/vscode/extensions/ms-python.python-2025.12.0/python_files/lib/jedilsp/jedi/inference/imports.py", line 377, in <listcomp>
    import_module(
  File "/usr/local/lib/code-server-4.103.2/lib/vscode/extensions/ms-python.python-2025.12.0/python_files/lib/jedilsp/jedi/plugins/__init__.py", line 21, in wrapper
    return built_functions[public_name](*args, **kwargs)
  File "/usr/local/lib/code-server-4.103.2/lib/vscode/extensions/ms-python.python-2025.12.0/python_files/lib/jedilsp/jedi/plugins/flask.py", line 20, in wrapper
    return callback(inference_state, import_names, module_context, *args, **kwargs)
  File "/usr/local/lib/code-server-4.103.2/lib/vscode/extensions/ms-python.python-2025.12.0/python_files/lib/jedilsp/jedi/inference/gradual/typeshed.py", line 115, in wrapper
    python_value_set = ValueSet.from_sets(
  File "/usr/local/lib/code-server-4.103.2/lib/vscode/extensions/ms-python.python-2025.12.0/python_files/lib/jedilsp/jedi/inference/base_value.py", line 430, in from_sets
    for set_ in sets:
  File "/usr/local/lib/code-server-4.103.2/lib/vscode/extensions/ms-python.python-2025.12.0/python_files/lib/jedilsp/jedi/inference/gradual/typeshed.py", line 116, in <genexpr>
    func(inference_state, import_names, p, sys_path,)
  File "/usr/local/lib/code-server-4.103.2/lib/vscode/extensions/ms-python.python-2025.12.0/python_files/lib/jedilsp/jedi/inference/imports.py", line 411, in import_module
    file_io_or_ns, is_pkg = inference_state.compiled_subprocess.get_module_info(
  File "/usr/local/lib/code-server-4.103.2/lib/vscode/extensions/ms-python.python-2025.12.0/python_files/lib/jedilsp/jedi/inference/compiled/subprocess/__init__.py", line 188, in wrapper
    result = self._compiled_subprocess.run(
  File "/usr/local/lib/code-server-4.103.2/lib/vscode/extensions/ms-python.python-2025.12.0/python_files/lib/jedilsp/jedi/inference/compiled/subprocess/__init__.py", line 293, in run
    self._send(delete_id, None)
  File "/usr/local/lib/code-server-4.103.2/lib/vscode/extensions/ms-python.python-2025.12.0/python_files/lib/jedilsp/jedi/inference/compiled/subprocess/__init__.py", line 318, in _send
    is_exception, traceback, result = pickle_load(self._get_process().stdout)
  File "/usr/local/lib/code-server-4.103.2/lib/vscode/extensions/ms-python.python-2025.12.0/python_files/lib/jedilsp/jedi/_compatibility.py", line 25, in pickle_load
    return Unpickler(file).load()
_pickle.UnpicklingError: invalid load key, ' '.

2026-08-15 15:06:08.438 [info] [Error - 3:06:08 PM] Request textDocument/documentSymbol failed.
2026-08-15 15:06:08.442 [info]   Message: _pickle.UnpicklingError: invalid load key, ' '.
  Code: -32603 
[object Object]
2026-08-15 15:06:08.463 [info] semantic_tokens_full file:///voc/work/hello_llm.py 
2026-08-15 15:06:08.464 [info] ERROR:pygls.protocol.json_rpc:Exception occurred for message "27": _pickle.UnpicklingError: invalid load key, ' '.
NoneType: None

2026-08-15 15:06:08.467 [info] [Error - 3:06:08 PM] Request textDocument/semanticTokens/full failed.
2026-08-15 15:06:08.467 [info]   Message: _pickle.UnpicklingError: invalid load key, ' '.
  Code: -32603 
[object Object]
2026-08-15 15:06:08.708 [info] semantic_tokens_range file:///voc/work/hello_llm.py 0:0-20:17
2026-08-15 15:06:08.709 [info] ERROR:pygls.protocol.json_rpc:Exception occurred for message "28": _pickle.UnpicklingError: invalid load key, ' '.
NoneType: None

2026-08-15 15:06:08.713 [info] [Error - 3:06:08 PM] Request textDocument/semanticTokens/range failed.
2026-08-15 15:06:08.713 [info]   Message: _pickle.UnpicklingError: invalid load key, ' '.
  Code: -32603 
[object Object]
2026-08-15 15:06:08.717 [info] ERROR:pygls.protocol.json_rpc:Failed to handle request 29 textDocument/documentSymbol DocumentSymbolParams(text_document=TextDocumentIdentifier(uri='file:///voc/work/hello_llm.py'), work_done_token=None, partial_result_token=None)
Traceback (most recent call last):
  File "/usr/local/lib/code-server-4.103.2/lib/vscode/extensions/ms-python.python-2025.12.0/python_files/lib/jedilsp/pygls/protocol/json_rpc.py", line 266, in _handle_request
    self._execute_request(msg_id, handler, params)
  File "/usr/local/lib/code-server-4.103.2/lib/vscode/extensions/ms-python.python-2025.12.0/python_files/lib/jedilsp/pygls/protocol/json_rpc.py", line 188, in _execute_request
    self._send_response(msg_id, handler(params))
  File "/usr/local/lib/code-server-4.103.2/lib/vscode/extensions/ms-python.python-2025.12.0/python_files/lib/jedilsp/jedi_language_server/server.py", line 546, in document_symbol
    document_symbols = jedi_utils.lsp_document_symbols(names)
  File "/usr/local/lib/code-server-4.103.2/lib/vscode/extensions/ms-python.python-2025.12.0/python_files/lib/jedilsp/jedi_language_server/jedi_utils.py", line 225, in lsp_document_symbols
    symbol_range = _document_symbol_range(name)
  File "/usr/local/lib/code-server-4.103.2/lib/vscode/extensions/ms-python.python-2025.12.0/python_files/lib/jedilsp/jedi_language_server/jedi_utils.py", line 204, in _document_symbol_range
    end = name.get_definition_end_position()
  File "/usr/local/lib/code-server-4.103.2/lib/vscode/extensions/ms-python.python-2025.12.0/python_files/lib/jedilsp/jedi/api/classes.py", line 260, in get_definition_end_position
    if self.type in ("function", "class"):
  File "/usr/local/lib/code-server-4.103.2/lib/vscode/extensions/ms-python.python-2025.12.0/python_files/lib/jedilsp/jedi/api/classes.py", line 190, in type
    for value in self._name.infer():
  File "/usr/local/lib/code-server-4.103.2/lib/vscode/extensions/ms-python.python-2025.12.0/python_files/lib/jedilsp/jedi/inference/names.py", line 281, in infer
    return tree_name_to_values(
  File "/usr/local/lib/code-server-4.103.2/lib/vscode/extensions/ms-python.python-2025.12.0/python_files/lib/jedilsp/jedi/plugins/__init__.py", line 21, in wrapper
    return built_functions[public_name](*args, **kwargs)
  File "/usr/local/lib/code-server-4.103.2/lib/vscode/extensions/ms-python.python-2025.12.0/python_files/lib/jedilsp/jedi/plugins/stdlib.py", line 878, in wrapper
    return func(inference_state, context, tree_name)
  File "/usr/local/lib/code-server-4.103.2/lib/vscode/extensions/ms-python.python-2025.12.0/python_files/lib/jedilsp/jedi/plugins/django.py", line 177, in wrapper
    result = func(inference_state, context, tree_name)
  File "/usr/local/lib/code-server-4.103.2/lib/vscode/extensions/ms-python.python-2025.12.0/python_files/lib/jedilsp/jedi/inference/syntax_tree.py", line 771, in tree_name_to_values
    types = imports.infer_import(context, tree_name)
  File "/usr/local/lib/code-server-4.103.2/lib/vscode/extensions/ms-python.python-2025.12.0/python_files/lib/jedilsp/jedi/inference/cache.py", line 44, in wrapper
    rv = function(obj, *args, **kwargs)
  File "/usr/local/lib/code-server-4.103.2/lib/vscode/extensions/ms-python.python-2025.12.0/python_files/lib/jedilsp/jedi/inference/imports.py", line 53, in infer_import
    _prepare_infer_import(module_context, tree_name)
  File "/usr/local/lib/code-server-4.103.2/lib/vscode/extensions/ms-python.python-2025.12.0/python_files/lib/jedilsp/jedi/inference/imports.py", line 116, in _prepare_infer_import
    return from_import_name, tuple(import_path), import_node.level, importer.follow()
  File "/usr/local/lib/code-server-4.103.2/lib/vscode/extensions/ms-python.python-2025.12.0/python_files/lib/jedilsp/jedi/inference/imports.py", line 296, in follow
    return import_module_by_names(
  File "/usr/local/lib/code-server-4.103.2/lib/vscode/extensions/ms-python.python-2025.12.0/python_files/lib/jedilsp/jedi/inference/imports.py", line 376, in import_module_by_names
    value_set = ValueSet.from_sets([
  File "/usr/local/lib/code-server-4.103.2/lib/vscode/extensions/ms-python.python-2025.12.0/python_files/lib/jedilsp/jedi/inference/imports.py", line 377, in <listcomp>
    import_module(
  File "/usr/local/lib/code-server-4.103.2/lib/vscode/extensions/ms-python.python-2025.12.0/python_files/lib/jedilsp/jedi/plugins/__init__.py", line 21, in wrapper
    return built_functions[public_name](*args, **kwargs)
  File "/usr/local/lib/code-server-4.103.2/lib/vscode/extensions/ms-python.python-2025.12.0/python_files/lib/jedilsp/jedi/plugins/flask.py", line 20, in wrapper
    return callback(inference_state, import_names, module_context, *args, **kwargs)
  File "/usr/local/lib/code-server-4.103.2/lib/vscode/extensions/ms-python.python-2025.12.0/python_files/lib/jedilsp/jedi/inference/gradual/typeshed.py", line 115, in wrapper
    python_value_set = ValueSet.from_sets(
  File "/usr/local/lib/code-server-4.103.2/lib/vscode/extensions/ms-python.python-2025.12.0/python_files/lib/jedilsp/jedi/inference/base_value.py", line 430, in from_sets
    for set_ in sets:
  File "/usr/local/lib/code-server-4.103.2/lib/vscode/extensions/ms-python.python-2025.12.0/python_files/lib/jedilsp/jedi/inference/gradual/typeshed.py", line 116, in <genexpr>
    func(inference_state, import_names, p, sys_path,)
  File "/usr/local/lib/code-server-4.103.2/lib/vscode/extensions/ms-python.python-2025.12.0/python_files/lib/jedilsp/jedi/inference/imports.py", line 411, in import_module
    file_io_or_ns, is_pkg = inference_state.compiled_subprocess.get_module_info(
  File "/usr/local/lib/code-server-4.103.2/lib/vscode/extensions/ms-python.python-2025.12.0/python_files/lib/jedilsp/jedi/inference/compiled/subprocess/__init__.py", line 188, in wrapper
    result = self._compiled_subprocess.run(
  File "/usr/local/lib/code-server-4.103.2/lib/vscode/extensions/ms-python.python-2025.12.0/python_files/lib/jedilsp/jedi/inference/compiled/subprocess/__init__.py", line 293, in run
    self._send(delete_id, None)
  File "/usr/local/lib/code-server-4.103.2/lib/vscode/extensions/ms-python.python-2025.12.0/python_files/lib/jedilsp/jedi/inference/compiled/subprocess/__init__.py", line 318, in _send
    is_exception, traceback, result = pickle_load(self._get_process().stdout)
  File "/usr/local/lib/code-server-4.103.2/lib/vscode/extensions/ms-python.python-2025.12.0/python_files/lib/jedilsp/jedi/_compatibility.py", line 25, in pickle_load
    return Unpickler(file).load()
_pickle.UnpicklingError: invalid load key, ' '.

2026-08-15 15:06:08.717 [info] [Error - 3:06:08 PM] Request textDocument/documentSymbol failed.
2026-08-15 15:06:08.717 [info]   Message: _pickle.UnpicklingError: invalid load key, ' '.
  Code: -32603 
[object Object]
2026-08-15 16:15:23.899 [info] ERROR:pygls.protocol.json_rpc:Failed to handle request 31 textDocument/documentSymbol DocumentSymbolParams(text_document=TextDocumentIdentifier(uri='file:///voc/work/hello_llm.py'), work_done_token=None, partial_result_token=None)
Traceback (most recent call last):
  File "/usr/local/lib/code-server-4.103.2/lib/vscode/extensions/ms-python.python-2025.12.0/python_files/lib/jedilsp/pygls/protocol/json_rpc.py", line 266, in _handle_request
    self._execute_request(msg_id, handler, params)
  File "/usr/local/lib/code-server-4.103.2/lib/vscode/extensions/ms-python.python-2025.12.0/python_files/lib/jedilsp/pygls/protocol/json_rpc.py", line 188, in _execute_request
    self._send_response(msg_id, handler(params))
  File "/usr/local/lib/code-server-4.103.2/lib/vscode/extensions/ms-python.python-2025.12.0/python_files/lib/jedilsp/jedi_language_server/server.py", line 546, in document_symbol
    document_symbols = jedi_utils.lsp_document_symbols(names)
  File "/usr/local/lib/code-server-4.103.2/lib/vscode/extensions/ms-python.python-2025.12.0/python_files/lib/jedilsp/jedi_language_server/jedi_utils.py", line 225, in lsp_document_symbols
    symbol_range = _document_symbol_range(name)
  File "/usr/local/lib/code-server-4.103.2/lib/vscode/extensions/ms-python.python-2025.12.0/python_files/lib/jedilsp/jedi_language_server/jedi_utils.py", line 204, in _document_symbol_range
    end = name.get_definition_end_position()
  File "/usr/local/lib/code-server-4.103.2/lib/vscode/extensions/ms-python.python-2025.12.0/python_files/lib/jedilsp/jedi/api/classes.py", line 260, in get_definition_end_position
    if self.type in ("function", "class"):
  File "/usr/local/lib/code-server-4.103.2/lib/vscode/extensions/ms-python.python-2025.12.0/python_files/lib/jedilsp/jedi/api/classes.py", line 190, in type
    for value in self._name.infer():
  File "/usr/local/lib/code-server-4.103.2/lib/vscode/extensions/ms-python.python-2025.12.0/python_files/lib/jedilsp/jedi/inference/names.py", line 281, in infer
    return tree_name_to_values(
  File "/usr/local/lib/code-server-4.103.2/lib/vscode/extensions/ms-python.python-2025.12.0/python_files/lib/jedilsp/jedi/plugins/__init__.py", line 21, in wrapper
    return built_functions[public_name](*args, **kwargs)
  File "/usr/local/lib/code-server-4.103.2/lib/vscode/extensions/ms-python.python-2025.12.0/python_files/lib/jedilsp/jedi/plugins/stdlib.py", line 878, in wrapper
    return func(inference_state, context, tree_name)
  File "/usr/local/lib/code-server-4.103.2/lib/vscode/extensions/ms-python.python-2025.12.0/python_files/lib/jedilsp/jedi/plugins/django.py", line 177, in wrapper
    result = func(inference_state, context, tree_name)
  File "/usr/local/lib/code-server-4.103.2/lib/vscode/extensions/ms-python.python-2025.12.0/python_files/lib/jedilsp/jedi/inference/syntax_tree.py", line 771, in tree_name_to_values
    types = imports.infer_import(context, tree_name)
  File "/usr/local/lib/code-server-4.103.2/lib/vscode/extensions/ms-python.python-2025.12.0/python_files/lib/jedilsp/jedi/inference/cache.py", line 44, in wrapper
    rv = function(obj, *args, **kwargs)
  File "/usr/local/lib/code-server-4.103.2/lib/vscode/extensions/ms-python.python-2025.12.0/python_files/lib/jedilsp/jedi/inference/imports.py", line 53, in infer_import
    _prepare_infer_import(module_context, tree_name)
  File "/usr/local/lib/code-server-4.103.2/lib/vscode/extensions/ms-python.python-2025.12.0/python_files/lib/jedilsp/jedi/inference/imports.py", line 116, in _prepare_infer_import
    return from_import_name, tuple(import_path), import_node.level, importer.follow()
  File "/usr/local/lib/code-server-4.103.2/lib/vscode/extensions/ms-python.python-2025.12.0/python_files/lib/jedilsp/jedi/inference/imports.py", line 296, in follow
    return import_module_by_names(
  File "/usr/local/lib/code-server-4.103.2/lib/vscode/extensions/ms-python.python-2025.12.0/python_files/lib/jedilsp/jedi/inference/imports.py", line 376, in import_module_by_names
    value_set = ValueSet.from_sets([
  File "/usr/local/lib/code-server-4.103.2/lib/vscode/extensions/ms-python.python-2025.12.0/python_files/lib/jedilsp/jedi/inference/imports.py", line 377, in <listcomp>
    import_module(
  File "/usr/local/lib/code-server-4.103.2/lib/vscode/extensions/ms-python.python-2025.12.0/python_files/lib/jedilsp/jedi/plugins/__init__.py", line 21, in wrapper
    return built_functions[public_name](*args, **kwargs)
  File "/usr/local/lib/code-server-4.103.2/lib/vscode/extensions/ms-python.python-2025.12.0/python_files/lib/jedilsp/jedi/plugins/flask.py", line 20, in wrapper
    return callback(inference_state, import_names, module_context, *args, **kwargs)
  File "/usr/local/lib/code-server-4.103.2/lib/vscode/extensions/ms-python.python-2025.12.0/python_files/lib/jedilsp/jedi/inference/gradual/typeshed.py", line 115, in wrapper
    python_value_set = ValueSet.from_sets(
  File "/usr/local/lib/code-server-4.103.2/lib/vscode/extensions/ms-python.python-2025.12.0/python_files/lib/jedilsp/jedi/inference/base_value.py", line 430, in from_sets
    for set_ in sets:
  File "/usr/local/lib/code-server-4.103.2/lib/vscode/extensions/ms-python.python-2025.12.0/python_files/lib/jedilsp/jedi/inference/gradual/typeshed.py", line 116, in <genexpr>
    func(inference_state, import_names, p, sys_path,)
  File "/usr/local/lib/code-server-4.103.2/lib/vscode/extensions/ms-python.python-2025.12.0/python_files/lib/jedilsp/jedi/inference/imports.py", line 411, in import_module
    file_io_or_ns, is_pkg = inference_state.compiled_subprocess.get_module_info(
  File "/usr/local/lib/code-server-4.103.2/lib/vscode/extensions/ms-python.python-2025.12.0/python_files/lib/jedilsp/jedi/inference/compiled/subprocess/__init__.py", line 188, in wrapper
    result = self._compiled_subprocess.run(
  File "/usr/local/lib/code-server-4.103.2/lib/vscode/extensions/ms-python.python-2025.12.0/python_files/lib/jedilsp/jedi/inference/compiled/subprocess/__init__.py", line 293, in run
    self._send(delete_id, None)
  File "/usr/local/lib/code-server-4.103.2/lib/vscode/extensions/ms-python.python-2025.12.0/python_files/lib/jedilsp/jedi/inference/compiled/subprocess/__init__.py", line 318, in _send
    is_exception, traceback, result = pickle_load(self._get_process().stdout)
  File "/usr/local/lib/code-server-4.103.2/lib/vscode/extensions/ms-python.python-2025.12.0/python_files/lib/jedilsp/jedi/_compatibility.py", line 25, in pickle_load
    return Unpickler(file).load()
_pickle.UnpicklingError: invalid load key, ' '.

2026-08-15 16:15:23.900 [info] [Error - 4:15:23 PM] Request textDocument/documentSymbol failed.
2026-08-15 16:15:23.900 [info]   Message: _pickle.UnpicklingError: invalid load key, ' '.
  Code: -32603 
[object Object]
2026-08-15 16:15:24.056 [info] semantic_tokens_full file:///voc/work/hello_llm.py 
2026-08-15 16:15:24.057 [info] ERROR:pygls.protocol.json_rpc:Exception occurred for message "32": _pickle.UnpicklingError: invalid load key, ' '.
NoneType: None

2026-08-15 16:15:24.060 [info] [Error - 4:15:24 PM] Request textDocument/semanticTokens/full failed.
2026-08-15 16:15:24.060 [info]   Message: _pickle.UnpicklingError: invalid load key, ' '.
  Code: -32603 
[object Object]
2026-08-15 16:15:24.146 [info] semantic_tokens_range file:///voc/work/hello_llm.py 0:0-20:17
2026-08-15 16:15:24.147 [info] ERROR:pygls.protocol.json_rpc:Exception occurred for message "33": _pickle.UnpicklingError: invalid load key, ' '.
NoneType: None

2026-08-15 16:15:24.150 [info] ERROR:pygls.protocol.json_rpc:Failed to handle request 34 textDocument/documentSymbol DocumentSymbolParams(text_document=TextDocumentIdentifier(uri='file:///voc/work/hello_llm.py'), work_done_token=None, partial_result_token=None)
Traceback (most recent call last):
  File "/usr/local/lib/code-server-4.103.2/lib/vscode/extensions/ms-python.python-2025.12.0/python_files/lib/jedilsp/pygls/protocol/json_rpc.py", line 266, in _handle_request
    self._execute_request(msg_id, handler, params)
  File "/usr/local/lib/code-server-4.103.2/lib/vscode/extensions/ms-python.python-2025.12.0/python_files/lib/jedilsp/pygls/protocol/json_rpc.py", line 188, in _execute_request
    self._send_response(msg_id, handler(params))
  File "/usr/local/lib/code-server-4.103.2/lib/vscode/extensions/ms-python.python-2025.12.0/python_files/lib/jedilsp/jedi_language_server/server.py", line 546, in document_symbol
    document_symbols = jedi_utils.lsp_document_symbols(names)
  File "/usr/local/lib/code-server-4.103.2/lib/vscode/extensions/ms-python.python-2025.12.0/python_files/lib/jedilsp/jedi_language_server/jedi_utils.py", line 225, in lsp_document_symbols
    symbol_range = _document_symbol_range(name)
  File "/usr/local/lib/code-server-4.103.2/lib/vscode/extensions/ms-python.python-2025.12.0/python_files/lib/jedilsp/jedi_language_server/jedi_utils.py", line 204, in _document_symbol_range
    end = name.get_definition_end_position()
  File "/usr/local/lib/code-server-4.103.2/lib/vscode/extensions/ms-python.python-2025.12.0/python_files/lib/jedilsp/jedi/api/classes.py", line 260, in get_definition_end_position
    if self.type in ("function", "class"):
  File "/usr/local/lib/code-server-4.103.2/lib/vscode/extensions/ms-python.python-2025.12.0/python_files/lib/jedilsp/jedi/api/classes.py", line 190, in type
    for value in self._name.infer():
  File "/usr/local/lib/code-server-4.103.2/lib/vscode/extensions/ms-python.python-2025.12.0/python_files/lib/jedilsp/jedi/inference/names.py", line 281, in infer
    return tree_name_to_values(
  File "/usr/local/lib/code-server-4.103.2/lib/vscode/extensions/ms-python.python-2025.12.0/python_files/lib/jedilsp/jedi/plugins/__init__.py", line 21, in wrapper
    return built_functions[public_name](*args, **kwargs)
  File "/usr/local/lib/code-server-4.103.2/lib/vscode/extensions/ms-python.python-2025.12.0/python_files/lib/jedilsp/jedi/plugins/stdlib.py", line 878, in wrapper
    return func(inference_state, context, tree_name)
  File "/usr/local/lib/code-server-4.103.2/lib/vscode/extensions/ms-python.python-2025.12.0/python_files/lib/jedilsp/jedi/plugins/django.py", line 177, in wrapper
    result = func(inference_state, context, tree_name)
  File "/usr/local/lib/code-server-4.103.2/lib/vscode/extensions/ms-python.python-2025.12.0/python_files/lib/jedilsp/jedi/inference/syntax_tree.py", line 771, in tree_name_to_values
    types = imports.infer_import(context, tree_name)
  File "/usr/local/lib/code-server-4.103.2/lib/vscode/extensions/ms-python.python-2025.12.0/python_files/lib/jedilsp/jedi/inference/cache.py", line 44, in wrapper
    rv = function(obj, *args, **kwargs)
  File "/usr/local/lib/code-server-4.103.2/lib/vscode/extensions/ms-python.python-2025.12.0/python_files/lib/jedilsp/jedi/inference/imports.py", line 53, in infer_import
    _prepare_infer_import(module_context, tree_name)
  File "/usr/local/lib/code-server-4.103.2/lib/vscode/extensions/ms-python.python-2025.12.0/python_files/lib/jedilsp/jedi/inference/imports.py", line 116, in _prepare_infer_import
    return from_import_name, tuple(import_path), import_node.level, importer.follow()
  File "/usr/local/lib/code-server-4.103.2/lib/vscode/extensions/ms-python.python-2025.12.0/python_files/lib/jedilsp/jedi/inference/imports.py", line 296, in follow
    return import_module_by_names(
  File "/usr/local/lib/code-server-4.103.2/lib/vscode/extensions/ms-python.python-2025.12.0/python_files/lib/jedilsp/jedi/inference/imports.py", line 376, in import_module_by_names
    value_set = ValueSet.from_sets([
  File "/usr/local/lib/code-server-4.103.2/lib/vscode/extensions/ms-python.python-2025.12.0/python_files/lib/jedilsp/jedi/inference/imports.py", line 377, in <listcomp>
    import_module(
  File "/usr/local/lib/code-server-4.103.2/lib/vscode/extensions/ms-python.python-2025.12.0/python_files/lib/jedilsp/jedi/plugins/__init__.py", line 21, in wrapper
    return built_functions[public_name](*args, **kwargs)
  File "/usr/local/lib/code-server-4.103.2/lib/vscode/extensions/ms-python.python-2025.12.0/python_files/lib/jedilsp/jedi/plugins/flask.py", line 20, in wrapper
    return callback(inference_state, import_names, module_context, *args, **kwargs)
  File "/usr/local/lib/code-server-4.103.2/lib/vscode/extensions/ms-python.python-2025.12.0/python_files/lib/jedilsp/jedi/inference/gradual/typeshed.py", line 115, in wrapper
    python_value_set = ValueSet.from_sets(
  File "/usr/local/lib/code-server-4.103.2/lib/vscode/extensions/ms-python.python-2025.12.0/python_files/lib/jedilsp/jedi/inference/base_value.py", line 430, in from_sets
    for set_ in sets:
  File "/usr/local/lib/code-server-4.103.2/lib/vscode/extensions/ms-python.python-2025.12.0/python_files/lib/jedilsp/jedi/inference/gradual/typeshed.py", line 116, in <genexpr>
    func(inference_state, import_names, p, sys_path,)
  File "/usr/local/lib/code-server-4.103.2/lib/vscode/extensions/ms-python.python-2025.12.0/python_files/lib/jedilsp/jedi/inference/imports.py", line 411, in import_module
    file_io_or_ns, is_pkg = inference_state.compiled_subprocess.get_module_info(
  File "/usr/local/lib/code-server-4.103.2/lib/vscode/extensions/ms-python.python-2025.12.0/python_files/lib/jedilsp/jedi/inference/compiled/subprocess/__init__.py", line 188, in wrapper
    result = self._compiled_subprocess.run(
  File "/usr/local/lib/code-server-4.103.2/lib/vscode/extensions/ms-python.python-2025.12.0/python_files/lib/jedilsp/jedi/inference/compiled/subprocess/__init__.py", line 296, in run
    return self._send(inference_state_id, function, args, kwargs)
  File "/usr/local/lib/code-server-4.103.2/lib/vscode/extensions/ms-python.python-2025.12.0/python_files/lib/jedilsp/jedi/inference/compiled/subprocess/__init__.py", line 318, in _send
    is_exception, traceback, result = pickle_load(self._get_process().stdout)
  File "/usr/local/lib/code-server-4.103.2/lib/vscode/extensions/ms-python.python-2025.12.0/python_files/lib/jedilsp/jedi/_compatibility.py", line 25, in pickle_load
    return Unpickler(file).load()
_pickle.UnpicklingError: invalid load key, ' '.

2026-08-15 16:15:24.150 [info] [Error - 4:15:24 PM] Request textDocument/semanticTokens/range failed.
2026-08-15 16:15:24.150 [info]   Message: _pickle.UnpicklingError: invalid load key, ' '.
  Code: -32603 
[object Object]
2026-08-15 16:15:24.150 [info] [Error - 4:15:24 PM] Request textDocument/documentSymbol failed.
2026-08-15 16:15:24.153 [info]   Message: _pickle.UnpicklingError: invalid load key, ' '.
  Code: -32603 
[object Object]
2026-08-15 16:15:25.130 [info] ERROR:pygls.protocol.json_rpc:Failed to handle request 35 textDocument/codeAction CodeActionParams(text_document=TextDocumentIdentifier(uri='file:///voc/work/sample1.py'), range=0:0-0:0, context=CodeActionContext(diagnostics=[], only=None, trigger_kind=<CodeActionTriggerKind.Automatic: 2>), work_done_token=None, partial_result_token=None)
Traceback (most recent call last):
  File "/usr/local/lib/code-server-4.103.2/lib/vscode/extensions/ms-python.python-2025.12.0/python_files/lib/jedilsp/pygls/protocol/json_rpc.py", line 266, in _handle_request
    self._execute_request(msg_id, handler, params)
  File "/usr/local/lib/code-server-4.103.2/lib/vscode/extensions/ms-python.python-2025.12.0/python_files/lib/jedilsp/pygls/protocol/json_rpc.py", line 188, in _execute_request
    self._send_response(msg_id, handler(params))
  File "/usr/local/lib/code-server-4.103.2/lib/vscode/extensions/ms-python.python-2025.12.0/python_files/lib/jedilsp/jedi_language_server/notebook_utils.py", line 373, in wrapped
    result = f(notebook_server, notebook_params)
  File "/usr/local/lib/code-server-4.103.2/lib/vscode/extensions/ms-python.python-2025.12.0/python_files/lib/jedilsp/jedi_language_server/server.py", line 717, in code_action
    extract_function_refactoring = jedi_script.extract_function(
  File "/usr/local/lib/code-server-4.103.2/lib/vscode/extensions/ms-python.python-2025.12.0/python_files/lib/jedilsp/jedi/api/helpers.py", line 487, in wrapper
    return func(self, line, column, *args, **kwargs)
  File "/usr/local/lib/code-server-4.103.2/lib/vscode/extensions/ms-python.python-2025.12.0/python_files/lib/jedilsp/jedi/api/__init__.py", line 675, in extract_function
    return extract_function(
  File "/usr/local/lib/code-server-4.103.2/lib/vscode/extensions/ms-python.python-2025.12.0/python_files/lib/jedilsp/jedi/api/refactoring/extract.py", line 216, in extract_function
    params, return_variables = list(_find_inputs_and_outputs(module_context, context, nodes))
  File "/usr/local/lib/code-server-4.103.2/lib/vscode/extensions/ms-python.python-2025.12.0/python_files/lib/jedilsp/jedi/api/refactoring/extract.py", line 332, in _find_inputs_and_outputs
    name_definitions = context.goto(name, name.start_pos)
  File "/usr/local/lib/code-server-4.103.2/lib/vscode/extensions/ms-python.python-2025.12.0/python_files/lib/jedilsp/jedi/inference/context.py", line 34, in goto
    names = finder.filter_name(filters, name_or_str)
  File "/usr/local/lib/code-server-4.103.2/lib/vscode/extensions/ms-python.python-2025.12.0/python_files/lib/jedilsp/jedi/inference/finder.py", line 35, in filter_name
    for filter in filters:
  File "/usr/local/lib/code-server-4.103.2/lib/vscode/extensions/ms-python.python-2025.12.0/python_files/lib/jedilsp/jedi/inference/context.py", line 496, in get_global_filters
    b = next(base_context.inference_state.builtins_module.get_filters(), None)
  File "/usr/local/lib/code-server-4.103.2/lib/vscode/extensions/ms-python.python-2025.12.0/python_files/lib/jedilsp/jedi/inference/cache.py", line 44, in wrapper
    rv = function(obj, *args, **kwargs)
  File "/usr/local/lib/code-server-4.103.2/lib/vscode/extensions/ms-python.python-2025.12.0/python_files/lib/jedilsp/jedi/inference/__init__.py", line 129, in builtins_module
    builtins_module, = self.import_module((module_name,), sys_path=[])
  File "/usr/local/lib/code-server-4.103.2/lib/vscode/extensions/ms-python.python-2025.12.0/python_files/lib/jedilsp/jedi/inference/__init__.py", line 112, in import_module
    return imports.import_module_by_names(
  File "/usr/local/lib/code-server-4.103.2/lib/vscode/extensions/ms-python.python-2025.12.0/python_files/lib/jedilsp/jedi/inference/imports.py", line 376, in import_module_by_names
    value_set = ValueSet.from_sets([
  File "/usr/local/lib/code-server-4.103.2/lib/vscode/extensions/ms-python.python-2025.12.0/python_files/lib/jedilsp/jedi/inference/imports.py", line 377, in <listcomp>
    import_module(
  File "/usr/local/lib/code-server-4.103.2/lib/vscode/extensions/ms-python.python-2025.12.0/python_files/lib/jedilsp/jedi/plugins/__init__.py", line 21, in wrapper
    return built_functions[public_name](*args, **kwargs)
  File "/usr/local/lib/code-server-4.103.2/lib/vscode/extensions/ms-python.python-2025.12.0/python_files/lib/jedilsp/jedi/plugins/flask.py", line 20, in wrapper
    return callback(inference_state, import_names, module_context, *args, **kwargs)
  File "/usr/local/lib/code-server-4.103.2/lib/vscode/extensions/ms-python.python-2025.12.0/python_files/lib/jedilsp/jedi/inference/gradual/typeshed.py", line 115, in wrapper
    python_value_set = ValueSet.from_sets(
  File "/usr/local/lib/code-server-4.103.2/lib/vscode/extensions/ms-python.python-2025.12.0/python_files/lib/jedilsp/jedi/inference/base_value.py", line 430, in from_sets
    for set_ in sets:
  File "/usr/local/lib/code-server-4.103.2/lib/vscode/extensions/ms-python.python-2025.12.0/python_files/lib/jedilsp/jedi/inference/gradual/typeshed.py", line 116, in <genexpr>
    func(inference_state, import_names, p, sys_path,)
  File "/usr/local/lib/code-server-4.103.2/lib/vscode/extensions/ms-python.python-2025.12.0/python_files/lib/jedilsp/jedi/inference/imports.py", line 411, in import_module
    file_io_or_ns, is_pkg = inference_state.compiled_subprocess.get_module_info(
  File "/usr/local/lib/code-server-4.103.2/lib/vscode/extensions/ms-python.python-2025.12.0/python_files/lib/jedilsp/jedi/inference/compiled/subprocess/__init__.py", line 188, in wrapper
    result = self._compiled_subprocess.run(
  File "/usr/local/lib/code-server-4.103.2/lib/vscode/extensions/ms-python.python-2025.12.0/python_files/lib/jedilsp/jedi/inference/compiled/subprocess/__init__.py", line 296, in run
    return self._send(inference_state_id, function, args, kwargs)
  File "/usr/local/lib/code-server-4.103.2/lib/vscode/extensions/ms-python.python-2025.12.0/python_files/lib/jedilsp/jedi/inference/compiled/subprocess/__init__.py", line 318, in _send
    is_exception, traceback, result = pickle_load(self._get_process().stdout)
  File "/usr/local/lib/code-server-4.103.2/lib/vscode/extensions/ms-python.python-2025.12.0/python_files/lib/jedilsp/jedi/_compatibility.py", line 25, in pickle_load
    return Unpickler(file).load()
_pickle.UnpicklingError: invalid load key, ' '.

2026-08-15 16:15:25.130 [info] [Error - 4:15:25 PM] Request textDocument/codeAction failed.
2026-08-15 16:15:25.133 [info]   Message: _pickle.UnpicklingError: invalid load key, ' '.
  Code: -32603 
[object Object]
2026-08-15 16:15:25.169 [info] semantic_tokens_full file:///voc/work/sample1.py 
2026-08-15 16:15:25.170 [info] ERROR:pygls.protocol.json_rpc:Exception occurred for message "37": _pickle.UnpicklingError: invalid load key, ' '.
NoneType: None

2026-08-15 16:15:25.185 [info] [Error - 4:15:25 PM] Request textDocument/semanticTokens/full failed.
2026-08-15 16:15:25.185 [info]   Message: _pickle.UnpicklingError: invalid load key, ' '.
  Code: -32603 
[object Object]
2026-08-15 16:15:25.378 [info] semantic_tokens_range file:///voc/work/sample1.py 0:0-4:28
2026-08-15 16:15:25.380 [info] ERROR:pygls.protocol.json_rpc:Exception occurred for message "38": _pickle.UnpicklingError: invalid load key, ' '.
NoneType: None

2026-08-15 16:15:25.386 [info] [Error - 4:15:25 PM] Request textDocument/semanticTokens/range failed.
2026-08-15 16:15:25.386 [info]   Message: _pickle.UnpicklingError: invalid load key, ' '.
  Code: -32603 
[object Object]
2026-08-15 16:15:47.972 [info] ERROR:pygls.protocol.json_rpc:Failed to handle request 40 textDocument/codeAction CodeActionParams(text_document=TextDocumentIdentifier(uri='file:///voc/work/sample2.py'), range=0:0-0:0, context=CodeActionContext(diagnostics=[], only=None, trigger_kind=<CodeActionTriggerKind.Automatic: 2>), work_done_token=None, partial_result_token=None)
Traceback (most recent call last):
  File "/usr/local/lib/code-server-4.103.2/lib/vscode/extensions/ms-python.python-2025.12.0/python_files/lib/jedilsp/pygls/protocol/json_rpc.py", line 266, in _handle_request
    self._execute_request(msg_id, handler, params)
  File "/usr/local/lib/code-server-4.103.2/lib/vscode/extensions/ms-python.python-2025.12.0/python_files/lib/jedilsp/pygls/protocol/json_rpc.py", line 188, in _execute_request
    self._send_response(msg_id, handler(params))
  File "/usr/local/lib/code-server-4.103.2/lib/vscode/extensions/ms-python.python-2025.12.0/python_files/lib/jedilsp/jedi_language_server/notebook_utils.py", line 373, in wrapped
    result = f(notebook_server, notebook_params)
  File "/usr/local/lib/code-server-4.103.2/lib/vscode/extensions/ms-python.python-2025.12.0/python_files/lib/jedilsp/jedi_language_server/server.py", line 717, in code_action
    extract_function_refactoring = jedi_script.extract_function(
  File "/usr/local/lib/code-server-4.103.2/lib/vscode/extensions/ms-python.python-2025.12.0/python_files/lib/jedilsp/jedi/api/helpers.py", line 487, in wrapper
    return func(self, line, column, *args, **kwargs)
  File "/usr/local/lib/code-server-4.103.2/lib/vscode/extensions/ms-python.python-2025.12.0/python_files/lib/jedilsp/jedi/api/__init__.py", line 675, in extract_function
    return extract_function(
  File "/usr/local/lib/code-server-4.103.2/lib/vscode/extensions/ms-python.python-2025.12.0/python_files/lib/jedilsp/jedi/api/refactoring/extract.py", line 216, in extract_function
    params, return_variables = list(_find_inputs_and_outputs(module_context, context, nodes))
  File "/usr/local/lib/code-server-4.103.2/lib/vscode/extensions/ms-python.python-2025.12.0/python_files/lib/jedilsp/jedi/api/refactoring/extract.py", line 332, in _find_inputs_and_outputs
    name_definitions = context.goto(name, name.start_pos)
  File "/usr/local/lib/code-server-4.103.2/lib/vscode/extensions/ms-python.python-2025.12.0/python_files/lib/jedilsp/jedi/inference/context.py", line 34, in goto
    names = finder.filter_name(filters, name_or_str)
  File "/usr/local/lib/code-server-4.103.2/lib/vscode/extensions/ms-python.python-2025.12.0/python_files/lib/jedilsp/jedi/inference/finder.py", line 35, in filter_name
    for filter in filters:
  File "/usr/local/lib/code-server-4.103.2/lib/vscode/extensions/ms-python.python-2025.12.0/python_files/lib/jedilsp/jedi/inference/context.py", line 496, in get_global_filters
    b = next(base_context.inference_state.builtins_module.get_filters(), None)
  File "/usr/local/lib/code-server-4.103.2/lib/vscode/extensions/ms-python.python-2025.12.0/python_files/lib/jedilsp/jedi/inference/cache.py", line 44, in wrapper
    rv = function(obj, *args, **kwargs)
  File "/usr/local/lib/code-server-4.103.2/lib/vscode/extensions/ms-python.python-2025.12.0/python_files/lib/jedilsp/jedi/inference/__init__.py", line 129, in builtins_module
    builtins_module, = self.import_module((module_name,), sys_path=[])
  File "/usr/local/lib/code-server-4.103.2/lib/vscode/extensions/ms-python.python-2025.12.0/python_files/lib/jedilsp/jedi/inference/__init__.py", line 112, in import_module
    return imports.import_module_by_names(
  File "/usr/local/lib/code-server-4.103.2/lib/vscode/extensions/ms-python.python-2025.12.0/python_files/lib/jedilsp/jedi/inference/imports.py", line 376, in import_module_by_names
    value_set = ValueSet.from_sets([
  File "/usr/local/lib/code-server-4.103.2/lib/vscode/extensions/ms-python.python-2025.12.0/python_files/lib/jedilsp/jedi/inference/imports.py", line 377, in <listcomp>
    import_module(
  File "/usr/local/lib/code-server-4.103.2/lib/vscode/extensions/ms-python.python-2025.12.0/python_files/lib/jedilsp/jedi/plugins/__init__.py", line 21, in wrapper
    return built_functions[public_name](*args, **kwargs)
  File "/usr/local/lib/code-server-4.103.2/lib/vscode/extensions/ms-python.python-2025.12.0/python_files/lib/jedilsp/jedi/plugins/flask.py", line 20, in wrapper
    return callback(inference_state, import_names, module_context, *args, **kwargs)
  File "/usr/local/lib/code-server-4.103.2/lib/vscode/extensions/ms-python.python-2025.12.0/python_files/lib/jedilsp/jedi/inference/gradual/typeshed.py", line 115, in wrapper
    python_value_set = ValueSet.from_sets(
  File "/usr/local/lib/code-server-4.103.2/lib/vscode/extensions/ms-python.python-2025.12.0/python_files/lib/jedilsp/jedi/inference/base_value.py", line 430, in from_sets
    for set_ in sets:
  File "/usr/local/lib/code-server-4.103.2/lib/vscode/extensions/ms-python.python-2025.12.0/python_files/lib/jedilsp/jedi/inference/gradual/typeshed.py", line 116, in <genexpr>
    func(inference_state, import_names, p, sys_path,)
  File "/usr/local/lib/code-server-4.103.2/lib/vscode/extensions/ms-python.python-2025.12.0/python_files/lib/jedilsp/jedi/inference/imports.py", line 411, in import_module
    file_io_or_ns, is_pkg = inference_state.compiled_subprocess.get_module_info(
  File "/usr/local/lib/code-server-4.103.2/lib/vscode/extensions/ms-python.python-2025.12.0/python_files/lib/jedilsp/jedi/inference/compiled/subprocess/__init__.py", line 188, in wrapper
    result = self._compiled_subprocess.run(
  File "/usr/local/lib/code-server-4.103.2/lib/vscode/extensions/ms-python.python-2025.12.0/python_files/lib/jedilsp/jedi/inference/compiled/subprocess/__init__.py", line 293, in run
    self._send(delete_id, None)
  File "/usr/local/lib/code-server-4.103.2/lib/vscode/extensions/ms-python.python-2025.12.0/python_files/lib/jedilsp/jedi/inference/compiled/subprocess/__init__.py", line 318, in _send
    is_exception, traceback, result = pickle_load(self._get_process().stdout)
  File "/usr/local/lib/code-server-4.103.2/lib/vscode/extensions/ms-python.python-2025.12.0/python_files/lib/jedilsp/jedi/_compatibility.py", line 25, in pickle_load
    return Unpickler(file).load()
_pickle.UnpicklingError: invalid load key, ' '.

2026-08-15 16:15:47.973 [info] [Error - 4:15:47 PM] Request textDocument/codeAction failed.
2026-08-15 16:15:47.980 [info]   Message: _pickle.UnpicklingError: invalid load key, ' '.
  Code: -32603 
[object Object]
2026-08-15 16:15:47.980 [info] ERROR:pygls.protocol.json_rpc:Failed to handle request 41 textDocument/documentSymbol DocumentSymbolParams(text_document=TextDocumentIdentifier(uri='file:///voc/work/sample2.py'), work_done_token=None, partial_result_token=None)
Traceback (most recent call last):
  File "/usr/local/lib/code-server-4.103.2/lib/vscode/extensions/ms-python.python-2025.12.0/python_files/lib/jedilsp/pygls/protocol/json_rpc.py", line 266, in _handle_request
    self._execute_request(msg_id, handler, params)
  File "/usr/local/lib/code-server-4.103.2/lib/vscode/extensions/ms-python.python-2025.12.0/python_files/lib/jedilsp/pygls/protocol/json_rpc.py", line 188, in _execute_request
    self._send_response(msg_id, handler(params))
  File "/usr/local/lib/code-server-4.103.2/lib/vscode/extensions/ms-python.python-2025.12.0/python_files/lib/jedilsp/jedi_language_server/server.py", line 546, in document_symbol
    document_symbols = jedi_utils.lsp_document_symbols(names)
  File "/usr/local/lib/code-server-4.103.2/lib/vscode/extensions/ms-python.python-2025.12.0/python_files/lib/jedilsp/jedi_language_server/jedi_utils.py", line 225, in lsp_document_symbols
    symbol_range = _document_symbol_range(name)
  File "/usr/local/lib/code-server-4.103.2/lib/vscode/extensions/ms-python.python-2025.12.0/python_files/lib/jedilsp/jedi_language_server/jedi_utils.py", line 204, in _document_symbol_range
    end = name.get_definition_end_position()
  File "/usr/local/lib/code-server-4.103.2/lib/vscode/extensions/ms-python.python-2025.12.0/python_files/lib/jedilsp/jedi/api/classes.py", line 260, in get_definition_end_position
    if self.type in ("function", "class"):
  File "/usr/local/lib/code-server-4.103.2/lib/vscode/extensions/ms-python.python-2025.12.0/python_files/lib/jedilsp/jedi/api/classes.py", line 190, in type
    for value in self._name.infer():
  File "/usr/local/lib/code-server-4.103.2/lib/vscode/extensions/ms-python.python-2025.12.0/python_files/lib/jedilsp/jedi/inference/names.py", line 281, in infer
    return tree_name_to_values(
  File "/usr/local/lib/code-server-4.103.2/lib/vscode/extensions/ms-python.python-2025.12.0/python_files/lib/jedilsp/jedi/plugins/__init__.py", line 21, in wrapper
    return built_functions[public_name](*args, **kwargs)
  File "/usr/local/lib/code-server-4.103.2/lib/vscode/extensions/ms-python.python-2025.12.0/python_files/lib/jedilsp/jedi/plugins/stdlib.py", line 878, in wrapper
    return func(inference_state, context, tree_name)
  File "/usr/local/lib/code-server-4.103.2/lib/vscode/extensions/ms-python.python-2025.12.0/python_files/lib/jedilsp/jedi/plugins/django.py", line 177, in wrapper
    result = func(inference_state, context, tree_name)
  File "/usr/local/lib/code-server-4.103.2/lib/vscode/extensions/ms-python.python-2025.12.0/python_files/lib/jedilsp/jedi/inference/syntax_tree.py", line 771, in tree_name_to_values
    types = imports.infer_import(context, tree_name)
  File "/usr/local/lib/code-server-4.103.2/lib/vscode/extensions/ms-python.python-2025.12.0/python_files/lib/jedilsp/jedi/inference/cache.py", line 44, in wrapper
    rv = function(obj, *args, **kwargs)
  File "/usr/local/lib/code-server-4.103.2/lib/vscode/extensions/ms-python.python-2025.12.0/python_files/lib/jedilsp/jedi/inference/imports.py", line 53, in infer_import
    _prepare_infer_import(module_context, tree_name)
  File "/usr/local/lib/code-server-4.103.2/lib/vscode/extensions/ms-python.python-2025.12.0/python_files/lib/jedilsp/jedi/inference/imports.py", line 116, in _prepare_infer_import
    return from_import_name, tuple(import_path), import_node.level, importer.follow()
  File "/usr/local/lib/code-server-4.103.2/lib/vscode/extensions/ms-python.python-2025.12.0/python_files/lib/jedilsp/jedi/inference/imports.py", line 296, in follow
    return import_module_by_names(
  File "/usr/local/lib/code-server-4.103.2/lib/vscode/extensions/ms-python.python-2025.12.0/python_files/lib/jedilsp/jedi/inference/imports.py", line 376, in import_module_by_names
    value_set = ValueSet.from_sets([
  File "/usr/local/lib/code-server-4.103.2/lib/vscode/extensions/ms-python.python-2025.12.0/python_files/lib/jedilsp/jedi/inference/imports.py", line 377, in <listcomp>
    import_module(
  File "/usr/local/lib/code-server-4.103.2/lib/vscode/extensions/ms-python.python-2025.12.0/python_files/lib/jedilsp/jedi/plugins/__init__.py", line 21, in wrapper
    return built_functions[public_name](*args, **kwargs)
  File "/usr/local/lib/code-server-4.103.2/lib/vscode/extensions/ms-python.python-2025.12.0/python_files/lib/jedilsp/jedi/plugins/flask.py", line 20, in wrapper
    return callback(inference_state, import_names, module_context, *args, **kwargs)
  File "/usr/local/lib/code-server-4.103.2/lib/vscode/extensions/ms-python.python-2025.12.0/python_files/lib/jedilsp/jedi/inference/gradual/typeshed.py", line 115, in wrapper
    python_value_set = ValueSet.from_sets(
  File "/usr/local/lib/code-server-4.103.2/lib/vscode/extensions/ms-python.python-2025.12.0/python_files/lib/jedilsp/jedi/inference/base_value.py", line 430, in from_sets
    for set_ in sets:
  File "/usr/local/lib/code-server-4.103.2/lib/vscode/extensions/ms-python.python-2025.12.0/python_files/lib/jedilsp/jedi/inference/gradual/typeshed.py", line 116, in <genexpr>
    func(inference_state, import_names, p, sys_path,)
  File "/usr/local/lib/code-server-4.103.2/lib/vscode/extensions/ms-python.python-2025.12.0/python_files/lib/jedilsp/jedi/inference/imports.py", line 411, in import_module
    file_io_or_ns, is_pkg = inference_state.compiled_subprocess.get_module_info(
  File "/usr/local/lib/code-server-4.103.2/lib/vscode/extensions/ms-python.python-2025.12.0/python_files/lib/jedilsp/jedi/inference/compiled/subprocess/__init__.py", line 188, in wrapper
    result = self._compiled_subprocess.run(
  File "/usr/local/lib/code-server-4.103.2/lib/vscode/extensions/ms-python.python-2025.12.0/python_files/lib/jedilsp/jedi/inference/compiled/subprocess/__init__.py", line 293, in run
    self._send(delete_id, None)
  File "/usr/local/lib/code-server-4.103.2/lib/vscode/extensions/ms-python.python-2025.12.0/python_files/lib/jedilsp/jedi/inference/compiled/subprocess/__init__.py", line 318, in _send
    is_exception, traceback, result = pickle_load(self._get_process().stdout)
  File "/usr/local/lib/code-server-4.103.2/lib/vscode/extensions/ms-python.python-2025.12.0/python_files/lib/jedilsp/jedi/_compatibility.py", line 25, in pickle_load
    return Unpickler(file).load()
_pickle.UnpicklingError: invalid load key, ' '.

2026-08-15 16:15:47.980 [info] [Error - 4:15:47 PM] Request textDocument/documentSymbol failed.
2026-08-15 16:15:47.981 [info]   Message: _pickle.UnpicklingError: invalid load key, ' '.
  Code: -32603 
[object Object]
2026-08-15 16:15:47.989 [info] semantic_tokens_full file:///voc/work/sample2.py 
2026-08-15 16:15:47.989 [info] ERROR:pygls.protocol.json_rpc:Exception occurred for message "42": _pickle.UnpicklingError: invalid load key, ' '.
NoneType: None

2026-08-15 16:15:47.990 [info] [Error - 4:15:47 PM] Request textDocument/semanticTokens/full failed.
2026-08-15 16:15:47.990 [info]   Message: _pickle.UnpicklingError: invalid load key, ' '.
  Code: -32603 
[object Object]
2026-08-15 16:15:48.212 [info] semantic_tokens_range file:///voc/work/sample2.py 0:0-5:15
2026-08-15 16:15:48.213 [info] ERROR:pygls.protocol.json_rpc:Exception occurred for message "43": _pickle.UnpicklingError: invalid load key, ' '.
NoneType: None

2026-08-15 16:15:48.220 [info] [Error - 4:15:48 PM] Request textDocument/semanticTokens/range failed.
2026-08-15 16:15:48.220 [info]   Message: _pickle.UnpicklingError: invalid load key, ' '.
  Code: -32603 
[object Object]
2026-08-15 16:15:48.309 [info] ERROR:pygls.protocol.json_rpc:Failed to handle request 44 textDocument/documentSymbol DocumentSymbolParams(text_document=TextDocumentIdentifier(uri='file:///voc/work/sample2.py'), work_done_token=None, partial_result_token=None)
Traceback (most recent call last):
  File "/usr/local/lib/code-server-4.103.2/lib/vscode/extensions/ms-python.python-2025.12.0/python_files/lib/jedilsp/pygls/protocol/json_rpc.py", line 266, in _handle_request
    self._execute_request(msg_id, handler, params)
  File "/usr/local/lib/code-server-4.103.2/lib/vscode/extensions/ms-python.python-2025.12.0/python_files/lib/jedilsp/pygls/protocol/json_rpc.py", line 188, in _execute_request
    self._send_response(msg_id, handler(params))
  File "/usr/local/lib/code-server-4.103.2/lib/vscode/extensions/ms-python.python-2025.12.0/python_files/lib/jedilsp/jedi_language_server/server.py", line 546, in document_symbol
    document_symbols = jedi_utils.lsp_document_symbols(names)
  File "/usr/local/lib/code-server-4.103.2/lib/vscode/extensions/ms-python.python-2025.12.0/python_files/lib/jedilsp/jedi_language_server/jedi_utils.py", line 225, in lsp_document_symbols
    symbol_range = _document_symbol_range(name)
  File "/usr/local/lib/code-server-4.103.2/lib/vscode/extensions/ms-python.python-2025.12.0/python_files/lib/jedilsp/jedi_language_server/jedi_utils.py", line 204, in _document_symbol_range
    end = name.get_definition_end_position()
  File "/usr/local/lib/code-server-4.103.2/lib/vscode/extensions/ms-python.python-2025.12.0/python_files/lib/jedilsp/jedi/api/classes.py", line 260, in get_definition_end_position
    if self.type in ("function", "class"):
  File "/usr/local/lib/code-server-4.103.2/lib/vscode/extensions/ms-python.python-2025.12.0/python_files/lib/jedilsp/jedi/api/classes.py", line 190, in type
    for value in self._name.infer():
  File "/usr/local/lib/code-server-4.103.2/lib/vscode/extensions/ms-python.python-2025.12.0/python_files/lib/jedilsp/jedi/inference/names.py", line 281, in infer
    return tree_name_to_values(
  File "/usr/local/lib/code-server-4.103.2/lib/vscode/extensions/ms-python.python-2025.12.0/python_files/lib/jedilsp/jedi/plugins/__init__.py", line 21, in wrapper
    return built_functions[public_name](*args, **kwargs)
  File "/usr/local/lib/code-server-4.103.2/lib/vscode/extensions/ms-python.python-2025.12.0/python_files/lib/jedilsp/jedi/plugins/stdlib.py", line 878, in wrapper
    return func(inference_state, context, tree_name)
  File "/usr/local/lib/code-server-4.103.2/lib/vscode/extensions/ms-python.python-2025.12.0/python_files/lib/jedilsp/jedi/plugins/django.py", line 177, in wrapper
    result = func(inference_state, context, tree_name)
  File "/usr/local/lib/code-server-4.103.2/lib/vscode/extensions/ms-python.python-2025.12.0/python_files/lib/jedilsp/jedi/inference/syntax_tree.py", line 771, in tree_name_to_values
    types = imports.infer_import(context, tree_name)
  File "/usr/local/lib/code-server-4.103.2/lib/vscode/extensions/ms-python.python-2025.12.0/python_files/lib/jedilsp/jedi/inference/cache.py", line 44, in wrapper
    rv = function(obj, *args, **kwargs)
  File "/usr/local/lib/code-server-4.103.2/lib/vscode/extensions/ms-python.python-2025.12.0/python_files/lib/jedilsp/jedi/inference/imports.py", line 53, in infer_import
    _prepare_infer_import(module_context, tree_name)
  File "/usr/local/lib/code-server-4.103.2/lib/vscode/extensions/ms-python.python-2025.12.0/python_files/lib/jedilsp/jedi/inference/imports.py", line 116, in _prepare_infer_import
    return from_import_name, tuple(import_path), import_node.level, importer.follow()
  File "/usr/local/lib/code-server-4.103.2/lib/vscode/extensions/ms-python.python-2025.12.0/python_files/lib/jedilsp/jedi/inference/imports.py", line 296, in follow
    return import_module_by_names(
  File "/usr/local/lib/code-server-4.103.2/lib/vscode/extensions/ms-python.python-2025.12.0/python_files/lib/jedilsp/jedi/inference/imports.py", line 376, in import_module_by_names
    value_set = ValueSet.from_sets([
  File "/usr/local/lib/code-server-4.103.2/lib/vscode/extensions/ms-python.python-2025.12.0/python_files/lib/jedilsp/jedi/inference/imports.py", line 377, in <listcomp>
    import_module(
  File "/usr/local/lib/code-server-4.103.2/lib/vscode/extensions/ms-python.python-2025.12.0/python_files/lib/jedilsp/jedi/plugins/__init__.py", line 21, in wrapper
    return built_functions[public_name](*args, **kwargs)
  File "/usr/local/lib/code-server-4.103.2/lib/vscode/extensions/ms-python.python-2025.12.0/python_files/lib/jedilsp/jedi/plugins/flask.py", line 20, in wrapper
    return callback(inference_state, import_names, module_context, *args, **kwargs)
  File "/usr/local/lib/code-server-4.103.2/lib/vscode/extensions/ms-python.python-2025.12.0/python_files/lib/jedilsp/jedi/inference/gradual/typeshed.py", line 115, in wrapper
    python_value_set = ValueSet.from_sets(
  File "/usr/local/lib/code-server-4.103.2/lib/vscode/extensions/ms-python.python-2025.12.0/python_files/lib/jedilsp/jedi/inference/base_value.py", line 430, in from_sets
    for set_ in sets:
  File "/usr/local/lib/code-server-4.103.2/lib/vscode/extensions/ms-python.python-2025.12.0/python_files/lib/jedilsp/jedi/inference/gradual/typeshed.py", line 116, in <genexpr>
    func(inference_state, import_names, p, sys_path,)
  File "/usr/local/lib/code-server-4.103.2/lib/vscode/extensions/ms-python.python-2025.12.0/python_files/lib/jedilsp/jedi/inference/imports.py", line 411, in import_module
    file_io_or_ns, is_pkg = inference_state.compiled_subprocess.get_module_info(
  File "/usr/local/lib/code-server-4.103.2/lib/vscode/extensions/ms-python.python-2025.12.0/python_files/lib/jedilsp/jedi/inference/compiled/subprocess/__init__.py", line 188, in wrapper
    result = self._compiled_subprocess.run(
  File "/usr/local/lib/code-server-4.103.2/lib/vscode/extensions/ms-python.python-2025.12.0/python_files/lib/jedilsp/jedi/inference/compiled/subprocess/__init__.py", line 296, in run
    return self._send(inference_state_id, function, args, kwargs)
  File "/usr/local/lib/code-server-4.103.2/lib/vscode/extensions/ms-python.python-2025.12.0/python_files/lib/jedilsp/jedi/inference/compiled/subprocess/__init__.py", line 318, in _send
    is_exception, traceback, result = pickle_load(self._get_process().stdout)
  File "/usr/local/lib/code-server-4.103.2/lib/vscode/extensions/ms-python.python-2025.12.0/python_files/lib/jedilsp/jedi/_compatibility.py", line 25, in pickle_load
    return Unpickler(file).load()
_pickle.UnpicklingError: invalid load key, ' '.

2026-08-15 16:15:48.309 [info] [Error - 4:15:48 PM] Request textDocument/documentSymbol failed.
2026-08-15 16:15:48.316 [info]   Message: _pickle.UnpicklingError: invalid load key, ' '.
  Code: -32603 
[object Object]
2026-08-15 16:15:49.350 [info] ERROR:pygls.protocol.json_rpc:Failed to handle request 46 textDocument/documentSymbol DocumentSymbolParams(text_document=TextDocumentIdentifier(uri='file:///voc/work/hello_llm.py'), work_done_token=None, partial_result_token=None)
Traceback (most recent call last):
  File "/usr/local/lib/code-server-4.103.2/lib/vscode/extensions/ms-python.python-2025.12.0/python_files/lib/jedilsp/pygls/protocol/json_rpc.py", line 266, in _handle_request
    self._execute_request(msg_id, handler, params)
  File "/usr/local/lib/code-server-4.103.2/lib/vscode/extensions/ms-python.python-2025.12.0/python_files/lib/jedilsp/pygls/protocol/json_rpc.py", line 188, in _execute_request
    self._send_response(msg_id, handler(params))
  File "/usr/local/lib/code-server-4.103.2/lib/vscode/extensions/ms-python.python-2025.12.0/python_files/lib/jedilsp/jedi_language_server/server.py", line 546, in document_symbol
    document_symbols = jedi_utils.lsp_document_symbols(names)
  File "/usr/local/lib/code-server-4.103.2/lib/vscode/extensions/ms-python.python-2025.12.0/python_files/lib/jedilsp/jedi_language_server/jedi_utils.py", line 225, in lsp_document_symbols
    symbol_range = _document_symbol_range(name)
  File "/usr/local/lib/code-server-4.103.2/lib/vscode/extensions/ms-python.python-2025.12.0/python_files/lib/jedilsp/jedi_language_server/jedi_utils.py", line 204, in _document_symbol_range
    end = name.get_definition_end_position()
  File "/usr/local/lib/code-server-4.103.2/lib/vscode/extensions/ms-python.python-2025.12.0/python_files/lib/jedilsp/jedi/api/classes.py", line 260, in get_definition_end_position
    if self.type in ("function", "class"):
  File "/usr/local/lib/code-server-4.103.2/lib/vscode/extensions/ms-python.python-2025.12.0/python_files/lib/jedilsp/jedi/api/classes.py", line 190, in type
    for value in self._name.infer():
  File "/usr/local/lib/code-server-4.103.2/lib/vscode/extensions/ms-python.python-2025.12.0/python_files/lib/jedilsp/jedi/inference/names.py", line 281, in infer
    return tree_name_to_values(
  File "/usr/local/lib/code-server-4.103.2/lib/vscode/extensions/ms-python.python-2025.12.0/python_files/lib/jedilsp/jedi/plugins/__init__.py", line 21, in wrapper
    return built_functions[public_name](*args, **kwargs)
  File "/usr/local/lib/code-server-4.103.2/lib/vscode/extensions/ms-python.python-2025.12.0/python_files/lib/jedilsp/jedi/plugins/stdlib.py", line 878, in wrapper
    return func(inference_state, context, tree_name)
  File "/usr/local/lib/code-server-4.103.2/lib/vscode/extensions/ms-python.python-2025.12.0/python_files/lib/jedilsp/jedi/plugins/django.py", line 177, in wrapper
    result = func(inference_state, context, tree_name)
  File "/usr/local/lib/code-server-4.103.2/lib/vscode/extensions/ms-python.python-2025.12.0/python_files/lib/jedilsp/jedi/inference/syntax_tree.py", line 771, in tree_name_to_values
    types = imports.infer_import(context, tree_name)
  File "/usr/local/lib/code-server-4.103.2/lib/vscode/extensions/ms-python.python-2025.12.0/python_files/lib/jedilsp/jedi/inference/cache.py", line 44, in wrapper
    rv = function(obj, *args, **kwargs)
  File "/usr/local/lib/code-server-4.103.2/lib/vscode/extensions/ms-python.python-2025.12.0/python_files/lib/jedilsp/jedi/inference/imports.py", line 53, in infer_import
    _prepare_infer_import(module_context, tree_name)
  File "/usr/local/lib/code-server-4.103.2/lib/vscode/extensions/ms-python.python-2025.12.0/python_files/lib/jedilsp/jedi/inference/imports.py", line 116, in _prepare_infer_import
    return from_import_name, tuple(import_path), import_node.level, importer.follow()
  File "/usr/local/lib/code-server-4.103.2/lib/vscode/extensions/ms-python.python-2025.12.0/python_files/lib/jedilsp/jedi/inference/imports.py", line 296, in follow
    return import_module_by_names(
  File "/usr/local/lib/code-server-4.103.2/lib/vscode/extensions/ms-python.python-2025.12.0/python_files/lib/jedilsp/jedi/inference/imports.py", line 376, in import_module_by_names
    value_set = ValueSet.from_sets([
  File "/usr/local/lib/code-server-4.103.2/lib/vscode/extensions/ms-python.python-2025.12.0/python_files/lib/jedilsp/jedi/inference/imports.py", line 377, in <listcomp>
    import_module(
  File "/usr/local/lib/code-server-4.103.2/lib/vscode/extensions/ms-python.python-2025.12.0/python_files/lib/jedilsp/jedi/plugins/__init__.py", line 21, in wrapper
    return built_functions[public_name](*args, **kwargs)
  File "/usr/local/lib/code-server-4.103.2/lib/vscode/extensions/ms-python.python-2025.12.0/python_files/lib/jedilsp/jedi/plugins/flask.py", line 20, in wrapper
    return callback(inference_state, import_names, module_context, *args, **kwargs)
  File "/usr/local/lib/code-server-4.103.2/lib/vscode/extensions/ms-python.python-2025.12.0/python_files/lib/jedilsp/jedi/inference/gradual/typeshed.py", line 115, in wrapper
    python_value_set = ValueSet.from_sets(
  File "/usr/local/lib/code-server-4.103.2/lib/vscode/extensions/ms-python.python-2025.12.0/python_files/lib/jedilsp/jedi/inference/base_value.py", line 430, in from_sets
    for set_ in sets:
  File "/usr/local/lib/code-server-4.103.2/lib/vscode/extensions/ms-python.python-2025.12.0/python_files/lib/jedilsp/jedi/inference/gradual/typeshed.py", line 116, in <genexpr>
    func(inference_state, import_names, p, sys_path,)
  File "/usr/local/lib/code-server-4.103.2/lib/vscode/extensions/ms-python.python-2025.12.0/python_files/lib/jedilsp/jedi/inference/imports.py", line 411, in import_module
    file_io_or_ns, is_pkg = inference_state.compiled_subprocess.get_module_info(
  File "/usr/local/lib/code-server-4.103.2/lib/vscode/extensions/ms-python.python-2025.12.0/python_files/lib/jedilsp/jedi/inference/compiled/subprocess/__init__.py", line 188, in wrapper
    result = self._compiled_subprocess.run(
  File "/usr/local/lib/code-server-4.103.2/lib/vscode/extensions/ms-python.python-2025.12.0/python_files/lib/jedilsp/jedi/inference/compiled/subprocess/__init__.py", line 293, in run
    self._send(delete_id, None)
  File "/usr/local/lib/code-server-4.103.2/lib/vscode/extensions/ms-python.python-2025.12.0/python_files/lib/jedilsp/jedi/inference/compiled/subprocess/__init__.py", line 318, in _send
    is_exception, traceback, result = pickle_load(self._get_process().stdout)
  File "/usr/local/lib/code-server-4.103.2/lib/vscode/extensions/ms-python.python-2025.12.0/python_files/lib/jedilsp/jedi/_compatibility.py", line 25, in pickle_load
    return Unpickler(file).load()
_pickle.UnpicklingError: invalid load key, ' '.

2026-08-15 16:15:49.350 [info] [Error - 4:15:49 PM] Request textDocument/documentSymbol failed.
2026-08-15 16:15:49.356 [info]   Message: _pickle.UnpicklingError: invalid load key, ' '.
  Code: -32603 
[object Object]
2026-08-15 16:15:49.385 [info] semantic_tokens_full file:///voc/work/hello_llm.py 
2026-08-15 16:15:49.386 [info] ERROR:pygls.protocol.json_rpc:Exception occurred for message "47": _pickle.UnpicklingError: invalid load key, ' '.
NoneType: None

2026-08-15 16:15:49.392 [info] [Error - 4:15:49 PM] Request textDocument/semanticTokens/full failed.
2026-08-15 16:15:49.392 [info]   Message: _pickle.UnpicklingError: invalid load key, ' '.
  Code: -32603 
[object Object]
2026-08-15 16:15:49.607 [info] semantic_tokens_range file:///voc/work/hello_llm.py 0:0-20:17
2026-08-15 16:15:49.608 [info] ERROR:pygls.protocol.json_rpc:Exception occurred for message "48": _pickle.UnpicklingError: invalid load key, ' '.
NoneType: None

2026-08-15 16:15:49.614 [info] [Error - 4:15:49 PM] Request textDocument/semanticTokens/range failed.
2026-08-15 16:15:49.614 [info]   Message: _pickle.UnpicklingError: invalid load key, ' '.
  Code: -32603 
[object Object]
2026-08-15 16:15:49.631 [info] ERROR:pygls.protocol.json_rpc:Failed to handle request 49 textDocument/documentSymbol DocumentSymbolParams(text_document=TextDocumentIdentifier(uri='file:///voc/work/hello_llm.py'), work_done_token=None, partial_result_token=None)
Traceback (most recent call last):
  File "/usr/local/lib/code-server-4.103.2/lib/vscode/extensions/ms-python.python-2025.12.0/python_files/lib/jedilsp/pygls/protocol/json_rpc.py", line 266, in _handle_request
    self._execute_request(msg_id, handler, params)
  File "/usr/local/lib/code-server-4.103.2/lib/vscode/extensions/ms-python.python-2025.12.0/python_files/lib/jedilsp/pygls/protocol/json_rpc.py", line 188, in _execute_request
    self._send_response(msg_id, handler(params))
  File "/usr/local/lib/code-server-4.103.2/lib/vscode/extensions/ms-python.python-2025.12.0/python_files/lib/jedilsp/jedi_language_server/server.py", line 546, in document_symbol
    document_symbols = jedi_utils.lsp_document_symbols(names)
  File "/usr/local/lib/code-server-4.103.2/lib/vscode/extensions/ms-python.python-2025.12.0/python_files/lib/jedilsp/jedi_language_server/jedi_utils.py", line 225, in lsp_document_symbols
    symbol_range = _document_symbol_range(name)
  File "/usr/local/lib/code-server-4.103.2/lib/vscode/extensions/ms-python.python-2025.12.0/python_files/lib/jedilsp/jedi_language_server/jedi_utils.py", line 204, in _document_symbol_range
    end = name.get_definition_end_position()
  File "/usr/local/lib/code-server-4.103.2/lib/vscode/extensions/ms-python.python-2025.12.0/python_files/lib/jedilsp/jedi/api/classes.py", line 260, in get_definition_end_position
    if self.type in ("function", "class"):
  File "/usr/local/lib/code-server-4.103.2/lib/vscode/extensions/ms-python.python-2025.12.0/python_files/lib/jedilsp/jedi/api/classes.py", line 190, in type
    for value in self._name.infer():
  File "/usr/local/lib/code-server-4.103.2/lib/vscode/extensions/ms-python.python-2025.12.0/python_files/lib/jedilsp/jedi/inference/names.py", line 281, in infer
    return tree_name_to_values(
  File "/usr/local/lib/code-server-4.103.2/lib/vscode/extensions/ms-python.python-2025.12.0/python_files/lib/jedilsp/jedi/plugins/__init__.py", line 21, in wrapper
    return built_functions[public_name](*args, **kwargs)
  File "/usr/local/lib/code-server-4.103.2/lib/vscode/extensions/ms-python.python-2025.12.0/python_files/lib/jedilsp/jedi/plugins/stdlib.py", line 878, in wrapper
    return func(inference_state, context, tree_name)
  File "/usr/local/lib/code-server-4.103.2/lib/vscode/extensions/ms-python.python-2025.12.0/python_files/lib/jedilsp/jedi/plugins/django.py", line 177, in wrapper
    result = func(inference_state, context, tree_name)
  File "/usr/local/lib/code-server-4.103.2/lib/vscode/extensions/ms-python.python-2025.12.0/python_files/lib/jedilsp/jedi/inference/syntax_tree.py", line 771, in tree_name_to_values
    types = imports.infer_import(context, tree_name)
  File "/usr/local/lib/code-server-4.103.2/lib/vscode/extensions/ms-python.python-2025.12.0/python_files/lib/jedilsp/jedi/inference/cache.py", line 44, in wrapper
    rv = function(obj, *args, **kwargs)
  File "/usr/local/lib/code-server-4.103.2/lib/vscode/extensions/ms-python.python-2025.12.0/python_files/lib/jedilsp/jedi/inference/imports.py", line 53, in infer_import
    _prepare_infer_import(module_context, tree_name)
  File "/usr/local/lib/code-server-4.103.2/lib/vscode/extensions/ms-python.python-2025.12.0/python_files/lib/jedilsp/jedi/inference/imports.py", line 116, in _prepare_infer_import
    return from_import_name, tuple(import_path), import_node.level, importer.follow()
  File "/usr/local/lib/code-server-4.103.2/lib/vscode/extensions/ms-python.python-2025.12.0/python_files/lib/jedilsp/jedi/inference/imports.py", line 296, in follow
    return import_module_by_names(
  File "/usr/local/lib/code-server-4.103.2/lib/vscode/extensions/ms-python.python-2025.12.0/python_files/lib/jedilsp/jedi/inference/imports.py", line 376, in import_module_by_names
    value_set = ValueSet.from_sets([
  File "/usr/local/lib/code-server-4.103.2/lib/vscode/extensions/ms-python.python-2025.12.0/python_files/lib/jedilsp/jedi/inference/imports.py", line 377, in <listcomp>
    import_module(
  File "/usr/local/lib/code-server-4.103.2/lib/vscode/extensions/ms-python.python-2025.12.0/python_files/lib/jedilsp/jedi/plugins/__init__.py", line 21, in wrapper
    return built_functions[public_name](*args, **kwargs)
  File "/usr/local/lib/code-server-4.103.2/lib/vscode/extensions/ms-python.python-2025.12.0/python_files/lib/jedilsp/jedi/plugins/flask.py", line 20, in wrapper
    return callback(inference_state, import_names, module_context, *args, **kwargs)
  File "/usr/local/lib/code-server-4.103.2/lib/vscode/extensions/ms-python.python-2025.12.0/python_files/lib/jedilsp/jedi/inference/gradual/typeshed.py", line 115, in wrapper
    python_value_set = ValueSet.from_sets(
  File "/usr/local/lib/code-server-4.103.2/lib/vscode/extensions/ms-python.python-2025.12.0/python_files/lib/jedilsp/jedi/inference/base_value.py", line 430, in from_sets
    for set_ in sets:
  File "/usr/local/lib/code-server-4.103.2/lib/vscode/extensions/ms-python.python-2025.12.0/python_files/lib/jedilsp/jedi/inference/gradual/typeshed.py", line 116, in <genexpr>
    func(inference_state, import_names, p, sys_path,)
  File "/usr/local/lib/code-server-4.103.2/lib/vscode/extensions/ms-python.python-2025.12.0/python_files/lib/jedilsp/jedi/inference/imports.py", line 411, in import_module
    file_io_or_ns, is_pkg = inference_state.compiled_subprocess.get_module_info(
  File "/usr/local/lib/code-server-4.103.2/lib/vscode/extensions/ms-python.python-2025.12.0/python_files/lib/jedilsp/jedi/inference/compiled/subprocess/__init__.py", line 188, in wrapper
    result = self._compiled_subprocess.run(
  File "/usr/local/lib/code-server-4.103.2/lib/vscode/extensions/ms-python.python-2025.12.0/python_files/lib/jedilsp/jedi/inference/compiled/subprocess/__init__.py", line 293, in run
    self._send(delete_id, None)
  File "/usr/local/lib/code-server-4.103.2/lib/vscode/extensions/ms-python.python-2025.12.0/python_files/lib/jedilsp/jedi/inference/compiled/subprocess/__init__.py", line 318, in _send
    is_exception, traceback, result = pickle_load(self._get_process().stdout)
  File "/usr/local/lib/code-server-4.103.2/lib/vscode/extensions/ms-python.python-2025.12.0/python_files/lib/jedilsp/jedi/_compatibility.py", line 25, in pickle_load
    return Unpickler(file).load()
_pickle.UnpicklingError: invalid load key, ' '.

2026-08-15 16:15:49.631 [info] [Error - 4:15:49 PM] Request textDocument/documentSymbol failed.
2026-08-15 16:15:49.638 [info]   Message: _pickle.UnpicklingError: invalid load key, ' '.
  Code: -32603 
[object Object]
2026-08-15 16:15:50.798 [info] ERROR:pygls.protocol.json_rpc:Failed to handle request 50 textDocument/hover HoverParams(text_document=TextDocumentIdentifier(uri='file:///voc/work/hello_llm.py'), position=9:25, work_done_token=None)
Traceback (most recent call last):
  File "/usr/local/lib/code-server-4.103.2/lib/vscode/extensions/ms-python.python-2025.12.0/python_files/lib/jedilsp/pygls/protocol/json_rpc.py", line 266, in _handle_request
    self._execute_request(msg_id, handler, params)
  File "/usr/local/lib/code-server-4.103.2/lib/vscode/extensions/ms-python.python-2025.12.0/python_files/lib/jedilsp/pygls/protocol/json_rpc.py", line 188, in _execute_request
    self._send_response(msg_id, handler(params))
  File "/usr/local/lib/code-server-4.103.2/lib/vscode/extensions/ms-python.python-2025.12.0/python_files/lib/jedilsp/jedi_language_server/notebook_utils.py", line 373, in wrapped
    result = f(notebook_server, notebook_params)
  File "/usr/local/lib/code-server-4.103.2/lib/vscode/extensions/ms-python.python-2025.12.0/python_files/lib/jedilsp/jedi_language_server/server.py", line 487, in hover
    jedi_script.help(*jedi_lines),
  File "/usr/local/lib/code-server-4.103.2/lib/vscode/extensions/ms-python.python-2025.12.0/python_files/lib/jedilsp/jedi/api/helpers.py", line 487, in wrapper
    return func(self, line, column, *args, **kwargs)
  File "/usr/local/lib/code-server-4.103.2/lib/vscode/extensions/ms-python.python-2025.12.0/python_files/lib/jedilsp/jedi/api/__init__.py", line 372, in help
    definitions = self.goto(line, column, follow_imports=True)
  File "/usr/local/lib/code-server-4.103.2/lib/vscode/extensions/ms-python.python-2025.12.0/python_files/lib/jedilsp/jedi/api/helpers.py", line 487, in wrapper
    return func(self, line, column, *args, **kwargs)
  File "/usr/local/lib/code-server-4.103.2/lib/vscode/extensions/ms-python.python-2025.12.0/python_files/lib/jedilsp/jedi/api/__init__.py", line 300, in goto
    names = list(name.goto())
  File "/usr/local/lib/code-server-4.103.2/lib/vscode/extensions/ms-python.python-2025.12.0/python_files/lib/jedilsp/jedi/inference/names.py", line 205, in goto
    values = infer_call_of_leaf(context, name, cut_own_trailer=True)
  File "/usr/local/lib/code-server-4.103.2/lib/vscode/extensions/ms-python.python-2025.12.0/python_files/lib/jedilsp/jedi/inference/helpers.py", line 104, in infer_call_of_leaf
    values = context.infer_node(base)
  File "/usr/local/lib/code-server-4.103.2/lib/vscode/extensions/ms-python.python-2025.12.0/python_files/lib/jedilsp/jedi/inference/context.py", line 224, in infer_node
    return infer_node(self, node)
  File "/usr/local/lib/code-server-4.103.2/lib/vscode/extensions/ms-python.python-2025.12.0/python_files/lib/jedilsp/jedi/inference/syntax_tree.py", line 157, in infer_node
    return _infer_node_if_inferred(context, element)
  File "/usr/local/lib/code-server-4.103.2/lib/vscode/extensions/ms-python.python-2025.12.0/python_files/lib/jedilsp/jedi/inference/syntax_tree.py", line 170, in _infer_node_if_inferred
    return _infer_node_cached(context, element)
  File "/usr/local/lib/code-server-4.103.2/lib/vscode/extensions/ms-python.python-2025.12.0/python_files/lib/jedilsp/jedi/inference/cache.py", line 44, in wrapper
    rv = function(obj, *args, **kwargs)
  File "/usr/local/lib/code-server-4.103.2/lib/vscode/extensions/ms-python.python-2025.12.0/python_files/lib/jedilsp/jedi/inference/syntax_tree.py", line 175, in _infer_node_cached
    return _infer_node(context, element)
  File "/usr/local/lib/code-server-4.103.2/lib/vscode/extensions/ms-python.python-2025.12.0/python_files/lib/jedilsp/jedi/debug.py", line 81, in wrapper
    return func(*args, **kwargs)
  File "/usr/local/lib/code-server-4.103.2/lib/vscode/extensions/ms-python.python-2025.12.0/python_files/lib/jedilsp/jedi/inference/syntax_tree.py", line 83, in wrapper
    return func(context, *args, **kwargs)
  File "/usr/local/lib/code-server-4.103.2/lib/vscode/extensions/ms-python.python-2025.12.0/python_files/lib/jedilsp/jedi/inference/syntax_tree.py", line 185, in _infer_node
    return infer_atom(context, element)
  File "/usr/local/lib/code-server-4.103.2/lib/vscode/extensions/ms-python.python-2025.12.0/python_files/lib/jedilsp/jedi/inference/syntax_tree.py", line 305, in infer_atom
    return context.py__getattribute__(atom, position=position)
  File "/usr/local/lib/code-server-4.103.2/lib/vscode/extensions/ms-python.python-2025.12.0/python_files/lib/jedilsp/jedi/inference/context.py", line 77, in py__getattribute__
    values = ValueSet.from_sets(name.infer() for name in names)
  File "/usr/local/lib/code-server-4.103.2/lib/vscode/extensions/ms-python.python-2025.12.0/python_files/lib/jedilsp/jedi/inference/base_value.py", line 430, in from_sets
    for set_ in sets:
  File "/usr/local/lib/code-server-4.103.2/lib/vscode/extensions/ms-python.python-2025.12.0/python_files/lib/jedilsp/jedi/inference/context.py", line 77, in <genexpr>
    values = ValueSet.from_sets(name.infer() for name in names)
  File "/usr/local/lib/code-server-4.103.2/lib/vscode/extensions/ms-python.python-2025.12.0/python_files/lib/jedilsp/jedi/inference/names.py", line 281, in infer
    return tree_name_to_values(
  File "/usr/local/lib/code-server-4.103.2/lib/vscode/extensions/ms-python.python-2025.12.0/python_files/lib/jedilsp/jedi/plugins/__init__.py", line 21, in wrapper
    return built_functions[public_name](*args, **kwargs)
  File "/usr/local/lib/code-server-4.103.2/lib/vscode/extensions/ms-python.python-2025.12.0/python_files/lib/jedilsp/jedi/plugins/stdlib.py", line 878, in wrapper
    return func(inference_state, context, tree_name)
  File "/usr/local/lib/code-server-4.103.2/lib/vscode/extensions/ms-python.python-2025.12.0/python_files/lib/jedilsp/jedi/plugins/django.py", line 177, in wrapper
    result = func(inference_state, context, tree_name)
  File "/usr/local/lib/code-server-4.103.2/lib/vscode/extensions/ms-python.python-2025.12.0/python_files/lib/jedilsp/jedi/inference/syntax_tree.py", line 758, in tree_name_to_values
    types = infer_expr_stmt(context, node, tree_name)
  File "/usr/local/lib/code-server-4.103.2/lib/vscode/extensions/ms-python.python-2025.12.0/python_files/lib/jedilsp/jedi/inference/syntax_tree.py", line 83, in wrapper
    return func(context, *args, **kwargs)
  File "/usr/local/lib/code-server-4.103.2/lib/vscode/extensions/ms-python.python-2025.12.0/python_files/lib/jedilsp/jedi/inference/syntax_tree.py", line 377, in infer_expr_stmt
    return _infer_expr_stmt(context, stmt, seek_name)
  File "/usr/local/lib/code-server-4.103.2/lib/vscode/extensions/ms-python.python-2025.12.0/python_files/lib/jedilsp/jedi/debug.py", line 81, in wrapper
    return func(*args, **kwargs)
  File "/usr/local/lib/code-server-4.103.2/lib/vscode/extensions/ms-python.python-2025.12.0/python_files/lib/jedilsp/jedi/inference/syntax_tree.py", line 410, in _infer_expr_stmt
    value_set = context.infer_node(rhs)
  File "/usr/local/lib/code-server-4.103.2/lib/vscode/extensions/ms-python.python-2025.12.0/python_files/lib/jedilsp/jedi/inference/context.py", line 224, in infer_node
    return infer_node(self, node)
  File "/usr/local/lib/code-server-4.103.2/lib/vscode/extensions/ms-python.python-2025.12.0/python_files/lib/jedilsp/jedi/inference/syntax_tree.py", line 157, in infer_node
    return _infer_node_if_inferred(context, element)
  File "/usr/local/lib/code-server-4.103.2/lib/vscode/extensions/ms-python.python-2025.12.0/python_files/lib/jedilsp/jedi/inference/syntax_tree.py", line 170, in _infer_node_if_inferred
    return _infer_node_cached(context, element)
  File "/usr/local/lib/code-server-4.103.2/lib/vscode/extensions/ms-python.python-2025.12.0/python_files/lib/jedilsp/jedi/inference/cache.py", line 44, in wrapper
    rv = function(obj, *args, **kwargs)
  File "/usr/local/lib/code-server-4.103.2/lib/vscode/extensions/ms-python.python-2025.12.0/python_files/lib/jedilsp/jedi/inference/syntax_tree.py", line 175, in _infer_node_cached
    return _infer_node(context, element)
  File "/usr/local/lib/code-server-4.103.2/lib/vscode/extensions/ms-python.python-2025.12.0/python_files/lib/jedilsp/jedi/debug.py", line 81, in wrapper
    return func(*args, **kwargs)
  File "/usr/local/lib/code-server-4.103.2/lib/vscode/extensions/ms-python.python-2025.12.0/python_files/lib/jedilsp/jedi/inference/syntax_tree.py", line 71, in wrapper
    and context.get_value() is inference_state.builtins_module:
  File "/usr/local/lib/code-server-4.103.2/lib/vscode/extensions/ms-python.python-2025.12.0/python_files/lib/jedilsp/jedi/inference/cache.py", line 44, in wrapper
    rv = function(obj, *args, **kwargs)
  File "/usr/local/lib/code-server-4.103.2/lib/vscode/extensions/ms-python.python-2025.12.0/python_files/lib/jedilsp/jedi/inference/__init__.py", line 129, in builtins_module
    builtins_module, = self.import_module((module_name,), sys_path=[])
  File "/usr/local/lib/code-server-4.103.2/lib/vscode/extensions/ms-python.python-2025.12.0/python_files/lib/jedilsp/jedi/inference/__init__.py", line 112, in import_module
    return imports.import_module_by_names(
  File "/usr/local/lib/code-server-4.103.2/lib/vscode/extensions/ms-python.python-2025.12.0/python_files/lib/jedilsp/jedi/inference/imports.py", line 376, in import_module_by_names
    value_set = ValueSet.from_sets([
  File "/usr/local/lib/code-server-4.103.2/lib/vscode/extensions/ms-python.python-2025.12.0/python_files/lib/jedilsp/jedi/inference/imports.py", line 377, in <listcomp>
    import_module(
  File "/usr/local/lib/code-server-4.103.2/lib/vscode/extensions/ms-python.python-2025.12.0/python_files/lib/jedilsp/jedi/plugins/__init__.py", line 21, in wrapper
    return built_functions[public_name](*args, **kwargs)
  File "/usr/local/lib/code-server-4.103.2/lib/vscode/extensions/ms-python.python-2025.12.0/python_files/lib/jedilsp/jedi/plugins/flask.py", line 20, in wrapper
    return callback(inference_state, import_names, module_context, *args, **kwargs)
  File "/usr/local/lib/code-server-4.103.2/lib/vscode/extensions/ms-python.python-2025.12.0/python_files/lib/jedilsp/jedi/inference/gradual/typeshed.py", line 115, in wrapper
    python_value_set = ValueSet.from_sets(
  File "/usr/local/lib/code-server-4.103.2/lib/vscode/extensions/ms-python.python-2025.12.0/python_files/lib/jedilsp/jedi/inference/base_value.py", line 430, in from_sets
    for set_ in sets:
  File "/usr/local/lib/code-server-4.103.2/lib/vscode/extensions/ms-python.python-2025.12.0/python_files/lib/jedilsp/jedi/inference/gradual/typeshed.py", line 116, in <genexpr>
    func(inference_state, import_names, p, sys_path,)
  File "/usr/local/lib/code-server-4.103.2/lib/vscode/extensions/ms-python.python-2025.12.0/python_files/lib/jedilsp/jedi/inference/imports.py", line 411, in import_module
    file_io_or_ns, is_pkg = inference_state.compiled_subprocess.get_module_info(
  File "/usr/local/lib/code-server-4.103.2/lib/vscode/extensions/ms-python.python-2025.12.0/python_files/lib/jedilsp/jedi/inference/compiled/subprocess/__init__.py", line 188, in wrapper
    result = self._compiled_subprocess.run(
  File "/usr/local/lib/code-server-4.103.2/lib/vscode/extensions/ms-python.python-2025.12.0/python_files/lib/jedilsp/jedi/inference/compiled/subprocess/__init__.py", line 293, in run
    self._send(delete_id, None)
  File "/usr/local/lib/code-server-4.103.2/lib/vscode/extensions/ms-python.python-2025.12.0/python_files/lib/jedilsp/jedi/inference/compiled/subprocess/__init__.py", line 318, in _send
    is_exception, traceback, result = pickle_load(self._get_process().stdout)
  File "/usr/local/lib/code-server-4.103.2/lib/vscode/extensions/ms-python.python-2025.12.0/python_files/lib/jedilsp/jedi/_compatibility.py", line 25, in pickle_load
    return Unpickler(file).load()
_pickle.UnpicklingError: invalid load key, ' '.

2026-08-15 16:15:50.799 [info] [Error - 4:15:50 PM] Request textDocument/hover failed.
2026-08-15 16:15:50.806 [info]   Message: _pickle.UnpicklingError: invalid load key, ' '.
  Code: -32603 
[object Object]
2026-08-15 16:15:51.080 [info] ERROR:pygls.protocol.json_rpc:Failed to handle request 51 textDocument/hover HoverParams(text_document=TextDocumentIdentifier(uri='file:///voc/work/hello_llm.py'), position=9:24, work_done_token=None)
Traceback (most recent call last):
  File "/usr/local/lib/code-server-4.103.2/lib/vscode/extensions/ms-python.python-2025.12.0/python_files/lib/jedilsp/pygls/protocol/json_rpc.py", line 266, in _handle_request
    self._execute_request(msg_id, handler, params)
  File "/usr/local/lib/code-server-4.103.2/lib/vscode/extensions/ms-python.python-2025.12.0/python_files/lib/jedilsp/pygls/protocol/json_rpc.py", line 188, in _execute_request
    self._send_response(msg_id, handler(params))
  File "/usr/local/lib/code-server-4.103.2/lib/vscode/extensions/ms-python.python-2025.12.0/python_files/lib/jedilsp/jedi_language_server/notebook_utils.py", line 373, in wrapped
    result = f(notebook_server, notebook_params)
  File "/usr/local/lib/code-server-4.103.2/lib/vscode/extensions/ms-python.python-2025.12.0/python_files/lib/jedilsp/jedi_language_server/server.py", line 487, in hover
    jedi_script.help(*jedi_lines),
  File "/usr/local/lib/code-server-4.103.2/lib/vscode/extensions/ms-python.python-2025.12.0/python_files/lib/jedilsp/jedi/api/helpers.py", line 487, in wrapper
    return func(self, line, column, *args, **kwargs)
  File "/usr/local/lib/code-server-4.103.2/lib/vscode/extensions/ms-python.python-2025.12.0/python_files/lib/jedilsp/jedi/api/__init__.py", line 372, in help
    definitions = self.goto(line, column, follow_imports=True)
  File "/usr/local/lib/code-server-4.103.2/lib/vscode/extensions/ms-python.python-2025.12.0/python_files/lib/jedilsp/jedi/api/helpers.py", line 487, in wrapper
    return func(self, line, column, *args, **kwargs)
  File "/usr/local/lib/code-server-4.103.2/lib/vscode/extensions/ms-python.python-2025.12.0/python_files/lib/jedilsp/jedi/api/__init__.py", line 300, in goto
    names = list(name.goto())
  File "/usr/local/lib/code-server-4.103.2/lib/vscode/extensions/ms-python.python-2025.12.0/python_files/lib/jedilsp/jedi/inference/names.py", line 205, in goto
    values = infer_call_of_leaf(context, name, cut_own_trailer=True)
  File "/usr/local/lib/code-server-4.103.2/lib/vscode/extensions/ms-python.python-2025.12.0/python_files/lib/jedilsp/jedi/inference/helpers.py", line 104, in infer_call_of_leaf
    values = context.infer_node(base)
  File "/usr/local/lib/code-server-4.103.2/lib/vscode/extensions/ms-python.python-2025.12.0/python_files/lib/jedilsp/jedi/inference/context.py", line 224, in infer_node
    return infer_node(self, node)
  File "/usr/local/lib/code-server-4.103.2/lib/vscode/extensions/ms-python.python-2025.12.0/python_files/lib/jedilsp/jedi/inference/syntax_tree.py", line 157, in infer_node
    return _infer_node_if_inferred(context, element)
  File "/usr/local/lib/code-server-4.103.2/lib/vscode/extensions/ms-python.python-2025.12.0/python_files/lib/jedilsp/jedi/inference/syntax_tree.py", line 170, in _infer_node_if_inferred
    return _infer_node_cached(context, element)
  File "/usr/local/lib/code-server-4.103.2/lib/vscode/extensions/ms-python.python-2025.12.0/python_files/lib/jedilsp/jedi/inference/cache.py", line 44, in wrapper
    rv = function(obj, *args, **kwargs)
  File "/usr/local/lib/code-server-4.103.2/lib/vscode/extensions/ms-python.python-2025.12.0/python_files/lib/jedilsp/jedi/inference/syntax_tree.py", line 175, in _infer_node_cached
    return _infer_node(context, element)
  File "/usr/local/lib/code-server-4.103.2/lib/vscode/extensions/ms-python.python-2025.12.0/python_files/lib/jedilsp/jedi/debug.py", line 81, in wrapper
    return func(*args, **kwargs)
  File "/usr/local/lib/code-server-4.103.2/lib/vscode/extensions/ms-python.python-2025.12.0/python_files/lib/jedilsp/jedi/inference/syntax_tree.py", line 83, in wrapper
    return func(context, *args, **kwargs)
  File "/usr/local/lib/code-server-4.103.2/lib/vscode/extensions/ms-python.python-2025.12.0/python_files/lib/jedilsp/jedi/inference/syntax_tree.py", line 185, in _infer_node
    return infer_atom(context, element)
  File "/usr/local/lib/code-server-4.103.2/lib/vscode/extensions/ms-python.python-2025.12.0/python_files/lib/jedilsp/jedi/inference/syntax_tree.py", line 305, in infer_atom
    return context.py__getattribute__(atom, position=position)
  File "/usr/local/lib/code-server-4.103.2/lib/vscode/extensions/ms-python.python-2025.12.0/python_files/lib/jedilsp/jedi/inference/context.py", line 77, in py__getattribute__
    values = ValueSet.from_sets(name.infer() for name in names)
  File "/usr/local/lib/code-server-4.103.2/lib/vscode/extensions/ms-python.python-2025.12.0/python_files/lib/jedilsp/jedi/inference/base_value.py", line 430, in from_sets
    for set_ in sets:
  File "/usr/local/lib/code-server-4.103.2/lib/vscode/extensions/ms-python.python-2025.12.0/python_files/lib/jedilsp/jedi/inference/context.py", line 77, in <genexpr>
    values = ValueSet.from_sets(name.infer() for name in names)
  File "/usr/local/lib/code-server-4.103.2/lib/vscode/extensions/ms-python.python-2025.12.0/python_files/lib/jedilsp/jedi/inference/names.py", line 281, in infer
    return tree_name_to_values(
  File "/usr/local/lib/code-server-4.103.2/lib/vscode/extensions/ms-python.python-2025.12.0/python_files/lib/jedilsp/jedi/plugins/__init__.py", line 21, in wrapper
    return built_functions[public_name](*args, **kwargs)
  File "/usr/local/lib/code-server-4.103.2/lib/vscode/extensions/ms-python.python-2025.12.0/python_files/lib/jedilsp/jedi/plugins/stdlib.py", line 878, in wrapper
    return func(inference_state, context, tree_name)
  File "/usr/local/lib/code-server-4.103.2/lib/vscode/extensions/ms-python.python-2025.12.0/python_files/lib/jedilsp/jedi/plugins/django.py", line 177, in wrapper
    result = func(inference_state, context, tree_name)
  File "/usr/local/lib/code-server-4.103.2/lib/vscode/extensions/ms-python.python-2025.12.0/python_files/lib/jedilsp/jedi/inference/syntax_tree.py", line 758, in tree_name_to_values
    types = infer_expr_stmt(context, node, tree_name)
  File "/usr/local/lib/code-server-4.103.2/lib/vscode/extensions/ms-python.python-2025.12.0/python_files/lib/jedilsp/jedi/inference/syntax_tree.py", line 83, in wrapper
    return func(context, *args, **kwargs)
  File "/usr/local/lib/code-server-4.103.2/lib/vscode/extensions/ms-python.python-2025.12.0/python_files/lib/jedilsp/jedi/inference/syntax_tree.py", line 377, in infer_expr_stmt
    return _infer_expr_stmt(context, stmt, seek_name)
  File "/usr/local/lib/code-server-4.103.2/lib/vscode/extensions/ms-python.python-2025.12.0/python_files/lib/jedilsp/jedi/debug.py", line 81, in wrapper
    return func(*args, **kwargs)
  File "/usr/local/lib/code-server-4.103.2/lib/vscode/extensions/ms-python.python-2025.12.0/python_files/lib/jedilsp/jedi/inference/syntax_tree.py", line 410, in _infer_expr_stmt
    value_set = context.infer_node(rhs)
  File "/usr/local/lib/code-server-4.103.2/lib/vscode/extensions/ms-python.python-2025.12.0/python_files/lib/jedilsp/jedi/inference/context.py", line 224, in infer_node
    return infer_node(self, node)
  File "/usr/local/lib/code-server-4.103.2/lib/vscode/extensions/ms-python.python-2025.12.0/python_files/lib/jedilsp/jedi/inference/syntax_tree.py", line 157, in infer_node
    return _infer_node_if_inferred(context, element)
  File "/usr/local/lib/code-server-4.103.2/lib/vscode/extensions/ms-python.python-2025.12.0/python_files/lib/jedilsp/jedi/inference/syntax_tree.py", line 170, in _infer_node_if_inferred
    return _infer_node_cached(context, element)
  File "/usr/local/lib/code-server-4.103.2/lib/vscode/extensions/ms-python.python-2025.12.0/python_files/lib/jedilsp/jedi/inference/cache.py", line 44, in wrapper
    rv = function(obj, *args, **kwargs)
  File "/usr/local/lib/code-server-4.103.2/lib/vscode/extensions/ms-python.python-2025.12.0/python_files/lib/jedilsp/jedi/inference/syntax_tree.py", line 175, in _infer_node_cached
    return _infer_node(context, element)
  File "/usr/local/lib/code-server-4.103.2/lib/vscode/extensions/ms-python.python-2025.12.0/python_files/lib/jedilsp/jedi/debug.py", line 81, in wrapper
    return func(*args, **kwargs)
  File "/usr/local/lib/code-server-4.103.2/lib/vscode/extensions/ms-python.python-2025.12.0/python_files/lib/jedilsp/jedi/inference/syntax_tree.py", line 71, in wrapper
    and context.get_value() is inference_state.builtins_module:
  File "/usr/local/lib/code-server-4.103.2/lib/vscode/extensions/ms-python.python-2025.12.0/python_files/lib/jedilsp/jedi/inference/cache.py", line 44, in wrapper
    rv = function(obj, *args, **kwargs)
  File "/usr/local/lib/code-server-4.103.2/lib/vscode/extensions/ms-python.python-2025.12.0/python_files/lib/jedilsp/jedi/inference/__init__.py", line 129, in builtins_module
    builtins_module, = self.import_module((module_name,), sys_path=[])
  File "/usr/local/lib/code-server-4.103.2/lib/vscode/extensions/ms-python.python-2025.12.0/python_files/lib/jedilsp/jedi/inference/__init__.py", line 112, in import_module
    return imports.import_module_by_names(
  File "/usr/local/lib/code-server-4.103.2/lib/vscode/extensions/ms-python.python-2025.12.0/python_files/lib/jedilsp/jedi/inference/imports.py", line 376, in import_module_by_names
    value_set = ValueSet.from_sets([
  File "/usr/local/lib/code-server-4.103.2/lib/vscode/extensions/ms-python.python-2025.12.0/python_files/lib/jedilsp/jedi/inference/imports.py", line 377, in <listcomp>
    import_module(
  File "/usr/local/lib/code-server-4.103.2/lib/vscode/extensions/ms-python.python-2025.12.0/python_files/lib/jedilsp/jedi/plugins/__init__.py", line 21, in wrapper
    return built_functions[public_name](*args, **kwargs)
  File "/usr/local/lib/code-server-4.103.2/lib/vscode/extensions/ms-python.python-2025.12.0/python_files/lib/jedilsp/jedi/plugins/flask.py", line 20, in wrapper
    return callback(inference_state, import_names, module_context, *args, **kwargs)
  File "/usr/local/lib/code-server-4.103.2/lib/vscode/extensions/ms-python.python-2025.12.0/python_files/lib/jedilsp/jedi/inference/gradual/typeshed.py", line 115, in wrapper
    python_value_set = ValueSet.from_sets(
  File "/usr/local/lib/code-server-4.103.2/lib/vscode/extensions/ms-python.python-2025.12.0/python_files/lib/jedilsp/jedi/inference/base_value.py", line 430, in from_sets
    for set_ in sets:
  File "/usr/local/lib/code-server-4.103.2/lib/vscode/extensions/ms-python.python-2025.12.0/python_files/lib/jedilsp/jedi/inference/gradual/typeshed.py", line 116, in <genexpr>
    func(inference_state, import_names, p, sys_path,)
  File "/usr/local/lib/code-server-4.103.2/lib/vscode/extensions/ms-python.python-2025.12.0/python_files/lib/jedilsp/jedi/inference/imports.py", line 411, in import_module
    file_io_or_ns, is_pkg = inference_state.compiled_subprocess.get_module_info(
  File "/usr/local/lib/code-server-4.103.2/lib/vscode/extensions/ms-python.python-2025.12.0/python_files/lib/jedilsp/jedi/inference/compiled/subprocess/__init__.py", line 188, in wrapper
    result = self._compiled_subprocess.run(
  File "/usr/local/lib/code-server-4.103.2/lib/vscode/extensions/ms-python.python-2025.12.0/python_files/lib/jedilsp/jedi/inference/compiled/subprocess/__init__.py", line 293, in run
    self._send(delete_id, None)
  File "/usr/local/lib/code-server-4.103.2/lib/vscode/extensions/ms-python.python-2025.12.0/python_files/lib/jedilsp/jedi/inference/compiled/subprocess/__init__.py", line 318, in _send
    is_exception, traceback, result = pickle_load(self._get_process().stdout)
  File "/usr/local/lib/code-server-4.103.2/lib/vscode/extensions/ms-python.python-2025.12.0/python_files/lib/jedilsp/jedi/_compatibility.py", line 25, in pickle_load
    return Unpickler(file).load()
_pickle.UnpicklingError: invalid load key, ' '.

2026-08-15 16:15:51.081 [info] [Error - 4:15:51 PM] Request textDocument/hover failed.
2026-08-15 16:15:51.088 [info]   Message: _pickle.UnpicklingError: invalid load key, ' '.
  Code: -32603 
[object Object]
2026-08-15 16:15:51.399 [info] ERROR:pygls.protocol.json_rpc:Failed to handle request 52 textDocument/hover HoverParams(text_document=TextDocumentIdentifier(uri='file:///voc/work/hello_llm.py'), position=9:23, work_done_token=None)
Traceback (most recent call last):
  File "/usr/local/lib/code-server-4.103.2/lib/vscode/extensions/ms-python.python-2025.12.0/python_files/lib/jedilsp/pygls/protocol/json_rpc.py", line 266, in _handle_request
    self._execute_request(msg_id, handler, params)
  File "/usr/local/lib/code-server-4.103.2/lib/vscode/extensions/ms-python.python-2025.12.0/python_files/lib/jedilsp/pygls/protocol/json_rpc.py", line 188, in _execute_request
    self._send_response(msg_id, handler(params))
  File "/usr/local/lib/code-server-4.103.2/lib/vscode/extensions/ms-python.python-2025.12.0/python_files/lib/jedilsp/jedi_language_server/notebook_utils.py", line 373, in wrapped
    result = f(notebook_server, notebook_params)
  File "/usr/local/lib/code-server-4.103.2/lib/vscode/extensions/ms-python.python-2025.12.0/python_files/lib/jedilsp/jedi_language_server/server.py", line 487, in hover
    jedi_script.help(*jedi_lines),
  File "/usr/local/lib/code-server-4.103.2/lib/vscode/extensions/ms-python.python-2025.12.0/python_files/lib/jedilsp/jedi/api/helpers.py", line 487, in wrapper
    return func(self, line, column, *args, **kwargs)
  File "/usr/local/lib/code-server-4.103.2/lib/vscode/extensions/ms-python.python-2025.12.0/python_files/lib/jedilsp/jedi/api/__init__.py", line 372, in help
    definitions = self.goto(line, column, follow_imports=True)
  File "/usr/local/lib/code-server-4.103.2/lib/vscode/extensions/ms-python.python-2025.12.0/python_files/lib/jedilsp/jedi/api/helpers.py", line 487, in wrapper
    return func(self, line, column, *args, **kwargs)
  File "/usr/local/lib/code-server-4.103.2/lib/vscode/extensions/ms-python.python-2025.12.0/python_files/lib/jedilsp/jedi/api/__init__.py", line 300, in goto
    names = list(name.goto())
  File "/usr/local/lib/code-server-4.103.2/lib/vscode/extensions/ms-python.python-2025.12.0/python_files/lib/jedilsp/jedi/inference/names.py", line 205, in goto
    values = infer_call_of_leaf(context, name, cut_own_trailer=True)
  File "/usr/local/lib/code-server-4.103.2/lib/vscode/extensions/ms-python.python-2025.12.0/python_files/lib/jedilsp/jedi/inference/helpers.py", line 104, in infer_call_of_leaf
    values = context.infer_node(base)
  File "/usr/local/lib/code-server-4.103.2/lib/vscode/extensions/ms-python.python-2025.12.0/python_files/lib/jedilsp/jedi/inference/context.py", line 224, in infer_node
    return infer_node(self, node)
  File "/usr/local/lib/code-server-4.103.2/lib/vscode/extensions/ms-python.python-2025.12.0/python_files/lib/jedilsp/jedi/inference/syntax_tree.py", line 157, in infer_node
    return _infer_node_if_inferred(context, element)
  File "/usr/local/lib/code-server-4.103.2/lib/vscode/extensions/ms-python.python-2025.12.0/python_files/lib/jedilsp/jedi/inference/syntax_tree.py", line 170, in _infer_node_if_inferred
    return _infer_node_cached(context, element)
  File "/usr/local/lib/code-server-4.103.2/lib/vscode/extensions/ms-python.python-2025.12.0/python_files/lib/jedilsp/jedi/inference/cache.py", line 44, in wrapper
    rv = function(obj, *args, **kwargs)
  File "/usr/local/lib/code-server-4.103.2/lib/vscode/extensions/ms-python.python-2025.12.0/python_files/lib/jedilsp/jedi/inference/syntax_tree.py", line 175, in _infer_node_cached
    return _infer_node(context, element)
  File "/usr/local/lib/code-server-4.103.2/lib/vscode/extensions/ms-python.python-2025.12.0/python_files/lib/jedilsp/jedi/debug.py", line 81, in wrapper
    return func(*args, **kwargs)
  File "/usr/local/lib/code-server-4.103.2/lib/vscode/extensions/ms-python.python-2025.12.0/python_files/lib/jedilsp/jedi/inference/syntax_tree.py", line 83, in wrapper
    return func(context, *args, **kwargs)
  File "/usr/local/lib/code-server-4.103.2/lib/vscode/extensions/ms-python.python-2025.12.0/python_files/lib/jedilsp/jedi/inference/syntax_tree.py", line 185, in _infer_node
    return infer_atom(context, element)
  File "/usr/local/lib/code-server-4.103.2/lib/vscode/extensions/ms-python.python-2025.12.0/python_files/lib/jedilsp/jedi/inference/syntax_tree.py", line 305, in infer_atom
    return context.py__getattribute__(atom, position=position)
  File "/usr/local/lib/code-server-4.103.2/lib/vscode/extensions/ms-python.python-2025.12.0/python_files/lib/jedilsp/jedi/inference/context.py", line 77, in py__getattribute__
    values = ValueSet.from_sets(name.infer() for name in names)
  File "/usr/local/lib/code-server-4.103.2/lib/vscode/extensions/ms-python.python-2025.12.0/python_files/lib/jedilsp/jedi/inference/base_value.py", line 430, in from_sets
    for set_ in sets:
  File "/usr/local/lib/code-server-4.103.2/lib/vscode/extensions/ms-python.python-2025.12.0/python_files/lib/jedilsp/jedi/inference/context.py", line 77, in <genexpr>
    values = ValueSet.from_sets(name.infer() for name in names)
  File "/usr/local/lib/code-server-4.103.2/lib/vscode/extensions/ms-python.python-2025.12.0/python_files/lib/jedilsp/jedi/inference/names.py", line 281, in infer
    return tree_name_to_values(
  File "/usr/local/lib/code-server-4.103.2/lib/vscode/extensions/ms-python.python-2025.12.0/python_files/lib/jedilsp/jedi/plugins/__init__.py", line 21, in wrapper
    return built_functions[public_name](*args, **kwargs)
  File "/usr/local/lib/code-server-4.103.2/lib/vscode/extensions/ms-python.python-2025.12.0/python_files/lib/jedilsp/jedi/plugins/stdlib.py", line 878, in wrapper
    return func(inference_state, context, tree_name)
  File "/usr/local/lib/code-server-4.103.2/lib/vscode/extensions/ms-python.python-2025.12.0/python_files/lib/jedilsp/jedi/plugins/django.py", line 177, in wrapper
    result = func(inference_state, context, tree_name)
  File "/usr/local/lib/code-server-4.103.2/lib/vscode/extensions/ms-python.python-2025.12.0/python_files/lib/jedilsp/jedi/inference/syntax_tree.py", line 758, in tree_name_to_values
    types = infer_expr_stmt(context, node, tree_name)
  File "/usr/local/lib/code-server-4.103.2/lib/vscode/extensions/ms-python.python-2025.12.0/python_files/lib/jedilsp/jedi/inference/syntax_tree.py", line 83, in wrapper
    return func(context, *args, **kwargs)
  File "/usr/local/lib/code-server-4.103.2/lib/vscode/extensions/ms-python.python-2025.12.0/python_files/lib/jedilsp/jedi/inference/syntax_tree.py", line 377, in infer_expr_stmt
    return _infer_expr_stmt(context, stmt, seek_name)
  File "/usr/local/lib/code-server-4.103.2/lib/vscode/extensions/ms-python.python-2025.12.0/python_files/lib/jedilsp/jedi/debug.py", line 81, in wrapper
    return func(*args, **kwargs)
  File "/usr/local/lib/code-server-4.103.2/lib/vscode/extensions/ms-python.python-2025.12.0/python_files/lib/jedilsp/jedi/inference/syntax_tree.py", line 410, in _infer_expr_stmt
    value_set = context.infer_node(rhs)
  File "/usr/local/lib/code-server-4.103.2/lib/vscode/extensions/ms-python.python-2025.12.0/python_files/lib/jedilsp/jedi/inference/context.py", line 224, in infer_node
    return infer_node(self, node)
  File "/usr/local/lib/code-server-4.103.2/lib/vscode/extensions/ms-python.python-2025.12.0/python_files/lib/jedilsp/jedi/inference/syntax_tree.py", line 157, in infer_node
    return _infer_node_if_inferred(context, element)
  File "/usr/local/lib/code-server-4.103.2/lib/vscode/extensions/ms-python.python-2025.12.0/python_files/lib/jedilsp/jedi/inference/syntax_tree.py", line 170, in _infer_node_if_inferred
    return _infer_node_cached(context, element)
  File "/usr/local/lib/code-server-4.103.2/lib/vscode/extensions/ms-python.python-2025.12.0/python_files/lib/jedilsp/jedi/inference/cache.py", line 44, in wrapper
    rv = function(obj, *args, **kwargs)
  File "/usr/local/lib/code-server-4.103.2/lib/vscode/extensions/ms-python.python-2025.12.0/python_files/lib/jedilsp/jedi/inference/syntax_tree.py", line 175, in _infer_node_cached
    return _infer_node(context, element)
  File "/usr/local/lib/code-server-4.103.2/lib/vscode/extensions/ms-python.python-2025.12.0/python_files/lib/jedilsp/jedi/debug.py", line 81, in wrapper
    return func(*args, **kwargs)
  File "/usr/local/lib/code-server-4.103.2/lib/vscode/extensions/ms-python.python-2025.12.0/python_files/lib/jedilsp/jedi/inference/syntax_tree.py", line 71, in wrapper
    and context.get_value() is inference_state.builtins_module:
  File "/usr/local/lib/code-server-4.103.2/lib/vscode/extensions/ms-python.python-2025.12.0/python_files/lib/jedilsp/jedi/inference/cache.py", line 44, in wrapper
    rv = function(obj, *args, **kwargs)
  File "/usr/local/lib/code-server-4.103.2/lib/vscode/extensions/ms-python.python-2025.12.0/python_files/lib/jedilsp/jedi/inference/__init__.py", line 129, in builtins_module
    builtins_module, = self.import_module((module_name,), sys_path=[])
  File "/usr/local/lib/code-server-4.103.2/lib/vscode/extensions/ms-python.python-2025.12.0/python_files/lib/jedilsp/jedi/inference/__init__.py", line 112, in import_module
    return imports.import_module_by_names(
  File "/usr/local/lib/code-server-4.103.2/lib/vscode/extensions/ms-python.python-2025.12.0/python_files/lib/jedilsp/jedi/inference/imports.py", line 376, in import_module_by_names
    value_set = ValueSet.from_sets([
  File "/usr/local/lib/code-server-4.103.2/lib/vscode/extensions/ms-python.python-2025.12.0/python_files/lib/jedilsp/jedi/inference/imports.py", line 377, in <listcomp>
    import_module(
  File "/usr/local/lib/code-server-4.103.2/lib/vscode/extensions/ms-python.python-2025.12.0/python_files/lib/jedilsp/jedi/plugins/__init__.py", line 21, in wrapper
    return built_functions[public_name](*args, **kwargs)
  File "/usr/local/lib/code-server-4.103.2/lib/vscode/extensions/ms-python.python-2025.12.0/python_files/lib/jedilsp/jedi/plugins/flask.py", line 20, in wrapper
    return callback(inference_state, import_names, module_context, *args, **kwargs)
  File "/usr/local/lib/code-server-4.103.2/lib/vscode/extensions/ms-python.python-2025.12.0/python_files/lib/jedilsp/jedi/inference/gradual/typeshed.py", line 115, in wrapper
    python_value_set = ValueSet.from_sets(
  File "/usr/local/lib/code-server-4.103.2/lib/vscode/extensions/ms-python.python-2025.12.0/python_files/lib/jedilsp/jedi/inference/base_value.py", line 430, in from_sets
    for set_ in sets:
  File "/usr/local/lib/code-server-4.103.2/lib/vscode/extensions/ms-python.python-2025.12.0/python_files/lib/jedilsp/jedi/inference/gradual/typeshed.py", line 116, in <genexpr>
    func(inference_state, import_names, p, sys_path,)
  File "/usr/local/lib/code-server-4.103.2/lib/vscode/extensions/ms-python.python-2025.12.0/python_files/lib/jedilsp/jedi/inference/imports.py", line 411, in import_module
    file_io_or_ns, is_pkg = inference_state.compiled_subprocess.get_module_info(
  File "/usr/local/lib/code-server-4.103.2/lib/vscode/extensions/ms-python.python-2025.12.0/python_files/lib/jedilsp/jedi/inference/compiled/subprocess/__init__.py", line 188, in wrapper
    result = self._compiled_subprocess.run(
  File "/usr/local/lib/code-server-4.103.2/lib/vscode/extensions/ms-python.python-2025.12.0/python_files/lib/jedilsp/jedi/inference/compiled/subprocess/__init__.py", line 293, in run
    self._send(delete_id, None)
  File "/usr/local/lib/code-server-4.103.2/lib/vscode/extensions/ms-python.python-2025.12.0/python_files/lib/jedilsp/jedi/inference/compiled/subprocess/__init__.py", line 318, in _send
    is_exception, traceback, result = pickle_load(self._get_process().stdout)
  File "/usr/local/lib/code-server-4.103.2/lib/vscode/extensions/ms-python.python-2025.12.0/python_files/lib/jedilsp/jedi/_compatibility.py", line 25, in pickle_load
    return Unpickler(file).load()
_pickle.UnpicklingError: invalid load key, ' '.

2026-08-15 16:15:51.400 [info] [Error - 4:15:51 PM] Request textDocument/hover failed.
2026-08-15 16:15:51.413 [info]   Message: _pickle.UnpicklingError: invalid load key, ' '.
  Code: -32603 
[object Object]
2026-08-15 16:17:29.575 [info] semantic_tokens_range file:///voc/work/hello_llm.py 0:0-20:17
2026-08-15 16:17:29.577 [info] ERROR:pygls.protocol.json_rpc:Exception occurred for message "55": _pickle.UnpicklingError: invalid load key, ' '.
NoneType: None

2026-08-15 16:17:29.577 [info] [Error - 4:17:29 PM] Request textDocument/semanticTokens/range failed.
2026-08-15 16:17:29.577 [info]   Message: _pickle.UnpicklingError: invalid load key, ' '.
  Code: -32603 
[object Object]
2026-08-15 16:17:29.606 [info] ERROR:pygls.protocol.json_rpc:Failed to handle request 56 textDocument/hover HoverParams(text_document=TextDocumentIdentifier(uri='file:///voc/work/hello_llm.py'), position=19:14, work_done_token=None)
Traceback (most recent call last):
  File "/usr/local/lib/code-server-4.103.2/lib/vscode/extensions/ms-python.python-2025.12.0/python_files/lib/jedilsp/pygls/protocol/json_rpc.py", line 266, in _handle_request
    self._execute_request(msg_id, handler, params)
  File "/usr/local/lib/code-server-4.103.2/lib/vscode/extensions/ms-python.python-2025.12.0/python_files/lib/jedilsp/pygls/protocol/json_rpc.py", line 188, in _execute_request
    self._send_response(msg_id, handler(params))
  File "/usr/local/lib/code-server-4.103.2/lib/vscode/extensions/ms-python.python-2025.12.0/python_files/lib/jedilsp/jedi_language_server/notebook_utils.py", line 373, in wrapped
    result = f(notebook_server, notebook_params)
  File "/usr/local/lib/code-server-4.103.2/lib/vscode/extensions/ms-python.python-2025.12.0/python_files/lib/jedilsp/jedi_language_server/server.py", line 487, in hover
    jedi_script.help(*jedi_lines),
  File "/usr/local/lib/code-server-4.103.2/lib/vscode/extensions/ms-python.python-2025.12.0/python_files/lib/jedilsp/jedi/api/helpers.py", line 487, in wrapper
    return func(self, line, column, *args, **kwargs)
  File "/usr/local/lib/code-server-4.103.2/lib/vscode/extensions/ms-python.python-2025.12.0/python_files/lib/jedilsp/jedi/api/__init__.py", line 372, in help
    definitions = self.goto(line, column, follow_imports=True)
  File "/usr/local/lib/code-server-4.103.2/lib/vscode/extensions/ms-python.python-2025.12.0/python_files/lib/jedilsp/jedi/api/helpers.py", line 487, in wrapper
    return func(self, line, column, *args, **kwargs)
  File "/usr/local/lib/code-server-4.103.2/lib/vscode/extensions/ms-python.python-2025.12.0/python_files/lib/jedilsp/jedi/api/__init__.py", line 300, in goto
    names = list(name.goto())
  File "/usr/local/lib/code-server-4.103.2/lib/vscode/extensions/ms-python.python-2025.12.0/python_files/lib/jedilsp/jedi/inference/names.py", line 205, in goto
    values = infer_call_of_leaf(context, name, cut_own_trailer=True)
  File "/usr/local/lib/code-server-4.103.2/lib/vscode/extensions/ms-python.python-2025.12.0/python_files/lib/jedilsp/jedi/inference/helpers.py", line 104, in infer_call_of_leaf
    values = context.infer_node(base)
  File "/usr/local/lib/code-server-4.103.2/lib/vscode/extensions/ms-python.python-2025.12.0/python_files/lib/jedilsp/jedi/inference/context.py", line 224, in infer_node
    return infer_node(self, node)
  File "/usr/local/lib/code-server-4.103.2/lib/vscode/extensions/ms-python.python-2025.12.0/python_files/lib/jedilsp/jedi/inference/syntax_tree.py", line 157, in infer_node
    return _infer_node_if_inferred(context, element)
  File "/usr/local/lib/code-server-4.103.2/lib/vscode/extensions/ms-python.python-2025.12.0/python_files/lib/jedilsp/jedi/inference/syntax_tree.py", line 170, in _infer_node_if_inferred
    return _infer_node_cached(context, element)
  File "/usr/local/lib/code-server-4.103.2/lib/vscode/extensions/ms-python.python-2025.12.0/python_files/lib/jedilsp/jedi/inference/cache.py", line 44, in wrapper
    rv = function(obj, *args, **kwargs)
  File "/usr/local/lib/code-server-4.103.2/lib/vscode/extensions/ms-python.python-2025.12.0/python_files/lib/jedilsp/jedi/inference/syntax_tree.py", line 175, in _infer_node_cached
    return _infer_node(context, element)
  File "/usr/local/lib/code-server-4.103.2/lib/vscode/extensions/ms-python.python-2025.12.0/python_files/lib/jedilsp/jedi/debug.py", line 81, in wrapper
    return func(*args, **kwargs)
  File "/usr/local/lib/code-server-4.103.2/lib/vscode/extensions/ms-python.python-2025.12.0/python_files/lib/jedilsp/jedi/inference/syntax_tree.py", line 83, in wrapper
    return func(context, *args, **kwargs)
  File "/usr/local/lib/code-server-4.103.2/lib/vscode/extensions/ms-python.python-2025.12.0/python_files/lib/jedilsp/jedi/inference/syntax_tree.py", line 185, in _infer_node
    return infer_atom(context, element)
  File "/usr/local/lib/code-server-4.103.2/lib/vscode/extensions/ms-python.python-2025.12.0/python_files/lib/jedilsp/jedi/inference/syntax_tree.py", line 317, in infer_atom
    string = state.compiled_subprocess.safe_literal_eval(atom.value)
  File "/usr/local/lib/code-server-4.103.2/lib/vscode/extensions/ms-python.python-2025.12.0/python_files/lib/jedilsp/jedi/inference/compiled/subprocess/__init__.py", line 188, in wrapper
    result = self._compiled_subprocess.run(
  File "/usr/local/lib/code-server-4.103.2/lib/vscode/extensions/ms-python.python-2025.12.0/python_files/lib/jedilsp/jedi/inference/compiled/subprocess/__init__.py", line 293, in run
    self._send(delete_id, None)
  File "/usr/local/lib/code-server-4.103.2/lib/vscode/extensions/ms-python.python-2025.12.0/python_files/lib/jedilsp/jedi/inference/compiled/subprocess/__init__.py", line 318, in _send
    is_exception, traceback, result = pickle_load(self._get_process().stdout)
  File "/usr/local/lib/code-server-4.103.2/lib/vscode/extensions/ms-python.python-2025.12.0/python_files/lib/jedilsp/jedi/_compatibility.py", line 25, in pickle_load
    return Unpickler(file).load()
_pickle.UnpicklingError: invalid load key, ' '.

2026-08-15 16:17:29.607 [info] [Error - 4:17:29 PM] Request textDocument/hover failed.
2026-08-15 16:17:29.613 [info]   Message: _pickle.UnpicklingError: invalid load key, ' '.
  Code: -32603 
[object Object]
2026-08-15 16:17:32.268 [info] ERROR:pygls.protocol.json_rpc:Failed to handle request 57 textDocument/hover HoverParams(text_document=TextDocumentIdentifier(uri='file:///voc/work/hello_llm.py'), position=18:14, work_done_token=None)
Traceback (most recent call last):
  File "/usr/local/lib/code-server-4.103.2/lib/vscode/extensions/ms-python.python-2025.12.0/python_files/lib/jedilsp/pygls/protocol/json_rpc.py", line 266, in _handle_request
    self._execute_request(msg_id, handler, params)
  File "/usr/local/lib/code-server-4.103.2/lib/vscode/extensions/ms-python.python-2025.12.0/python_files/lib/jedilsp/pygls/protocol/json_rpc.py", line 188, in _execute_request
    self._send_response(msg_id, handler(params))
  File "/usr/local/lib/code-server-4.103.2/lib/vscode/extensions/ms-python.python-2025.12.0/python_files/lib/jedilsp/jedi_language_server/notebook_utils.py", line 373, in wrapped
    result = f(notebook_server, notebook_params)
  File "/usr/local/lib/code-server-4.103.2/lib/vscode/extensions/ms-python.python-2025.12.0/python_files/lib/jedilsp/jedi_language_server/server.py", line 487, in hover
    jedi_script.help(*jedi_lines),
  File "/usr/local/lib/code-server-4.103.2/lib/vscode/extensions/ms-python.python-2025.12.0/python_files/lib/jedilsp/jedi/api/helpers.py", line 487, in wrapper
    return func(self, line, column, *args, **kwargs)
  File "/usr/local/lib/code-server-4.103.2/lib/vscode/extensions/ms-python.python-2025.12.0/python_files/lib/jedilsp/jedi/api/__init__.py", line 396, in help
    name = KeywordName(self._inference_state, leaf.value)
  File "/usr/local/lib/code-server-4.103.2/lib/vscode/extensions/ms-python.python-2025.12.0/python_files/lib/jedilsp/jedi/inference/names.py", line 103, in __init__
    self.parent_context = inference_state.builtins_module
  File "/usr/local/lib/code-server-4.103.2/lib/vscode/extensions/ms-python.python-2025.12.0/python_files/lib/jedilsp/jedi/inference/cache.py", line 44, in wrapper
    rv = function(obj, *args, **kwargs)
  File "/usr/local/lib/code-server-4.103.2/lib/vscode/extensions/ms-python.python-2025.12.0/python_files/lib/jedilsp/jedi/inference/__init__.py", line 129, in builtins_module
    builtins_module, = self.import_module((module_name,), sys_path=[])
  File "/usr/local/lib/code-server-4.103.2/lib/vscode/extensions/ms-python.python-2025.12.0/python_files/lib/jedilsp/jedi/inference/__init__.py", line 112, in import_module
    return imports.import_module_by_names(
  File "/usr/local/lib/code-server-4.103.2/lib/vscode/extensions/ms-python.python-2025.12.0/python_files/lib/jedilsp/jedi/inference/imports.py", line 376, in import_module_by_names
    value_set = ValueSet.from_sets([
  File "/usr/local/lib/code-server-4.103.2/lib/vscode/extensions/ms-python.python-2025.12.0/python_files/lib/jedilsp/jedi/inference/imports.py", line 377, in <listcomp>
    import_module(
  File "/usr/local/lib/code-server-4.103.2/lib/vscode/extensions/ms-python.python-2025.12.0/python_files/lib/jedilsp/jedi/plugins/__init__.py", line 21, in wrapper
    return built_functions[public_name](*args, **kwargs)
  File "/usr/local/lib/code-server-4.103.2/lib/vscode/extensions/ms-python.python-2025.12.0/python_files/lib/jedilsp/jedi/plugins/flask.py", line 20, in wrapper
    return callback(inference_state, import_names, module_context, *args, **kwargs)
  File "/usr/local/lib/code-server-4.103.2/lib/vscode/extensions/ms-python.python-2025.12.0/python_files/lib/jedilsp/jedi/inference/gradual/typeshed.py", line 115, in wrapper
    python_value_set = ValueSet.from_sets(
  File "/usr/local/lib/code-server-4.103.2/lib/vscode/extensions/ms-python.python-2025.12.0/python_files/lib/jedilsp/jedi/inference/base_value.py", line 430, in from_sets
    for set_ in sets:
  File "/usr/local/lib/code-server-4.103.2/lib/vscode/extensions/ms-python.python-2025.12.0/python_files/lib/jedilsp/jedi/inference/gradual/typeshed.py", line 116, in <genexpr>
    func(inference_state, import_names, p, sys_path,)
  File "/usr/local/lib/code-server-4.103.2/lib/vscode/extensions/ms-python.python-2025.12.0/python_files/lib/jedilsp/jedi/inference/imports.py", line 411, in import_module
    file_io_or_ns, is_pkg = inference_state.compiled_subprocess.get_module_info(
  File "/usr/local/lib/code-server-4.103.2/lib/vscode/extensions/ms-python.python-2025.12.0/python_files/lib/jedilsp/jedi/inference/compiled/subprocess/__init__.py", line 188, in wrapper
    result = self._compiled_subprocess.run(
  File "/usr/local/lib/code-server-4.103.2/lib/vscode/extensions/ms-python.python-2025.12.0/python_files/lib/jedilsp/jedi/inference/compiled/subprocess/__init__.py", line 293, in run
    self._send(delete_id, None)
  File "/usr/local/lib/code-server-4.103.2/lib/vscode/extensions/ms-python.python-2025.12.0/python_files/lib/jedilsp/jedi/inference/compiled/subprocess/__init__.py", line 318, in _send
    is_exception, traceback, result = pickle_load(self._get_process().stdout)
  File "/usr/local/lib/code-server-4.103.2/lib/vscode/extensions/ms-python.python-2025.12.0/python_files/lib/jedilsp/jedi/_compatibility.py", line 25, in pickle_load
    return Unpickler(file).load()
_pickle.UnpicklingError: invalid load key, ' '.

2026-08-15 16:17:32.269 [info] [Error - 4:17:32 PM] Request textDocument/hover failed.
2026-08-15 16:17:32.275 [info]   Message: _pickle.UnpicklingError: invalid load key, ' '.
  Code: -32603 
[object Object]
2026-08-15 16:17:36.146 [info] semantic_tokens_range file:///voc/work/hello_llm.py 0:0-20:17
2026-08-15 16:17:36.148 [info] ERROR:pygls.protocol.json_rpc:Exception occurred for message "58": _pickle.UnpicklingError: invalid load key, ' '.
NoneType: None

2026-08-15 16:17:36.153 [info] [Error - 4:17:36 PM] Request textDocument/semanticTokens/range failed.
2026-08-15 16:17:36.153 [info]   Message: _pickle.UnpicklingError: invalid load key, ' '.
  Code: -32603 
[object Object]
