2026-08-15 16:18:23.998 [info] semantic_tokens_full file:///voc/work/hello_llm.py 
2026-08-15 16:18:24.019 [info] semantic_tokens_range file:///voc/work/hello_llm.py 0:0-20:17
2026-08-15 16:18:24.200 [info] ERROR:pygls.protocol.json_rpc:Failed to handle request 8 textDocument/documentSymbol DocumentSymbolParams(text_document=TextDocumentIdentifier(uri='file:///voc/work/hello_llm.py'), work_done_token=None, partial_result_token=None)
Traceback (most recent call last):
  File "/usr/local/lib/code-server-4.103.2/lib/vscode/extensions/ms-python.python-2025.12.0/python_files/lib/jedilsp/pygls/protocol/json_rpc.py", line 266, in _handle_request
    self._execute_request(msg_id, handler, params)
  File "/usr/local/lib/code-server-4.103.2/lib/vscode/extensions/ms-python.python-2025.12.0/python_files/lib/jedilsp/pygls/protocol/json_rpc.py", line 188, in _execute_request
    self._send_response(msg_id, handler(params))
  File "/usr/local/lib/code-server-4.103.2/lib/vscode/extensions/ms-python.python-2025.12.0/python_files/lib/jedilsp/jedi_language_server/server.py", line 546, in document_symbol
    document_symbols = jedi_utils.lsp_document_symbols(names)
  File "/usr/local/lib/code-server-4.103.2/lib/vscode/extensions/ms-python.python-2025.12.0/python_files/lib/jedilsp/jedi_language_server/jedi_utils.py", line 225, in lsp_document_symbols
    symbol_range = _document_symbol_range(name)
  File "/usr/local/lib/code-server-4.103.2/lib/vscode/extensions/ms-python.python-2025.12.0/python_files/lib/jedilsp/jedi_language_server/jedi_utils.py", line 204, in _document_symbol_range
    end = name.get_definition_end_position()
  File "/usr/local/lib/code-server-4.103.2/lib/vscode/extensions/ms-python.python-2025.12.0/python_files/lib/jedilsp/jedi/api/classes.py", line 260, in get_definition_end_position
    if self.type in ("function", "class"):
  File "/usr/local/lib/code-server-4.103.2/lib/vscode/extensions/ms-python.python-2025.12.0/python_files/lib/jedilsp/jedi/api/classes.py", line 190, in type
    for value in self._name.infer():
  File "/usr/local/lib/code-server-4.103.2/lib/vscode/extensions/ms-python.python-2025.12.0/python_files/lib/jedilsp/jedi/inference/names.py", line 281, in infer
    return tree_name_to_values(
  File "/usr/local/lib/code-server-4.103.2/lib/vscode/extensions/ms-python.python-2025.12.0/python_files/lib/jedilsp/jedi/plugins/__init__.py", line 21, in wrapper
    return built_functions[public_name](*args, **kwargs)
  File "/usr/local/lib/code-server-4.103.2/lib/vscode/extensions/ms-python.python-2025.12.0/python_files/lib/jedilsp/jedi/plugins/stdlib.py", line 878, in wrapper
    return func(inference_state, context, tree_name)
  File "/usr/local/lib/code-server-4.103.2/lib/vscode/extensions/ms-python.python-2025.12.0/python_files/lib/jedilsp/jedi/plugins/django.py", line 177, in wrapper
    result = func(inference_state, context, tree_name)
  File "/usr/local/lib/code-server-4.103.2/lib/vscode/extensions/ms-python.python-2025.12.0/python_files/lib/jedilsp/jedi/inference/syntax_tree.py", line 771, in tree_name_to_values
    types = imports.infer_import(context, tree_name)
  File "/usr/local/lib/code-server-4.103.2/lib/vscode/extensions/ms-python.python-2025.12.0/python_files/lib/jedilsp/jedi/inference/cache.py", line 44, in wrapper
    rv = function(obj, *args, **kwargs)
  File "/usr/local/lib/code-server-4.103.2/lib/vscode/extensions/ms-python.python-2025.12.0/python_files/lib/jedilsp/jedi/inference/imports.py", line 57, in infer_import
    values = values.py__getattribute__(
  File "/usr/local/lib/code-server-4.103.2/lib/vscode/extensions/ms-python.python-2025.12.0/python_files/lib/jedilsp/jedi/inference/base_value.py", line 496, in py__getattribute__
    return ValueSet.from_sets(c.py__getattribute__(*args, **kwargs) for c in self._set)
  File "/usr/local/lib/code-server-4.103.2/lib/vscode/extensions/ms-python.python-2025.12.0/python_files/lib/jedilsp/jedi/inference/base_value.py", line 430, in from_sets
    for set_ in sets:
  File "/usr/local/lib/code-server-4.103.2/lib/vscode/extensions/ms-python.python-2025.12.0/python_files/lib/jedilsp/jedi/inference/base_value.py", line 496, in <genexpr>
    return ValueSet.from_sets(c.py__getattribute__(*args, **kwargs) for c in self._set)
  File "/usr/local/lib/code-server-4.103.2/lib/vscode/extensions/ms-python.python-2025.12.0/python_files/lib/jedilsp/jedi/inference/base_value.py", line 84, in py__getattribute__
    values = ValueSet.from_sets(name.infer() for name in names)
  File "/usr/local/lib/code-server-4.103.2/lib/vscode/extensions/ms-python.python-2025.12.0/python_files/lib/jedilsp/jedi/inference/base_value.py", line 430, in from_sets
    for set_ in sets:
  File "/usr/local/lib/code-server-4.103.2/lib/vscode/extensions/ms-python.python-2025.12.0/python_files/lib/jedilsp/jedi/inference/base_value.py", line 84, in <genexpr>
    values = ValueSet.from_sets(name.infer() for name in names)
  File "/usr/local/lib/code-server-4.103.2/lib/vscode/extensions/ms-python.python-2025.12.0/python_files/lib/jedilsp/jedi/inference/names.py", line 281, in infer
    return tree_name_to_values(
  File "/usr/local/lib/code-server-4.103.2/lib/vscode/extensions/ms-python.python-2025.12.0/python_files/lib/jedilsp/jedi/plugins/__init__.py", line 21, in wrapper
    return built_functions[public_name](*args, **kwargs)
  File "/usr/local/lib/code-server-4.103.2/lib/vscode/extensions/ms-python.python-2025.12.0/python_files/lib/jedilsp/jedi/plugins/stdlib.py", line 878, in wrapper
    return func(inference_state, context, tree_name)
  File "/usr/local/lib/code-server-4.103.2/lib/vscode/extensions/ms-python.python-2025.12.0/python_files/lib/jedilsp/jedi/plugins/django.py", line 177, in wrapper
    result = func(inference_state, context, tree_name)
  File "/usr/local/lib/code-server-4.103.2/lib/vscode/extensions/ms-python.python-2025.12.0/python_files/lib/jedilsp/jedi/inference/syntax_tree.py", line 771, in tree_name_to_values
    types = imports.infer_import(context, tree_name)
  File "/usr/local/lib/code-server-4.103.2/lib/vscode/extensions/ms-python.python-2025.12.0/python_files/lib/jedilsp/jedi/inference/cache.py", line 44, in wrapper
    rv = function(obj, *args, **kwargs)
  File "/usr/local/lib/code-server-4.103.2/lib/vscode/extensions/ms-python.python-2025.12.0/python_files/lib/jedilsp/jedi/inference/imports.py", line 53, in infer_import
    _prepare_infer_import(module_context, tree_name)
  File "/usr/local/lib/code-server-4.103.2/lib/vscode/extensions/ms-python.python-2025.12.0/python_files/lib/jedilsp/jedi/inference/imports.py", line 116, in _prepare_infer_import
    return from_import_name, tuple(import_path), import_node.level, importer.follow()
  File "/usr/local/lib/code-server-4.103.2/lib/vscode/extensions/ms-python.python-2025.12.0/python_files/lib/jedilsp/jedi/inference/imports.py", line 296, in follow
    return import_module_by_names(
  File "/usr/local/lib/code-server-4.103.2/lib/vscode/extensions/ms-python.python-2025.12.0/python_files/lib/jedilsp/jedi/inference/imports.py", line 376, in import_module_by_names
    value_set = ValueSet.from_sets([
  File "/usr/local/lib/code-server-4.103.2/lib/vscode/extensions/ms-python.python-2025.12.0/python_files/lib/jedilsp/jedi/inference/imports.py", line 377, in <listcomp>
    import_module(
  File "/usr/local/lib/code-server-4.103.2/lib/vscode/extensions/ms-python.python-2025.12.0/python_files/lib/jedilsp/jedi/plugins/__init__.py", line 21, in wrapper
    return built_functions[public_name](*args, **kwargs)
  File "/usr/local/lib/code-server-4.103.2/lib/vscode/extensions/ms-python.python-2025.12.0/python_files/lib/jedilsp/jedi/plugins/flask.py", line 20, in wrapper
    return callback(inference_state, import_names, module_context, *args, **kwargs)
  File "/usr/local/lib/code-server-4.103.2/lib/vscode/extensions/ms-python.python-2025.12.0/python_files/lib/jedilsp/jedi/inference/gradual/typeshed.py", line 115, in wrapper
    python_value_set = ValueSet.from_sets(
  File "/usr/local/lib/code-server-4.103.2/lib/vscode/extensions/ms-python.python-2025.12.0/python_files/lib/jedilsp/jedi/inference/base_value.py", line 430, in from_sets
    for set_ in sets:
  File "/usr/local/lib/code-server-4.103.2/lib/vscode/extensions/ms-python.python-2025.12.0/python_files/lib/jedilsp/jedi/inference/gradual/typeshed.py", line 116, in <genexpr>
    func(inference_state, import_names, p, sys_path,)
  File "/usr/local/lib/code-server-4.103.2/lib/vscode/extensions/ms-python.python-2025.12.0/python_files/lib/jedilsp/jedi/inference/imports.py", line 425, in import_module
    file_io_or_ns, is_pkg = inference_state.compiled_subprocess.get_module_info(
  File "/usr/local/lib/code-server-4.103.2/lib/vscode/extensions/ms-python.python-2025.12.0/python_files/lib/jedilsp/jedi/inference/compiled/subprocess/__init__.py", line 188, in wrapper
    result = self._compiled_subprocess.run(
  File "/usr/local/lib/code-server-4.103.2/lib/vscode/extensions/ms-python.python-2025.12.0/python_files/lib/jedilsp/jedi/inference/compiled/subprocess/__init__.py", line 296, in run
    return self._send(inference_state_id, function, args, kwargs)
  File "/usr/local/lib/code-server-4.103.2/lib/vscode/extensions/ms-python.python-2025.12.0/python_files/lib/jedilsp/jedi/inference/compiled/subprocess/__init__.py", line 318, in _send
    is_exception, traceback, result = pickle_load(self._get_process().stdout)
  File "/usr/local/lib/code-server-4.103.2/lib/vscode/extensions/ms-python.python-2025.12.0/python_files/lib/jedilsp/jedi/_compatibility.py", line 25, in pickle_load
    return Unpickler(file).load()
_pickle.UnpicklingError: unpickling stack underflow

2026-08-15 16:18:24.200 [info] ERROR:pygls.protocol.json_rpc:Exception occurred for message "7": _pickle.UnpicklingError: invalid load key, ' '.
NoneType: None

2026-08-15 16:18:24.201 [info] ERROR:pygls.protocol.json_rpc:Exception occurred for message "6": _pickle.UnpicklingError: invalid load key, ' '.
NoneType: None

2026-08-15 16:18:24.204 [info] [Error - 4:18:24 PM] Request textDocument/semanticTokens/range failed.
2026-08-15 16:18:24.207 [info]   Message: _pickle.UnpicklingError: invalid load key, ' '.
  Code: -32603 
[object Object]
2026-08-15 16:18:24.208 [info] [Error - 4:18:24 PM] Request textDocument/semanticTokens/full failed.
2026-08-15 16:18:24.211 [info]   Message: _pickle.UnpicklingError: invalid load key, ' '.
  Code: -32603 
[object Object]
2026-08-15 16:18:24.211 [info] [Error - 4:18:24 PM] Request textDocument/documentSymbol failed.
2026-08-15 16:18:24.211 [info]   Message: _pickle.UnpicklingError: unpickling stack underflow
  Code: -32603 
[object Object]
2026-08-15 16:18:25.063 [info] ERROR:pygls.protocol.json_rpc:Failed to handle request 10 textDocument/documentSymbol DocumentSymbolParams(text_document=TextDocumentIdentifier(uri='file:///voc/work/hello_llm.py'), work_done_token=None, partial_result_token=None)
Traceback (most recent call last):
  File "/usr/local/lib/code-server-4.103.2/lib/vscode/extensions/ms-python.python-2025.12.0/python_files/lib/jedilsp/pygls/protocol/json_rpc.py", line 266, in _handle_request
    self._execute_request(msg_id, handler, params)
  File "/usr/local/lib/code-server-4.103.2/lib/vscode/extensions/ms-python.python-2025.12.0/python_files/lib/jedilsp/pygls/protocol/json_rpc.py", line 188, in _execute_request
    self._send_response(msg_id, handler(params))
  File "/usr/local/lib/code-server-4.103.2/lib/vscode/extensions/ms-python.python-2025.12.0/python_files/lib/jedilsp/jedi_language_server/server.py", line 546, in document_symbol
    document_symbols = jedi_utils.lsp_document_symbols(names)
  File "/usr/local/lib/code-server-4.103.2/lib/vscode/extensions/ms-python.python-2025.12.0/python_files/lib/jedilsp/jedi_language_server/jedi_utils.py", line 225, in lsp_document_symbols
    symbol_range = _document_symbol_range(name)
  File "/usr/local/lib/code-server-4.103.2/lib/vscode/extensions/ms-python.python-2025.12.0/python_files/lib/jedilsp/jedi_language_server/jedi_utils.py", line 204, in _document_symbol_range
    end = name.get_definition_end_position()
  File "/usr/local/lib/code-server-4.103.2/lib/vscode/extensions/ms-python.python-2025.12.0/python_files/lib/jedilsp/jedi/api/classes.py", line 260, in get_definition_end_position
    if self.type in ("function", "class"):
  File "/usr/local/lib/code-server-4.103.2/lib/vscode/extensions/ms-python.python-2025.12.0/python_files/lib/jedilsp/jedi/api/classes.py", line 190, in type
    for value in self._name.infer():
  File "/usr/local/lib/code-server-4.103.2/lib/vscode/extensions/ms-python.python-2025.12.0/python_files/lib/jedilsp/jedi/inference/names.py", line 281, in infer
    return tree_name_to_values(
  File "/usr/local/lib/code-server-4.103.2/lib/vscode/extensions/ms-python.python-2025.12.0/python_files/lib/jedilsp/jedi/plugins/__init__.py", line 21, in wrapper
    return built_functions[public_name](*args, **kwargs)
  File "/usr/local/lib/code-server-4.103.2/lib/vscode/extensions/ms-python.python-2025.12.0/python_files/lib/jedilsp/jedi/plugins/stdlib.py", line 878, in wrapper
    return func(inference_state, context, tree_name)
  File "/usr/local/lib/code-server-4.103.2/lib/vscode/extensions/ms-python.python-2025.12.0/python_files/lib/jedilsp/jedi/plugins/django.py", line 177, in wrapper
    result = func(inference_state, context, tree_name)
  File "/usr/local/lib/code-server-4.103.2/lib/vscode/extensions/ms-python.python-2025.12.0/python_files/lib/jedilsp/jedi/inference/syntax_tree.py", line 771, in tree_name_to_values
    types = imports.infer_import(context, tree_name)
  File "/usr/local/lib/code-server-4.103.2/lib/vscode/extensions/ms-python.python-2025.12.0/python_files/lib/jedilsp/jedi/inference/cache.py", line 44, in wrapper
    rv = function(obj, *args, **kwargs)
  File "/usr/local/lib/code-server-4.103.2/lib/vscode/extensions/ms-python.python-2025.12.0/python_files/lib/jedilsp/jedi/inference/imports.py", line 53, in infer_import
    _prepare_infer_import(module_context, tree_name)
  File "/usr/local/lib/code-server-4.103.2/lib/vscode/extensions/ms-python.python-2025.12.0/python_files/lib/jedilsp/jedi/inference/imports.py", line 116, in _prepare_infer_import
    return from_import_name, tuple(import_path), import_node.level, importer.follow()
  File "/usr/local/lib/code-server-4.103.2/lib/vscode/extensions/ms-python.python-2025.12.0/python_files/lib/jedilsp/jedi/inference/imports.py", line 296, in follow
    return import_module_by_names(
  File "/usr/local/lib/code-server-4.103.2/lib/vscode/extensions/ms-python.python-2025.12.0/python_files/lib/jedilsp/jedi/inference/imports.py", line 376, in import_module_by_names
    value_set = ValueSet.from_sets([
  File "/usr/local/lib/code-server-4.103.2/lib/vscode/extensions/ms-python.python-2025.12.0/python_files/lib/jedilsp/jedi/inference/imports.py", line 377, in <listcomp>
    import_module(
  File "/usr/local/lib/code-server-4.103.2/lib/vscode/extensions/ms-python.python-2025.12.0/python_files/lib/jedilsp/jedi/plugins/__init__.py", line 21, in wrapper
    return built_functions[public_name](*args, **kwargs)
  File "/usr/local/lib/code-server-4.103.2/lib/vscode/extensions/ms-python.python-2025.12.0/python_files/lib/jedilsp/jedi/plugins/flask.py", line 20, in wrapper
    return callback(inference_state, import_names, module_context, *args, **kwargs)
  File "/usr/local/lib/code-server-4.103.2/lib/vscode/extensions/ms-python.python-2025.12.0/python_files/lib/jedilsp/jedi/inference/gradual/typeshed.py", line 115, in wrapper
    python_value_set = ValueSet.from_sets(
  File "/usr/local/lib/code-server-4.103.2/lib/vscode/extensions/ms-python.python-2025.12.0/python_files/lib/jedilsp/jedi/inference/base_value.py", line 430, in from_sets
    for set_ in sets:
  File "/usr/local/lib/code-server-4.103.2/lib/vscode/extensions/ms-python.python-2025.12.0/python_files/lib/jedilsp/jedi/inference/gradual/typeshed.py", line 116, in <genexpr>
    func(inference_state, import_names, p, sys_path,)
  File "/usr/local/lib/code-server-4.103.2/lib/vscode/extensions/ms-python.python-2025.12.0/python_files/lib/jedilsp/jedi/inference/imports.py", line 411, in import_module
    file_io_or_ns, is_pkg = inference_state.compiled_subprocess.get_module_info(
  File "/usr/local/lib/code-server-4.103.2/lib/vscode/extensions/ms-python.python-2025.12.0/python_files/lib/jedilsp/jedi/inference/compiled/subprocess/__init__.py", line 188, in wrapper
    result = self._compiled_subprocess.run(
  File "/usr/local/lib/code-server-4.103.2/lib/vscode/extensions/ms-python.python-2025.12.0/python_files/lib/jedilsp/jedi/inference/compiled/subprocess/__init__.py", line 296, in run
    return self._send(inference_state_id, function, args, kwargs)
  File "/usr/local/lib/code-server-4.103.2/lib/vscode/extensions/ms-python.python-2025.12.0/python_files/lib/jedilsp/jedi/inference/compiled/subprocess/__init__.py", line 318, in _send
    is_exception, traceback, result = pickle_load(self._get_process().stdout)
  File "/usr/local/lib/code-server-4.103.2/lib/vscode/extensions/ms-python.python-2025.12.0/python_files/lib/jedilsp/jedi/_compatibility.py", line 25, in pickle_load
    return Unpickler(file).load()
_pickle.UnpicklingError: invalid load key, ' '.

2026-08-15 16:18:25.064 [info] [Error - 4:18:25 PM] Request textDocument/documentSymbol failed.
2026-08-15 16:18:25.067 [info]   Message: _pickle.UnpicklingError: invalid load key, ' '.
  Code: -32603 
[object Object]
2026-08-15 16:18:25.434 [info] ERROR:pygls.protocol.json_rpc:Failed to handle request 12 textDocument/documentSymbol DocumentSymbolParams(text_document=TextDocumentIdentifier(uri='file:///voc/work/hello_llm.py'), work_done_token=None, partial_result_token=None)
Traceback (most recent call last):
  File "/usr/local/lib/code-server-4.103.2/lib/vscode/extensions/ms-python.python-2025.12.0/python_files/lib/jedilsp/pygls/protocol/json_rpc.py", line 266, in _handle_request
    self._execute_request(msg_id, handler, params)
  File "/usr/local/lib/code-server-4.103.2/lib/vscode/extensions/ms-python.python-2025.12.0/python_files/lib/jedilsp/pygls/protocol/json_rpc.py", line 188, in _execute_request
    self._send_response(msg_id, handler(params))
  File "/usr/local/lib/code-server-4.103.2/lib/vscode/extensions/ms-python.python-2025.12.0/python_files/lib/jedilsp/jedi_language_server/server.py", line 546, in document_symbol
    document_symbols = jedi_utils.lsp_document_symbols(names)
  File "/usr/local/lib/code-server-4.103.2/lib/vscode/extensions/ms-python.python-2025.12.0/python_files/lib/jedilsp/jedi_language_server/jedi_utils.py", line 225, in lsp_document_symbols
    symbol_range = _document_symbol_range(name)
  File "/usr/local/lib/code-server-4.103.2/lib/vscode/extensions/ms-python.python-2025.12.0/python_files/lib/jedilsp/jedi_language_server/jedi_utils.py", line 204, in _document_symbol_range
    end = name.get_definition_end_position()
  File "/usr/local/lib/code-server-4.103.2/lib/vscode/extensions/ms-python.python-2025.12.0/python_files/lib/jedilsp/jedi/api/classes.py", line 260, in get_definition_end_position
    if self.type in ("function", "class"):
  File "/usr/local/lib/code-server-4.103.2/lib/vscode/extensions/ms-python.python-2025.12.0/python_files/lib/jedilsp/jedi/api/classes.py", line 190, in type
    for value in self._name.infer():
  File "/usr/local/lib/code-server-4.103.2/lib/vscode/extensions/ms-python.python-2025.12.0/python_files/lib/jedilsp/jedi/inference/names.py", line 281, in infer
    return tree_name_to_values(
  File "/usr/local/lib/code-server-4.103.2/lib/vscode/extensions/ms-python.python-2025.12.0/python_files/lib/jedilsp/jedi/plugins/__init__.py", line 21, in wrapper
    return built_functions[public_name](*args, **kwargs)
  File "/usr/local/lib/code-server-4.103.2/lib/vscode/extensions/ms-python.python-2025.12.0/python_files/lib/jedilsp/jedi/plugins/stdlib.py", line 878, in wrapper
    return func(inference_state, context, tree_name)
  File "/usr/local/lib/code-server-4.103.2/lib/vscode/extensions/ms-python.python-2025.12.0/python_files/lib/jedilsp/jedi/plugins/django.py", line 177, in wrapper
    result = func(inference_state, context, tree_name)
  File "/usr/local/lib/code-server-4.103.2/lib/vscode/extensions/ms-python.python-2025.12.0/python_files/lib/jedilsp/jedi/inference/syntax_tree.py", line 771, in tree_name_to_values
    types = imports.infer_import(context, tree_name)
  File "/usr/local/lib/code-server-4.103.2/lib/vscode/extensions/ms-python.python-2025.12.0/python_files/lib/jedilsp/jedi/inference/cache.py", line 44, in wrapper
    rv = function(obj, *args, **kwargs)
  File "/usr/local/lib/code-server-4.103.2/lib/vscode/extensions/ms-python.python-2025.12.0/python_files/lib/jedilsp/jedi/inference/imports.py", line 53, in infer_import
    _prepare_infer_import(module_context, tree_name)
  File "/usr/local/lib/code-server-4.103.2/lib/vscode/extensions/ms-python.python-2025.12.0/python_files/lib/jedilsp/jedi/inference/imports.py", line 116, in _prepare_infer_import
    return from_import_name, tuple(import_path), import_node.level, importer.follow()
  File "/usr/local/lib/code-server-4.103.2/lib/vscode/extensions/ms-python.python-2025.12.0/python_files/lib/jedilsp/jedi/inference/imports.py", line 296, in follow
    return import_module_by_names(
  File "/usr/local/lib/code-server-4.103.2/lib/vscode/extensions/ms-python.python-2025.12.0/python_files/lib/jedilsp/jedi/inference/imports.py", line 376, in import_module_by_names
    value_set = ValueSet.from_sets([
  File "/usr/local/lib/code-server-4.103.2/lib/vscode/extensions/ms-python.python-2025.12.0/python_files/lib/jedilsp/jedi/inference/imports.py", line 377, in <listcomp>
    import_module(
  File "/usr/local/lib/code-server-4.103.2/lib/vscode/extensions/ms-python.python-2025.12.0/python_files/lib/jedilsp/jedi/plugins/__init__.py", line 21, in wrapper
    return built_functions[public_name](*args, **kwargs)
  File "/usr/local/lib/code-server-4.103.2/lib/vscode/extensions/ms-python.python-2025.12.0/python_files/lib/jedilsp/jedi/plugins/flask.py", line 20, in wrapper
    return callback(inference_state, import_names, module_context, *args, **kwargs)
  File "/usr/local/lib/code-server-4.103.2/lib/vscode/extensions/ms-python.python-2025.12.0/python_files/lib/jedilsp/jedi/inference/gradual/typeshed.py", line 115, in wrapper
    python_value_set = ValueSet.from_sets(
  File "/usr/local/lib/code-server-4.103.2/lib/vscode/extensions/ms-python.python-2025.12.0/python_files/lib/jedilsp/jedi/inference/base_value.py", line 430, in from_sets
    for set_ in sets:
  File "/usr/local/lib/code-server-4.103.2/lib/vscode/extensions/ms-python.python-2025.12.0/python_files/lib/jedilsp/jedi/inference/gradual/typeshed.py", line 116, in <genexpr>
    func(inference_state, import_names, p, sys_path,)
  File "/usr/local/lib/code-server-4.103.2/lib/vscode/extensions/ms-python.python-2025.12.0/python_files/lib/jedilsp/jedi/inference/imports.py", line 411, in import_module
    file_io_or_ns, is_pkg = inference_state.compiled_subprocess.get_module_info(
  File "/usr/local/lib/code-server-4.103.2/lib/vscode/extensions/ms-python.python-2025.12.0/python_files/lib/jedilsp/jedi/inference/compiled/subprocess/__init__.py", line 188, in wrapper
    result = self._compiled_subprocess.run(
  File "/usr/local/lib/code-server-4.103.2/lib/vscode/extensions/ms-python.python-2025.12.0/python_files/lib/jedilsp/jedi/inference/compiled/subprocess/__init__.py", line 293, in run
    self._send(delete_id, None)
  File "/usr/local/lib/code-server-4.103.2/lib/vscode/extensions/ms-python.python-2025.12.0/python_files/lib/jedilsp/jedi/inference/compiled/subprocess/__init__.py", line 318, in _send
    is_exception, traceback, result = pickle_load(self._get_process().stdout)
  File "/usr/local/lib/code-server-4.103.2/lib/vscode/extensions/ms-python.python-2025.12.0/python_files/lib/jedilsp/jedi/_compatibility.py", line 25, in pickle_load
    return Unpickler(file).load()
_pickle.UnpicklingError: invalid load key, ' '.

2026-08-15 16:18:25.434 [info] [Error - 4:18:25 PM] Request textDocument/documentSymbol failed.
2026-08-15 16:18:25.437 [info]   Message: _pickle.UnpicklingError: invalid load key, ' '.
  Code: -32603 
[object Object]
2026-08-15 16:18:40.992 [info] ERROR:pygls.protocol.json_rpc:Failed to handle request 14 textDocument/documentSymbol DocumentSymbolParams(text_document=TextDocumentIdentifier(uri='file:///voc/work/hello_llm.py'), work_done_token=None, partial_result_token=None)
Traceback (most recent call last):
  File "/usr/local/lib/code-server-4.103.2/lib/vscode/extensions/ms-python.python-2025.12.0/python_files/lib/jedilsp/pygls/protocol/json_rpc.py", line 266, in _handle_request
    self._execute_request(msg_id, handler, params)
  File "/usr/local/lib/code-server-4.103.2/lib/vscode/extensions/ms-python.python-2025.12.0/python_files/lib/jedilsp/pygls/protocol/json_rpc.py", line 188, in _execute_request
    self._send_response(msg_id, handler(params))
  File "/usr/local/lib/code-server-4.103.2/lib/vscode/extensions/ms-python.python-2025.12.0/python_files/lib/jedilsp/jedi_language_server/server.py", line 546, in document_symbol
    document_symbols = jedi_utils.lsp_document_symbols(names)
  File "/usr/local/lib/code-server-4.103.2/lib/vscode/extensions/ms-python.python-2025.12.0/python_files/lib/jedilsp/jedi_language_server/jedi_utils.py", line 225, in lsp_document_symbols
    symbol_range = _document_symbol_range(name)
  File "/usr/local/lib/code-server-4.103.2/lib/vscode/extensions/ms-python.python-2025.12.0/python_files/lib/jedilsp/jedi_language_server/jedi_utils.py", line 204, in _document_symbol_range
    end = name.get_definition_end_position()
  File "/usr/local/lib/code-server-4.103.2/lib/vscode/extensions/ms-python.python-2025.12.0/python_files/lib/jedilsp/jedi/api/classes.py", line 260, in get_definition_end_position
    if self.type in ("function", "class"):
  File "/usr/local/lib/code-server-4.103.2/lib/vscode/extensions/ms-python.python-2025.12.0/python_files/lib/jedilsp/jedi/api/classes.py", line 190, in type
    for value in self._name.infer():
  File "/usr/local/lib/code-server-4.103.2/lib/vscode/extensions/ms-python.python-2025.12.0/python_files/lib/jedilsp/jedi/inference/names.py", line 281, in infer
    return tree_name_to_values(
  File "/usr/local/lib/code-server-4.103.2/lib/vscode/extensions/ms-python.python-2025.12.0/python_files/lib/jedilsp/jedi/plugins/__init__.py", line 21, in wrapper
    return built_functions[public_name](*args, **kwargs)
  File "/usr/local/lib/code-server-4.103.2/lib/vscode/extensions/ms-python.python-2025.12.0/python_files/lib/jedilsp/jedi/plugins/stdlib.py", line 878, in wrapper
    return func(inference_state, context, tree_name)
  File "/usr/local/lib/code-server-4.103.2/lib/vscode/extensions/ms-python.python-2025.12.0/python_files/lib/jedilsp/jedi/plugins/django.py", line 177, in wrapper
    result = func(inference_state, context, tree_name)
  File "/usr/local/lib/code-server-4.103.2/lib/vscode/extensions/ms-python.python-2025.12.0/python_files/lib/jedilsp/jedi/inference/syntax_tree.py", line 771, in tree_name_to_values
    types = imports.infer_import(context, tree_name)
  File "/usr/local/lib/code-server-4.103.2/lib/vscode/extensions/ms-python.python-2025.12.0/python_files/lib/jedilsp/jedi/inference/cache.py", line 44, in wrapper
    rv = function(obj, *args, **kwargs)
  File "/usr/local/lib/code-server-4.103.2/lib/vscode/extensions/ms-python.python-2025.12.0/python_files/lib/jedilsp/jedi/inference/imports.py", line 53, in infer_import
    _prepare_infer_import(module_context, tree_name)
  File "/usr/local/lib/code-server-4.103.2/lib/vscode/extensions/ms-python.python-2025.12.0/python_files/lib/jedilsp/jedi/inference/imports.py", line 116, in _prepare_infer_import
    return from_import_name, tuple(import_path), import_node.level, importer.follow()
  File "/usr/local/lib/code-server-4.103.2/lib/vscode/extensions/ms-python.python-2025.12.0/python_files/lib/jedilsp/jedi/inference/imports.py", line 296, in follow
    return import_module_by_names(
  File "/usr/local/lib/code-server-4.103.2/lib/vscode/extensions/ms-python.python-2025.12.0/python_files/lib/jedilsp/jedi/inference/imports.py", line 376, in import_module_by_names
    value_set = ValueSet.from_sets([
  File "/usr/local/lib/code-server-4.103.2/lib/vscode/extensions/ms-python.python-2025.12.0/python_files/lib/jedilsp/jedi/inference/imports.py", line 377, in <listcomp>
    import_module(
  File "/usr/local/lib/code-server-4.103.2/lib/vscode/extensions/ms-python.python-2025.12.0/python_files/lib/jedilsp/jedi/plugins/__init__.py", line 21, in wrapper
    return built_functions[public_name](*args, **kwargs)
  File "/usr/local/lib/code-server-4.103.2/lib/vscode/extensions/ms-python.python-2025.12.0/python_files/lib/jedilsp/jedi/plugins/flask.py", line 20, in wrapper
    return callback(inference_state, import_names, module_context, *args, **kwargs)
  File "/usr/local/lib/code-server-4.103.2/lib/vscode/extensions/ms-python.python-2025.12.0/python_files/lib/jedilsp/jedi/inference/gradual/typeshed.py", line 115, in wrapper
    python_value_set = ValueSet.from_sets(
  File "/usr/local/lib/code-server-4.103.2/lib/vscode/extensions/ms-python.python-2025.12.0/python_files/lib/jedilsp/jedi/inference/base_value.py", line 430, in from_sets
    for set_ in sets:
  File "/usr/local/lib/code-server-4.103.2/lib/vscode/extensions/ms-python.python-2025.12.0/python_files/lib/jedilsp/jedi/inference/gradual/typeshed.py", line 116, in <genexpr>
    func(inference_state, import_names, p, sys_path,)
  File "/usr/local/lib/code-server-4.103.2/lib/vscode/extensions/ms-python.python-2025.12.0/python_files/lib/jedilsp/jedi/inference/imports.py", line 411, in import_module
    file_io_or_ns, is_pkg = inference_state.compiled_subprocess.get_module_info(
  File "/usr/local/lib/code-server-4.103.2/lib/vscode/extensions/ms-python.python-2025.12.0/python_files/lib/jedilsp/jedi/inference/compiled/subprocess/__init__.py", line 188, in wrapper
    result = self._compiled_subprocess.run(
  File "/usr/local/lib/code-server-4.103.2/lib/vscode/extensions/ms-python.python-2025.12.0/python_files/lib/jedilsp/jedi/inference/compiled/subprocess/__init__.py", line 293, in run
    self._send(delete_id, None)
  File "/usr/local/lib/code-server-4.103.2/lib/vscode/extensions/ms-python.python-2025.12.0/python_files/lib/jedilsp/jedi/inference/compiled/subprocess/__init__.py", line 318, in _send
    is_exception, traceback, result = pickle_load(self._get_process().stdout)
  File "/usr/local/lib/code-server-4.103.2/lib/vscode/extensions/ms-python.python-2025.12.0/python_files/lib/jedilsp/jedi/_compatibility.py", line 25, in pickle_load
    return Unpickler(file).load()
_pickle.UnpicklingError: invalid load key, ' '.

2026-08-15 16:18:40.994 [info] [Error - 4:18:40 PM] Request textDocument/documentSymbol failed.
2026-08-15 16:18:40.998 [info]   Message: _pickle.UnpicklingError: invalid load key, ' '.
  Code: -32603 
[object Object]
2026-08-15 16:18:40.999 [info] ERROR:pygls.protocol.json_rpc:Exception occurred for message "16": _pickle.UnpicklingError: invalid load key, ' '.
NoneType: None

2026-08-15 16:18:41.003 [info] semantic_tokens_full file:///voc/work/hello_llm.py 
2026-08-15 16:18:41.003 [info] [Error - 4:18:41 PM] Request textDocument/semanticTokens/full failed.
2026-08-15 16:18:41.003 [info]   Message: _pickle.UnpicklingError: invalid load key, ' '.
  Code: -32603 
[object Object]
2026-08-15 16:18:41.306 [info] ERROR:pygls.protocol.json_rpc:Failed to handle request 17 textDocument/documentSymbol DocumentSymbolParams(text_document=TextDocumentIdentifier(uri='file:///voc/work/hello_llm.py'), work_done_token=None, partial_result_token=None)
Traceback (most recent call last):
  File "/usr/local/lib/code-server-4.103.2/lib/vscode/extensions/ms-python.python-2025.12.0/python_files/lib/jedilsp/pygls/protocol/json_rpc.py", line 266, in _handle_request
    self._execute_request(msg_id, handler, params)
  File "/usr/local/lib/code-server-4.103.2/lib/vscode/extensions/ms-python.python-2025.12.0/python_files/lib/jedilsp/pygls/protocol/json_rpc.py", line 188, in _execute_request
    self._send_response(msg_id, handler(params))
  File "/usr/local/lib/code-server-4.103.2/lib/vscode/extensions/ms-python.python-2025.12.0/python_files/lib/jedilsp/jedi_language_server/server.py", line 546, in document_symbol
    document_symbols = jedi_utils.lsp_document_symbols(names)
  File "/usr/local/lib/code-server-4.103.2/lib/vscode/extensions/ms-python.python-2025.12.0/python_files/lib/jedilsp/jedi_language_server/jedi_utils.py", line 225, in lsp_document_symbols
    symbol_range = _document_symbol_range(name)
  File "/usr/local/lib/code-server-4.103.2/lib/vscode/extensions/ms-python.python-2025.12.0/python_files/lib/jedilsp/jedi_language_server/jedi_utils.py", line 204, in _document_symbol_range
    end = name.get_definition_end_position()
  File "/usr/local/lib/code-server-4.103.2/lib/vscode/extensions/ms-python.python-2025.12.0/python_files/lib/jedilsp/jedi/api/classes.py", line 260, in get_definition_end_position
    if self.type in ("function", "class"):
  File "/usr/local/lib/code-server-4.103.2/lib/vscode/extensions/ms-python.python-2025.12.0/python_files/lib/jedilsp/jedi/api/classes.py", line 190, in type
    for value in self._name.infer():
  File "/usr/local/lib/code-server-4.103.2/lib/vscode/extensions/ms-python.python-2025.12.0/python_files/lib/jedilsp/jedi/inference/names.py", line 281, in infer
    return tree_name_to_values(
  File "/usr/local/lib/code-server-4.103.2/lib/vscode/extensions/ms-python.python-2025.12.0/python_files/lib/jedilsp/jedi/plugins/__init__.py", line 21, in wrapper
    return built_functions[public_name](*args, **kwargs)
  File "/usr/local/lib/code-server-4.103.2/lib/vscode/extensions/ms-python.python-2025.12.0/python_files/lib/jedilsp/jedi/plugins/stdlib.py", line 878, in wrapper
    return func(inference_state, context, tree_name)
  File "/usr/local/lib/code-server-4.103.2/lib/vscode/extensions/ms-python.python-2025.12.0/python_files/lib/jedilsp/jedi/plugins/django.py", line 177, in wrapper
    result = func(inference_state, context, tree_name)
  File "/usr/local/lib/code-server-4.103.2/lib/vscode/extensions/ms-python.python-2025.12.0/python_files/lib/jedilsp/jedi/inference/syntax_tree.py", line 771, in tree_name_to_values
    types = imports.infer_import(context, tree_name)
  File "/usr/local/lib/code-server-4.103.2/lib/vscode/extensions/ms-python.python-2025.12.0/python_files/lib/jedilsp/jedi/inference/cache.py", line 44, in wrapper
    rv = function(obj, *args, **kwargs)
  File "/usr/local/lib/code-server-4.103.2/lib/vscode/extensions/ms-python.python-2025.12.0/python_files/lib/jedilsp/jedi/inference/imports.py", line 53, in infer_import
    _prepare_infer_import(module_context, tree_name)
  File "/usr/local/lib/code-server-4.103.2/lib/vscode/extensions/ms-python.python-2025.12.0/python_files/lib/jedilsp/jedi/inference/imports.py", line 116, in _prepare_infer_import
    return from_import_name, tuple(import_path), import_node.level, importer.follow()
  File "/usr/local/lib/code-server-4.103.2/lib/vscode/extensions/ms-python.python-2025.12.0/python_files/lib/jedilsp/jedi/inference/imports.py", line 296, in follow
    return import_module_by_names(
  File "/usr/local/lib/code-server-4.103.2/lib/vscode/extensions/ms-python.python-2025.12.0/python_files/lib/jedilsp/jedi/inference/imports.py", line 376, in import_module_by_names
    value_set = ValueSet.from_sets([
  File "/usr/local/lib/code-server-4.103.2/lib/vscode/extensions/ms-python.python-2025.12.0/python_files/lib/jedilsp/jedi/inference/imports.py", line 377, in <listcomp>
    import_module(
  File "/usr/local/lib/code-server-4.103.2/lib/vscode/extensions/ms-python.python-2025.12.0/python_files/lib/jedilsp/jedi/plugins/__init__.py", line 21, in wrapper
    return built_functions[public_name](*args, **kwargs)
  File "/usr/local/lib/code-server-4.103.2/lib/vscode/extensions/ms-python.python-2025.12.0/python_files/lib/jedilsp/jedi/plugins/flask.py", line 20, in wrapper
    return callback(inference_state, import_names, module_context, *args, **kwargs)
  File "/usr/local/lib/code-server-4.103.2/lib/vscode/extensions/ms-python.python-2025.12.0/python_files/lib/jedilsp/jedi/inference/gradual/typeshed.py", line 115, in wrapper
    python_value_set = ValueSet.from_sets(
  File "/usr/local/lib/code-server-4.103.2/lib/vscode/extensions/ms-python.python-2025.12.0/python_files/lib/jedilsp/jedi/inference/base_value.py", line 430, in from_sets
    for set_ in sets:
  File "/usr/local/lib/code-server-4.103.2/lib/vscode/extensions/ms-python.python-2025.12.0/python_files/lib/jedilsp/jedi/inference/gradual/typeshed.py", line 116, in <genexpr>
    func(inference_state, import_names, p, sys_path,)
  File "/usr/local/lib/code-server-4.103.2/lib/vscode/extensions/ms-python.python-2025.12.0/python_files/lib/jedilsp/jedi/inference/imports.py", line 411, in import_module
    file_io_or_ns, is_pkg = inference_state.compiled_subprocess.get_module_info(
  File "/usr/local/lib/code-server-4.103.2/lib/vscode/extensions/ms-python.python-2025.12.0/python_files/lib/jedilsp/jedi/inference/compiled/subprocess/__init__.py", line 188, in wrapper
    result = self._compiled_subprocess.run(
  File "/usr/local/lib/code-server-4.103.2/lib/vscode/extensions/ms-python.python-2025.12.0/python_files/lib/jedilsp/jedi/inference/compiled/subprocess/__init__.py", line 296, in run
    return self._send(inference_state_id, function, args, kwargs)
  File "/usr/local/lib/code-server-4.103.2/lib/vscode/extensions/ms-python.python-2025.12.0/python_files/lib/jedilsp/jedi/inference/compiled/subprocess/__init__.py", line 318, in _send
    is_exception, traceback, result = pickle_load(self._get_process().stdout)
  File "/usr/local/lib/code-server-4.103.2/lib/vscode/extensions/ms-python.python-2025.12.0/python_files/lib/jedilsp/jedi/_compatibility.py", line 25, in pickle_load
    return Unpickler(file).load()
_pickle.UnpicklingError: invalid load key, ' '.

2026-08-15 16:18:41.307 [info] [Error - 4:18:41 PM] Request textDocument/documentSymbol failed.
2026-08-15 16:18:41.310 [info]   Message: _pickle.UnpicklingError: invalid load key, ' '.
  Code: -32603 
[object Object]
2026-08-15 16:18:41.419 [info] semantic_tokens_range file:///voc/work/hello_llm.py 0:0-20:17
2026-08-15 16:18:41.420 [info] ERROR:pygls.protocol.json_rpc:Exception occurred for message "18": _pickle.UnpicklingError: invalid load key, ' '.
NoneType: None

2026-08-15 16:18:41.424 [info] [Error - 4:18:41 PM] Request textDocument/semanticTokens/range failed.
2026-08-15 16:18:41.424 [info]   Message: _pickle.UnpicklingError: invalid load key, ' '.
  Code: -32603 
[object Object]
2026-08-15 16:20:08.542 [info] ERROR:pygls.protocol.json_rpc:Failed to handle request 19 textDocument/hover HoverParams(text_document=TextDocumentIdentifier(uri='file:///voc/work/hello_llm.py'), position=18:9, work_done_token=None)
Traceback (most recent call last):
  File "/usr/local/lib/code-server-4.103.2/lib/vscode/extensions/ms-python.python-2025.12.0/python_files/lib/jedilsp/pygls/protocol/json_rpc.py", line 266, in _handle_request
    self._execute_request(msg_id, handler, params)
  File "/usr/local/lib/code-server-4.103.2/lib/vscode/extensions/ms-python.python-2025.12.0/python_files/lib/jedilsp/pygls/protocol/json_rpc.py", line 188, in _execute_request
    self._send_response(msg_id, handler(params))
  File "/usr/local/lib/code-server-4.103.2/lib/vscode/extensions/ms-python.python-2025.12.0/python_files/lib/jedilsp/jedi_language_server/notebook_utils.py", line 373, in wrapped
    result = f(notebook_server, notebook_params)
  File "/usr/local/lib/code-server-4.103.2/lib/vscode/extensions/ms-python.python-2025.12.0/python_files/lib/jedilsp/jedi_language_server/server.py", line 486, in hover
    hover_text = jedi_utils.hover_text(
  File "/usr/local/lib/code-server-4.103.2/lib/vscode/extensions/ms-python.python-2025.12.0/python_files/lib/jedilsp/jedi_language_server/jedi_utils.py", line 681, in hover_text
    header_plain = "\n".join(get_full_signatures(name))
  File "/usr/local/lib/code-server-4.103.2/lib/vscode/extensions/ms-python.python-2025.12.0/python_files/lib/jedilsp/jedi_language_server/jedi_utils.py", line 626, in get_full_signatures
    signatures = name.get_signatures()
  File "/usr/local/lib/code-server-4.103.2/lib/vscode/extensions/ms-python.python-2025.12.0/python_files/lib/jedilsp/jedi/api/classes.py", line 581, in get_signatures
    for s in self._get_signatures()
  File "/usr/local/lib/code-server-4.103.2/lib/vscode/extensions/ms-python.python-2025.12.0/python_files/lib/jedilsp/jedi/api/classes.py", line 570, in _get_signatures
    return [sig for name in names for sig in name.infer().get_signatures()]
  File "/usr/local/lib/code-server-4.103.2/lib/vscode/extensions/ms-python.python-2025.12.0/python_files/lib/jedilsp/jedi/api/classes.py", line 570, in <listcomp>
    return [sig for name in names for sig in name.infer().get_signatures()]
  File "/usr/local/lib/code-server-4.103.2/lib/vscode/extensions/ms-python.python-2025.12.0/python_files/lib/jedilsp/jedi/inference/value/module.py", line 34, in infer
    return compiled.get_string_value_set(self.parent_context.inference_state)
  File "/usr/local/lib/code-server-4.103.2/lib/vscode/extensions/ms-python.python-2025.12.0/python_files/lib/jedilsp/jedi/inference/compiled/__init__.py", line 59, in get_string_value_set
    return builtin_from_name(inference_state, 'str').execute_with_values()
  File "/usr/local/lib/code-server-4.103.2/lib/vscode/extensions/ms-python.python-2025.12.0/python_files/lib/jedilsp/jedi/inference/compiled/__init__.py", line 10, in builtin_from_name
    typing_builtins_module = inference_state.builtins_module
  File "/usr/local/lib/code-server-4.103.2/lib/vscode/extensions/ms-python.python-2025.12.0/python_files/lib/jedilsp/jedi/inference/cache.py", line 44, in wrapper
    rv = function(obj, *args, **kwargs)
  File "/usr/local/lib/code-server-4.103.2/lib/vscode/extensions/ms-python.python-2025.12.0/python_files/lib/jedilsp/jedi/inference/__init__.py", line 129, in builtins_module
    builtins_module, = self.import_module((module_name,), sys_path=[])
  File "/usr/local/lib/code-server-4.103.2/lib/vscode/extensions/ms-python.python-2025.12.0/python_files/lib/jedilsp/jedi/inference/__init__.py", line 112, in import_module
    return imports.import_module_by_names(
  File "/usr/local/lib/code-server-4.103.2/lib/vscode/extensions/ms-python.python-2025.12.0/python_files/lib/jedilsp/jedi/inference/imports.py", line 376, in import_module_by_names
    value_set = ValueSet.from_sets([
  File "/usr/local/lib/code-server-4.103.2/lib/vscode/extensions/ms-python.python-2025.12.0/python_files/lib/jedilsp/jedi/inference/imports.py", line 377, in <listcomp>
    import_module(
  File "/usr/local/lib/code-server-4.103.2/lib/vscode/extensions/ms-python.python-2025.12.0/python_files/lib/jedilsp/jedi/plugins/__init__.py", line 21, in wrapper
    return built_functions[public_name](*args, **kwargs)
  File "/usr/local/lib/code-server-4.103.2/lib/vscode/extensions/ms-python.python-2025.12.0/python_files/lib/jedilsp/jedi/plugins/flask.py", line 20, in wrapper
    return callback(inference_state, import_names, module_context, *args, **kwargs)
  File "/usr/local/lib/code-server-4.103.2/lib/vscode/extensions/ms-python.python-2025.12.0/python_files/lib/jedilsp/jedi/inference/gradual/typeshed.py", line 115, in wrapper
    python_value_set = ValueSet.from_sets(
  File "/usr/local/lib/code-server-4.103.2/lib/vscode/extensions/ms-python.python-2025.12.0/python_files/lib/jedilsp/jedi/inference/base_value.py", line 430, in from_sets
    for set_ in sets:
  File "/usr/local/lib/code-server-4.103.2/lib/vscode/extensions/ms-python.python-2025.12.0/python_files/lib/jedilsp/jedi/inference/gradual/typeshed.py", line 116, in <genexpr>
    func(inference_state, import_names, p, sys_path,)
  File "/usr/local/lib/code-server-4.103.2/lib/vscode/extensions/ms-python.python-2025.12.0/python_files/lib/jedilsp/jedi/inference/imports.py", line 411, in import_module
    file_io_or_ns, is_pkg = inference_state.compiled_subprocess.get_module_info(
  File "/usr/local/lib/code-server-4.103.2/lib/vscode/extensions/ms-python.python-2025.12.0/python_files/lib/jedilsp/jedi/inference/compiled/subprocess/__init__.py", line 188, in wrapper
    result = self._compiled_subprocess.run(
  File "/usr/local/lib/code-server-4.103.2/lib/vscode/extensions/ms-python.python-2025.12.0/python_files/lib/jedilsp/jedi/inference/compiled/subprocess/__init__.py", line 296, in run
    return self._send(inference_state_id, function, args, kwargs)
  File "/usr/local/lib/code-server-4.103.2/lib/vscode/extensions/ms-python.python-2025.12.0/python_files/lib/jedilsp/jedi/inference/compiled/subprocess/__init__.py", line 318, in _send
    is_exception, traceback, result = pickle_load(self._get_process().stdout)
  File "/usr/local/lib/code-server-4.103.2/lib/vscode/extensions/ms-python.python-2025.12.0/python_files/lib/jedilsp/jedi/_compatibility.py", line 25, in pickle_load
    return Unpickler(file).load()
_pickle.UnpicklingError: invalid load key, ' '.

2026-08-15 16:20:08.543 [info] [Error - 4:20:08 PM] Request textDocument/hover failed.
2026-08-15 16:20:08.543 [info]   Message: _pickle.UnpicklingError: invalid load key, ' '.
  Code: -32603 
[object Object]
2026-08-15 16:20:08.962 [info] ERROR:pygls.protocol.json_rpc:Failed to handle request 20 textDocument/hover HoverParams(text_document=TextDocumentIdentifier(uri='file:///voc/work/hello_llm.py'), position=19:7, work_done_token=None)
Traceback (most recent call last):
  File "/usr/local/lib/code-server-4.103.2/lib/vscode/extensions/ms-python.python-2025.12.0/python_files/lib/jedilsp/pygls/protocol/json_rpc.py", line 266, in _handle_request
    self._execute_request(msg_id, handler, params)
  File "/usr/local/lib/code-server-4.103.2/lib/vscode/extensions/ms-python.python-2025.12.0/python_files/lib/jedilsp/pygls/protocol/json_rpc.py", line 188, in _execute_request
    self._send_response(msg_id, handler(params))
  File "/usr/local/lib/code-server-4.103.2/lib/vscode/extensions/ms-python.python-2025.12.0/python_files/lib/jedilsp/jedi_language_server/notebook_utils.py", line 373, in wrapped
    result = f(notebook_server, notebook_params)
  File "/usr/local/lib/code-server-4.103.2/lib/vscode/extensions/ms-python.python-2025.12.0/python_files/lib/jedilsp/jedi_language_server/server.py", line 487, in hover
    jedi_script.help(*jedi_lines),
  File "/usr/local/lib/code-server-4.103.2/lib/vscode/extensions/ms-python.python-2025.12.0/python_files/lib/jedilsp/jedi/api/helpers.py", line 487, in wrapper
    return func(self, line, column, *args, **kwargs)
  File "/usr/local/lib/code-server-4.103.2/lib/vscode/extensions/ms-python.python-2025.12.0/python_files/lib/jedilsp/jedi/api/__init__.py", line 396, in help
    name = KeywordName(self._inference_state, leaf.value)
  File "/usr/local/lib/code-server-4.103.2/lib/vscode/extensions/ms-python.python-2025.12.0/python_files/lib/jedilsp/jedi/inference/names.py", line 103, in __init__
    self.parent_context = inference_state.builtins_module
  File "/usr/local/lib/code-server-4.103.2/lib/vscode/extensions/ms-python.python-2025.12.0/python_files/lib/jedilsp/jedi/inference/cache.py", line 44, in wrapper
    rv = function(obj, *args, **kwargs)
  File "/usr/local/lib/code-server-4.103.2/lib/vscode/extensions/ms-python.python-2025.12.0/python_files/lib/jedilsp/jedi/inference/__init__.py", line 129, in builtins_module
    builtins_module, = self.import_module((module_name,), sys_path=[])
  File "/usr/local/lib/code-server-4.103.2/lib/vscode/extensions/ms-python.python-2025.12.0/python_files/lib/jedilsp/jedi/inference/__init__.py", line 112, in import_module
    return imports.import_module_by_names(
  File "/usr/local/lib/code-server-4.103.2/lib/vscode/extensions/ms-python.python-2025.12.0/python_files/lib/jedilsp/jedi/inference/imports.py", line 376, in import_module_by_names
    value_set = ValueSet.from_sets([
  File "/usr/local/lib/code-server-4.103.2/lib/vscode/extensions/ms-python.python-2025.12.0/python_files/lib/jedilsp/jedi/inference/imports.py", line 377, in <listcomp>
    import_module(
  File "/usr/local/lib/code-server-4.103.2/lib/vscode/extensions/ms-python.python-2025.12.0/python_files/lib/jedilsp/jedi/plugins/__init__.py", line 21, in wrapper
    return built_functions[public_name](*args, **kwargs)
  File "/usr/local/lib/code-server-4.103.2/lib/vscode/extensions/ms-python.python-2025.12.0/python_files/lib/jedilsp/jedi/plugins/flask.py", line 20, in wrapper
    return callback(inference_state, import_names, module_context, *args, **kwargs)
  File "/usr/local/lib/code-server-4.103.2/lib/vscode/extensions/ms-python.python-2025.12.0/python_files/lib/jedilsp/jedi/inference/gradual/typeshed.py", line 115, in wrapper
    python_value_set = ValueSet.from_sets(
  File "/usr/local/lib/code-server-4.103.2/lib/vscode/extensions/ms-python.python-2025.12.0/python_files/lib/jedilsp/jedi/inference/base_value.py", line 430, in from_sets
    for set_ in sets:
  File "/usr/local/lib/code-server-4.103.2/lib/vscode/extensions/ms-python.python-2025.12.0/python_files/lib/jedilsp/jedi/inference/gradual/typeshed.py", line 116, in <genexpr>
    func(inference_state, import_names, p, sys_path,)
  File "/usr/local/lib/code-server-4.103.2/lib/vscode/extensions/ms-python.python-2025.12.0/python_files/lib/jedilsp/jedi/inference/imports.py", line 411, in import_module
    file_io_or_ns, is_pkg = inference_state.compiled_subprocess.get_module_info(
  File "/usr/local/lib/code-server-4.103.2/lib/vscode/extensions/ms-python.python-2025.12.0/python_files/lib/jedilsp/jedi/inference/compiled/subprocess/__init__.py", line 188, in wrapper
    result = self._compiled_subprocess.run(
  File "/usr/local/lib/code-server-4.103.2/lib/vscode/extensions/ms-python.python-2025.12.0/python_files/lib/jedilsp/jedi/inference/compiled/subprocess/__init__.py", line 296, in run
    return self._send(inference_state_id, function, args, kwargs)
  File "/usr/local/lib/code-server-4.103.2/lib/vscode/extensions/ms-python.python-2025.12.0/python_files/lib/jedilsp/jedi/inference/compiled/subprocess/__init__.py", line 318, in _send
    is_exception, traceback, result = pickle_load(self._get_process().stdout)
  File "/usr/local/lib/code-server-4.103.2/lib/vscode/extensions/ms-python.python-2025.12.0/python_files/lib/jedilsp/jedi/_compatibility.py", line 25, in pickle_load
    return Unpickler(file).load()
_pickle.UnpicklingError: invalid load key, ' '.

2026-08-15 16:20:08.962 [info] [Error - 4:20:08 PM] Request textDocument/hover failed.
2026-08-15 16:20:08.967 [info]   Message: _pickle.UnpicklingError: invalid load key, ' '.
  Code: -32603 
[object Object]
2026-08-15 16:20:09.640 [info] ERROR:pygls.protocol.json_rpc:Failed to handle request 21 textDocument/hover HoverParams(text_document=TextDocumentIdentifier(uri='file:///voc/work/hello_llm.py'), position=18:7, work_done_token=None)
Traceback (most recent call last):
  File "/usr/local/lib/code-server-4.103.2/lib/vscode/extensions/ms-python.python-2025.12.0/python_files/lib/jedilsp/pygls/protocol/json_rpc.py", line 266, in _handle_request
    self._execute_request(msg_id, handler, params)
  File "/usr/local/lib/code-server-4.103.2/lib/vscode/extensions/ms-python.python-2025.12.0/python_files/lib/jedilsp/pygls/protocol/json_rpc.py", line 188, in _execute_request
    self._send_response(msg_id, handler(params))
  File "/usr/local/lib/code-server-4.103.2/lib/vscode/extensions/ms-python.python-2025.12.0/python_files/lib/jedilsp/jedi_language_server/notebook_utils.py", line 373, in wrapped
    result = f(notebook_server, notebook_params)
  File "/usr/local/lib/code-server-4.103.2/lib/vscode/extensions/ms-python.python-2025.12.0/python_files/lib/jedilsp/jedi_language_server/server.py", line 486, in hover
    hover_text = jedi_utils.hover_text(
  File "/usr/local/lib/code-server-4.103.2/lib/vscode/extensions/ms-python.python-2025.12.0/python_files/lib/jedilsp/jedi_language_server/jedi_utils.py", line 681, in hover_text
    header_plain = "\n".join(get_full_signatures(name))
  File "/usr/local/lib/code-server-4.103.2/lib/vscode/extensions/ms-python.python-2025.12.0/python_files/lib/jedilsp/jedi_language_server/jedi_utils.py", line 626, in get_full_signatures
    signatures = name.get_signatures()
  File "/usr/local/lib/code-server-4.103.2/lib/vscode/extensions/ms-python.python-2025.12.0/python_files/lib/jedilsp/jedi/api/classes.py", line 581, in get_signatures
    for s in self._get_signatures()
  File "/usr/local/lib/code-server-4.103.2/lib/vscode/extensions/ms-python.python-2025.12.0/python_files/lib/jedilsp/jedi/api/classes.py", line 570, in _get_signatures
    return [sig for name in names for sig in name.infer().get_signatures()]
  File "/usr/local/lib/code-server-4.103.2/lib/vscode/extensions/ms-python.python-2025.12.0/python_files/lib/jedilsp/jedi/api/classes.py", line 570, in <listcomp>
    return [sig for name in names for sig in name.infer().get_signatures()]
  File "/usr/local/lib/code-server-4.103.2/lib/vscode/extensions/ms-python.python-2025.12.0/python_files/lib/jedilsp/jedi/inference/value/module.py", line 34, in infer
    return compiled.get_string_value_set(self.parent_context.inference_state)
  File "/usr/local/lib/code-server-4.103.2/lib/vscode/extensions/ms-python.python-2025.12.0/python_files/lib/jedilsp/jedi/inference/compiled/__init__.py", line 59, in get_string_value_set
    return builtin_from_name(inference_state, 'str').execute_with_values()
  File "/usr/local/lib/code-server-4.103.2/lib/vscode/extensions/ms-python.python-2025.12.0/python_files/lib/jedilsp/jedi/inference/compiled/__init__.py", line 10, in builtin_from_name
    typing_builtins_module = inference_state.builtins_module
  File "/usr/local/lib/code-server-4.103.2/lib/vscode/extensions/ms-python.python-2025.12.0/python_files/lib/jedilsp/jedi/inference/cache.py", line 44, in wrapper
    rv = function(obj, *args, **kwargs)
  File "/usr/local/lib/code-server-4.103.2/lib/vscode/extensions/ms-python.python-2025.12.0/python_files/lib/jedilsp/jedi/inference/__init__.py", line 129, in builtins_module
    builtins_module, = self.import_module((module_name,), sys_path=[])
  File "/usr/local/lib/code-server-4.103.2/lib/vscode/extensions/ms-python.python-2025.12.0/python_files/lib/jedilsp/jedi/inference/__init__.py", line 112, in import_module
    return imports.import_module_by_names(
  File "/usr/local/lib/code-server-4.103.2/lib/vscode/extensions/ms-python.python-2025.12.0/python_files/lib/jedilsp/jedi/inference/imports.py", line 376, in import_module_by_names
    value_set = ValueSet.from_sets([
  File "/usr/local/lib/code-server-4.103.2/lib/vscode/extensions/ms-python.python-2025.12.0/python_files/lib/jedilsp/jedi/inference/imports.py", line 377, in <listcomp>
    import_module(
  File "/usr/local/lib/code-server-4.103.2/lib/vscode/extensions/ms-python.python-2025.12.0/python_files/lib/jedilsp/jedi/plugins/__init__.py", line 21, in wrapper
    return built_functions[public_name](*args, **kwargs)
  File "/usr/local/lib/code-server-4.103.2/lib/vscode/extensions/ms-python.python-2025.12.0/python_files/lib/jedilsp/jedi/plugins/flask.py", line 20, in wrapper
    return callback(inference_state, import_names, module_context, *args, **kwargs)
  File "/usr/local/lib/code-server-4.103.2/lib/vscode/extensions/ms-python.python-2025.12.0/python_files/lib/jedilsp/jedi/inference/gradual/typeshed.py", line 115, in wrapper
    python_value_set = ValueSet.from_sets(
  File "/usr/local/lib/code-server-4.103.2/lib/vscode/extensions/ms-python.python-2025.12.0/python_files/lib/jedilsp/jedi/inference/base_value.py", line 430, in from_sets
    for set_ in sets:
  File "/usr/local/lib/code-server-4.103.2/lib/vscode/extensions/ms-python.python-2025.12.0/python_files/lib/jedilsp/jedi/inference/gradual/typeshed.py", line 116, in <genexpr>
    func(inference_state, import_names, p, sys_path,)
  File "/usr/local/lib/code-server-4.103.2/lib/vscode/extensions/ms-python.python-2025.12.0/python_files/lib/jedilsp/jedi/inference/imports.py", line 411, in import_module
    file_io_or_ns, is_pkg = inference_state.compiled_subprocess.get_module_info(
  File "/usr/local/lib/code-server-4.103.2/lib/vscode/extensions/ms-python.python-2025.12.0/python_files/lib/jedilsp/jedi/inference/compiled/subprocess/__init__.py", line 188, in wrapper
    result = self._compiled_subprocess.run(
  File "/usr/local/lib/code-server-4.103.2/lib/vscode/extensions/ms-python.python-2025.12.0/python_files/lib/jedilsp/jedi/inference/compiled/subprocess/__init__.py", line 293, in run
    self._send(delete_id, None)
  File "/usr/local/lib/code-server-4.103.2/lib/vscode/extensions/ms-python.python-2025.12.0/python_files/lib/jedilsp/jedi/inference/compiled/subprocess/__init__.py", line 318, in _send
    is_exception, traceback, result = pickle_load(self._get_process().stdout)
  File "/usr/local/lib/code-server-4.103.2/lib/vscode/extensions/ms-python.python-2025.12.0/python_files/lib/jedilsp/jedi/_compatibility.py", line 25, in pickle_load
    return Unpickler(file).load()
_pickle.UnpicklingError: invalid load key, ' '.

2026-08-15 16:20:09.641 [info] [Error - 4:20:09 PM] Request textDocument/hover failed.
2026-08-15 16:20:09.644 [info]   Message: _pickle.UnpicklingError: invalid load key, ' '.
  Code: -32603 
[object Object]
2026-08-15 16:20:10.404 [info] ERROR:pygls.protocol.json_rpc:Failed to handle request 22 textDocument/hover HoverParams(text_document=TextDocumentIdentifier(uri='file:///voc/work/hello_llm.py'), position=18:6, work_done_token=None)
Traceback (most recent call last):
  File "/usr/local/lib/code-server-4.103.2/lib/vscode/extensions/ms-python.python-2025.12.0/python_files/lib/jedilsp/pygls/protocol/json_rpc.py", line 266, in _handle_request
    self._execute_request(msg_id, handler, params)
  File "/usr/local/lib/code-server-4.103.2/lib/vscode/extensions/ms-python.python-2025.12.0/python_files/lib/jedilsp/pygls/protocol/json_rpc.py", line 188, in _execute_request
    self._send_response(msg_id, handler(params))
  File "/usr/local/lib/code-server-4.103.2/lib/vscode/extensions/ms-python.python-2025.12.0/python_files/lib/jedilsp/jedi_language_server/notebook_utils.py", line 373, in wrapped
    result = f(notebook_server, notebook_params)
  File "/usr/local/lib/code-server-4.103.2/lib/vscode/extensions/ms-python.python-2025.12.0/python_files/lib/jedilsp/jedi_language_server/server.py", line 486, in hover
    hover_text = jedi_utils.hover_text(
  File "/usr/local/lib/code-server-4.103.2/lib/vscode/extensions/ms-python.python-2025.12.0/python_files/lib/jedilsp/jedi_language_server/jedi_utils.py", line 681, in hover_text
    header_plain = "\n".join(get_full_signatures(name))
  File "/usr/local/lib/code-server-4.103.2/lib/vscode/extensions/ms-python.python-2025.12.0/python_files/lib/jedilsp/jedi_language_server/jedi_utils.py", line 626, in get_full_signatures
    signatures = name.get_signatures()
  File "/usr/local/lib/code-server-4.103.2/lib/vscode/extensions/ms-python.python-2025.12.0/python_files/lib/jedilsp/jedi/api/classes.py", line 581, in get_signatures
    for s in self._get_signatures()
  File "/usr/local/lib/code-server-4.103.2/lib/vscode/extensions/ms-python.python-2025.12.0/python_files/lib/jedilsp/jedi/api/classes.py", line 570, in _get_signatures
    return [sig for name in names for sig in name.infer().get_signatures()]
  File "/usr/local/lib/code-server-4.103.2/lib/vscode/extensions/ms-python.python-2025.12.0/python_files/lib/jedilsp/jedi/api/classes.py", line 570, in <listcomp>
    return [sig for name in names for sig in name.infer().get_signatures()]
  File "/usr/local/lib/code-server-4.103.2/lib/vscode/extensions/ms-python.python-2025.12.0/python_files/lib/jedilsp/jedi/inference/value/module.py", line 34, in infer
    return compiled.get_string_value_set(self.parent_context.inference_state)
  File "/usr/local/lib/code-server-4.103.2/lib/vscode/extensions/ms-python.python-2025.12.0/python_files/lib/jedilsp/jedi/inference/compiled/__init__.py", line 59, in get_string_value_set
    return builtin_from_name(inference_state, 'str').execute_with_values()
  File "/usr/local/lib/code-server-4.103.2/lib/vscode/extensions/ms-python.python-2025.12.0/python_files/lib/jedilsp/jedi/inference/compiled/__init__.py", line 10, in builtin_from_name
    typing_builtins_module = inference_state.builtins_module
  File "/usr/local/lib/code-server-4.103.2/lib/vscode/extensions/ms-python.python-2025.12.0/python_files/lib/jedilsp/jedi/inference/cache.py", line 44, in wrapper
    rv = function(obj, *args, **kwargs)
  File "/usr/local/lib/code-server-4.103.2/lib/vscode/extensions/ms-python.python-2025.12.0/python_files/lib/jedilsp/jedi/inference/__init__.py", line 129, in builtins_module
    builtins_module, = self.import_module((module_name,), sys_path=[])
  File "/usr/local/lib/code-server-4.103.2/lib/vscode/extensions/ms-python.python-2025.12.0/python_files/lib/jedilsp/jedi/inference/__init__.py", line 112, in import_module
    return imports.import_module_by_names(
  File "/usr/local/lib/code-server-4.103.2/lib/vscode/extensions/ms-python.python-2025.12.0/python_files/lib/jedilsp/jedi/inference/imports.py", line 376, in import_module_by_names
    value_set = ValueSet.from_sets([
  File "/usr/local/lib/code-server-4.103.2/lib/vscode/extensions/ms-python.python-2025.12.0/python_files/lib/jedilsp/jedi/inference/imports.py", line 377, in <listcomp>
    import_module(
  File "/usr/local/lib/code-server-4.103.2/lib/vscode/extensions/ms-python.python-2025.12.0/python_files/lib/jedilsp/jedi/plugins/__init__.py", line 21, in wrapper
    return built_functions[public_name](*args, **kwargs)
  File "/usr/local/lib/code-server-4.103.2/lib/vscode/extensions/ms-python.python-2025.12.0/python_files/lib/jedilsp/jedi/plugins/flask.py", line 20, in wrapper
    return callback(inference_state, import_names, module_context, *args, **kwargs)
  File "/usr/local/lib/code-server-4.103.2/lib/vscode/extensions/ms-python.python-2025.12.0/python_files/lib/jedilsp/jedi/inference/gradual/typeshed.py", line 115, in wrapper
    python_value_set = ValueSet.from_sets(
  File "/usr/local/lib/code-server-4.103.2/lib/vscode/extensions/ms-python.python-2025.12.0/python_files/lib/jedilsp/jedi/inference/base_value.py", line 430, in from_sets
    for set_ in sets:
  File "/usr/local/lib/code-server-4.103.2/lib/vscode/extensions/ms-python.python-2025.12.0/python_files/lib/jedilsp/jedi/inference/gradual/typeshed.py", line 116, in <genexpr>
    func(inference_state, import_names, p, sys_path,)
  File "/usr/local/lib/code-server-4.103.2/lib/vscode/extensions/ms-python.python-2025.12.0/python_files/lib/jedilsp/jedi/inference/imports.py", line 411, in import_module
    file_io_or_ns, is_pkg = inference_state.compiled_subprocess.get_module_info(
  File "/usr/local/lib/code-server-4.103.2/lib/vscode/extensions/ms-python.python-2025.12.0/python_files/lib/jedilsp/jedi/inference/compiled/subprocess/__init__.py", line 188, in wrapper
    result = self._compiled_subprocess.run(
  File "/usr/local/lib/code-server-4.103.2/lib/vscode/extensions/ms-python.python-2025.12.0/python_files/lib/jedilsp/jedi/inference/compiled/subprocess/__init__.py", line 293, in run
    self._send(delete_id, None)
  File "/usr/local/lib/code-server-4.103.2/lib/vscode/extensions/ms-python.python-2025.12.0/python_files/lib/jedilsp/jedi/inference/compiled/subprocess/__init__.py", line 318, in _send
    is_exception, traceback, result = pickle_load(self._get_process().stdout)
  File "/usr/local/lib/code-server-4.103.2/lib/vscode/extensions/ms-python.python-2025.12.0/python_files/lib/jedilsp/jedi/_compatibility.py", line 25, in pickle_load
    return Unpickler(file).load()
_pickle.UnpicklingError: invalid load key, ' '.

2026-08-15 16:20:10.404 [info] [Error - 4:20:10 PM] Request textDocument/hover failed.
2026-08-15 16:20:10.407 [info]   Message: _pickle.UnpicklingError: invalid load key, ' '.
  Code: -32603 
[object Object]
2026-08-15 16:20:11.288 [info] ERROR:pygls.protocol.json_rpc:Failed to handle request 23 textDocument/hover HoverParams(text_document=TextDocumentIdentifier(uri='file:///voc/work/hello_llm.py'), position=19:5, work_done_token=None)
Traceback (most recent call last):
  File "/usr/local/lib/code-server-4.103.2/lib/vscode/extensions/ms-python.python-2025.12.0/python_files/lib/jedilsp/pygls/protocol/json_rpc.py", line 266, in _handle_request
    self._execute_request(msg_id, handler, params)
  File "/usr/local/lib/code-server-4.103.2/lib/vscode/extensions/ms-python.python-2025.12.0/python_files/lib/jedilsp/pygls/protocol/json_rpc.py", line 188, in _execute_request
    self._send_response(msg_id, handler(params))
  File "/usr/local/lib/code-server-4.103.2/lib/vscode/extensions/ms-python.python-2025.12.0/python_files/lib/jedilsp/jedi_language_server/notebook_utils.py", line 373, in wrapped
    result = f(notebook_server, notebook_params)
  File "/usr/local/lib/code-server-4.103.2/lib/vscode/extensions/ms-python.python-2025.12.0/python_files/lib/jedilsp/jedi_language_server/server.py", line 486, in hover
    hover_text = jedi_utils.hover_text(
  File "/usr/local/lib/code-server-4.103.2/lib/vscode/extensions/ms-python.python-2025.12.0/python_files/lib/jedilsp/jedi_language_server/jedi_utils.py", line 681, in hover_text
    header_plain = "\n".join(get_full_signatures(name))
  File "/usr/local/lib/code-server-4.103.2/lib/vscode/extensions/ms-python.python-2025.12.0/python_files/lib/jedilsp/jedi_language_server/jedi_utils.py", line 626, in get_full_signatures
    signatures = name.get_signatures()
  File "/usr/local/lib/code-server-4.103.2/lib/vscode/extensions/ms-python.python-2025.12.0/python_files/lib/jedilsp/jedi/api/classes.py", line 581, in get_signatures
    for s in self._get_signatures()
  File "/usr/local/lib/code-server-4.103.2/lib/vscode/extensions/ms-python.python-2025.12.0/python_files/lib/jedilsp/jedi/api/classes.py", line 570, in _get_signatures
    return [sig for name in names for sig in name.infer().get_signatures()]
  File "/usr/local/lib/code-server-4.103.2/lib/vscode/extensions/ms-python.python-2025.12.0/python_files/lib/jedilsp/jedi/api/classes.py", line 570, in <listcomp>
    return [sig for name in names for sig in name.infer().get_signatures()]
  File "/usr/local/lib/code-server-4.103.2/lib/vscode/extensions/ms-python.python-2025.12.0/python_files/lib/jedilsp/jedi/inference/names.py", line 281, in infer
    return tree_name_to_values(
  File "/usr/local/lib/code-server-4.103.2/lib/vscode/extensions/ms-python.python-2025.12.0/python_files/lib/jedilsp/jedi/plugins/__init__.py", line 21, in wrapper
    return built_functions[public_name](*args, **kwargs)
  File "/usr/local/lib/code-server-4.103.2/lib/vscode/extensions/ms-python.python-2025.12.0/python_files/lib/jedilsp/jedi/plugins/stdlib.py", line 878, in wrapper
    return func(inference_state, context, tree_name)
  File "/usr/local/lib/code-server-4.103.2/lib/vscode/extensions/ms-python.python-2025.12.0/python_files/lib/jedilsp/jedi/plugins/django.py", line 177, in wrapper
    result = func(inference_state, context, tree_name)
  File "/usr/local/lib/code-server-4.103.2/lib/vscode/extensions/ms-python.python-2025.12.0/python_files/lib/jedilsp/jedi/inference/syntax_tree.py", line 758, in tree_name_to_values
    types = infer_expr_stmt(context, node, tree_name)
  File "/usr/local/lib/code-server-4.103.2/lib/vscode/extensions/ms-python.python-2025.12.0/python_files/lib/jedilsp/jedi/inference/syntax_tree.py", line 83, in wrapper
    return func(context, *args, **kwargs)
  File "/usr/local/lib/code-server-4.103.2/lib/vscode/extensions/ms-python.python-2025.12.0/python_files/lib/jedilsp/jedi/inference/syntax_tree.py", line 377, in infer_expr_stmt
    return _infer_expr_stmt(context, stmt, seek_name)
  File "/usr/local/lib/code-server-4.103.2/lib/vscode/extensions/ms-python.python-2025.12.0/python_files/lib/jedilsp/jedi/debug.py", line 81, in wrapper
    return func(*args, **kwargs)
  File "/usr/local/lib/code-server-4.103.2/lib/vscode/extensions/ms-python.python-2025.12.0/python_files/lib/jedilsp/jedi/inference/syntax_tree.py", line 410, in _infer_expr_stmt
    value_set = context.infer_node(rhs)
  File "/usr/local/lib/code-server-4.103.2/lib/vscode/extensions/ms-python.python-2025.12.0/python_files/lib/jedilsp/jedi/inference/context.py", line 224, in infer_node
    return infer_node(self, node)
  File "/usr/local/lib/code-server-4.103.2/lib/vscode/extensions/ms-python.python-2025.12.0/python_files/lib/jedilsp/jedi/inference/syntax_tree.py", line 157, in infer_node
    return _infer_node_if_inferred(context, element)
  File "/usr/local/lib/code-server-4.103.2/lib/vscode/extensions/ms-python.python-2025.12.0/python_files/lib/jedilsp/jedi/inference/syntax_tree.py", line 170, in _infer_node_if_inferred
    return _infer_node_cached(context, element)
  File "/usr/local/lib/code-server-4.103.2/lib/vscode/extensions/ms-python.python-2025.12.0/python_files/lib/jedilsp/jedi/inference/cache.py", line 44, in wrapper
    rv = function(obj, *args, **kwargs)
  File "/usr/local/lib/code-server-4.103.2/lib/vscode/extensions/ms-python.python-2025.12.0/python_files/lib/jedilsp/jedi/inference/syntax_tree.py", line 175, in _infer_node_cached
    return _infer_node(context, element)
  File "/usr/local/lib/code-server-4.103.2/lib/vscode/extensions/ms-python.python-2025.12.0/python_files/lib/jedilsp/jedi/debug.py", line 81, in wrapper
    return func(*args, **kwargs)
  File "/usr/local/lib/code-server-4.103.2/lib/vscode/extensions/ms-python.python-2025.12.0/python_files/lib/jedilsp/jedi/inference/syntax_tree.py", line 71, in wrapper
    and context.get_value() is inference_state.builtins_module:
  File "/usr/local/lib/code-server-4.103.2/lib/vscode/extensions/ms-python.python-2025.12.0/python_files/lib/jedilsp/jedi/inference/cache.py", line 44, in wrapper
    rv = function(obj, *args, **kwargs)
  File "/usr/local/lib/code-server-4.103.2/lib/vscode/extensions/ms-python.python-2025.12.0/python_files/lib/jedilsp/jedi/inference/__init__.py", line 129, in builtins_module
    builtins_module, = self.import_module((module_name,), sys_path=[])
  File "/usr/local/lib/code-server-4.103.2/lib/vscode/extensions/ms-python.python-2025.12.0/python_files/lib/jedilsp/jedi/inference/__init__.py", line 112, in import_module
    return imports.import_module_by_names(
  File "/usr/local/lib/code-server-4.103.2/lib/vscode/extensions/ms-python.python-2025.12.0/python_files/lib/jedilsp/jedi/inference/imports.py", line 376, in import_module_by_names
    value_set = ValueSet.from_sets([
  File "/usr/local/lib/code-server-4.103.2/lib/vscode/extensions/ms-python.python-2025.12.0/python_files/lib/jedilsp/jedi/inference/imports.py", line 377, in <listcomp>
    import_module(
  File "/usr/local/lib/code-server-4.103.2/lib/vscode/extensions/ms-python.python-2025.12.0/python_files/lib/jedilsp/jedi/plugins/__init__.py", line 21, in wrapper
    return built_functions[public_name](*args, **kwargs)
  File "/usr/local/lib/code-server-4.103.2/lib/vscode/extensions/ms-python.python-2025.12.0/python_files/lib/jedilsp/jedi/plugins/flask.py", line 20, in wrapper
    return callback(inference_state, import_names, module_context, *args, **kwargs)
  File "/usr/local/lib/code-server-4.103.2/lib/vscode/extensions/ms-python.python-2025.12.0/python_files/lib/jedilsp/jedi/inference/gradual/typeshed.py", line 115, in wrapper
    python_value_set = ValueSet.from_sets(
  File "/usr/local/lib/code-server-4.103.2/lib/vscode/extensions/ms-python.python-2025.12.0/python_files/lib/jedilsp/jedi/inference/base_value.py", line 430, in from_sets
    for set_ in sets:
  File "/usr/local/lib/code-server-4.103.2/lib/vscode/extensions/ms-python.python-2025.12.0/python_files/lib/jedilsp/jedi/inference/gradual/typeshed.py", line 116, in <genexpr>
    func(inference_state, import_names, p, sys_path,)
  File "/usr/local/lib/code-server-4.103.2/lib/vscode/extensions/ms-python.python-2025.12.0/python_files/lib/jedilsp/jedi/inference/imports.py", line 411, in import_module
    file_io_or_ns, is_pkg = inference_state.compiled_subprocess.get_module_info(
  File "/usr/local/lib/code-server-4.103.2/lib/vscode/extensions/ms-python.python-2025.12.0/python_files/lib/jedilsp/jedi/inference/compiled/subprocess/__init__.py", line 188, in wrapper
    result = self._compiled_subprocess.run(
  File "/usr/local/lib/code-server-4.103.2/lib/vscode/extensions/ms-python.python-2025.12.0/python_files/lib/jedilsp/jedi/inference/compiled/subprocess/__init__.py", line 293, in run
    self._send(delete_id, None)
  File "/usr/local/lib/code-server-4.103.2/lib/vscode/extensions/ms-python.python-2025.12.0/python_files/lib/jedilsp/jedi/inference/compiled/subprocess/__init__.py", line 318, in _send
    is_exception, traceback, result = pickle_load(self._get_process().stdout)
  File "/usr/local/lib/code-server-4.103.2/lib/vscode/extensions/ms-python.python-2025.12.0/python_files/lib/jedilsp/jedi/_compatibility.py", line 25, in pickle_load
    return Unpickler(file).load()
_pickle.UnpicklingError: invalid load key, ' '.

2026-08-15 16:20:11.289 [info] [Error - 4:20:11 PM] Request textDocument/hover failed.
2026-08-15 16:20:11.303 [info]   Message: _pickle.UnpicklingError: invalid load key, ' '.
  Code: -32603 
[object Object]
2026-08-15 16:20:12.158 [info] ERROR:pygls.protocol.json_rpc:Failed to handle request 24 textDocument/hover HoverParams(text_document=TextDocumentIdentifier(uri='file:///voc/work/hello_llm.py'), position=18:5, work_done_token=None)
Traceback (most recent call last):
  File "/usr/local/lib/code-server-4.103.2/lib/vscode/extensions/ms-python.python-2025.12.0/python_files/lib/jedilsp/pygls/protocol/json_rpc.py", line 266, in _handle_request
    self._execute_request(msg_id, handler, params)
  File "/usr/local/lib/code-server-4.103.2/lib/vscode/extensions/ms-python.python-2025.12.0/python_files/lib/jedilsp/pygls/protocol/json_rpc.py", line 188, in _execute_request
    self._send_response(msg_id, handler(params))
  File "/usr/local/lib/code-server-4.103.2/lib/vscode/extensions/ms-python.python-2025.12.0/python_files/lib/jedilsp/jedi_language_server/notebook_utils.py", line 373, in wrapped
    result = f(notebook_server, notebook_params)
  File "/usr/local/lib/code-server-4.103.2/lib/vscode/extensions/ms-python.python-2025.12.0/python_files/lib/jedilsp/jedi_language_server/server.py", line 486, in hover
    hover_text = jedi_utils.hover_text(
  File "/usr/local/lib/code-server-4.103.2/lib/vscode/extensions/ms-python.python-2025.12.0/python_files/lib/jedilsp/jedi_language_server/jedi_utils.py", line 681, in hover_text
    header_plain = "\n".join(get_full_signatures(name))
  File "/usr/local/lib/code-server-4.103.2/lib/vscode/extensions/ms-python.python-2025.12.0/python_files/lib/jedilsp/jedi_language_server/jedi_utils.py", line 626, in get_full_signatures
    signatures = name.get_signatures()
  File "/usr/local/lib/code-server-4.103.2/lib/vscode/extensions/ms-python.python-2025.12.0/python_files/lib/jedilsp/jedi/api/classes.py", line 581, in get_signatures
    for s in self._get_signatures()
  File "/usr/local/lib/code-server-4.103.2/lib/vscode/extensions/ms-python.python-2025.12.0/python_files/lib/jedilsp/jedi/api/classes.py", line 570, in _get_signatures
    return [sig for name in names for sig in name.infer().get_signatures()]
  File "/usr/local/lib/code-server-4.103.2/lib/vscode/extensions/ms-python.python-2025.12.0/python_files/lib/jedilsp/jedi/api/classes.py", line 570, in <listcomp>
    return [sig for name in names for sig in name.infer().get_signatures()]
  File "/usr/local/lib/code-server-4.103.2/lib/vscode/extensions/ms-python.python-2025.12.0/python_files/lib/jedilsp/jedi/inference/value/module.py", line 34, in infer
    return compiled.get_string_value_set(self.parent_context.inference_state)
  File "/usr/local/lib/code-server-4.103.2/lib/vscode/extensions/ms-python.python-2025.12.0/python_files/lib/jedilsp/jedi/inference/compiled/__init__.py", line 59, in get_string_value_set
    return builtin_from_name(inference_state, 'str').execute_with_values()
  File "/usr/local/lib/code-server-4.103.2/lib/vscode/extensions/ms-python.python-2025.12.0/python_files/lib/jedilsp/jedi/inference/compiled/__init__.py", line 10, in builtin_from_name
    typing_builtins_module = inference_state.builtins_module
  File "/usr/local/lib/code-server-4.103.2/lib/vscode/extensions/ms-python.python-2025.12.0/python_files/lib/jedilsp/jedi/inference/cache.py", line 44, in wrapper
    rv = function(obj, *args, **kwargs)
  File "/usr/local/lib/code-server-4.103.2/lib/vscode/extensions/ms-python.python-2025.12.0/python_files/lib/jedilsp/jedi/inference/__init__.py", line 129, in builtins_module
    builtins_module, = self.import_module((module_name,), sys_path=[])
  File "/usr/local/lib/code-server-4.103.2/lib/vscode/extensions/ms-python.python-2025.12.0/python_files/lib/jedilsp/jedi/inference/__init__.py", line 112, in import_module
    return imports.import_module_by_names(
  File "/usr/local/lib/code-server-4.103.2/lib/vscode/extensions/ms-python.python-2025.12.0/python_files/lib/jedilsp/jedi/inference/imports.py", line 376, in import_module_by_names
    value_set = ValueSet.from_sets([
  File "/usr/local/lib/code-server-4.103.2/lib/vscode/extensions/ms-python.python-2025.12.0/python_files/lib/jedilsp/jedi/inference/imports.py", line 377, in <listcomp>
    import_module(
  File "/usr/local/lib/code-server-4.103.2/lib/vscode/extensions/ms-python.python-2025.12.0/python_files/lib/jedilsp/jedi/plugins/__init__.py", line 21, in wrapper
    return built_functions[public_name](*args, **kwargs)
  File "/usr/local/lib/code-server-4.103.2/lib/vscode/extensions/ms-python.python-2025.12.0/python_files/lib/jedilsp/jedi/plugins/flask.py", line 20, in wrapper
    return callback(inference_state, import_names, module_context, *args, **kwargs)
  File "/usr/local/lib/code-server-4.103.2/lib/vscode/extensions/ms-python.python-2025.12.0/python_files/lib/jedilsp/jedi/inference/gradual/typeshed.py", line 115, in wrapper
    python_value_set = ValueSet.from_sets(
  File "/usr/local/lib/code-server-4.103.2/lib/vscode/extensions/ms-python.python-2025.12.0/python_files/lib/jedilsp/jedi/inference/base_value.py", line 430, in from_sets
    for set_ in sets:
  File "/usr/local/lib/code-server-4.103.2/lib/vscode/extensions/ms-python.python-2025.12.0/python_files/lib/jedilsp/jedi/inference/gradual/typeshed.py", line 116, in <genexpr>
    func(inference_state, import_names, p, sys_path,)
  File "/usr/local/lib/code-server-4.103.2/lib/vscode/extensions/ms-python.python-2025.12.0/python_files/lib/jedilsp/jedi/inference/imports.py", line 411, in import_module
    file_io_or_ns, is_pkg = inference_state.compiled_subprocess.get_module_info(
  File "/usr/local/lib/code-server-4.103.2/lib/vscode/extensions/ms-python.python-2025.12.0/python_files/lib/jedilsp/jedi/inference/compiled/subprocess/__init__.py", line 188, in wrapper
    result = self._compiled_subprocess.run(
  File "/usr/local/lib/code-server-4.103.2/lib/vscode/extensions/ms-python.python-2025.12.0/python_files/lib/jedilsp/jedi/inference/compiled/subprocess/__init__.py", line 296, in run
    return self._send(inference_state_id, function, args, kwargs)
  File "/usr/local/lib/code-server-4.103.2/lib/vscode/extensions/ms-python.python-2025.12.0/python_files/lib/jedilsp/jedi/inference/compiled/subprocess/__init__.py", line 318, in _send
    is_exception, traceback, result = pickle_load(self._get_process().stdout)
  File "/usr/local/lib/code-server-4.103.2/lib/vscode/extensions/ms-python.python-2025.12.0/python_files/lib/jedilsp/jedi/_compatibility.py", line 25, in pickle_load
    return Unpickler(file).load()
_pickle.UnpicklingError: invalid load key, ' '.

2026-08-15 16:20:12.159 [info] [Error - 4:20:12 PM] Request textDocument/hover failed.
2026-08-15 16:20:12.166 [info]   Message: _pickle.UnpicklingError: invalid load key, ' '.
  Code: -32603 
[object Object]
2026-08-15 16:20:21.888 [info] ERROR:pygls.protocol.json_rpc:Failed to handle request 25 textDocument/hover HoverParams(text_document=TextDocumentIdentifier(uri='file:///voc/work/hello_llm.py'), position=19:5, work_done_token=None)
Traceback (most recent call last):
  File "/usr/local/lib/code-server-4.103.2/lib/vscode/extensions/ms-python.python-2025.12.0/python_files/lib/jedilsp/pygls/protocol/json_rpc.py", line 266, in _handle_request
    self._execute_request(msg_id, handler, params)
  File "/usr/local/lib/code-server-4.103.2/lib/vscode/extensions/ms-python.python-2025.12.0/python_files/lib/jedilsp/pygls/protocol/json_rpc.py", line 188, in _execute_request
    self._send_response(msg_id, handler(params))
  File "/usr/local/lib/code-server-4.103.2/lib/vscode/extensions/ms-python.python-2025.12.0/python_files/lib/jedilsp/jedi_language_server/notebook_utils.py", line 373, in wrapped
    result = f(notebook_server, notebook_params)
  File "/usr/local/lib/code-server-4.103.2/lib/vscode/extensions/ms-python.python-2025.12.0/python_files/lib/jedilsp/jedi_language_server/server.py", line 486, in hover
    hover_text = jedi_utils.hover_text(
  File "/usr/local/lib/code-server-4.103.2/lib/vscode/extensions/ms-python.python-2025.12.0/python_files/lib/jedilsp/jedi_language_server/jedi_utils.py", line 681, in hover_text
    header_plain = "\n".join(get_full_signatures(name))
  File "/usr/local/lib/code-server-4.103.2/lib/vscode/extensions/ms-python.python-2025.12.0/python_files/lib/jedilsp/jedi_language_server/jedi_utils.py", line 626, in get_full_signatures
    signatures = name.get_signatures()
  File "/usr/local/lib/code-server-4.103.2/lib/vscode/extensions/ms-python.python-2025.12.0/python_files/lib/jedilsp/jedi/api/classes.py", line 581, in get_signatures
    for s in self._get_signatures()
  File "/usr/local/lib/code-server-4.103.2/lib/vscode/extensions/ms-python.python-2025.12.0/python_files/lib/jedilsp/jedi/api/classes.py", line 570, in _get_signatures
    return [sig for name in names for sig in name.infer().get_signatures()]
  File "/usr/local/lib/code-server-4.103.2/lib/vscode/extensions/ms-python.python-2025.12.0/python_files/lib/jedilsp/jedi/api/classes.py", line 570, in <listcomp>
    return [sig for name in names for sig in name.infer().get_signatures()]
  File "/usr/local/lib/code-server-4.103.2/lib/vscode/extensions/ms-python.python-2025.12.0/python_files/lib/jedilsp/jedi/inference/names.py", line 281, in infer
    return tree_name_to_values(
  File "/usr/local/lib/code-server-4.103.2/lib/vscode/extensions/ms-python.python-2025.12.0/python_files/lib/jedilsp/jedi/plugins/__init__.py", line 21, in wrapper
    return built_functions[public_name](*args, **kwargs)
  File "/usr/local/lib/code-server-4.103.2/lib/vscode/extensions/ms-python.python-2025.12.0/python_files/lib/jedilsp/jedi/plugins/stdlib.py", line 878, in wrapper
    return func(inference_state, context, tree_name)
  File "/usr/local/lib/code-server-4.103.2/lib/vscode/extensions/ms-python.python-2025.12.0/python_files/lib/jedilsp/jedi/plugins/django.py", line 177, in wrapper
    result = func(inference_state, context, tree_name)
  File "/usr/local/lib/code-server-4.103.2/lib/vscode/extensions/ms-python.python-2025.12.0/python_files/lib/jedilsp/jedi/inference/syntax_tree.py", line 758, in tree_name_to_values
    types = infer_expr_stmt(context, node, tree_name)
  File "/usr/local/lib/code-server-4.103.2/lib/vscode/extensions/ms-python.python-2025.12.0/python_files/lib/jedilsp/jedi/inference/syntax_tree.py", line 83, in wrapper
    return func(context, *args, **kwargs)
  File "/usr/local/lib/code-server-4.103.2/lib/vscode/extensions/ms-python.python-2025.12.0/python_files/lib/jedilsp/jedi/inference/syntax_tree.py", line 377, in infer_expr_stmt
    return _infer_expr_stmt(context, stmt, seek_name)
  File "/usr/local/lib/code-server-4.103.2/lib/vscode/extensions/ms-python.python-2025.12.0/python_files/lib/jedilsp/jedi/debug.py", line 81, in wrapper
    return func(*args, **kwargs)
  File "/usr/local/lib/code-server-4.103.2/lib/vscode/extensions/ms-python.python-2025.12.0/python_files/lib/jedilsp/jedi/inference/syntax_tree.py", line 410, in _infer_expr_stmt
    value_set = context.infer_node(rhs)
  File "/usr/local/lib/code-server-4.103.2/lib/vscode/extensions/ms-python.python-2025.12.0/python_files/lib/jedilsp/jedi/inference/context.py", line 224, in infer_node
    return infer_node(self, node)
  File "/usr/local/lib/code-server-4.103.2/lib/vscode/extensions/ms-python.python-2025.12.0/python_files/lib/jedilsp/jedi/inference/syntax_tree.py", line 157, in infer_node
    return _infer_node_if_inferred(context, element)
  File "/usr/local/lib/code-server-4.103.2/lib/vscode/extensions/ms-python.python-2025.12.0/python_files/lib/jedilsp/jedi/inference/syntax_tree.py", line 170, in _infer_node_if_inferred
    return _infer_node_cached(context, element)
  File "/usr/local/lib/code-server-4.103.2/lib/vscode/extensions/ms-python.python-2025.12.0/python_files/lib/jedilsp/jedi/inference/cache.py", line 44, in wrapper
    rv = function(obj, *args, **kwargs)
  File "/usr/local/lib/code-server-4.103.2/lib/vscode/extensions/ms-python.python-2025.12.0/python_files/lib/jedilsp/jedi/inference/syntax_tree.py", line 175, in _infer_node_cached
    return _infer_node(context, element)
  File "/usr/local/lib/code-server-4.103.2/lib/vscode/extensions/ms-python.python-2025.12.0/python_files/lib/jedilsp/jedi/debug.py", line 81, in wrapper
    return func(*args, **kwargs)
  File "/usr/local/lib/code-server-4.103.2/lib/vscode/extensions/ms-python.python-2025.12.0/python_files/lib/jedilsp/jedi/inference/syntax_tree.py", line 71, in wrapper
    and context.get_value() is inference_state.builtins_module:
  File "/usr/local/lib/code-server-4.103.2/lib/vscode/extensions/ms-python.python-2025.12.0/python_files/lib/jedilsp/jedi/inference/cache.py", line 44, in wrapper
    rv = function(obj, *args, **kwargs)
  File "/usr/local/lib/code-server-4.103.2/lib/vscode/extensions/ms-python.python-2025.12.0/python_files/lib/jedilsp/jedi/inference/__init__.py", line 129, in builtins_module
    builtins_module, = self.import_module((module_name,), sys_path=[])
  File "/usr/local/lib/code-server-4.103.2/lib/vscode/extensions/ms-python.python-2025.12.0/python_files/lib/jedilsp/jedi/inference/__init__.py", line 112, in import_module
    return imports.import_module_by_names(
  File "/usr/local/lib/code-server-4.103.2/lib/vscode/extensions/ms-python.python-2025.12.0/python_files/lib/jedilsp/jedi/inference/imports.py", line 376, in import_module_by_names
    value_set = ValueSet.from_sets([
  File "/usr/local/lib/code-server-4.103.2/lib/vscode/extensions/ms-python.python-2025.12.0/python_files/lib/jedilsp/jedi/inference/imports.py", line 377, in <listcomp>
    import_module(
  File "/usr/local/lib/code-server-4.103.2/lib/vscode/extensions/ms-python.python-2025.12.0/python_files/lib/jedilsp/jedi/plugins/__init__.py", line 21, in wrapper
    return built_functions[public_name](*args, **kwargs)
  File "/usr/local/lib/code-server-4.103.2/lib/vscode/extensions/ms-python.python-2025.12.0/python_files/lib/jedilsp/jedi/plugins/flask.py", line 20, in wrapper
    return callback(inference_state, import_names, module_context, *args, **kwargs)
  File "/usr/local/lib/code-server-4.103.2/lib/vscode/extensions/ms-python.python-2025.12.0/python_files/lib/jedilsp/jedi/inference/gradual/typeshed.py", line 115, in wrapper
    python_value_set = ValueSet.from_sets(
  File "/usr/local/lib/code-server-4.103.2/lib/vscode/extensions/ms-python.python-2025.12.0/python_files/lib/jedilsp/jedi/inference/base_value.py", line 430, in from_sets
    for set_ in sets:
  File "/usr/local/lib/code-server-4.103.2/lib/vscode/extensions/ms-python.python-2025.12.0/python_files/lib/jedilsp/jedi/inference/gradual/typeshed.py", line 116, in <genexpr>
    func(inference_state, import_names, p, sys_path,)
  File "/usr/local/lib/code-server-4.103.2/lib/vscode/extensions/ms-python.python-2025.12.0/python_files/lib/jedilsp/jedi/inference/imports.py", line 411, in import_module
    file_io_or_ns, is_pkg = inference_state.compiled_subprocess.get_module_info(
  File "/usr/local/lib/code-server-4.103.2/lib/vscode/extensions/ms-python.python-2025.12.0/python_files/lib/jedilsp/jedi/inference/compiled/subprocess/__init__.py", line 188, in wrapper
    result = self._compiled_subprocess.run(
  File "/usr/local/lib/code-server-4.103.2/lib/vscode/extensions/ms-python.python-2025.12.0/python_files/lib/jedilsp/jedi/inference/compiled/subprocess/__init__.py", line 296, in run
    return self._send(inference_state_id, function, args, kwargs)
  File "/usr/local/lib/code-server-4.103.2/lib/vscode/extensions/ms-python.python-2025.12.0/python_files/lib/jedilsp/jedi/inference/compiled/subprocess/__init__.py", line 318, in _send
    is_exception, traceback, result = pickle_load(self._get_process().stdout)
  File "/usr/local/lib/code-server-4.103.2/lib/vscode/extensions/ms-python.python-2025.12.0/python_files/lib/jedilsp/jedi/_compatibility.py", line 25, in pickle_load
    return Unpickler(file).load()
_pickle.UnpicklingError: invalid load key, ' '.

2026-08-15 16:20:21.888 [info] [Error - 4:20:21 PM] Request textDocument/hover failed.
2026-08-15 16:20:21.895 [info]   Message: _pickle.UnpicklingError: invalid load key, ' '.
  Code: -32603 
[object Object]
2026-08-15 16:20:22.069 [info] ERROR:pygls.protocol.json_rpc:Failed to handle request 26 textDocument/hover HoverParams(text_document=TextDocumentIdentifier(uri='file:///voc/work/hello_llm.py'), position=19:5, work_done_token=None)
Traceback (most recent call last):
  File "/usr/local/lib/code-server-4.103.2/lib/vscode/extensions/ms-python.python-2025.12.0/python_files/lib/jedilsp/pygls/protocol/json_rpc.py", line 266, in _handle_request
    self._execute_request(msg_id, handler, params)
  File "/usr/local/lib/code-server-4.103.2/lib/vscode/extensions/ms-python.python-2025.12.0/python_files/lib/jedilsp/pygls/protocol/json_rpc.py", line 188, in _execute_request
    self._send_response(msg_id, handler(params))
  File "/usr/local/lib/code-server-4.103.2/lib/vscode/extensions/ms-python.python-2025.12.0/python_files/lib/jedilsp/jedi_language_server/notebook_utils.py", line 373, in wrapped
    result = f(notebook_server, notebook_params)
  File "/usr/local/lib/code-server-4.103.2/lib/vscode/extensions/ms-python.python-2025.12.0/python_files/lib/jedilsp/jedi_language_server/server.py", line 486, in hover
    hover_text = jedi_utils.hover_text(
  File "/usr/local/lib/code-server-4.103.2/lib/vscode/extensions/ms-python.python-2025.12.0/python_files/lib/jedilsp/jedi_language_server/jedi_utils.py", line 681, in hover_text
    header_plain = "\n".join(get_full_signatures(name))
  File "/usr/local/lib/code-server-4.103.2/lib/vscode/extensions/ms-python.python-2025.12.0/python_files/lib/jedilsp/jedi_language_server/jedi_utils.py", line 626, in get_full_signatures
    signatures = name.get_signatures()
  File "/usr/local/lib/code-server-4.103.2/lib/vscode/extensions/ms-python.python-2025.12.0/python_files/lib/jedilsp/jedi/api/classes.py", line 581, in get_signatures
    for s in self._get_signatures()
  File "/usr/local/lib/code-server-4.103.2/lib/vscode/extensions/ms-python.python-2025.12.0/python_files/lib/jedilsp/jedi/api/classes.py", line 570, in _get_signatures
    return [sig for name in names for sig in name.infer().get_signatures()]
  File "/usr/local/lib/code-server-4.103.2/lib/vscode/extensions/ms-python.python-2025.12.0/python_files/lib/jedilsp/jedi/api/classes.py", line 570, in <listcomp>
    return [sig for name in names for sig in name.infer().get_signatures()]
  File "/usr/local/lib/code-server-4.103.2/lib/vscode/extensions/ms-python.python-2025.12.0/python_files/lib/jedilsp/jedi/inference/names.py", line 281, in infer
    return tree_name_to_values(
  File "/usr/local/lib/code-server-4.103.2/lib/vscode/extensions/ms-python.python-2025.12.0/python_files/lib/jedilsp/jedi/plugins/__init__.py", line 21, in wrapper
    return built_functions[public_name](*args, **kwargs)
  File "/usr/local/lib/code-server-4.103.2/lib/vscode/extensions/ms-python.python-2025.12.0/python_files/lib/jedilsp/jedi/plugins/stdlib.py", line 878, in wrapper
    return func(inference_state, context, tree_name)
  File "/usr/local/lib/code-server-4.103.2/lib/vscode/extensions/ms-python.python-2025.12.0/python_files/lib/jedilsp/jedi/plugins/django.py", line 177, in wrapper
    result = func(inference_state, context, tree_name)
  File "/usr/local/lib/code-server-4.103.2/lib/vscode/extensions/ms-python.python-2025.12.0/python_files/lib/jedilsp/jedi/inference/syntax_tree.py", line 758, in tree_name_to_values
    types = infer_expr_stmt(context, node, tree_name)
  File "/usr/local/lib/code-server-4.103.2/lib/vscode/extensions/ms-python.python-2025.12.0/python_files/lib/jedilsp/jedi/inference/syntax_tree.py", line 83, in wrapper
    return func(context, *args, **kwargs)
  File "/usr/local/lib/code-server-4.103.2/lib/vscode/extensions/ms-python.python-2025.12.0/python_files/lib/jedilsp/jedi/inference/syntax_tree.py", line 377, in infer_expr_stmt
    return _infer_expr_stmt(context, stmt, seek_name)
  File "/usr/local/lib/code-server-4.103.2/lib/vscode/extensions/ms-python.python-2025.12.0/python_files/lib/jedilsp/jedi/debug.py", line 81, in wrapper
    return func(*args, **kwargs)
  File "/usr/local/lib/code-server-4.103.2/lib/vscode/extensions/ms-python.python-2025.12.0/python_files/lib/jedilsp/jedi/inference/syntax_tree.py", line 410, in _infer_expr_stmt
    value_set = context.infer_node(rhs)
  File "/usr/local/lib/code-server-4.103.2/lib/vscode/extensions/ms-python.python-2025.12.0/python_files/lib/jedilsp/jedi/inference/context.py", line 224, in infer_node
    return infer_node(self, node)
  File "/usr/local/lib/code-server-4.103.2/lib/vscode/extensions/ms-python.python-2025.12.0/python_files/lib/jedilsp/jedi/inference/syntax_tree.py", line 157, in infer_node
    return _infer_node_if_inferred(context, element)
  File "/usr/local/lib/code-server-4.103.2/lib/vscode/extensions/ms-python.python-2025.12.0/python_files/lib/jedilsp/jedi/inference/syntax_tree.py", line 170, in _infer_node_if_inferred
    return _infer_node_cached(context, element)
  File "/usr/local/lib/code-server-4.103.2/lib/vscode/extensions/ms-python.python-2025.12.0/python_files/lib/jedilsp/jedi/inference/cache.py", line 44, in wrapper
    rv = function(obj, *args, **kwargs)
  File "/usr/local/lib/code-server-4.103.2/lib/vscode/extensions/ms-python.python-2025.12.0/python_files/lib/jedilsp/jedi/inference/syntax_tree.py", line 175, in _infer_node_cached
    return _infer_node(context, element)
  File "/usr/local/lib/code-server-4.103.2/lib/vscode/extensions/ms-python.python-2025.12.0/python_files/lib/jedilsp/jedi/debug.py", line 81, in wrapper
    return func(*args, **kwargs)
  File "/usr/local/lib/code-server-4.103.2/lib/vscode/extensions/ms-python.python-2025.12.0/python_files/lib/jedilsp/jedi/inference/syntax_tree.py", line 71, in wrapper
    and context.get_value() is inference_state.builtins_module:
  File "/usr/local/lib/code-server-4.103.2/lib/vscode/extensions/ms-python.python-2025.12.0/python_files/lib/jedilsp/jedi/inference/cache.py", line 44, in wrapper
    rv = function(obj, *args, **kwargs)
  File "/usr/local/lib/code-server-4.103.2/lib/vscode/extensions/ms-python.python-2025.12.0/python_files/lib/jedilsp/jedi/inference/__init__.py", line 129, in builtins_module
    builtins_module, = self.import_module((module_name,), sys_path=[])
  File "/usr/local/lib/code-server-4.103.2/lib/vscode/extensions/ms-python.python-2025.12.0/python_files/lib/jedilsp/jedi/inference/__init__.py", line 112, in import_module
    return imports.import_module_by_names(
  File "/usr/local/lib/code-server-4.103.2/lib/vscode/extensions/ms-python.python-2025.12.0/python_files/lib/jedilsp/jedi/inference/imports.py", line 376, in import_module_by_names
    value_set = ValueSet.from_sets([
  File "/usr/local/lib/code-server-4.103.2/lib/vscode/extensions/ms-python.python-2025.12.0/python_files/lib/jedilsp/jedi/inference/imports.py", line 377, in <listcomp>
    import_module(
  File "/usr/local/lib/code-server-4.103.2/lib/vscode/extensions/ms-python.python-2025.12.0/python_files/lib/jedilsp/jedi/plugins/__init__.py", line 21, in wrapper
    return built_functions[public_name](*args, **kwargs)
  File "/usr/local/lib/code-server-4.103.2/lib/vscode/extensions/ms-python.python-2025.12.0/python_files/lib/jedilsp/jedi/plugins/flask.py", line 20, in wrapper
    return callback(inference_state, import_names, module_context, *args, **kwargs)
  File "/usr/local/lib/code-server-4.103.2/lib/vscode/extensions/ms-python.python-2025.12.0/python_files/lib/jedilsp/jedi/inference/gradual/typeshed.py", line 115, in wrapper
    python_value_set = ValueSet.from_sets(
  File "/usr/local/lib/code-server-4.103.2/lib/vscode/extensions/ms-python.python-2025.12.0/python_files/lib/jedilsp/jedi/inference/base_value.py", line 430, in from_sets
    for set_ in sets:
  File "/usr/local/lib/code-server-4.103.2/lib/vscode/extensions/ms-python.python-2025.12.0/python_files/lib/jedilsp/jedi/inference/gradual/typeshed.py", line 116, in <genexpr>
    func(inference_state, import_names, p, sys_path,)
  File "/usr/local/lib/code-server-4.103.2/lib/vscode/extensions/ms-python.python-2025.12.0/python_files/lib/jedilsp/jedi/inference/imports.py", line 411, in import_module
    file_io_or_ns, is_pkg = inference_state.compiled_subprocess.get_module_info(
  File "/usr/local/lib/code-server-4.103.2/lib/vscode/extensions/ms-python.python-2025.12.0/python_files/lib/jedilsp/jedi/inference/compiled/subprocess/__init__.py", line 188, in wrapper
    result = self._compiled_subprocess.run(
  File "/usr/local/lib/code-server-4.103.2/lib/vscode/extensions/ms-python.python-2025.12.0/python_files/lib/jedilsp/jedi/inference/compiled/subprocess/__init__.py", line 296, in run
    return self._send(inference_state_id, function, args, kwargs)
  File "/usr/local/lib/code-server-4.103.2/lib/vscode/extensions/ms-python.python-2025.12.0/python_files/lib/jedilsp/jedi/inference/compiled/subprocess/__init__.py", line 318, in _send
    is_exception, traceback, result = pickle_load(self._get_process().stdout)
  File "/usr/local/lib/code-server-4.103.2/lib/vscode/extensions/ms-python.python-2025.12.0/python_files/lib/jedilsp/jedi/_compatibility.py", line 25, in pickle_load
    return Unpickler(file).load()
_pickle.UnpicklingError: invalid load key, ' '.

2026-08-15 16:20:22.069 [info] [Error - 4:20:22 PM] Request textDocument/hover failed.
2026-08-15 16:20:22.076 [info]   Message: _pickle.UnpicklingError: invalid load key, ' '.
  Code: -32603 
[object Object]
2026-08-15 16:23:47.817 [info] semantic_tokens_range file:///voc/work/hello_llm.py 0:0-20:17
2026-08-15 16:23:47.819 [info] ERROR:pygls.protocol.json_rpc:Exception occurred for message "28": _pickle.UnpicklingError: invalid load key, ' '.
NoneType: None

2026-08-15 16:23:47.825 [info] [Error - 4:23:47 PM] Request textDocument/semanticTokens/range failed.
2026-08-15 16:23:47.825 [info]   Message: _pickle.UnpicklingError: invalid load key, ' '.
  Code: -32603 
[object Object]
2026-08-15 16:25:30.187 [info] ERROR:pygls.protocol.json_rpc:Failed to handle request 32 textDocument/codeAction CodeActionParams(text_document=TextDocumentIdentifier(uri='file:///voc/work/hello_llm.py'), range=1:0-1:0, context=CodeActionContext(diagnostics=[], only=None, trigger_kind=<CodeActionTriggerKind.Automatic: 2>), work_done_token=None, partial_result_token=None)
Traceback (most recent call last):
  File "/usr/local/lib/code-server-4.103.2/lib/vscode/extensions/ms-python.python-2025.12.0/python_files/lib/jedilsp/pygls/protocol/json_rpc.py", line 266, in _handle_request
    self._execute_request(msg_id, handler, params)
  File "/usr/local/lib/code-server-4.103.2/lib/vscode/extensions/ms-python.python-2025.12.0/python_files/lib/jedilsp/pygls/protocol/json_rpc.py", line 188, in _execute_request
    self._send_response(msg_id, handler(params))
  File "/usr/local/lib/code-server-4.103.2/lib/vscode/extensions/ms-python.python-2025.12.0/python_files/lib/jedilsp/jedi_language_server/notebook_utils.py", line 373, in wrapped
    result = f(notebook_server, notebook_params)
  File "/usr/local/lib/code-server-4.103.2/lib/vscode/extensions/ms-python.python-2025.12.0/python_files/lib/jedilsp/jedi_language_server/server.py", line 717, in code_action
    extract_function_refactoring = jedi_script.extract_function(
  File "/usr/local/lib/code-server-4.103.2/lib/vscode/extensions/ms-python.python-2025.12.0/python_files/lib/jedilsp/jedi/api/helpers.py", line 487, in wrapper
    return func(self, line, column, *args, **kwargs)
  File "/usr/local/lib/code-server-4.103.2/lib/vscode/extensions/ms-python.python-2025.12.0/python_files/lib/jedilsp/jedi/api/__init__.py", line 675, in extract_function
    return extract_function(
  File "/usr/local/lib/code-server-4.103.2/lib/vscode/extensions/ms-python.python-2025.12.0/python_files/lib/jedilsp/jedi/api/refactoring/extract.py", line 216, in extract_function
    params, return_variables = list(_find_inputs_and_outputs(module_context, context, nodes))
  File "/usr/local/lib/code-server-4.103.2/lib/vscode/extensions/ms-python.python-2025.12.0/python_files/lib/jedilsp/jedi/api/refactoring/extract.py", line 332, in _find_inputs_and_outputs
    name_definitions = context.goto(name, name.start_pos)
  File "/usr/local/lib/code-server-4.103.2/lib/vscode/extensions/ms-python.python-2025.12.0/python_files/lib/jedilsp/jedi/inference/context.py", line 34, in goto
    names = finder.filter_name(filters, name_or_str)
  File "/usr/local/lib/code-server-4.103.2/lib/vscode/extensions/ms-python.python-2025.12.0/python_files/lib/jedilsp/jedi/inference/finder.py", line 35, in filter_name
    for filter in filters:
  File "/usr/local/lib/code-server-4.103.2/lib/vscode/extensions/ms-python.python-2025.12.0/python_files/lib/jedilsp/jedi/inference/context.py", line 496, in get_global_filters
    b = next(base_context.inference_state.builtins_module.get_filters(), None)
  File "/usr/local/lib/code-server-4.103.2/lib/vscode/extensions/ms-python.python-2025.12.0/python_files/lib/jedilsp/jedi/inference/cache.py", line 44, in wrapper
    rv = function(obj, *args, **kwargs)
  File "/usr/local/lib/code-server-4.103.2/lib/vscode/extensions/ms-python.python-2025.12.0/python_files/lib/jedilsp/jedi/inference/__init__.py", line 129, in builtins_module
    builtins_module, = self.import_module((module_name,), sys_path=[])
  File "/usr/local/lib/code-server-4.103.2/lib/vscode/extensions/ms-python.python-2025.12.0/python_files/lib/jedilsp/jedi/inference/__init__.py", line 112, in import_module
    return imports.import_module_by_names(
  File "/usr/local/lib/code-server-4.103.2/lib/vscode/extensions/ms-python.python-2025.12.0/python_files/lib/jedilsp/jedi/inference/imports.py", line 376, in import_module_by_names
    value_set = ValueSet.from_sets([
  File "/usr/local/lib/code-server-4.103.2/lib/vscode/extensions/ms-python.python-2025.12.0/python_files/lib/jedilsp/jedi/inference/imports.py", line 377, in <listcomp>
    import_module(
  File "/usr/local/lib/code-server-4.103.2/lib/vscode/extensions/ms-python.python-2025.12.0/python_files/lib/jedilsp/jedi/plugins/__init__.py", line 21, in wrapper
    return built_functions[public_name](*args, **kwargs)
  File "/usr/local/lib/code-server-4.103.2/lib/vscode/extensions/ms-python.python-2025.12.0/python_files/lib/jedilsp/jedi/plugins/flask.py", line 20, in wrapper
    return callback(inference_state, import_names, module_context, *args, **kwargs)
  File "/usr/local/lib/code-server-4.103.2/lib/vscode/extensions/ms-python.python-2025.12.0/python_files/lib/jedilsp/jedi/inference/gradual/typeshed.py", line 115, in wrapper
    python_value_set = ValueSet.from_sets(
  File "/usr/local/lib/code-server-4.103.2/lib/vscode/extensions/ms-python.python-2025.12.0/python_files/lib/jedilsp/jedi/inference/base_value.py", line 430, in from_sets
    for set_ in sets:
  File "/usr/local/lib/code-server-4.103.2/lib/vscode/extensions/ms-python.python-2025.12.0/python_files/lib/jedilsp/jedi/inference/gradual/typeshed.py", line 116, in <genexpr>
    func(inference_state, import_names, p, sys_path,)
  File "/usr/local/lib/code-server-4.103.2/lib/vscode/extensions/ms-python.python-2025.12.0/python_files/lib/jedilsp/jedi/inference/imports.py", line 411, in import_module
    file_io_or_ns, is_pkg = inference_state.compiled_subprocess.get_module_info(
  File "/usr/local/lib/code-server-4.103.2/lib/vscode/extensions/ms-python.python-2025.12.0/python_files/lib/jedilsp/jedi/inference/compiled/subprocess/__init__.py", line 188, in wrapper
    result = self._compiled_subprocess.run(
  File "/usr/local/lib/code-server-4.103.2/lib/vscode/extensions/ms-python.python-2025.12.0/python_files/lib/jedilsp/jedi/inference/compiled/subprocess/__init__.py", line 293, in run
    self._send(delete_id, None)
  File "/usr/local/lib/code-server-4.103.2/lib/vscode/extensions/ms-python.python-2025.12.0/python_files/lib/jedilsp/jedi/inference/compiled/subprocess/__init__.py", line 318, in _send
    is_exception, traceback, result = pickle_load(self._get_process().stdout)
  File "/usr/local/lib/code-server-4.103.2/lib/vscode/extensions/ms-python.python-2025.12.0/python_files/lib/jedilsp/jedi/_compatibility.py", line 25, in pickle_load
    return Unpickler(file).load()
_pickle.UnpicklingError: invalid load key, ' '.

2026-08-15 16:25:30.188 [info] [Error - 4:25:30 PM] Request textDocument/codeAction failed.
2026-08-15 16:25:30.188 [info]   Message: _pickle.UnpicklingError: invalid load key, ' '.
  Code: -32603 
[object Object]
2026-08-15 16:25:43.790 [info] semantic_tokens_range file:///voc/work/hello_llm.py 0:0-20:17
2026-08-15 16:25:43.791 [info] ERROR:pygls.protocol.json_rpc:Exception occurred for message "34": _pickle.UnpicklingError: invalid load key, ' '.
NoneType: None

2026-08-15 16:25:43.797 [info] [Error - 4:25:43 PM] Request textDocument/semanticTokens/range failed.
2026-08-15 16:25:43.805 [info]   Message: _pickle.UnpicklingError: invalid load key, ' '.
  Code: -32603 
[object Object]
2026-08-15 16:25:48.137 [info] semantic_tokens_range file:///voc/work/hello_llm.py 0:0-20:17
2026-08-15 16:25:48.138 [info] ERROR:pygls.protocol.json_rpc:Exception occurred for message "35": _pickle.UnpicklingError: invalid load key, ' '.
NoneType: None

2026-08-15 16:25:48.143 [info] [Error - 4:25:48 PM] Request textDocument/semanticTokens/range failed.
2026-08-15 16:25:48.143 [info]   Message: _pickle.UnpicklingError: invalid load key, ' '.
  Code: -32603 
[object Object]
2026-08-15 16:27:19.764 [info] semantic_tokens_range file:///voc/work/hello_llm.py 0:0-20:17
2026-08-15 16:27:19.766 [info] ERROR:pygls.protocol.json_rpc:Exception occurred for message "40": _pickle.UnpicklingError: invalid load key, ' '.
NoneType: None

2026-08-15 16:27:19.766 [info] [Error - 4:27:19 PM] Request textDocument/semanticTokens/range failed.
2026-08-15 16:27:19.766 [info]   Message: _pickle.UnpicklingError: invalid load key, ' '.
  Code: -32603 
[object Object]
2026-08-15 16:27:40.478 [info] semantic_tokens_range file:///voc/work/hello_llm.py 0:0-20:17
2026-08-15 16:27:40.479 [info] ERROR:pygls.protocol.json_rpc:Exception occurred for message "48": _pickle.UnpicklingError: invalid load key, ' '.
NoneType: None

2026-08-15 16:27:40.485 [info] [Error - 4:27:40 PM] Request textDocument/semanticTokens/range failed.
2026-08-15 16:27:40.485 [info]   Message: _pickle.UnpicklingError: invalid load key, ' '.
  Code: -32603 
[object Object]
2026-08-15 16:29:52.354 [info] semantic_tokens_range file:///voc/work/hello_llm.py 0:0-20:17
2026-08-15 16:29:52.356 [info] ERROR:pygls.protocol.json_rpc:Exception occurred for message "50": _pickle.UnpicklingError: invalid load key, ' '.
NoneType: None

2026-08-15 16:29:52.356 [info] [Error - 4:29:52 PM] Request textDocument/semanticTokens/range failed.
2026-08-15 16:29:52.356 [info]   Message: _pickle.UnpicklingError: invalid load key, ' '.
  Code: -32603 
[object Object]
2026-08-15 16:29:53.290 [info] semantic_tokens_range file:///voc/work/hello_llm.py 0:0-20:17
2026-08-15 16:29:53.291 [info] ERROR:pygls.protocol.json_rpc:Exception occurred for message "51": _pickle.UnpicklingError: invalid load key, ' '.
NoneType: None

2026-08-15 16:29:53.299 [info] [Error - 4:29:53 PM] Request textDocument/semanticTokens/range failed.
2026-08-15 16:29:53.299 [info]   Message: _pickle.UnpicklingError: invalid load key, ' '.
  Code: -32603 
[object Object]
2026-08-15 16:29:53.833 [info] semantic_tokens_range file:///voc/work/hello_llm.py 0:0-20:17
2026-08-15 16:29:53.834 [info] ERROR:pygls.protocol.json_rpc:Exception occurred for message "52": _pickle.UnpicklingError: invalid load key, ' '.
NoneType: None

2026-08-15 16:29:53.840 [info] [Error - 4:29:53 PM] Request textDocument/semanticTokens/range failed.
2026-08-15 16:29:53.840 [info]   Message: _pickle.UnpicklingError: invalid load key, ' '.
  Code: -32603 
[object Object]
2026-08-15 16:29:58.034 [info] semantic_tokens_range file:///voc/work/hello_llm.py 0:0-20:17
2026-08-15 16:29:58.035 [info] ERROR:pygls.protocol.json_rpc:Exception occurred for message "53": _pickle.UnpicklingError: invalid load key, ' '.
NoneType: None

2026-08-15 16:29:58.041 [info] [Error - 4:29:58 PM] Request textDocument/semanticTokens/range failed.
2026-08-15 16:29:58.041 [info]   Message: _pickle.UnpicklingError: invalid load key, ' '.
  Code: -32603 
[object Object]
2026-08-15 16:29:59.586 [info] semantic_tokens_range file:///voc/work/hello_llm.py 0:0-20:17
2026-08-15 16:29:59.588 [info] ERROR:pygls.protocol.json_rpc:Exception occurred for message "54": _pickle.UnpicklingError: invalid load key, ' '.
NoneType: None

2026-08-15 16:29:59.600 [info] [Error - 4:29:59 PM] Request textDocument/semanticTokens/range failed.
2026-08-15 16:29:59.600 [info]   Message: _pickle.UnpicklingError: invalid load key, ' '.
  Code: -32603 
[object Object]
2026-08-15 16:30:00.191 [info] semantic_tokens_range file:///voc/work/hello_llm.py 0:0-20:17
2026-08-15 16:30:00.192 [info] ERROR:pygls.protocol.json_rpc:Exception occurred for message "55": _pickle.UnpicklingError: invalid load key, ' '.
NoneType: None

2026-08-15 16:30:00.198 [info] [Error - 4:30:00 PM] Request textDocument/semanticTokens/range failed.
2026-08-15 16:30:00.198 [info]   Message: _pickle.UnpicklingError: invalid load key, ' '.
  Code: -32603 
[object Object]
2026-08-15 16:30:01.185 [info] semantic_tokens_range file:///voc/work/hello_llm.py 0:0-20:17
2026-08-15 16:30:01.187 [info] ERROR:pygls.protocol.json_rpc:Exception occurred for message "56": _pickle.UnpicklingError: invalid load key, ' '.
NoneType: None

2026-08-15 16:30:01.192 [info] [Error - 4:30:01 PM] Request textDocument/semanticTokens/range failed.
2026-08-15 16:30:01.192 [info]   Message: _pickle.UnpicklingError: invalid load key, ' '.
  Code: -32603 
[object Object]
2026-08-15 16:30:14.463 [info] semantic_tokens_range file:///voc/work/hello_llm.py 0:0-20:17
2026-08-15 16:30:14.464 [info] ERROR:pygls.protocol.json_rpc:Exception occurred for message "57": _pickle.UnpicklingError: invalid load key, ' '.
NoneType: None

2026-08-15 16:30:14.470 [info] [Error - 4:30:14 PM] Request textDocument/semanticTokens/range failed.
2026-08-15 16:30:14.470 [info]   Message: _pickle.UnpicklingError: invalid load key, ' '.
  Code: -32603 
[object Object]
2026-08-15 16:30:15.335 [info] semantic_tokens_range file:///voc/work/hello_llm.py 0:0-20:17
2026-08-15 16:30:15.336 [info] ERROR:pygls.protocol.json_rpc:Exception occurred for message "58": _pickle.UnpicklingError: invalid load key, ' '.
NoneType: None

2026-08-15 16:30:15.343 [info] [Error - 4:30:15 PM] Request textDocument/semanticTokens/range failed.
2026-08-15 16:30:15.343 [info]   Message: _pickle.UnpicklingError: invalid load key, ' '.
  Code: -32603 
[object Object]
2026-08-15 16:30:15.866 [info] semantic_tokens_range file:///voc/work/hello_llm.py 0:0-20:17
2026-08-15 16:30:15.867 [info] ERROR:pygls.protocol.json_rpc:Exception occurred for message "59": _pickle.UnpicklingError: invalid load key, ' '.
NoneType: None

2026-08-15 16:30:15.873 [info] [Error - 4:30:15 PM] Request textDocument/semanticTokens/range failed.
2026-08-15 16:30:15.873 [info]   Message: _pickle.UnpicklingError: invalid load key, ' '.
  Code: -32603 
[object Object]
2026-08-15 16:30:16.961 [info] semantic_tokens_range file:///voc/work/hello_llm.py 0:0-20:17
2026-08-15 16:30:16.962 [info] ERROR:pygls.protocol.json_rpc:Exception occurred for message "60": _pickle.UnpicklingError: invalid load key, ' '.
NoneType: None

2026-08-15 16:30:16.967 [info] [Error - 4:30:16 PM] Request textDocument/semanticTokens/range failed.
2026-08-15 16:30:16.967 [info]   Message: _pickle.UnpicklingError: invalid load key, ' '.
  Code: -32603 
[object Object]
2026-08-15 16:30:22.182 [info] semantic_tokens_range file:///voc/work/hello_llm.py 0:0-20:17
2026-08-15 16:30:22.183 [info] ERROR:pygls.protocol.json_rpc:Exception occurred for message "61": _pickle.UnpicklingError: invalid load key, ' '.
NoneType: None

2026-08-15 16:30:22.189 [info] [Error - 4:30:22 PM] Request textDocument/semanticTokens/range failed.
2026-08-15 16:30:22.189 [info]   Message: _pickle.UnpicklingError: invalid load key, ' '.
  Code: -32603 
[object Object]
2026-08-15 16:30:54.832 [info] semantic_tokens_range file:///voc/work/hello_llm.py 0:0-20:17
2026-08-15 16:30:54.833 [info] ERROR:pygls.protocol.json_rpc:Exception occurred for message "65": _pickle.UnpicklingError: invalid load key, ' '.
NoneType: None

2026-08-15 16:30:54.834 [info] [Error - 4:30:54 PM] Request textDocument/semanticTokens/range failed.
2026-08-15 16:30:54.834 [info]   Message: _pickle.UnpicklingError: invalid load key, ' '.
  Code: -32603 
[object Object]
2026-08-15 16:31:08.917 [info] semantic_tokens_range file:///voc/work/hello_llm.py 0:0-20:17
2026-08-15 16:31:08.918 [info] ERROR:pygls.protocol.json_rpc:Exception occurred for message "69": _pickle.UnpicklingError: invalid load key, ' '.
NoneType: None

2026-08-15 16:31:08.924 [info] [Error - 4:31:08 PM] Request textDocument/semanticTokens/range failed.
2026-08-15 16:31:08.924 [info]   Message: _pickle.UnpicklingError: invalid load key, ' '.
  Code: -32603 
[object Object]
2026-08-15 16:31:09.983 [info] semantic_tokens_range file:///voc/work/hello_llm.py 0:0-20:17
2026-08-15 16:31:09.984 [info] ERROR:pygls.protocol.json_rpc:Exception occurred for message "70": _pickle.UnpicklingError: invalid load key, ' '.
NoneType: None

2026-08-15 16:31:09.992 [info] [Error - 4:31:09 PM] Request textDocument/semanticTokens/range failed.
2026-08-15 16:31:09.992 [info]   Message: _pickle.UnpicklingError: invalid load key, ' '.
  Code: -32603 
[object Object]
2026-08-15 16:31:14.436 [info] semantic_tokens_full file:///voc/work/hello_llm.py 
2026-08-15 16:31:14.437 [info] ERROR:pygls.protocol.json_rpc:Exception occurred for message "71": _pickle.UnpicklingError: invalid load key, ' '.
NoneType: None

2026-08-15 16:31:14.444 [info] [Error - 4:31:14 PM] Request textDocument/semanticTokens/full failed.
2026-08-15 16:31:14.444 [info]   Message: _pickle.UnpicklingError: invalid load key, ' '.
  Code: -32603 
[object Object]
2026-08-15 16:31:14.687 [info] semantic_tokens_range file:///voc/work/hello_llm.py 0:0-20:17
2026-08-15 16:31:14.688 [info] ERROR:pygls.protocol.json_rpc:Exception occurred for message "73": _pickle.UnpicklingError: invalid load key, ' '.
NoneType: None

2026-08-15 16:31:14.695 [info] [Error - 4:31:14 PM] Request textDocument/semanticTokens/range failed.
2026-08-15 16:31:14.695 [info]   Message: _pickle.UnpicklingError: invalid load key, ' '.
  Code: -32603 
[object Object]
2026-08-15 16:31:14.760 [info] ERROR:pygls.protocol.json_rpc:Failed to handle request 74 textDocument/documentSymbol DocumentSymbolParams(text_document=TextDocumentIdentifier(uri='file:///voc/work/hello_llm.py'), work_done_token=None, partial_result_token=None)
Traceback (most recent call last):
  File "/usr/local/lib/code-server-4.103.2/lib/vscode/extensions/ms-python.python-2025.12.0/python_files/lib/jedilsp/pygls/protocol/json_rpc.py", line 266, in _handle_request
    self._execute_request(msg_id, handler, params)
  File "/usr/local/lib/code-server-4.103.2/lib/vscode/extensions/ms-python.python-2025.12.0/python_files/lib/jedilsp/pygls/protocol/json_rpc.py", line 188, in _execute_request
    self._send_response(msg_id, handler(params))
  File "/usr/local/lib/code-server-4.103.2/lib/vscode/extensions/ms-python.python-2025.12.0/python_files/lib/jedilsp/jedi_language_server/server.py", line 546, in document_symbol
    document_symbols = jedi_utils.lsp_document_symbols(names)
  File "/usr/local/lib/code-server-4.103.2/lib/vscode/extensions/ms-python.python-2025.12.0/python_files/lib/jedilsp/jedi_language_server/jedi_utils.py", line 225, in lsp_document_symbols
    symbol_range = _document_symbol_range(name)
  File "/usr/local/lib/code-server-4.103.2/lib/vscode/extensions/ms-python.python-2025.12.0/python_files/lib/jedilsp/jedi_language_server/jedi_utils.py", line 204, in _document_symbol_range
    end = name.get_definition_end_position()
  File "/usr/local/lib/code-server-4.103.2/lib/vscode/extensions/ms-python.python-2025.12.0/python_files/lib/jedilsp/jedi/api/classes.py", line 260, in get_definition_end_position
    if self.type in ("function", "class"):
  File "/usr/local/lib/code-server-4.103.2/lib/vscode/extensions/ms-python.python-2025.12.0/python_files/lib/jedilsp/jedi/api/classes.py", line 190, in type
    for value in self._name.infer():
  File "/usr/local/lib/code-server-4.103.2/lib/vscode/extensions/ms-python.python-2025.12.0/python_files/lib/jedilsp/jedi/inference/names.py", line 281, in infer
    return tree_name_to_values(
  File "/usr/local/lib/code-server-4.103.2/lib/vscode/extensions/ms-python.python-2025.12.0/python_files/lib/jedilsp/jedi/plugins/__init__.py", line 21, in wrapper
    return built_functions[public_name](*args, **kwargs)
  File "/usr/local/lib/code-server-4.103.2/lib/vscode/extensions/ms-python.python-2025.12.0/python_files/lib/jedilsp/jedi/plugins/stdlib.py", line 878, in wrapper
    return func(inference_state, context, tree_name)
  File "/usr/local/lib/code-server-4.103.2/lib/vscode/extensions/ms-python.python-2025.12.0/python_files/lib/jedilsp/jedi/plugins/django.py", line 177, in wrapper
    result = func(inference_state, context, tree_name)
  File "/usr/local/lib/code-server-4.103.2/lib/vscode/extensions/ms-python.python-2025.12.0/python_files/lib/jedilsp/jedi/inference/syntax_tree.py", line 771, in tree_name_to_values
    types = imports.infer_import(context, tree_name)
  File "/usr/local/lib/code-server-4.103.2/lib/vscode/extensions/ms-python.python-2025.12.0/python_files/lib/jedilsp/jedi/inference/cache.py", line 44, in wrapper
    rv = function(obj, *args, **kwargs)
  File "/usr/local/lib/code-server-4.103.2/lib/vscode/extensions/ms-python.python-2025.12.0/python_files/lib/jedilsp/jedi/inference/imports.py", line 53, in infer_import
    _prepare_infer_import(module_context, tree_name)
  File "/usr/local/lib/code-server-4.103.2/lib/vscode/extensions/ms-python.python-2025.12.0/python_files/lib/jedilsp/jedi/inference/imports.py", line 116, in _prepare_infer_import
    return from_import_name, tuple(import_path), import_node.level, importer.follow()
  File "/usr/local/lib/code-server-4.103.2/lib/vscode/extensions/ms-python.python-2025.12.0/python_files/lib/jedilsp/jedi/inference/imports.py", line 296, in follow
    return import_module_by_names(
  File "/usr/local/lib/code-server-4.103.2/lib/vscode/extensions/ms-python.python-2025.12.0/python_files/lib/jedilsp/jedi/inference/imports.py", line 376, in import_module_by_names
    value_set = ValueSet.from_sets([
  File "/usr/local/lib/code-server-4.103.2/lib/vscode/extensions/ms-python.python-2025.12.0/python_files/lib/jedilsp/jedi/inference/imports.py", line 377, in <listcomp>
    import_module(
  File "/usr/local/lib/code-server-4.103.2/lib/vscode/extensions/ms-python.python-2025.12.0/python_files/lib/jedilsp/jedi/plugins/__init__.py", line 21, in wrapper
    return built_functions[public_name](*args, **kwargs)
  File "/usr/local/lib/code-server-4.103.2/lib/vscode/extensions/ms-python.python-2025.12.0/python_files/lib/jedilsp/jedi/plugins/flask.py", line 20, in wrapper
    return callback(inference_state, import_names, module_context, *args, **kwargs)
  File "/usr/local/lib/code-server-4.103.2/lib/vscode/extensions/ms-python.python-2025.12.0/python_files/lib/jedilsp/jedi/inference/gradual/typeshed.py", line 115, in wrapper
    python_value_set = ValueSet.from_sets(
  File "/usr/local/lib/code-server-4.103.2/lib/vscode/extensions/ms-python.python-2025.12.0/python_files/lib/jedilsp/jedi/inference/base_value.py", line 430, in from_sets
    for set_ in sets:
  File "/usr/local/lib/code-server-4.103.2/lib/vscode/extensions/ms-python.python-2025.12.0/python_files/lib/jedilsp/jedi/inference/gradual/typeshed.py", line 116, in <genexpr>
    func(inference_state, import_names, p, sys_path,)
  File "/usr/local/lib/code-server-4.103.2/lib/vscode/extensions/ms-python.python-2025.12.0/python_files/lib/jedilsp/jedi/inference/imports.py", line 411, in import_module
    file_io_or_ns, is_pkg = inference_state.compiled_subprocess.get_module_info(
  File "/usr/local/lib/code-server-4.103.2/lib/vscode/extensions/ms-python.python-2025.12.0/python_files/lib/jedilsp/jedi/inference/compiled/subprocess/__init__.py", line 188, in wrapper
    result = self._compiled_subprocess.run(
  File "/usr/local/lib/code-server-4.103.2/lib/vscode/extensions/ms-python.python-2025.12.0/python_files/lib/jedilsp/jedi/inference/compiled/subprocess/__init__.py", line 293, in run
    self._send(delete_id, None)
  File "/usr/local/lib/code-server-4.103.2/lib/vscode/extensions/ms-python.python-2025.12.0/python_files/lib/jedilsp/jedi/inference/compiled/subprocess/__init__.py", line 318, in _send
    is_exception, traceback, result = pickle_load(self._get_process().stdout)
  File "/usr/local/lib/code-server-4.103.2/lib/vscode/extensions/ms-python.python-2025.12.0/python_files/lib/jedilsp/jedi/_compatibility.py", line 25, in pickle_load
    return Unpickler(file).load()
_pickle.UnpicklingError: invalid load key, ' '.

2026-08-15 16:31:14.761 [info] [Error - 4:31:14 PM] Request textDocument/documentSymbol failed.
2026-08-15 16:31:14.766 [info]   Message: _pickle.UnpicklingError: invalid load key, ' '.
  Code: -32603 
[object Object]
2026-08-15 16:31:14.769 [info] ERROR:pygls.protocol.json_rpc:Failed to handle request 75 textDocument/documentSymbol DocumentSymbolParams(text_document=TextDocumentIdentifier(uri='file:///voc/work/hello_llm.py'), work_done_token=None, partial_result_token=None)
Traceback (most recent call last):
  File "/usr/local/lib/code-server-4.103.2/lib/vscode/extensions/ms-python.python-2025.12.0/python_files/lib/jedilsp/pygls/protocol/json_rpc.py", line 266, in _handle_request
    self._execute_request(msg_id, handler, params)
  File "/usr/local/lib/code-server-4.103.2/lib/vscode/extensions/ms-python.python-2025.12.0/python_files/lib/jedilsp/pygls/protocol/json_rpc.py", line 188, in _execute_request
    self._send_response(msg_id, handler(params))
  File "/usr/local/lib/code-server-4.103.2/lib/vscode/extensions/ms-python.python-2025.12.0/python_files/lib/jedilsp/jedi_language_server/server.py", line 546, in document_symbol
    document_symbols = jedi_utils.lsp_document_symbols(names)
  File "/usr/local/lib/code-server-4.103.2/lib/vscode/extensions/ms-python.python-2025.12.0/python_files/lib/jedilsp/jedi_language_server/jedi_utils.py", line 225, in lsp_document_symbols
    symbol_range = _document_symbol_range(name)
  File "/usr/local/lib/code-server-4.103.2/lib/vscode/extensions/ms-python.python-2025.12.0/python_files/lib/jedilsp/jedi_language_server/jedi_utils.py", line 204, in _document_symbol_range
    end = name.get_definition_end_position()
  File "/usr/local/lib/code-server-4.103.2/lib/vscode/extensions/ms-python.python-2025.12.0/python_files/lib/jedilsp/jedi/api/classes.py", line 260, in get_definition_end_position
    if self.type in ("function", "class"):
  File "/usr/local/lib/code-server-4.103.2/lib/vscode/extensions/ms-python.python-2025.12.0/python_files/lib/jedilsp/jedi/api/classes.py", line 190, in type
    for value in self._name.infer():
  File "/usr/local/lib/code-server-4.103.2/lib/vscode/extensions/ms-python.python-2025.12.0/python_files/lib/jedilsp/jedi/inference/names.py", line 281, in infer
    return tree_name_to_values(
  File "/usr/local/lib/code-server-4.103.2/lib/vscode/extensions/ms-python.python-2025.12.0/python_files/lib/jedilsp/jedi/plugins/__init__.py", line 21, in wrapper
    return built_functions[public_name](*args, **kwargs)
  File "/usr/local/lib/code-server-4.103.2/lib/vscode/extensions/ms-python.python-2025.12.0/python_files/lib/jedilsp/jedi/plugins/stdlib.py", line 878, in wrapper
    return func(inference_state, context, tree_name)
  File "/usr/local/lib/code-server-4.103.2/lib/vscode/extensions/ms-python.python-2025.12.0/python_files/lib/jedilsp/jedi/plugins/django.py", line 177, in wrapper
    result = func(inference_state, context, tree_name)
  File "/usr/local/lib/code-server-4.103.2/lib/vscode/extensions/ms-python.python-2025.12.0/python_files/lib/jedilsp/jedi/inference/syntax_tree.py", line 771, in tree_name_to_values
    types = imports.infer_import(context, tree_name)
  File "/usr/local/lib/code-server-4.103.2/lib/vscode/extensions/ms-python.python-2025.12.0/python_files/lib/jedilsp/jedi/inference/cache.py", line 44, in wrapper
    rv = function(obj, *args, **kwargs)
  File "/usr/local/lib/code-server-4.103.2/lib/vscode/extensions/ms-python.python-2025.12.0/python_files/lib/jedilsp/jedi/inference/imports.py", line 53, in infer_import
    _prepare_infer_import(module_context, tree_name)
  File "/usr/local/lib/code-server-4.103.2/lib/vscode/extensions/ms-python.python-2025.12.0/python_files/lib/jedilsp/jedi/inference/imports.py", line 116, in _prepare_infer_import
    return from_import_name, tuple(import_path), import_node.level, importer.follow()
  File "/usr/local/lib/code-server-4.103.2/lib/vscode/extensions/ms-python.python-2025.12.0/python_files/lib/jedilsp/jedi/inference/imports.py", line 296, in follow
    return import_module_by_names(
  File "/usr/local/lib/code-server-4.103.2/lib/vscode/extensions/ms-python.python-2025.12.0/python_files/lib/jedilsp/jedi/inference/imports.py", line 376, in import_module_by_names
    value_set = ValueSet.from_sets([
  File "/usr/local/lib/code-server-4.103.2/lib/vscode/extensions/ms-python.python-2025.12.0/python_files/lib/jedilsp/jedi/inference/imports.py", line 377, in <listcomp>
    import_module(
  File "/usr/local/lib/code-server-4.103.2/lib/vscode/extensions/ms-python.python-2025.12.0/python_files/lib/jedilsp/jedi/plugins/__init__.py", line 21, in wrapper
    return built_functions[public_name](*args, **kwargs)
  File "/usr/local/lib/code-server-4.103.2/lib/vscode/extensions/ms-python.python-2025.12.0/python_files/lib/jedilsp/jedi/plugins/flask.py", line 20, in wrapper
    return callback(inference_state, import_names, module_context, *args, **kwargs)
  File "/usr/local/lib/code-server-4.103.2/lib/vscode/extensions/ms-python.python-2025.12.0/python_files/lib/jedilsp/jedi/inference/gradual/typeshed.py", line 115, in wrapper
    python_value_set = ValueSet.from_sets(
  File "/usr/local/lib/code-server-4.103.2/lib/vscode/extensions/ms-python.python-2025.12.0/python_files/lib/jedilsp/jedi/inference/base_value.py", line 430, in from_sets
    for set_ in sets:
  File "/usr/local/lib/code-server-4.103.2/lib/vscode/extensions/ms-python.python-2025.12.0/python_files/lib/jedilsp/jedi/inference/gradual/typeshed.py", line 116, in <genexpr>
    func(inference_state, import_names, p, sys_path,)
  File "/usr/local/lib/code-server-4.103.2/lib/vscode/extensions/ms-python.python-2025.12.0/python_files/lib/jedilsp/jedi/inference/imports.py", line 411, in import_module
    file_io_or_ns, is_pkg = inference_state.compiled_subprocess.get_module_info(
  File "/usr/local/lib/code-server-4.103.2/lib/vscode/extensions/ms-python.python-2025.12.0/python_files/lib/jedilsp/jedi/inference/compiled/subprocess/__init__.py", line 188, in wrapper
    result = self._compiled_subprocess.run(
  File "/usr/local/lib/code-server-4.103.2/lib/vscode/extensions/ms-python.python-2025.12.0/python_files/lib/jedilsp/jedi/inference/compiled/subprocess/__init__.py", line 293, in run
    self._send(delete_id, None)
  File "/usr/local/lib/code-server-4.103.2/lib/vscode/extensions/ms-python.python-2025.12.0/python_files/lib/jedilsp/jedi/inference/compiled/subprocess/__init__.py", line 318, in _send
    is_exception, traceback, result = pickle_load(self._get_process().stdout)
  File "/usr/local/lib/code-server-4.103.2/lib/vscode/extensions/ms-python.python-2025.12.0/python_files/lib/jedilsp/jedi/_compatibility.py", line 25, in pickle_load
    return Unpickler(file).load()
_pickle.UnpicklingError: invalid load key, ' '.

2026-08-15 16:31:14.774 [info] [Error - 4:31:14 PM] Request textDocument/documentSymbol failed.
2026-08-15 16:31:14.774 [info]   Message: _pickle.UnpicklingError: invalid load key, ' '.
  Code: -32603 
[object Object]
2026-08-15 16:31:18.151 [info] ERROR:pygls.protocol.json_rpc:Failed to handle request 76 textDocument/codeAction CodeActionParams(text_document=TextDocumentIdentifier(uri='file:///voc/work/hello_llm.py'), range=9:42-10:28, context=CodeActionContext(diagnostics=[], only=None, trigger_kind=<CodeActionTriggerKind.Automatic: 2>), work_done_token=None, partial_result_token=None)
Traceback (most recent call last):
  File "/usr/local/lib/code-server-4.103.2/lib/vscode/extensions/ms-python.python-2025.12.0/python_files/lib/jedilsp/pygls/protocol/json_rpc.py", line 266, in _handle_request
    self._execute_request(msg_id, handler, params)
  File "/usr/local/lib/code-server-4.103.2/lib/vscode/extensions/ms-python.python-2025.12.0/python_files/lib/jedilsp/pygls/protocol/json_rpc.py", line 188, in _execute_request
    self._send_response(msg_id, handler(params))
  File "/usr/local/lib/code-server-4.103.2/lib/vscode/extensions/ms-python.python-2025.12.0/python_files/lib/jedilsp/jedi_language_server/notebook_utils.py", line 373, in wrapped
    result = f(notebook_server, notebook_params)
  File "/usr/local/lib/code-server-4.103.2/lib/vscode/extensions/ms-python.python-2025.12.0/python_files/lib/jedilsp/jedi_language_server/server.py", line 717, in code_action
    extract_function_refactoring = jedi_script.extract_function(
  File "/usr/local/lib/code-server-4.103.2/lib/vscode/extensions/ms-python.python-2025.12.0/python_files/lib/jedilsp/jedi/api/helpers.py", line 487, in wrapper
    return func(self, line, column, *args, **kwargs)
  File "/usr/local/lib/code-server-4.103.2/lib/vscode/extensions/ms-python.python-2025.12.0/python_files/lib/jedilsp/jedi/api/__init__.py", line 675, in extract_function
    return extract_function(
  File "/usr/local/lib/code-server-4.103.2/lib/vscode/extensions/ms-python.python-2025.12.0/python_files/lib/jedilsp/jedi/api/refactoring/extract.py", line 216, in extract_function
    params, return_variables = list(_find_inputs_and_outputs(module_context, context, nodes))
  File "/usr/local/lib/code-server-4.103.2/lib/vscode/extensions/ms-python.python-2025.12.0/python_files/lib/jedilsp/jedi/api/refactoring/extract.py", line 332, in _find_inputs_and_outputs
    name_definitions = context.goto(name, name.start_pos)
  File "/usr/local/lib/code-server-4.103.2/lib/vscode/extensions/ms-python.python-2025.12.0/python_files/lib/jedilsp/jedi/inference/context.py", line 34, in goto
    names = finder.filter_name(filters, name_or_str)
  File "/usr/local/lib/code-server-4.103.2/lib/vscode/extensions/ms-python.python-2025.12.0/python_files/lib/jedilsp/jedi/inference/finder.py", line 35, in filter_name
    for filter in filters:
  File "/usr/local/lib/code-server-4.103.2/lib/vscode/extensions/ms-python.python-2025.12.0/python_files/lib/jedilsp/jedi/inference/context.py", line 496, in get_global_filters
    b = next(base_context.inference_state.builtins_module.get_filters(), None)
  File "/usr/local/lib/code-server-4.103.2/lib/vscode/extensions/ms-python.python-2025.12.0/python_files/lib/jedilsp/jedi/inference/cache.py", line 44, in wrapper
    rv = function(obj, *args, **kwargs)
  File "/usr/local/lib/code-server-4.103.2/lib/vscode/extensions/ms-python.python-2025.12.0/python_files/lib/jedilsp/jedi/inference/__init__.py", line 129, in builtins_module
    builtins_module, = self.import_module((module_name,), sys_path=[])
  File "/usr/local/lib/code-server-4.103.2/lib/vscode/extensions/ms-python.python-2025.12.0/python_files/lib/jedilsp/jedi/inference/__init__.py", line 112, in import_module
    return imports.import_module_by_names(
  File "/usr/local/lib/code-server-4.103.2/lib/vscode/extensions/ms-python.python-2025.12.0/python_files/lib/jedilsp/jedi/inference/imports.py", line 376, in import_module_by_names
    value_set = ValueSet.from_sets([
  File "/usr/local/lib/code-server-4.103.2/lib/vscode/extensions/ms-python.python-2025.12.0/python_files/lib/jedilsp/jedi/inference/imports.py", line 377, in <listcomp>
    import_module(
  File "/usr/local/lib/code-server-4.103.2/lib/vscode/extensions/ms-python.python-2025.12.0/python_files/lib/jedilsp/jedi/plugins/__init__.py", line 21, in wrapper
    return built_functions[public_name](*args, **kwargs)
  File "/usr/local/lib/code-server-4.103.2/lib/vscode/extensions/ms-python.python-2025.12.0/python_files/lib/jedilsp/jedi/plugins/flask.py", line 20, in wrapper
    return callback(inference_state, import_names, module_context, *args, **kwargs)
  File "/usr/local/lib/code-server-4.103.2/lib/vscode/extensions/ms-python.python-2025.12.0/python_files/lib/jedilsp/jedi/inference/gradual/typeshed.py", line 115, in wrapper
    python_value_set = ValueSet.from_sets(
  File "/usr/local/lib/code-server-4.103.2/lib/vscode/extensions/ms-python.python-2025.12.0/python_files/lib/jedilsp/jedi/inference/base_value.py", line 430, in from_sets
    for set_ in sets:
  File "/usr/local/lib/code-server-4.103.2/lib/vscode/extensions/ms-python.python-2025.12.0/python_files/lib/jedilsp/jedi/inference/gradual/typeshed.py", line 116, in <genexpr>
    func(inference_state, import_names, p, sys_path,)
  File "/usr/local/lib/code-server-4.103.2/lib/vscode/extensions/ms-python.python-2025.12.0/python_files/lib/jedilsp/jedi/inference/imports.py", line 411, in import_module
    file_io_or_ns, is_pkg = inference_state.compiled_subprocess.get_module_info(
  File "/usr/local/lib/code-server-4.103.2/lib/vscode/extensions/ms-python.python-2025.12.0/python_files/lib/jedilsp/jedi/inference/compiled/subprocess/__init__.py", line 188, in wrapper
    result = self._compiled_subprocess.run(
  File "/usr/local/lib/code-server-4.103.2/lib/vscode/extensions/ms-python.python-2025.12.0/python_files/lib/jedilsp/jedi/inference/compiled/subprocess/__init__.py", line 293, in run
    self._send(delete_id, None)
  File "/usr/local/lib/code-server-4.103.2/lib/vscode/extensions/ms-python.python-2025.12.0/python_files/lib/jedilsp/jedi/inference/compiled/subprocess/__init__.py", line 318, in _send
    is_exception, traceback, result = pickle_load(self._get_process().stdout)
  File "/usr/local/lib/code-server-4.103.2/lib/vscode/extensions/ms-python.python-2025.12.0/python_files/lib/jedilsp/jedi/_compatibility.py", line 25, in pickle_load
    return Unpickler(file).load()
_pickle.UnpicklingError: invalid load key, ' '.

2026-08-15 16:31:18.152 [info] [Error - 4:31:18 PM] Request textDocument/codeAction failed.
2026-08-15 16:31:18.166 [info]   Message: _pickle.UnpicklingError: invalid load key, ' '.
  Code: -32603 
[object Object]
2026-08-15 16:31:23.854 [info] ERROR:pygls.protocol.json_rpc:Failed to handle request 78 textDocument/documentSymbol DocumentSymbolParams(text_document=TextDocumentIdentifier(uri='file:///voc/work/hello_llm.py'), work_done_token=None, partial_result_token=None)
Traceback (most recent call last):
  File "/usr/local/lib/code-server-4.103.2/lib/vscode/extensions/ms-python.python-2025.12.0/python_files/lib/jedilsp/pygls/protocol/json_rpc.py", line 266, in _handle_request
    self._execute_request(msg_id, handler, params)
  File "/usr/local/lib/code-server-4.103.2/lib/vscode/extensions/ms-python.python-2025.12.0/python_files/lib/jedilsp/pygls/protocol/json_rpc.py", line 188, in _execute_request
    self._send_response(msg_id, handler(params))
  File "/usr/local/lib/code-server-4.103.2/lib/vscode/extensions/ms-python.python-2025.12.0/python_files/lib/jedilsp/jedi_language_server/server.py", line 546, in document_symbol
    document_symbols = jedi_utils.lsp_document_symbols(names)
  File "/usr/local/lib/code-server-4.103.2/lib/vscode/extensions/ms-python.python-2025.12.0/python_files/lib/jedilsp/jedi_language_server/jedi_utils.py", line 225, in lsp_document_symbols
    symbol_range = _document_symbol_range(name)
  File "/usr/local/lib/code-server-4.103.2/lib/vscode/extensions/ms-python.python-2025.12.0/python_files/lib/jedilsp/jedi_language_server/jedi_utils.py", line 204, in _document_symbol_range
    end = name.get_definition_end_position()
  File "/usr/local/lib/code-server-4.103.2/lib/vscode/extensions/ms-python.python-2025.12.0/python_files/lib/jedilsp/jedi/api/classes.py", line 260, in get_definition_end_position
    if self.type in ("function", "class"):
  File "/usr/local/lib/code-server-4.103.2/lib/vscode/extensions/ms-python.python-2025.12.0/python_files/lib/jedilsp/jedi/api/classes.py", line 190, in type
    for value in self._name.infer():
  File "/usr/local/lib/code-server-4.103.2/lib/vscode/extensions/ms-python.python-2025.12.0/python_files/lib/jedilsp/jedi/inference/names.py", line 281, in infer
    return tree_name_to_values(
  File "/usr/local/lib/code-server-4.103.2/lib/vscode/extensions/ms-python.python-2025.12.0/python_files/lib/jedilsp/jedi/plugins/__init__.py", line 21, in wrapper
    return built_functions[public_name](*args, **kwargs)
  File "/usr/local/lib/code-server-4.103.2/lib/vscode/extensions/ms-python.python-2025.12.0/python_files/lib/jedilsp/jedi/plugins/stdlib.py", line 878, in wrapper
    return func(inference_state, context, tree_name)
  File "/usr/local/lib/code-server-4.103.2/lib/vscode/extensions/ms-python.python-2025.12.0/python_files/lib/jedilsp/jedi/plugins/django.py", line 177, in wrapper
    result = func(inference_state, context, tree_name)
  File "/usr/local/lib/code-server-4.103.2/lib/vscode/extensions/ms-python.python-2025.12.0/python_files/lib/jedilsp/jedi/inference/syntax_tree.py", line 771, in tree_name_to_values
    types = imports.infer_import(context, tree_name)
  File "/usr/local/lib/code-server-4.103.2/lib/vscode/extensions/ms-python.python-2025.12.0/python_files/lib/jedilsp/jedi/inference/cache.py", line 44, in wrapper
    rv = function(obj, *args, **kwargs)
  File "/usr/local/lib/code-server-4.103.2/lib/vscode/extensions/ms-python.python-2025.12.0/python_files/lib/jedilsp/jedi/inference/imports.py", line 53, in infer_import
    _prepare_infer_import(module_context, tree_name)
  File "/usr/local/lib/code-server-4.103.2/lib/vscode/extensions/ms-python.python-2025.12.0/python_files/lib/jedilsp/jedi/inference/imports.py", line 116, in _prepare_infer_import
    return from_import_name, tuple(import_path), import_node.level, importer.follow()
  File "/usr/local/lib/code-server-4.103.2/lib/vscode/extensions/ms-python.python-2025.12.0/python_files/lib/jedilsp/jedi/inference/imports.py", line 296, in follow
    return import_module_by_names(
  File "/usr/local/lib/code-server-4.103.2/lib/vscode/extensions/ms-python.python-2025.12.0/python_files/lib/jedilsp/jedi/inference/imports.py", line 376, in import_module_by_names
    value_set = ValueSet.from_sets([
  File "/usr/local/lib/code-server-4.103.2/lib/vscode/extensions/ms-python.python-2025.12.0/python_files/lib/jedilsp/jedi/inference/imports.py", line 377, in <listcomp>
    import_module(
  File "/usr/local/lib/code-server-4.103.2/lib/vscode/extensions/ms-python.python-2025.12.0/python_files/lib/jedilsp/jedi/plugins/__init__.py", line 21, in wrapper
    return built_functions[public_name](*args, **kwargs)
  File "/usr/local/lib/code-server-4.103.2/lib/vscode/extensions/ms-python.python-2025.12.0/python_files/lib/jedilsp/jedi/plugins/flask.py", line 20, in wrapper
    return callback(inference_state, import_names, module_context, *args, **kwargs)
  File "/usr/local/lib/code-server-4.103.2/lib/vscode/extensions/ms-python.python-2025.12.0/python_files/lib/jedilsp/jedi/inference/gradual/typeshed.py", line 115, in wrapper
    python_value_set = ValueSet.from_sets(
  File "/usr/local/lib/code-server-4.103.2/lib/vscode/extensions/ms-python.python-2025.12.0/python_files/lib/jedilsp/jedi/inference/base_value.py", line 430, in from_sets
    for set_ in sets:
  File "/usr/local/lib/code-server-4.103.2/lib/vscode/extensions/ms-python.python-2025.12.0/python_files/lib/jedilsp/jedi/inference/gradual/typeshed.py", line 116, in <genexpr>
    func(inference_state, import_names, p, sys_path,)
  File "/usr/local/lib/code-server-4.103.2/lib/vscode/extensions/ms-python.python-2025.12.0/python_files/lib/jedilsp/jedi/inference/imports.py", line 411, in import_module
    file_io_or_ns, is_pkg = inference_state.compiled_subprocess.get_module_info(
  File "/usr/local/lib/code-server-4.103.2/lib/vscode/extensions/ms-python.python-2025.12.0/python_files/lib/jedilsp/jedi/inference/compiled/subprocess/__init__.py", line 188, in wrapper
    result = self._compiled_subprocess.run(
  File "/usr/local/lib/code-server-4.103.2/lib/vscode/extensions/ms-python.python-2025.12.0/python_files/lib/jedilsp/jedi/inference/compiled/subprocess/__init__.py", line 293, in run
    self._send(delete_id, None)
  File "/usr/local/lib/code-server-4.103.2/lib/vscode/extensions/ms-python.python-2025.12.0/python_files/lib/jedilsp/jedi/inference/compiled/subprocess/__init__.py", line 318, in _send
    is_exception, traceback, result = pickle_load(self._get_process().stdout)
  File "/usr/local/lib/code-server-4.103.2/lib/vscode/extensions/ms-python.python-2025.12.0/python_files/lib/jedilsp/jedi/_compatibility.py", line 25, in pickle_load
    return Unpickler(file).load()
_pickle.UnpicklingError: invalid load key, ' '.

2026-08-15 16:31:23.855 [info] [Error - 4:31:23 PM] Request textDocument/documentSymbol failed.
2026-08-15 16:31:23.862 [info]   Message: _pickle.UnpicklingError: invalid load key, ' '.
  Code: -32603 
[object Object]
2026-08-15 16:31:23.862 [info] ERROR:pygls.protocol.json_rpc:Exception occurred for message "79": _pickle.UnpicklingError: invalid load key, ' '.
NoneType: None

2026-08-15 16:31:23.863 [info] semantic_tokens_full file:///voc/work/hello_llm.py 
2026-08-15 16:31:23.869 [info] [Error - 4:31:23 PM] Request textDocument/semanticTokens/full failed.
2026-08-15 16:31:23.869 [info]   Message: _pickle.UnpicklingError: invalid load key, ' '.
  Code: -32603 
[object Object]
2026-08-15 16:31:24.040 [info] ERROR:pygls.protocol.json_rpc:Failed to handle request 80 textDocument/codeAction CodeActionParams(text_document=TextDocumentIdentifier(uri='file:///voc/work/hello_llm.py'), range=9:42-10:28, context=CodeActionContext(diagnostics=[], only=None, trigger_kind=<CodeActionTriggerKind.Automatic: 2>), work_done_token=None, partial_result_token=None)
Traceback (most recent call last):
  File "/usr/local/lib/code-server-4.103.2/lib/vscode/extensions/ms-python.python-2025.12.0/python_files/lib/jedilsp/pygls/protocol/json_rpc.py", line 266, in _handle_request
    self._execute_request(msg_id, handler, params)
  File "/usr/local/lib/code-server-4.103.2/lib/vscode/extensions/ms-python.python-2025.12.0/python_files/lib/jedilsp/pygls/protocol/json_rpc.py", line 188, in _execute_request
    self._send_response(msg_id, handler(params))
  File "/usr/local/lib/code-server-4.103.2/lib/vscode/extensions/ms-python.python-2025.12.0/python_files/lib/jedilsp/jedi_language_server/notebook_utils.py", line 373, in wrapped
    result = f(notebook_server, notebook_params)
  File "/usr/local/lib/code-server-4.103.2/lib/vscode/extensions/ms-python.python-2025.12.0/python_files/lib/jedilsp/jedi_language_server/server.py", line 717, in code_action
    extract_function_refactoring = jedi_script.extract_function(
  File "/usr/local/lib/code-server-4.103.2/lib/vscode/extensions/ms-python.python-2025.12.0/python_files/lib/jedilsp/jedi/api/helpers.py", line 487, in wrapper
    return func(self, line, column, *args, **kwargs)
  File "/usr/local/lib/code-server-4.103.2/lib/vscode/extensions/ms-python.python-2025.12.0/python_files/lib/jedilsp/jedi/api/__init__.py", line 675, in extract_function
    return extract_function(
  File "/usr/local/lib/code-server-4.103.2/lib/vscode/extensions/ms-python.python-2025.12.0/python_files/lib/jedilsp/jedi/api/refactoring/extract.py", line 216, in extract_function
    params, return_variables = list(_find_inputs_and_outputs(module_context, context, nodes))
  File "/usr/local/lib/code-server-4.103.2/lib/vscode/extensions/ms-python.python-2025.12.0/python_files/lib/jedilsp/jedi/api/refactoring/extract.py", line 332, in _find_inputs_and_outputs
    name_definitions = context.goto(name, name.start_pos)
  File "/usr/local/lib/code-server-4.103.2/lib/vscode/extensions/ms-python.python-2025.12.0/python_files/lib/jedilsp/jedi/inference/context.py", line 34, in goto
    names = finder.filter_name(filters, name_or_str)
  File "/usr/local/lib/code-server-4.103.2/lib/vscode/extensions/ms-python.python-2025.12.0/python_files/lib/jedilsp/jedi/inference/finder.py", line 35, in filter_name
    for filter in filters:
  File "/usr/local/lib/code-server-4.103.2/lib/vscode/extensions/ms-python.python-2025.12.0/python_files/lib/jedilsp/jedi/inference/context.py", line 496, in get_global_filters
    b = next(base_context.inference_state.builtins_module.get_filters(), None)
  File "/usr/local/lib/code-server-4.103.2/lib/vscode/extensions/ms-python.python-2025.12.0/python_files/lib/jedilsp/jedi/inference/cache.py", line 44, in wrapper
    rv = function(obj, *args, **kwargs)
  File "/usr/local/lib/code-server-4.103.2/lib/vscode/extensions/ms-python.python-2025.12.0/python_files/lib/jedilsp/jedi/inference/__init__.py", line 129, in builtins_module
    builtins_module, = self.import_module((module_name,), sys_path=[])
  File "/usr/local/lib/code-server-4.103.2/lib/vscode/extensions/ms-python.python-2025.12.0/python_files/lib/jedilsp/jedi/inference/__init__.py", line 112, in import_module
    return imports.import_module_by_names(
  File "/usr/local/lib/code-server-4.103.2/lib/vscode/extensions/ms-python.python-2025.12.0/python_files/lib/jedilsp/jedi/inference/imports.py", line 376, in import_module_by_names
    value_set = ValueSet.from_sets([
  File "/usr/local/lib/code-server-4.103.2/lib/vscode/extensions/ms-python.python-2025.12.0/python_files/lib/jedilsp/jedi/inference/imports.py", line 377, in <listcomp>
    import_module(
  File "/usr/local/lib/code-server-4.103.2/lib/vscode/extensions/ms-python.python-2025.12.0/python_files/lib/jedilsp/jedi/plugins/__init__.py", line 21, in wrapper
    return built_functions[public_name](*args, **kwargs)
  File "/usr/local/lib/code-server-4.103.2/lib/vscode/extensions/ms-python.python-2025.12.0/python_files/lib/jedilsp/jedi/plugins/flask.py", line 20, in wrapper
    return callback(inference_state, import_names, module_context, *args, **kwargs)
  File "/usr/local/lib/code-server-4.103.2/lib/vscode/extensions/ms-python.python-2025.12.0/python_files/lib/jedilsp/jedi/inference/gradual/typeshed.py", line 115, in wrapper
    python_value_set = ValueSet.from_sets(
  File "/usr/local/lib/code-server-4.103.2/lib/vscode/extensions/ms-python.python-2025.12.0/python_files/lib/jedilsp/jedi/inference/base_value.py", line 430, in from_sets
    for set_ in sets:
  File "/usr/local/lib/code-server-4.103.2/lib/vscode/extensions/ms-python.python-2025.12.0/python_files/lib/jedilsp/jedi/inference/gradual/typeshed.py", line 116, in <genexpr>
    func(inference_state, import_names, p, sys_path,)
  File "/usr/local/lib/code-server-4.103.2/lib/vscode/extensions/ms-python.python-2025.12.0/python_files/lib/jedilsp/jedi/inference/imports.py", line 411, in import_module
    file_io_or_ns, is_pkg = inference_state.compiled_subprocess.get_module_info(
  File "/usr/local/lib/code-server-4.103.2/lib/vscode/extensions/ms-python.python-2025.12.0/python_files/lib/jedilsp/jedi/inference/compiled/subprocess/__init__.py", line 188, in wrapper
    result = self._compiled_subprocess.run(
  File "/usr/local/lib/code-server-4.103.2/lib/vscode/extensions/ms-python.python-2025.12.0/python_files/lib/jedilsp/jedi/inference/compiled/subprocess/__init__.py", line 293, in run
    self._send(delete_id, None)
  File "/usr/local/lib/code-server-4.103.2/lib/vscode/extensions/ms-python.python-2025.12.0/python_files/lib/jedilsp/jedi/inference/compiled/subprocess/__init__.py", line 318, in _send
    is_exception, traceback, result = pickle_load(self._get_process().stdout)
  File "/usr/local/lib/code-server-4.103.2/lib/vscode/extensions/ms-python.python-2025.12.0/python_files/lib/jedilsp/jedi/_compatibility.py", line 25, in pickle_load
    return Unpickler(file).load()
_pickle.UnpicklingError: invalid load key, ' '.

2026-08-15 16:31:24.041 [info] [Error - 4:31:24 PM] Request textDocument/codeAction failed.
2026-08-15 16:31:24.047 [info]   Message: _pickle.UnpicklingError: invalid load key, ' '.
  Code: -32603 
[object Object]
2026-08-15 16:31:24.079 [info] ERROR:pygls.protocol.json_rpc:Failed to handle request 81 textDocument/documentSymbol DocumentSymbolParams(text_document=TextDocumentIdentifier(uri='file:///voc/work/hello_llm.py'), work_done_token=None, partial_result_token=None)
Traceback (most recent call last):
  File "/usr/local/lib/code-server-4.103.2/lib/vscode/extensions/ms-python.python-2025.12.0/python_files/lib/jedilsp/pygls/protocol/json_rpc.py", line 266, in _handle_request
    self._execute_request(msg_id, handler, params)
  File "/usr/local/lib/code-server-4.103.2/lib/vscode/extensions/ms-python.python-2025.12.0/python_files/lib/jedilsp/pygls/protocol/json_rpc.py", line 188, in _execute_request
    self._send_response(msg_id, handler(params))
  File "/usr/local/lib/code-server-4.103.2/lib/vscode/extensions/ms-python.python-2025.12.0/python_files/lib/jedilsp/jedi_language_server/server.py", line 546, in document_symbol
    document_symbols = jedi_utils.lsp_document_symbols(names)
  File "/usr/local/lib/code-server-4.103.2/lib/vscode/extensions/ms-python.python-2025.12.0/python_files/lib/jedilsp/jedi_language_server/jedi_utils.py", line 225, in lsp_document_symbols
    symbol_range = _document_symbol_range(name)
  File "/usr/local/lib/code-server-4.103.2/lib/vscode/extensions/ms-python.python-2025.12.0/python_files/lib/jedilsp/jedi_language_server/jedi_utils.py", line 204, in _document_symbol_range
    end = name.get_definition_end_position()
  File "/usr/local/lib/code-server-4.103.2/lib/vscode/extensions/ms-python.python-2025.12.0/python_files/lib/jedilsp/jedi/api/classes.py", line 260, in get_definition_end_position
    if self.type in ("function", "class"):
  File "/usr/local/lib/code-server-4.103.2/lib/vscode/extensions/ms-python.python-2025.12.0/python_files/lib/jedilsp/jedi/api/classes.py", line 190, in type
    for value in self._name.infer():
  File "/usr/local/lib/code-server-4.103.2/lib/vscode/extensions/ms-python.python-2025.12.0/python_files/lib/jedilsp/jedi/inference/names.py", line 281, in infer
    return tree_name_to_values(
  File "/usr/local/lib/code-server-4.103.2/lib/vscode/extensions/ms-python.python-2025.12.0/python_files/lib/jedilsp/jedi/plugins/__init__.py", line 21, in wrapper
    return built_functions[public_name](*args, **kwargs)
  File "/usr/local/lib/code-server-4.103.2/lib/vscode/extensions/ms-python.python-2025.12.0/python_files/lib/jedilsp/jedi/plugins/stdlib.py", line 878, in wrapper
    return func(inference_state, context, tree_name)
  File "/usr/local/lib/code-server-4.103.2/lib/vscode/extensions/ms-python.python-2025.12.0/python_files/lib/jedilsp/jedi/plugins/django.py", line 177, in wrapper
    result = func(inference_state, context, tree_name)
  File "/usr/local/lib/code-server-4.103.2/lib/vscode/extensions/ms-python.python-2025.12.0/python_files/lib/jedilsp/jedi/inference/syntax_tree.py", line 771, in tree_name_to_values
    types = imports.infer_import(context, tree_name)
  File "/usr/local/lib/code-server-4.103.2/lib/vscode/extensions/ms-python.python-2025.12.0/python_files/lib/jedilsp/jedi/inference/cache.py", line 44, in wrapper
    rv = function(obj, *args, **kwargs)
  File "/usr/local/lib/code-server-4.103.2/lib/vscode/extensions/ms-python.python-2025.12.0/python_files/lib/jedilsp/jedi/inference/imports.py", line 53, in infer_import
    _prepare_infer_import(module_context, tree_name)
  File "/usr/local/lib/code-server-4.103.2/lib/vscode/extensions/ms-python.python-2025.12.0/python_files/lib/jedilsp/jedi/inference/imports.py", line 116, in _prepare_infer_import
    return from_import_name, tuple(import_path), import_node.level, importer.follow()
  File "/usr/local/lib/code-server-4.103.2/lib/vscode/extensions/ms-python.python-2025.12.0/python_files/lib/jedilsp/jedi/inference/imports.py", line 296, in follow
    return import_module_by_names(
  File "/usr/local/lib/code-server-4.103.2/lib/vscode/extensions/ms-python.python-2025.12.0/python_files/lib/jedilsp/jedi/inference/imports.py", line 376, in import_module_by_names
    value_set = ValueSet.from_sets([
  File "/usr/local/lib/code-server-4.103.2/lib/vscode/extensions/ms-python.python-2025.12.0/python_files/lib/jedilsp/jedi/inference/imports.py", line 377, in <listcomp>
    import_module(
  File "/usr/local/lib/code-server-4.103.2/lib/vscode/extensions/ms-python.python-2025.12.0/python_files/lib/jedilsp/jedi/plugins/__init__.py", line 21, in wrapper
    return built_functions[public_name](*args, **kwargs)
  File "/usr/local/lib/code-server-4.103.2/lib/vscode/extensions/ms-python.python-2025.12.0/python_files/lib/jedilsp/jedi/plugins/flask.py", line 20, in wrapper
    return callback(inference_state, import_names, module_context, *args, **kwargs)
  File "/usr/local/lib/code-server-4.103.2/lib/vscode/extensions/ms-python.python-2025.12.0/python_files/lib/jedilsp/jedi/inference/gradual/typeshed.py", line 115, in wrapper
    python_value_set = ValueSet.from_sets(
  File "/usr/local/lib/code-server-4.103.2/lib/vscode/extensions/ms-python.python-2025.12.0/python_files/lib/jedilsp/jedi/inference/base_value.py", line 430, in from_sets
    for set_ in sets:
  File "/usr/local/lib/code-server-4.103.2/lib/vscode/extensions/ms-python.python-2025.12.0/python_files/lib/jedilsp/jedi/inference/gradual/typeshed.py", line 116, in <genexpr>
    func(inference_state, import_names, p, sys_path,)
  File "/usr/local/lib/code-server-4.103.2/lib/vscode/extensions/ms-python.python-2025.12.0/python_files/lib/jedilsp/jedi/inference/imports.py", line 411, in import_module
    file_io_or_ns, is_pkg = inference_state.compiled_subprocess.get_module_info(
  File "/usr/local/lib/code-server-4.103.2/lib/vscode/extensions/ms-python.python-2025.12.0/python_files/lib/jedilsp/jedi/inference/compiled/subprocess/__init__.py", line 188, in wrapper
    result = self._compiled_subprocess.run(
  File "/usr/local/lib/code-server-4.103.2/lib/vscode/extensions/ms-python.python-2025.12.0/python_files/lib/jedilsp/jedi/inference/compiled/subprocess/__init__.py", line 293, in run
    self._send(delete_id, None)
  File "/usr/local/lib/code-server-4.103.2/lib/vscode/extensions/ms-python.python-2025.12.0/python_files/lib/jedilsp/jedi/inference/compiled/subprocess/__init__.py", line 318, in _send
    is_exception, traceback, result = pickle_load(self._get_process().stdout)
  File "/usr/local/lib/code-server-4.103.2/lib/vscode/extensions/ms-python.python-2025.12.0/python_files/lib/jedilsp/jedi/_compatibility.py", line 25, in pickle_load
    return Unpickler(file).load()
_pickle.UnpicklingError: invalid load key, ' '.

2026-08-15 16:31:24.080 [info] [Error - 4:31:24 PM] Request textDocument/documentSymbol failed.
2026-08-15 16:31:24.087 [info]   Message: _pickle.UnpicklingError: invalid load key, ' '.
  Code: -32603 
[object Object]
2026-08-15 16:31:24.147 [info] semantic_tokens_range file:///voc/work/hello_llm.py 0:0-20:17
2026-08-15 16:31:24.148 [info] ERROR:pygls.protocol.json_rpc:Exception occurred for message "82": _pickle.UnpicklingError: invalid load key, ' '.
NoneType: None

2026-08-15 16:31:24.154 [info] [Error - 4:31:24 PM] Request textDocument/semanticTokens/range failed.
2026-08-15 16:31:24.154 [info]   Message: _pickle.UnpicklingError: invalid load key, ' '.
  Code: -32603 
[object Object]
2026-08-15 16:31:35.594 [info] ERROR:pygls.protocol.json_rpc:Failed to handle request 86 textDocument/hover HoverParams(text_document=TextDocumentIdentifier(uri='file:///voc/work/hello_llm.py'), position=13:46, work_done_token=None)
Traceback (most recent call last):
  File "/usr/local/lib/code-server-4.103.2/lib/vscode/extensions/ms-python.python-2025.12.0/python_files/lib/jedilsp/pygls/protocol/json_rpc.py", line 266, in _handle_request
    self._execute_request(msg_id, handler, params)
  File "/usr/local/lib/code-server-4.103.2/lib/vscode/extensions/ms-python.python-2025.12.0/python_files/lib/jedilsp/pygls/protocol/json_rpc.py", line 188, in _execute_request
    self._send_response(msg_id, handler(params))
  File "/usr/local/lib/code-server-4.103.2/lib/vscode/extensions/ms-python.python-2025.12.0/python_files/lib/jedilsp/jedi_language_server/notebook_utils.py", line 373, in wrapped
    result = f(notebook_server, notebook_params)
  File "/usr/local/lib/code-server-4.103.2/lib/vscode/extensions/ms-python.python-2025.12.0/python_files/lib/jedilsp/jedi_language_server/server.py", line 486, in hover
    hover_text = jedi_utils.hover_text(
  File "/usr/local/lib/code-server-4.103.2/lib/vscode/extensions/ms-python.python-2025.12.0/python_files/lib/jedilsp/jedi_language_server/jedi_utils.py", line 681, in hover_text
    header_plain = "\n".join(get_full_signatures(name))
  File "/usr/local/lib/code-server-4.103.2/lib/vscode/extensions/ms-python.python-2025.12.0/python_files/lib/jedilsp/jedi_language_server/jedi_utils.py", line 626, in get_full_signatures
    signatures = name.get_signatures()
  File "/usr/local/lib/code-server-4.103.2/lib/vscode/extensions/ms-python.python-2025.12.0/python_files/lib/jedilsp/jedi/api/classes.py", line 581, in get_signatures
    for s in self._get_signatures()
  File "/usr/local/lib/code-server-4.103.2/lib/vscode/extensions/ms-python.python-2025.12.0/python_files/lib/jedilsp/jedi/api/classes.py", line 570, in _get_signatures
    return [sig for name in names for sig in name.infer().get_signatures()]
  File "/usr/local/lib/code-server-4.103.2/lib/vscode/extensions/ms-python.python-2025.12.0/python_files/lib/jedilsp/jedi/api/classes.py", line 570, in <listcomp>
    return [sig for name in names for sig in name.infer().get_signatures()]
  File "/usr/local/lib/code-server-4.103.2/lib/vscode/extensions/ms-python.python-2025.12.0/python_files/lib/jedilsp/jedi/plugins/__init__.py", line 21, in wrapper
    return built_functions[public_name](*args, **kwargs)
  File "/usr/local/lib/code-server-4.103.2/lib/vscode/extensions/ms-python.python-2025.12.0/python_files/lib/jedilsp/jedi/plugins/pytest.py", line 76, in wrapper
    return func(param_name)
  File "/usr/local/lib/code-server-4.103.2/lib/vscode/extensions/ms-python.python-2025.12.0/python_files/lib/jedilsp/jedi/inference/names.py", line 528, in infer
    values = dynamic_param_lookup(self.function_value, param.position_index)
  File "/usr/local/lib/code-server-4.103.2/lib/vscode/extensions/ms-python.python-2025.12.0/python_files/lib/jedilsp/jedi/debug.py", line 81, in wrapper
    return func(*args, **kwargs)
  File "/usr/local/lib/code-server-4.103.2/lib/vscode/extensions/ms-python.python-2025.12.0/python_files/lib/jedilsp/jedi/inference/dynamic_params.py", line 47, in wrapper
    return func(function_value, param_index)
  File "/usr/local/lib/code-server-4.103.2/lib/vscode/extensions/ms-python.python-2025.12.0/python_files/lib/jedilsp/jedi/inference/dynamic_params.py", line 92, in dynamic_param_lookup
    values = ValueSet.from_sets(
  File "/usr/local/lib/code-server-4.103.2/lib/vscode/extensions/ms-python.python-2025.12.0/python_files/lib/jedilsp/jedi/inference/base_value.py", line 430, in from_sets
    for set_ in sets:
  File "/usr/local/lib/code-server-4.103.2/lib/vscode/extensions/ms-python.python-2025.12.0/python_files/lib/jedilsp/jedi/inference/dynamic_params.py", line 95, in <genexpr>
    )[param_index].infer()
  File "/usr/local/lib/code-server-4.103.2/lib/vscode/extensions/ms-python.python-2025.12.0/python_files/lib/jedilsp/jedi/inference/param.py", line 28, in infer
    return self._lazy_value.infer()
  File "/usr/local/lib/code-server-4.103.2/lib/vscode/extensions/ms-python.python-2025.12.0/python_files/lib/jedilsp/jedi/inference/lazy_value.py", line 48, in infer
    return self.context.infer_node(self.data)
  File "/usr/local/lib/code-server-4.103.2/lib/vscode/extensions/ms-python.python-2025.12.0/python_files/lib/jedilsp/jedi/inference/context.py", line 224, in infer_node
    return infer_node(self, node)
  File "/usr/local/lib/code-server-4.103.2/lib/vscode/extensions/ms-python.python-2025.12.0/python_files/lib/jedilsp/jedi/inference/syntax_tree.py", line 157, in infer_node
    return _infer_node_if_inferred(context, element)
  File "/usr/local/lib/code-server-4.103.2/lib/vscode/extensions/ms-python.python-2025.12.0/python_files/lib/jedilsp/jedi/inference/syntax_tree.py", line 170, in _infer_node_if_inferred
    return _infer_node_cached(context, element)
  File "/usr/local/lib/code-server-4.103.2/lib/vscode/extensions/ms-python.python-2025.12.0/python_files/lib/jedilsp/jedi/inference/cache.py", line 44, in wrapper
    rv = function(obj, *args, **kwargs)
  File "/usr/local/lib/code-server-4.103.2/lib/vscode/extensions/ms-python.python-2025.12.0/python_files/lib/jedilsp/jedi/inference/syntax_tree.py", line 175, in _infer_node_cached
    return _infer_node(context, element)
  File "/usr/local/lib/code-server-4.103.2/lib/vscode/extensions/ms-python.python-2025.12.0/python_files/lib/jedilsp/jedi/debug.py", line 81, in wrapper
    return func(*args, **kwargs)
  File "/usr/local/lib/code-server-4.103.2/lib/vscode/extensions/ms-python.python-2025.12.0/python_files/lib/jedilsp/jedi/inference/syntax_tree.py", line 71, in wrapper
    and context.get_value() is inference_state.builtins_module:
  File "/usr/local/lib/code-server-4.103.2/lib/vscode/extensions/ms-python.python-2025.12.0/python_files/lib/jedilsp/jedi/inference/cache.py", line 44, in wrapper
    rv = function(obj, *args, **kwargs)
  File "/usr/local/lib/code-server-4.103.2/lib/vscode/extensions/ms-python.python-2025.12.0/python_files/lib/jedilsp/jedi/inference/__init__.py", line 129, in builtins_module
    builtins_module, = self.import_module((module_name,), sys_path=[])
  File "/usr/local/lib/code-server-4.103.2/lib/vscode/extensions/ms-python.python-2025.12.0/python_files/lib/jedilsp/jedi/inference/__init__.py", line 112, in import_module
    return imports.import_module_by_names(
  File "/usr/local/lib/code-server-4.103.2/lib/vscode/extensions/ms-python.python-2025.12.0/python_files/lib/jedilsp/jedi/inference/imports.py", line 376, in import_module_by_names
    value_set = ValueSet.from_sets([
  File "/usr/local/lib/code-server-4.103.2/lib/vscode/extensions/ms-python.python-2025.12.0/python_files/lib/jedilsp/jedi/inference/imports.py", line 377, in <listcomp>
    import_module(
  File "/usr/local/lib/code-server-4.103.2/lib/vscode/extensions/ms-python.python-2025.12.0/python_files/lib/jedilsp/jedi/plugins/__init__.py", line 21, in wrapper
    return built_functions[public_name](*args, **kwargs)
  File "/usr/local/lib/code-server-4.103.2/lib/vscode/extensions/ms-python.python-2025.12.0/python_files/lib/jedilsp/jedi/plugins/flask.py", line 20, in wrapper
    return callback(inference_state, import_names, module_context, *args, **kwargs)
  File "/usr/local/lib/code-server-4.103.2/lib/vscode/extensions/ms-python.python-2025.12.0/python_files/lib/jedilsp/jedi/inference/gradual/typeshed.py", line 115, in wrapper
    python_value_set = ValueSet.from_sets(
  File "/usr/local/lib/code-server-4.103.2/lib/vscode/extensions/ms-python.python-2025.12.0/python_files/lib/jedilsp/jedi/inference/base_value.py", line 430, in from_sets
    for set_ in sets:
  File "/usr/local/lib/code-server-4.103.2/lib/vscode/extensions/ms-python.python-2025.12.0/python_files/lib/jedilsp/jedi/inference/gradual/typeshed.py", line 116, in <genexpr>
    func(inference_state, import_names, p, sys_path,)
  File "/usr/local/lib/code-server-4.103.2/lib/vscode/extensions/ms-python.python-2025.12.0/python_files/lib/jedilsp/jedi/inference/imports.py", line 411, in import_module
    file_io_or_ns, is_pkg = inference_state.compiled_subprocess.get_module_info(
  File "/usr/local/lib/code-server-4.103.2/lib/vscode/extensions/ms-python.python-2025.12.0/python_files/lib/jedilsp/jedi/inference/compiled/subprocess/__init__.py", line 188, in wrapper
    result = self._compiled_subprocess.run(
  File "/usr/local/lib/code-server-4.103.2/lib/vscode/extensions/ms-python.python-2025.12.0/python_files/lib/jedilsp/jedi/inference/compiled/subprocess/__init__.py", line 293, in run
    self._send(delete_id, None)
  File "/usr/local/lib/code-server-4.103.2/lib/vscode/extensions/ms-python.python-2025.12.0/python_files/lib/jedilsp/jedi/inference/compiled/subprocess/__init__.py", line 318, in _send
    is_exception, traceback, result = pickle_load(self._get_process().stdout)
  File "/usr/local/lib/code-server-4.103.2/lib/vscode/extensions/ms-python.python-2025.12.0/python_files/lib/jedilsp/jedi/_compatibility.py", line 25, in pickle_load
    return Unpickler(file).load()
_pickle.UnpicklingError: invalid load key, ' '.

2026-08-15 16:31:35.595 [info] [Error - 4:31:35 PM] Request textDocument/hover failed.
2026-08-15 16:31:35.603 [info]   Message: _pickle.UnpicklingError: invalid load key, ' '.
  Code: -32603 
[object Object]
2026-08-15 16:31:37.185 [info] semantic_tokens_full file:///voc/work/hello_llm.py 
2026-08-15 16:31:37.186 [info] ERROR:pygls.protocol.json_rpc:Exception occurred for message "89": _pickle.UnpicklingError: invalid load key, ' '.
NoneType: None

2026-08-15 16:31:37.193 [info] [Error - 4:31:37 PM] Request textDocument/semanticTokens/full failed.
2026-08-15 16:31:37.193 [info]   Message: _pickle.UnpicklingError: invalid load key, ' '.
  Code: -32603 
[object Object]
2026-08-15 16:31:37.633 [info] semantic_tokens_range file:///voc/work/hello_llm.py 0:0-20:17
2026-08-15 16:31:37.634 [info] ERROR:pygls.protocol.json_rpc:Exception occurred for message "91": _pickle.UnpicklingError: invalid load key, ' '.
NoneType: None

2026-08-15 16:31:37.640 [info] [Error - 4:31:37 PM] Request textDocument/semanticTokens/range failed.
2026-08-15 16:31:37.640 [info]   Message: _pickle.UnpicklingError: invalid load key, ' '.
  Code: -32603 
[object Object]
2026-08-15 16:31:37.675 [info] semantic_tokens_full file:///voc/work/hello_llm.py 
2026-08-15 16:31:37.676 [info] ERROR:pygls.protocol.json_rpc:Exception occurred for message "92": _pickle.UnpicklingError: invalid load key, ' '.
NoneType: None

2026-08-15 16:31:37.682 [info] [Error - 4:31:37 PM] Request textDocument/semanticTokens/full failed.
2026-08-15 16:31:37.682 [info]   Message: _pickle.UnpicklingError: invalid load key, ' '.
  Code: -32603 
[object Object]
2026-08-15 16:31:37.726 [info] ERROR:pygls.protocol.json_rpc:Failed to handle request 93 textDocument/documentSymbol DocumentSymbolParams(text_document=TextDocumentIdentifier(uri='file:///voc/work/hello_llm.py'), work_done_token=None, partial_result_token=None)
Traceback (most recent call last):
  File "/usr/local/lib/code-server-4.103.2/lib/vscode/extensions/ms-python.python-2025.12.0/python_files/lib/jedilsp/pygls/protocol/json_rpc.py", line 266, in _handle_request
    self._execute_request(msg_id, handler, params)
  File "/usr/local/lib/code-server-4.103.2/lib/vscode/extensions/ms-python.python-2025.12.0/python_files/lib/jedilsp/pygls/protocol/json_rpc.py", line 188, in _execute_request
    self._send_response(msg_id, handler(params))
  File "/usr/local/lib/code-server-4.103.2/lib/vscode/extensions/ms-python.python-2025.12.0/python_files/lib/jedilsp/jedi_language_server/server.py", line 546, in document_symbol
    document_symbols = jedi_utils.lsp_document_symbols(names)
  File "/usr/local/lib/code-server-4.103.2/lib/vscode/extensions/ms-python.python-2025.12.0/python_files/lib/jedilsp/jedi_language_server/jedi_utils.py", line 225, in lsp_document_symbols
    symbol_range = _document_symbol_range(name)
  File "/usr/local/lib/code-server-4.103.2/lib/vscode/extensions/ms-python.python-2025.12.0/python_files/lib/jedilsp/jedi_language_server/jedi_utils.py", line 204, in _document_symbol_range
    end = name.get_definition_end_position()
  File "/usr/local/lib/code-server-4.103.2/lib/vscode/extensions/ms-python.python-2025.12.0/python_files/lib/jedilsp/jedi/api/classes.py", line 260, in get_definition_end_position
    if self.type in ("function", "class"):
  File "/usr/local/lib/code-server-4.103.2/lib/vscode/extensions/ms-python.python-2025.12.0/python_files/lib/jedilsp/jedi/api/classes.py", line 190, in type
    for value in self._name.infer():
  File "/usr/local/lib/code-server-4.103.2/lib/vscode/extensions/ms-python.python-2025.12.0/python_files/lib/jedilsp/jedi/inference/names.py", line 281, in infer
    return tree_name_to_values(
  File "/usr/local/lib/code-server-4.103.2/lib/vscode/extensions/ms-python.python-2025.12.0/python_files/lib/jedilsp/jedi/plugins/__init__.py", line 21, in wrapper
    return built_functions[public_name](*args, **kwargs)
  File "/usr/local/lib/code-server-4.103.2/lib/vscode/extensions/ms-python.python-2025.12.0/python_files/lib/jedilsp/jedi/plugins/stdlib.py", line 878, in wrapper
    return func(inference_state, context, tree_name)
  File "/usr/local/lib/code-server-4.103.2/lib/vscode/extensions/ms-python.python-2025.12.0/python_files/lib/jedilsp/jedi/plugins/django.py", line 177, in wrapper
    result = func(inference_state, context, tree_name)
  File "/usr/local/lib/code-server-4.103.2/lib/vscode/extensions/ms-python.python-2025.12.0/python_files/lib/jedilsp/jedi/inference/syntax_tree.py", line 771, in tree_name_to_values
    types = imports.infer_import(context, tree_name)
  File "/usr/local/lib/code-server-4.103.2/lib/vscode/extensions/ms-python.python-2025.12.0/python_files/lib/jedilsp/jedi/inference/cache.py", line 44, in wrapper
    rv = function(obj, *args, **kwargs)
  File "/usr/local/lib/code-server-4.103.2/lib/vscode/extensions/ms-python.python-2025.12.0/python_files/lib/jedilsp/jedi/inference/imports.py", line 53, in infer_import
    _prepare_infer_import(module_context, tree_name)
  File "/usr/local/lib/code-server-4.103.2/lib/vscode/extensions/ms-python.python-2025.12.0/python_files/lib/jedilsp/jedi/inference/imports.py", line 116, in _prepare_infer_import
    return from_import_name, tuple(import_path), import_node.level, importer.follow()
  File "/usr/local/lib/code-server-4.103.2/lib/vscode/extensions/ms-python.python-2025.12.0/python_files/lib/jedilsp/jedi/inference/imports.py", line 296, in follow
    return import_module_by_names(
  File "/usr/local/lib/code-server-4.103.2/lib/vscode/extensions/ms-python.python-2025.12.0/python_files/lib/jedilsp/jedi/inference/imports.py", line 376, in import_module_by_names
    value_set = ValueSet.from_sets([
  File "/usr/local/lib/code-server-4.103.2/lib/vscode/extensions/ms-python.python-2025.12.0/python_files/lib/jedilsp/jedi/inference/imports.py", line 377, in <listcomp>
    import_module(
  File "/usr/local/lib/code-server-4.103.2/lib/vscode/extensions/ms-python.python-2025.12.0/python_files/lib/jedilsp/jedi/plugins/__init__.py", line 21, in wrapper
    return built_functions[public_name](*args, **kwargs)
  File "/usr/local/lib/code-server-4.103.2/lib/vscode/extensions/ms-python.python-2025.12.0/python_files/lib/jedilsp/jedi/plugins/flask.py", line 20, in wrapper
    return callback(inference_state, import_names, module_context, *args, **kwargs)
  File "/usr/local/lib/code-server-4.103.2/lib/vscode/extensions/ms-python.python-2025.12.0/python_files/lib/jedilsp/jedi/inference/gradual/typeshed.py", line 115, in wrapper
    python_value_set = ValueSet.from_sets(
  File "/usr/local/lib/code-server-4.103.2/lib/vscode/extensions/ms-python.python-2025.12.0/python_files/lib/jedilsp/jedi/inference/base_value.py", line 430, in from_sets
    for set_ in sets:
  File "/usr/local/lib/code-server-4.103.2/lib/vscode/extensions/ms-python.python-2025.12.0/python_files/lib/jedilsp/jedi/inference/gradual/typeshed.py", line 116, in <genexpr>
    func(inference_state, import_names, p, sys_path,)
  File "/usr/local/lib/code-server-4.103.2/lib/vscode/extensions/ms-python.python-2025.12.0/python_files/lib/jedilsp/jedi/inference/imports.py", line 411, in import_module
    file_io_or_ns, is_pkg = inference_state.compiled_subprocess.get_module_info(
  File "/usr/local/lib/code-server-4.103.2/lib/vscode/extensions/ms-python.python-2025.12.0/python_files/lib/jedilsp/jedi/inference/compiled/subprocess/__init__.py", line 188, in wrapper
    result = self._compiled_subprocess.run(
  File "/usr/local/lib/code-server-4.103.2/lib/vscode/extensions/ms-python.python-2025.12.0/python_files/lib/jedilsp/jedi/inference/compiled/subprocess/__init__.py", line 293, in run
    self._send(delete_id, None)
  File "/usr/local/lib/code-server-4.103.2/lib/vscode/extensions/ms-python.python-2025.12.0/python_files/lib/jedilsp/jedi/inference/compiled/subprocess/__init__.py", line 318, in _send
    is_exception, traceback, result = pickle_load(self._get_process().stdout)
  File "/usr/local/lib/code-server-4.103.2/lib/vscode/extensions/ms-python.python-2025.12.0/python_files/lib/jedilsp/jedi/_compatibility.py", line 25, in pickle_load
    return Unpickler(file).load()
_pickle.UnpicklingError: invalid load key, ' '.

2026-08-15 16:31:37.726 [info] [Error - 4:31:37 PM] Request textDocument/documentSymbol failed.
2026-08-15 16:31:37.733 [info]   Message: _pickle.UnpicklingError: invalid load key, ' '.
  Code: -32603 
[object Object]
2026-08-15 16:31:37.733 [info] ERROR:pygls.protocol.json_rpc:Failed to handle request 94 textDocument/documentSymbol DocumentSymbolParams(text_document=TextDocumentIdentifier(uri='file:///voc/work/hello_llm.py'), work_done_token=None, partial_result_token=None)
Traceback (most recent call last):
  File "/usr/local/lib/code-server-4.103.2/lib/vscode/extensions/ms-python.python-2025.12.0/python_files/lib/jedilsp/pygls/protocol/json_rpc.py", line 266, in _handle_request
    self._execute_request(msg_id, handler, params)
  File "/usr/local/lib/code-server-4.103.2/lib/vscode/extensions/ms-python.python-2025.12.0/python_files/lib/jedilsp/pygls/protocol/json_rpc.py", line 188, in _execute_request
    self._send_response(msg_id, handler(params))
  File "/usr/local/lib/code-server-4.103.2/lib/vscode/extensions/ms-python.python-2025.12.0/python_files/lib/jedilsp/jedi_language_server/server.py", line 546, in document_symbol
    document_symbols = jedi_utils.lsp_document_symbols(names)
  File "/usr/local/lib/code-server-4.103.2/lib/vscode/extensions/ms-python.python-2025.12.0/python_files/lib/jedilsp/jedi_language_server/jedi_utils.py", line 225, in lsp_document_symbols
    symbol_range = _document_symbol_range(name)
  File "/usr/local/lib/code-server-4.103.2/lib/vscode/extensions/ms-python.python-2025.12.0/python_files/lib/jedilsp/jedi_language_server/jedi_utils.py", line 204, in _document_symbol_range
    end = name.get_definition_end_position()
  File "/usr/local/lib/code-server-4.103.2/lib/vscode/extensions/ms-python.python-2025.12.0/python_files/lib/jedilsp/jedi/api/classes.py", line 260, in get_definition_end_position
    if self.type in ("function", "class"):
  File "/usr/local/lib/code-server-4.103.2/lib/vscode/extensions/ms-python.python-2025.12.0/python_files/lib/jedilsp/jedi/api/classes.py", line 190, in type
    for value in self._name.infer():
  File "/usr/local/lib/code-server-4.103.2/lib/vscode/extensions/ms-python.python-2025.12.0/python_files/lib/jedilsp/jedi/inference/names.py", line 281, in infer
    return tree_name_to_values(
  File "/usr/local/lib/code-server-4.103.2/lib/vscode/extensions/ms-python.python-2025.12.0/python_files/lib/jedilsp/jedi/plugins/__init__.py", line 21, in wrapper
    return built_functions[public_name](*args, **kwargs)
  File "/usr/local/lib/code-server-4.103.2/lib/vscode/extensions/ms-python.python-2025.12.0/python_files/lib/jedilsp/jedi/plugins/stdlib.py", line 878, in wrapper
    return func(inference_state, context, tree_name)
  File "/usr/local/lib/code-server-4.103.2/lib/vscode/extensions/ms-python.python-2025.12.0/python_files/lib/jedilsp/jedi/plugins/django.py", line 177, in wrapper
    result = func(inference_state, context, tree_name)
  File "/usr/local/lib/code-server-4.103.2/lib/vscode/extensions/ms-python.python-2025.12.0/python_files/lib/jedilsp/jedi/inference/syntax_tree.py", line 771, in tree_name_to_values
    types = imports.infer_import(context, tree_name)
  File "/usr/local/lib/code-server-4.103.2/lib/vscode/extensions/ms-python.python-2025.12.0/python_files/lib/jedilsp/jedi/inference/cache.py", line 44, in wrapper
    rv = function(obj, *args, **kwargs)
  File "/usr/local/lib/code-server-4.103.2/lib/vscode/extensions/ms-python.python-2025.12.0/python_files/lib/jedilsp/jedi/inference/imports.py", line 53, in infer_import
    _prepare_infer_import(module_context, tree_name)
  File "/usr/local/lib/code-server-4.103.2/lib/vscode/extensions/ms-python.python-2025.12.0/python_files/lib/jedilsp/jedi/inference/imports.py", line 116, in _prepare_infer_import
    return from_import_name, tuple(import_path), import_node.level, importer.follow()
  File "/usr/local/lib/code-server-4.103.2/lib/vscode/extensions/ms-python.python-2025.12.0/python_files/lib/jedilsp/jedi/inference/imports.py", line 296, in follow
    return import_module_by_names(
  File "/usr/local/lib/code-server-4.103.2/lib/vscode/extensions/ms-python.python-2025.12.0/python_files/lib/jedilsp/jedi/inference/imports.py", line 376, in import_module_by_names
    value_set = ValueSet.from_sets([
  File "/usr/local/lib/code-server-4.103.2/lib/vscode/extensions/ms-python.python-2025.12.0/python_files/lib/jedilsp/jedi/inference/imports.py", line 377, in <listcomp>
    import_module(
  File "/usr/local/lib/code-server-4.103.2/lib/vscode/extensions/ms-python.python-2025.12.0/python_files/lib/jedilsp/jedi/plugins/__init__.py", line 21, in wrapper
    return built_functions[public_name](*args, **kwargs)
  File "/usr/local/lib/code-server-4.103.2/lib/vscode/extensions/ms-python.python-2025.12.0/python_files/lib/jedilsp/jedi/plugins/flask.py", line 20, in wrapper
    return callback(inference_state, import_names, module_context, *args, **kwargs)
  File "/usr/local/lib/code-server-4.103.2/lib/vscode/extensions/ms-python.python-2025.12.0/python_files/lib/jedilsp/jedi/inference/gradual/typeshed.py", line 115, in wrapper
    python_value_set = ValueSet.from_sets(
  File "/usr/local/lib/code-server-4.103.2/lib/vscode/extensions/ms-python.python-2025.12.0/python_files/lib/jedilsp/jedi/inference/base_value.py", line 430, in from_sets
    for set_ in sets:
  File "/usr/local/lib/code-server-4.103.2/lib/vscode/extensions/ms-python.python-2025.12.0/python_files/lib/jedilsp/jedi/inference/gradual/typeshed.py", line 116, in <genexpr>
    func(inference_state, import_names, p, sys_path,)
  File "/usr/local/lib/code-server-4.103.2/lib/vscode/extensions/ms-python.python-2025.12.0/python_files/lib/jedilsp/jedi/inference/imports.py", line 411, in import_module
    file_io_or_ns, is_pkg = inference_state.compiled_subprocess.get_module_info(
  File "/usr/local/lib/code-server-4.103.2/lib/vscode/extensions/ms-python.python-2025.12.0/python_files/lib/jedilsp/jedi/inference/compiled/subprocess/__init__.py", line 188, in wrapper
    result = self._compiled_subprocess.run(
  File "/usr/local/lib/code-server-4.103.2/lib/vscode/extensions/ms-python.python-2025.12.0/python_files/lib/jedilsp/jedi/inference/compiled/subprocess/__init__.py", line 293, in run
    self._send(delete_id, None)
  File "/usr/local/lib/code-server-4.103.2/lib/vscode/extensions/ms-python.python-2025.12.0/python_files/lib/jedilsp/jedi/inference/compiled/subprocess/__init__.py", line 318, in _send
    is_exception, traceback, result = pickle_load(self._get_process().stdout)
  File "/usr/local/lib/code-server-4.103.2/lib/vscode/extensions/ms-python.python-2025.12.0/python_files/lib/jedilsp/jedi/_compatibility.py", line 25, in pickle_load
    return Unpickler(file).load()
_pickle.UnpicklingError: invalid load key, ' '.

2026-08-15 16:31:37.733 [info] [Error - 4:31:37 PM] Request textDocument/documentSymbol failed.
2026-08-15 16:31:37.740 [info]   Message: _pickle.UnpicklingError: invalid load key, ' '.
  Code: -32603 
[object Object]
2026-08-15 16:31:38.088 [info] semantic_tokens_range file:///voc/work/hello_llm.py 0:0-20:17
2026-08-15 16:31:38.089 [info] ERROR:pygls.protocol.json_rpc:Exception occurred for message "96": _pickle.UnpicklingError: invalid load key, ' '.
NoneType: None

2026-08-15 16:31:38.095 [info] [Error - 4:31:38 PM] Request textDocument/semanticTokens/range failed.
2026-08-15 16:31:38.095 [info]   Message: _pickle.UnpicklingError: invalid load key, ' '.
  Code: -32603 
[object Object]
2026-08-15 16:31:38.176 [info] ERROR:pygls.protocol.json_rpc:Failed to handle request 97 textDocument/documentSymbol DocumentSymbolParams(text_document=TextDocumentIdentifier(uri='file:///voc/work/hello_llm.py'), work_done_token=None, partial_result_token=None)
Traceback (most recent call last):
  File "/usr/local/lib/code-server-4.103.2/lib/vscode/extensions/ms-python.python-2025.12.0/python_files/lib/jedilsp/pygls/protocol/json_rpc.py", line 266, in _handle_request
    self._execute_request(msg_id, handler, params)
  File "/usr/local/lib/code-server-4.103.2/lib/vscode/extensions/ms-python.python-2025.12.0/python_files/lib/jedilsp/pygls/protocol/json_rpc.py", line 188, in _execute_request
    self._send_response(msg_id, handler(params))
  File "/usr/local/lib/code-server-4.103.2/lib/vscode/extensions/ms-python.python-2025.12.0/python_files/lib/jedilsp/jedi_language_server/server.py", line 546, in document_symbol
    document_symbols = jedi_utils.lsp_document_symbols(names)
  File "/usr/local/lib/code-server-4.103.2/lib/vscode/extensions/ms-python.python-2025.12.0/python_files/lib/jedilsp/jedi_language_server/jedi_utils.py", line 225, in lsp_document_symbols
    symbol_range = _document_symbol_range(name)
  File "/usr/local/lib/code-server-4.103.2/lib/vscode/extensions/ms-python.python-2025.12.0/python_files/lib/jedilsp/jedi_language_server/jedi_utils.py", line 204, in _document_symbol_range
    end = name.get_definition_end_position()
  File "/usr/local/lib/code-server-4.103.2/lib/vscode/extensions/ms-python.python-2025.12.0/python_files/lib/jedilsp/jedi/api/classes.py", line 260, in get_definition_end_position
    if self.type in ("function", "class"):
  File "/usr/local/lib/code-server-4.103.2/lib/vscode/extensions/ms-python.python-2025.12.0/python_files/lib/jedilsp/jedi/api/classes.py", line 190, in type
    for value in self._name.infer():
  File "/usr/local/lib/code-server-4.103.2/lib/vscode/extensions/ms-python.python-2025.12.0/python_files/lib/jedilsp/jedi/inference/names.py", line 281, in infer
    return tree_name_to_values(
  File "/usr/local/lib/code-server-4.103.2/lib/vscode/extensions/ms-python.python-2025.12.0/python_files/lib/jedilsp/jedi/plugins/__init__.py", line 21, in wrapper
    return built_functions[public_name](*args, **kwargs)
  File "/usr/local/lib/code-server-4.103.2/lib/vscode/extensions/ms-python.python-2025.12.0/python_files/lib/jedilsp/jedi/plugins/stdlib.py", line 878, in wrapper
    return func(inference_state, context, tree_name)
  File "/usr/local/lib/code-server-4.103.2/lib/vscode/extensions/ms-python.python-2025.12.0/python_files/lib/jedilsp/jedi/plugins/django.py", line 177, in wrapper
    result = func(inference_state, context, tree_name)
  File "/usr/local/lib/code-server-4.103.2/lib/vscode/extensions/ms-python.python-2025.12.0/python_files/lib/jedilsp/jedi/inference/syntax_tree.py", line 771, in tree_name_to_values
    types = imports.infer_import(context, tree_name)
  File "/usr/local/lib/code-server-4.103.2/lib/vscode/extensions/ms-python.python-2025.12.0/python_files/lib/jedilsp/jedi/inference/cache.py", line 44, in wrapper
    rv = function(obj, *args, **kwargs)
  File "/usr/local/lib/code-server-4.103.2/lib/vscode/extensions/ms-python.python-2025.12.0/python_files/lib/jedilsp/jedi/inference/imports.py", line 53, in infer_import
    _prepare_infer_import(module_context, tree_name)
  File "/usr/local/lib/code-server-4.103.2/lib/vscode/extensions/ms-python.python-2025.12.0/python_files/lib/jedilsp/jedi/inference/imports.py", line 116, in _prepare_infer_import
    return from_import_name, tuple(import_path), import_node.level, importer.follow()
  File "/usr/local/lib/code-server-4.103.2/lib/vscode/extensions/ms-python.python-2025.12.0/python_files/lib/jedilsp/jedi/inference/imports.py", line 296, in follow
    return import_module_by_names(
  File "/usr/local/lib/code-server-4.103.2/lib/vscode/extensions/ms-python.python-2025.12.0/python_files/lib/jedilsp/jedi/inference/imports.py", line 376, in import_module_by_names
    value_set = ValueSet.from_sets([
  File "/usr/local/lib/code-server-4.103.2/lib/vscode/extensions/ms-python.python-2025.12.0/python_files/lib/jedilsp/jedi/inference/imports.py", line 377, in <listcomp>
    import_module(
  File "/usr/local/lib/code-server-4.103.2/lib/vscode/extensions/ms-python.python-2025.12.0/python_files/lib/jedilsp/jedi/plugins/__init__.py", line 21, in wrapper
    return built_functions[public_name](*args, **kwargs)
  File "/usr/local/lib/code-server-4.103.2/lib/vscode/extensions/ms-python.python-2025.12.0/python_files/lib/jedilsp/jedi/plugins/flask.py", line 20, in wrapper
    return callback(inference_state, import_names, module_context, *args, **kwargs)
  File "/usr/local/lib/code-server-4.103.2/lib/vscode/extensions/ms-python.python-2025.12.0/python_files/lib/jedilsp/jedi/inference/gradual/typeshed.py", line 115, in wrapper
    python_value_set = ValueSet.from_sets(
  File "/usr/local/lib/code-server-4.103.2/lib/vscode/extensions/ms-python.python-2025.12.0/python_files/lib/jedilsp/jedi/inference/base_value.py", line 430, in from_sets
    for set_ in sets:
  File "/usr/local/lib/code-server-4.103.2/lib/vscode/extensions/ms-python.python-2025.12.0/python_files/lib/jedilsp/jedi/inference/gradual/typeshed.py", line 116, in <genexpr>
    func(inference_state, import_names, p, sys_path,)
  File "/usr/local/lib/code-server-4.103.2/lib/vscode/extensions/ms-python.python-2025.12.0/python_files/lib/jedilsp/jedi/inference/imports.py", line 411, in import_module
    file_io_or_ns, is_pkg = inference_state.compiled_subprocess.get_module_info(
  File "/usr/local/lib/code-server-4.103.2/lib/vscode/extensions/ms-python.python-2025.12.0/python_files/lib/jedilsp/jedi/inference/compiled/subprocess/__init__.py", line 188, in wrapper
    result = self._compiled_subprocess.run(
  File "/usr/local/lib/code-server-4.103.2/lib/vscode/extensions/ms-python.python-2025.12.0/python_files/lib/jedilsp/jedi/inference/compiled/subprocess/__init__.py", line 293, in run
    self._send(delete_id, None)
  File "/usr/local/lib/code-server-4.103.2/lib/vscode/extensions/ms-python.python-2025.12.0/python_files/lib/jedilsp/jedi/inference/compiled/subprocess/__init__.py", line 318, in _send
    is_exception, traceback, result = pickle_load(self._get_process().stdout)
  File "/usr/local/lib/code-server-4.103.2/lib/vscode/extensions/ms-python.python-2025.12.0/python_files/lib/jedilsp/jedi/_compatibility.py", line 25, in pickle_load
    return Unpickler(file).load()
_pickle.UnpicklingError: invalid load key, ' '.

2026-08-15 16:31:38.177 [info] [Error - 4:31:38 PM] Request textDocument/documentSymbol failed.
2026-08-15 16:31:38.185 [info]   Message: _pickle.UnpicklingError: invalid load key, ' '.
  Code: -32603 
[object Object]
2026-08-15 16:31:38.187 [info] ERROR:pygls.protocol.json_rpc:Failed to handle request 98 textDocument/documentSymbol DocumentSymbolParams(text_document=TextDocumentIdentifier(uri='file:///voc/work/hello_llm.py'), work_done_token=None, partial_result_token=None)
Traceback (most recent call last):
  File "/usr/local/lib/code-server-4.103.2/lib/vscode/extensions/ms-python.python-2025.12.0/python_files/lib/jedilsp/pygls/protocol/json_rpc.py", line 266, in _handle_request
    self._execute_request(msg_id, handler, params)
  File "/usr/local/lib/code-server-4.103.2/lib/vscode/extensions/ms-python.python-2025.12.0/python_files/lib/jedilsp/pygls/protocol/json_rpc.py", line 188, in _execute_request
    self._send_response(msg_id, handler(params))
  File "/usr/local/lib/code-server-4.103.2/lib/vscode/extensions/ms-python.python-2025.12.0/python_files/lib/jedilsp/jedi_language_server/server.py", line 546, in document_symbol
    document_symbols = jedi_utils.lsp_document_symbols(names)
  File "/usr/local/lib/code-server-4.103.2/lib/vscode/extensions/ms-python.python-2025.12.0/python_files/lib/jedilsp/jedi_language_server/jedi_utils.py", line 225, in lsp_document_symbols
    symbol_range = _document_symbol_range(name)
  File "/usr/local/lib/code-server-4.103.2/lib/vscode/extensions/ms-python.python-2025.12.0/python_files/lib/jedilsp/jedi_language_server/jedi_utils.py", line 204, in _document_symbol_range
    end = name.get_definition_end_position()
  File "/usr/local/lib/code-server-4.103.2/lib/vscode/extensions/ms-python.python-2025.12.0/python_files/lib/jedilsp/jedi/api/classes.py", line 260, in get_definition_end_position
    if self.type in ("function", "class"):
  File "/usr/local/lib/code-server-4.103.2/lib/vscode/extensions/ms-python.python-2025.12.0/python_files/lib/jedilsp/jedi/api/classes.py", line 190, in type
    for value in self._name.infer():
  File "/usr/local/lib/code-server-4.103.2/lib/vscode/extensions/ms-python.python-2025.12.0/python_files/lib/jedilsp/jedi/inference/names.py", line 281, in infer
    return tree_name_to_values(
  File "/usr/local/lib/code-server-4.103.2/lib/vscode/extensions/ms-python.python-2025.12.0/python_files/lib/jedilsp/jedi/plugins/__init__.py", line 21, in wrapper
    return built_functions[public_name](*args, **kwargs)
  File "/usr/local/lib/code-server-4.103.2/lib/vscode/extensions/ms-python.python-2025.12.0/python_files/lib/jedilsp/jedi/plugins/stdlib.py", line 878, in wrapper
    return func(inference_state, context, tree_name)
  File "/usr/local/lib/code-server-4.103.2/lib/vscode/extensions/ms-python.python-2025.12.0/python_files/lib/jedilsp/jedi/plugins/django.py", line 177, in wrapper
    result = func(inference_state, context, tree_name)
  File "/usr/local/lib/code-server-4.103.2/lib/vscode/extensions/ms-python.python-2025.12.0/python_files/lib/jedilsp/jedi/inference/syntax_tree.py", line 771, in tree_name_to_values
    types = imports.infer_import(context, tree_name)
  File "/usr/local/lib/code-server-4.103.2/lib/vscode/extensions/ms-python.python-2025.12.0/python_files/lib/jedilsp/jedi/inference/cache.py", line 44, in wrapper
    rv = function(obj, *args, **kwargs)
  File "/usr/local/lib/code-server-4.103.2/lib/vscode/extensions/ms-python.python-2025.12.0/python_files/lib/jedilsp/jedi/inference/imports.py", line 53, in infer_import
    _prepare_infer_import(module_context, tree_name)
  File "/usr/local/lib/code-server-4.103.2/lib/vscode/extensions/ms-python.python-2025.12.0/python_files/lib/jedilsp/jedi/inference/imports.py", line 116, in _prepare_infer_import
    return from_import_name, tuple(import_path), import_node.level, importer.follow()
  File "/usr/local/lib/code-server-4.103.2/lib/vscode/extensions/ms-python.python-2025.12.0/python_files/lib/jedilsp/jedi/inference/imports.py", line 296, in follow
    return import_module_by_names(
  File "/usr/local/lib/code-server-4.103.2/lib/vscode/extensions/ms-python.python-2025.12.0/python_files/lib/jedilsp/jedi/inference/imports.py", line 376, in import_module_by_names
    value_set = ValueSet.from_sets([
  File "/usr/local/lib/code-server-4.103.2/lib/vscode/extensions/ms-python.python-2025.12.0/python_files/lib/jedilsp/jedi/inference/imports.py", line 377, in <listcomp>
    import_module(
  File "/usr/local/lib/code-server-4.103.2/lib/vscode/extensions/ms-python.python-2025.12.0/python_files/lib/jedilsp/jedi/plugins/__init__.py", line 21, in wrapper
    return built_functions[public_name](*args, **kwargs)
  File "/usr/local/lib/code-server-4.103.2/lib/vscode/extensions/ms-python.python-2025.12.0/python_files/lib/jedilsp/jedi/plugins/flask.py", line 20, in wrapper
    return callback(inference_state, import_names, module_context, *args, **kwargs)
  File "/usr/local/lib/code-server-4.103.2/lib/vscode/extensions/ms-python.python-2025.12.0/python_files/lib/jedilsp/jedi/inference/gradual/typeshed.py", line 115, in wrapper
    python_value_set = ValueSet.from_sets(
  File "/usr/local/lib/code-server-4.103.2/lib/vscode/extensions/ms-python.python-2025.12.0/python_files/lib/jedilsp/jedi/inference/base_value.py", line 430, in from_sets
    for set_ in sets:
  File "/usr/local/lib/code-server-4.103.2/lib/vscode/extensions/ms-python.python-2025.12.0/python_files/lib/jedilsp/jedi/inference/gradual/typeshed.py", line 116, in <genexpr>
    func(inference_state, import_names, p, sys_path,)
  File "/usr/local/lib/code-server-4.103.2/lib/vscode/extensions/ms-python.python-2025.12.0/python_files/lib/jedilsp/jedi/inference/imports.py", line 411, in import_module
    file_io_or_ns, is_pkg = inference_state.compiled_subprocess.get_module_info(
  File "/usr/local/lib/code-server-4.103.2/lib/vscode/extensions/ms-python.python-2025.12.0/python_files/lib/jedilsp/jedi/inference/compiled/subprocess/__init__.py", line 188, in wrapper
    result = self._compiled_subprocess.run(
  File "/usr/local/lib/code-server-4.103.2/lib/vscode/extensions/ms-python.python-2025.12.0/python_files/lib/jedilsp/jedi/inference/compiled/subprocess/__init__.py", line 293, in run
    self._send(delete_id, None)
  File "/usr/local/lib/code-server-4.103.2/lib/vscode/extensions/ms-python.python-2025.12.0/python_files/lib/jedilsp/jedi/inference/compiled/subprocess/__init__.py", line 318, in _send
    is_exception, traceback, result = pickle_load(self._get_process().stdout)
  File "/usr/local/lib/code-server-4.103.2/lib/vscode/extensions/ms-python.python-2025.12.0/python_files/lib/jedilsp/jedi/_compatibility.py", line 25, in pickle_load
    return Unpickler(file).load()
_pickle.UnpicklingError: invalid load key, ' '.

2026-08-15 16:31:38.192 [info] [Error - 4:31:38 PM] Request textDocument/documentSymbol failed.
2026-08-15 16:31:38.192 [info]   Message: _pickle.UnpicklingError: invalid load key, ' '.
  Code: -32603 
[object Object]
2026-08-15 16:31:38.300 [info] semantic_tokens_full file:///voc/work/hello_llm.py 
2026-08-15 16:31:38.301 [info] ERROR:pygls.protocol.json_rpc:Exception occurred for message "99": _pickle.UnpicklingError: invalid load key, ' '.
NoneType: None

2026-08-15 16:31:38.308 [info] [Error - 4:31:38 PM] Request textDocument/semanticTokens/full failed.
2026-08-15 16:31:38.308 [info]   Message: _pickle.UnpicklingError: invalid load key, ' '.
  Code: -32603 
[object Object]
2026-08-15 16:31:39.595 [info] semantic_tokens_range file:///voc/work/hello_llm.py 0:0-20:17
2026-08-15 16:31:39.596 [info] ERROR:pygls.protocol.json_rpc:Exception occurred for message "101": _pickle.UnpicklingError: invalid load key, ' '.
NoneType: None

2026-08-15 16:31:39.603 [info] [Error - 4:31:39 PM] Request textDocument/semanticTokens/range failed.
2026-08-15 16:31:39.603 [info]   Message: _pickle.UnpicklingError: invalid load key, ' '.
  Code: -32603 
[object Object]
2026-08-15 16:31:39.674 [info] ERROR:pygls.protocol.json_rpc:Failed to handle request 102 textDocument/documentSymbol DocumentSymbolParams(text_document=TextDocumentIdentifier(uri='file:///voc/work/hello_llm.py'), work_done_token=None, partial_result_token=None)
Traceback (most recent call last):
  File "/usr/local/lib/code-server-4.103.2/lib/vscode/extensions/ms-python.python-2025.12.0/python_files/lib/jedilsp/pygls/protocol/json_rpc.py", line 266, in _handle_request
    self._execute_request(msg_id, handler, params)
  File "/usr/local/lib/code-server-4.103.2/lib/vscode/extensions/ms-python.python-2025.12.0/python_files/lib/jedilsp/pygls/protocol/json_rpc.py", line 188, in _execute_request
    self._send_response(msg_id, handler(params))
  File "/usr/local/lib/code-server-4.103.2/lib/vscode/extensions/ms-python.python-2025.12.0/python_files/lib/jedilsp/jedi_language_server/server.py", line 546, in document_symbol
    document_symbols = jedi_utils.lsp_document_symbols(names)
  File "/usr/local/lib/code-server-4.103.2/lib/vscode/extensions/ms-python.python-2025.12.0/python_files/lib/jedilsp/jedi_language_server/jedi_utils.py", line 225, in lsp_document_symbols
    symbol_range = _document_symbol_range(name)
  File "/usr/local/lib/code-server-4.103.2/lib/vscode/extensions/ms-python.python-2025.12.0/python_files/lib/jedilsp/jedi_language_server/jedi_utils.py", line 204, in _document_symbol_range
    end = name.get_definition_end_position()
  File "/usr/local/lib/code-server-4.103.2/lib/vscode/extensions/ms-python.python-2025.12.0/python_files/lib/jedilsp/jedi/api/classes.py", line 260, in get_definition_end_position
    if self.type in ("function", "class"):
  File "/usr/local/lib/code-server-4.103.2/lib/vscode/extensions/ms-python.python-2025.12.0/python_files/lib/jedilsp/jedi/api/classes.py", line 190, in type
    for value in self._name.infer():
  File "/usr/local/lib/code-server-4.103.2/lib/vscode/extensions/ms-python.python-2025.12.0/python_files/lib/jedilsp/jedi/inference/names.py", line 281, in infer
    return tree_name_to_values(
  File "/usr/local/lib/code-server-4.103.2/lib/vscode/extensions/ms-python.python-2025.12.0/python_files/lib/jedilsp/jedi/plugins/__init__.py", line 21, in wrapper
    return built_functions[public_name](*args, **kwargs)
  File "/usr/local/lib/code-server-4.103.2/lib/vscode/extensions/ms-python.python-2025.12.0/python_files/lib/jedilsp/jedi/plugins/stdlib.py", line 878, in wrapper
    return func(inference_state, context, tree_name)
  File "/usr/local/lib/code-server-4.103.2/lib/vscode/extensions/ms-python.python-2025.12.0/python_files/lib/jedilsp/jedi/plugins/django.py", line 177, in wrapper
    result = func(inference_state, context, tree_name)
  File "/usr/local/lib/code-server-4.103.2/lib/vscode/extensions/ms-python.python-2025.12.0/python_files/lib/jedilsp/jedi/inference/syntax_tree.py", line 771, in tree_name_to_values
    types = imports.infer_import(context, tree_name)
  File "/usr/local/lib/code-server-4.103.2/lib/vscode/extensions/ms-python.python-2025.12.0/python_files/lib/jedilsp/jedi/inference/cache.py", line 44, in wrapper
    rv = function(obj, *args, **kwargs)
  File "/usr/local/lib/code-server-4.103.2/lib/vscode/extensions/ms-python.python-2025.12.0/python_files/lib/jedilsp/jedi/inference/imports.py", line 53, in infer_import
    _prepare_infer_import(module_context, tree_name)
  File "/usr/local/lib/code-server-4.103.2/lib/vscode/extensions/ms-python.python-2025.12.0/python_files/lib/jedilsp/jedi/inference/imports.py", line 116, in _prepare_infer_import
    return from_import_name, tuple(import_path), import_node.level, importer.follow()
  File "/usr/local/lib/code-server-4.103.2/lib/vscode/extensions/ms-python.python-2025.12.0/python_files/lib/jedilsp/jedi/inference/imports.py", line 296, in follow
    return import_module_by_names(
  File "/usr/local/lib/code-server-4.103.2/lib/vscode/extensions/ms-python.python-2025.12.0/python_files/lib/jedilsp/jedi/inference/imports.py", line 376, in import_module_by_names
    value_set = ValueSet.from_sets([
  File "/usr/local/lib/code-server-4.103.2/lib/vscode/extensions/ms-python.python-2025.12.0/python_files/lib/jedilsp/jedi/inference/imports.py", line 377, in <listcomp>
    import_module(
  File "/usr/local/lib/code-server-4.103.2/lib/vscode/extensions/ms-python.python-2025.12.0/python_files/lib/jedilsp/jedi/plugins/__init__.py", line 21, in wrapper
    return built_functions[public_name](*args, **kwargs)
  File "/usr/local/lib/code-server-4.103.2/lib/vscode/extensions/ms-python.python-2025.12.0/python_files/lib/jedilsp/jedi/plugins/flask.py", line 20, in wrapper
    return callback(inference_state, import_names, module_context, *args, **kwargs)
  File "/usr/local/lib/code-server-4.103.2/lib/vscode/extensions/ms-python.python-2025.12.0/python_files/lib/jedilsp/jedi/inference/gradual/typeshed.py", line 115, in wrapper
    python_value_set = ValueSet.from_sets(
  File "/usr/local/lib/code-server-4.103.2/lib/vscode/extensions/ms-python.python-2025.12.0/python_files/lib/jedilsp/jedi/inference/base_value.py", line 430, in from_sets
    for set_ in sets:
  File "/usr/local/lib/code-server-4.103.2/lib/vscode/extensions/ms-python.python-2025.12.0/python_files/lib/jedilsp/jedi/inference/gradual/typeshed.py", line 116, in <genexpr>
    func(inference_state, import_names, p, sys_path,)
  File "/usr/local/lib/code-server-4.103.2/lib/vscode/extensions/ms-python.python-2025.12.0/python_files/lib/jedilsp/jedi/inference/imports.py", line 411, in import_module
    file_io_or_ns, is_pkg = inference_state.compiled_subprocess.get_module_info(
  File "/usr/local/lib/code-server-4.103.2/lib/vscode/extensions/ms-python.python-2025.12.0/python_files/lib/jedilsp/jedi/inference/compiled/subprocess/__init__.py", line 188, in wrapper
    result = self._compiled_subprocess.run(
  File "/usr/local/lib/code-server-4.103.2/lib/vscode/extensions/ms-python.python-2025.12.0/python_files/lib/jedilsp/jedi/inference/compiled/subprocess/__init__.py", line 293, in run
    self._send(delete_id, None)
  File "/usr/local/lib/code-server-4.103.2/lib/vscode/extensions/ms-python.python-2025.12.0/python_files/lib/jedilsp/jedi/inference/compiled/subprocess/__init__.py", line 318, in _send
    is_exception, traceback, result = pickle_load(self._get_process().stdout)
  File "/usr/local/lib/code-server-4.103.2/lib/vscode/extensions/ms-python.python-2025.12.0/python_files/lib/jedilsp/jedi/_compatibility.py", line 25, in pickle_load
    return Unpickler(file).load()
_pickle.UnpicklingError: invalid load key, ' '.

2026-08-15 16:31:39.674 [info] [Error - 4:31:39 PM] Request textDocument/documentSymbol failed.
2026-08-15 16:31:39.680 [info]   Message: _pickle.UnpicklingError: invalid load key, ' '.
  Code: -32603 
[object Object]
2026-08-15 16:31:39.682 [info] ERROR:pygls.protocol.json_rpc:Failed to handle request 103 textDocument/documentSymbol DocumentSymbolParams(text_document=TextDocumentIdentifier(uri='file:///voc/work/hello_llm.py'), work_done_token=None, partial_result_token=None)
Traceback (most recent call last):
  File "/usr/local/lib/code-server-4.103.2/lib/vscode/extensions/ms-python.python-2025.12.0/python_files/lib/jedilsp/pygls/protocol/json_rpc.py", line 266, in _handle_request
    self._execute_request(msg_id, handler, params)
  File "/usr/local/lib/code-server-4.103.2/lib/vscode/extensions/ms-python.python-2025.12.0/python_files/lib/jedilsp/pygls/protocol/json_rpc.py", line 188, in _execute_request
    self._send_response(msg_id, handler(params))
  File "/usr/local/lib/code-server-4.103.2/lib/vscode/extensions/ms-python.python-2025.12.0/python_files/lib/jedilsp/jedi_language_server/server.py", line 546, in document_symbol
    document_symbols = jedi_utils.lsp_document_symbols(names)
  File "/usr/local/lib/code-server-4.103.2/lib/vscode/extensions/ms-python.python-2025.12.0/python_files/lib/jedilsp/jedi_language_server/jedi_utils.py", line 225, in lsp_document_symbols
    symbol_range = _document_symbol_range(name)
  File "/usr/local/lib/code-server-4.103.2/lib/vscode/extensions/ms-python.python-2025.12.0/python_files/lib/jedilsp/jedi_language_server/jedi_utils.py", line 204, in _document_symbol_range
    end = name.get_definition_end_position()
  File "/usr/local/lib/code-server-4.103.2/lib/vscode/extensions/ms-python.python-2025.12.0/python_files/lib/jedilsp/jedi/api/classes.py", line 260, in get_definition_end_position
    if self.type in ("function", "class"):
  File "/usr/local/lib/code-server-4.103.2/lib/vscode/extensions/ms-python.python-2025.12.0/python_files/lib/jedilsp/jedi/api/classes.py", line 190, in type
    for value in self._name.infer():
  File "/usr/local/lib/code-server-4.103.2/lib/vscode/extensions/ms-python.python-2025.12.0/python_files/lib/jedilsp/jedi/inference/names.py", line 281, in infer
    return tree_name_to_values(
  File "/usr/local/lib/code-server-4.103.2/lib/vscode/extensions/ms-python.python-2025.12.0/python_files/lib/jedilsp/jedi/plugins/__init__.py", line 21, in wrapper
    return built_functions[public_name](*args, **kwargs)
  File "/usr/local/lib/code-server-4.103.2/lib/vscode/extensions/ms-python.python-2025.12.0/python_files/lib/jedilsp/jedi/plugins/stdlib.py", line 878, in wrapper
    return func(inference_state, context, tree_name)
  File "/usr/local/lib/code-server-4.103.2/lib/vscode/extensions/ms-python.python-2025.12.0/python_files/lib/jedilsp/jedi/plugins/django.py", line 177, in wrapper
    result = func(inference_state, context, tree_name)
  File "/usr/local/lib/code-server-4.103.2/lib/vscode/extensions/ms-python.python-2025.12.0/python_files/lib/jedilsp/jedi/inference/syntax_tree.py", line 771, in tree_name_to_values
    types = imports.infer_import(context, tree_name)
  File "/usr/local/lib/code-server-4.103.2/lib/vscode/extensions/ms-python.python-2025.12.0/python_files/lib/jedilsp/jedi/inference/cache.py", line 44, in wrapper
    rv = function(obj, *args, **kwargs)
  File "/usr/local/lib/code-server-4.103.2/lib/vscode/extensions/ms-python.python-2025.12.0/python_files/lib/jedilsp/jedi/inference/imports.py", line 53, in infer_import
    _prepare_infer_import(module_context, tree_name)
  File "/usr/local/lib/code-server-4.103.2/lib/vscode/extensions/ms-python.python-2025.12.0/python_files/lib/jedilsp/jedi/inference/imports.py", line 116, in _prepare_infer_import
    return from_import_name, tuple(import_path), import_node.level, importer.follow()
  File "/usr/local/lib/code-server-4.103.2/lib/vscode/extensions/ms-python.python-2025.12.0/python_files/lib/jedilsp/jedi/inference/imports.py", line 296, in follow
    return import_module_by_names(
  File "/usr/local/lib/code-server-4.103.2/lib/vscode/extensions/ms-python.python-2025.12.0/python_files/lib/jedilsp/jedi/inference/imports.py", line 376, in import_module_by_names
    value_set = ValueSet.from_sets([
  File "/usr/local/lib/code-server-4.103.2/lib/vscode/extensions/ms-python.python-2025.12.0/python_files/lib/jedilsp/jedi/inference/imports.py", line 377, in <listcomp>
    import_module(
  File "/usr/local/lib/code-server-4.103.2/lib/vscode/extensions/ms-python.python-2025.12.0/python_files/lib/jedilsp/jedi/plugins/__init__.py", line 21, in wrapper
    return built_functions[public_name](*args, **kwargs)
  File "/usr/local/lib/code-server-4.103.2/lib/vscode/extensions/ms-python.python-2025.12.0/python_files/lib/jedilsp/jedi/plugins/flask.py", line 20, in wrapper
    return callback(inference_state, import_names, module_context, *args, **kwargs)
  File "/usr/local/lib/code-server-4.103.2/lib/vscode/extensions/ms-python.python-2025.12.0/python_files/lib/jedilsp/jedi/inference/gradual/typeshed.py", line 115, in wrapper
    python_value_set = ValueSet.from_sets(
  File "/usr/local/lib/code-server-4.103.2/lib/vscode/extensions/ms-python.python-2025.12.0/python_files/lib/jedilsp/jedi/inference/base_value.py", line 430, in from_sets
    for set_ in sets:
  File "/usr/local/lib/code-server-4.103.2/lib/vscode/extensions/ms-python.python-2025.12.0/python_files/lib/jedilsp/jedi/inference/gradual/typeshed.py", line 116, in <genexpr>
    func(inference_state, import_names, p, sys_path,)
  File "/usr/local/lib/code-server-4.103.2/lib/vscode/extensions/ms-python.python-2025.12.0/python_files/lib/jedilsp/jedi/inference/imports.py", line 411, in import_module
    file_io_or_ns, is_pkg = inference_state.compiled_subprocess.get_module_info(
  File "/usr/local/lib/code-server-4.103.2/lib/vscode/extensions/ms-python.python-2025.12.0/python_files/lib/jedilsp/jedi/inference/compiled/subprocess/__init__.py", line 188, in wrapper
    result = self._compiled_subprocess.run(
  File "/usr/local/lib/code-server-4.103.2/lib/vscode/extensions/ms-python.python-2025.12.0/python_files/lib/jedilsp/jedi/inference/compiled/subprocess/__init__.py", line 293, in run
    self._send(delete_id, None)
  File "/usr/local/lib/code-server-4.103.2/lib/vscode/extensions/ms-python.python-2025.12.0/python_files/lib/jedilsp/jedi/inference/compiled/subprocess/__init__.py", line 318, in _send
    is_exception, traceback, result = pickle_load(self._get_process().stdout)
  File "/usr/local/lib/code-server-4.103.2/lib/vscode/extensions/ms-python.python-2025.12.0/python_files/lib/jedilsp/jedi/_compatibility.py", line 25, in pickle_load
    return Unpickler(file).load()
_pickle.UnpicklingError: invalid load key, ' '.

2026-08-15 16:31:39.688 [info] [Error - 4:31:39 PM] Request textDocument/documentSymbol failed.
2026-08-15 16:31:39.688 [info]   Message: _pickle.UnpicklingError: invalid load key, ' '.
  Code: -32603 
[object Object]
2026-08-15 16:31:39.804 [info] semantic_tokens_full file:///voc/work/hello_llm.py 
2026-08-15 16:31:39.805 [info] ERROR:pygls.protocol.json_rpc:Exception occurred for message "104": _pickle.UnpicklingError: invalid load key, ' '.
NoneType: None

2026-08-15 16:31:39.810 [info] [Error - 4:31:39 PM] Request textDocument/semanticTokens/full failed.
2026-08-15 16:31:39.810 [info]   Message: _pickle.UnpicklingError: invalid load key, ' '.
  Code: -32603 
[object Object]
2026-08-15 16:31:40.152 [info] semantic_tokens_range file:///voc/work/hello_llm.py 0:0-20:17
2026-08-15 16:31:40.153 [info] ERROR:pygls.protocol.json_rpc:Exception occurred for message "106": _pickle.UnpicklingError: invalid load key, ' '.
NoneType: None

2026-08-15 16:31:40.158 [info] [Error - 4:31:40 PM] Request textDocument/semanticTokens/range failed.
2026-08-15 16:31:40.158 [info]   Message: _pickle.UnpicklingError: invalid load key, ' '.
  Code: -32603 
[object Object]
2026-08-15 16:31:40.231 [info] ERROR:pygls.protocol.json_rpc:Failed to handle request 107 textDocument/documentSymbol DocumentSymbolParams(text_document=TextDocumentIdentifier(uri='file:///voc/work/hello_llm.py'), work_done_token=None, partial_result_token=None)
Traceback (most recent call last):
  File "/usr/local/lib/code-server-4.103.2/lib/vscode/extensions/ms-python.python-2025.12.0/python_files/lib/jedilsp/pygls/protocol/json_rpc.py", line 266, in _handle_request
    self._execute_request(msg_id, handler, params)
  File "/usr/local/lib/code-server-4.103.2/lib/vscode/extensions/ms-python.python-2025.12.0/python_files/lib/jedilsp/pygls/protocol/json_rpc.py", line 188, in _execute_request
    self._send_response(msg_id, handler(params))
  File "/usr/local/lib/code-server-4.103.2/lib/vscode/extensions/ms-python.python-2025.12.0/python_files/lib/jedilsp/jedi_language_server/server.py", line 546, in document_symbol
    document_symbols = jedi_utils.lsp_document_symbols(names)
  File "/usr/local/lib/code-server-4.103.2/lib/vscode/extensions/ms-python.python-2025.12.0/python_files/lib/jedilsp/jedi_language_server/jedi_utils.py", line 225, in lsp_document_symbols
    symbol_range = _document_symbol_range(name)
  File "/usr/local/lib/code-server-4.103.2/lib/vscode/extensions/ms-python.python-2025.12.0/python_files/lib/jedilsp/jedi_language_server/jedi_utils.py", line 204, in _document_symbol_range
    end = name.get_definition_end_position()
  File "/usr/local/lib/code-server-4.103.2/lib/vscode/extensions/ms-python.python-2025.12.0/python_files/lib/jedilsp/jedi/api/classes.py", line 260, in get_definition_end_position
    if self.type in ("function", "class"):
  File "/usr/local/lib/code-server-4.103.2/lib/vscode/extensions/ms-python.python-2025.12.0/python_files/lib/jedilsp/jedi/api/classes.py", line 190, in type
    for value in self._name.infer():
  File "/usr/local/lib/code-server-4.103.2/lib/vscode/extensions/ms-python.python-2025.12.0/python_files/lib/jedilsp/jedi/inference/names.py", line 281, in infer
    return tree_name_to_values(
  File "/usr/local/lib/code-server-4.103.2/lib/vscode/extensions/ms-python.python-2025.12.0/python_files/lib/jedilsp/jedi/plugins/__init__.py", line 21, in wrapper
    return built_functions[public_name](*args, **kwargs)
  File "/usr/local/lib/code-server-4.103.2/lib/vscode/extensions/ms-python.python-2025.12.0/python_files/lib/jedilsp/jedi/plugins/stdlib.py", line 878, in wrapper
    return func(inference_state, context, tree_name)
  File "/usr/local/lib/code-server-4.103.2/lib/vscode/extensions/ms-python.python-2025.12.0/python_files/lib/jedilsp/jedi/plugins/django.py", line 177, in wrapper
    result = func(inference_state, context, tree_name)
  File "/usr/local/lib/code-server-4.103.2/lib/vscode/extensions/ms-python.python-2025.12.0/python_files/lib/jedilsp/jedi/inference/syntax_tree.py", line 771, in tree_name_to_values
    types = imports.infer_import(context, tree_name)
  File "/usr/local/lib/code-server-4.103.2/lib/vscode/extensions/ms-python.python-2025.12.0/python_files/lib/jedilsp/jedi/inference/cache.py", line 44, in wrapper
    rv = function(obj, *args, **kwargs)
  File "/usr/local/lib/code-server-4.103.2/lib/vscode/extensions/ms-python.python-2025.12.0/python_files/lib/jedilsp/jedi/inference/imports.py", line 53, in infer_import
    _prepare_infer_import(module_context, tree_name)
  File "/usr/local/lib/code-server-4.103.2/lib/vscode/extensions/ms-python.python-2025.12.0/python_files/lib/jedilsp/jedi/inference/imports.py", line 116, in _prepare_infer_import
    return from_import_name, tuple(import_path), import_node.level, importer.follow()
  File "/usr/local/lib/code-server-4.103.2/lib/vscode/extensions/ms-python.python-2025.12.0/python_files/lib/jedilsp/jedi/inference/imports.py", line 296, in follow
    return import_module_by_names(
  File "/usr/local/lib/code-server-4.103.2/lib/vscode/extensions/ms-python.python-2025.12.0/python_files/lib/jedilsp/jedi/inference/imports.py", line 376, in import_module_by_names
    value_set = ValueSet.from_sets([
  File "/usr/local/lib/code-server-4.103.2/lib/vscode/extensions/ms-python.python-2025.12.0/python_files/lib/jedilsp/jedi/inference/imports.py", line 377, in <listcomp>
    import_module(
  File "/usr/local/lib/code-server-4.103.2/lib/vscode/extensions/ms-python.python-2025.12.0/python_files/lib/jedilsp/jedi/plugins/__init__.py", line 21, in wrapper
    return built_functions[public_name](*args, **kwargs)
  File "/usr/local/lib/code-server-4.103.2/lib/vscode/extensions/ms-python.python-2025.12.0/python_files/lib/jedilsp/jedi/plugins/flask.py", line 20, in wrapper
    return callback(inference_state, import_names, module_context, *args, **kwargs)
  File "/usr/local/lib/code-server-4.103.2/lib/vscode/extensions/ms-python.python-2025.12.0/python_files/lib/jedilsp/jedi/inference/gradual/typeshed.py", line 115, in wrapper
    python_value_set = ValueSet.from_sets(
  File "/usr/local/lib/code-server-4.103.2/lib/vscode/extensions/ms-python.python-2025.12.0/python_files/lib/jedilsp/jedi/inference/base_value.py", line 430, in from_sets
    for set_ in sets:
  File "/usr/local/lib/code-server-4.103.2/lib/vscode/extensions/ms-python.python-2025.12.0/python_files/lib/jedilsp/jedi/inference/gradual/typeshed.py", line 116, in <genexpr>
    func(inference_state, import_names, p, sys_path,)
  File "/usr/local/lib/code-server-4.103.2/lib/vscode/extensions/ms-python.python-2025.12.0/python_files/lib/jedilsp/jedi/inference/imports.py", line 411, in import_module
    file_io_or_ns, is_pkg = inference_state.compiled_subprocess.get_module_info(
  File "/usr/local/lib/code-server-4.103.2/lib/vscode/extensions/ms-python.python-2025.12.0/python_files/lib/jedilsp/jedi/inference/compiled/subprocess/__init__.py", line 188, in wrapper
    result = self._compiled_subprocess.run(
  File "/usr/local/lib/code-server-4.103.2/lib/vscode/extensions/ms-python.python-2025.12.0/python_files/lib/jedilsp/jedi/inference/compiled/subprocess/__init__.py", line 293, in run
    self._send(delete_id, None)
  File "/usr/local/lib/code-server-4.103.2/lib/vscode/extensions/ms-python.python-2025.12.0/python_files/lib/jedilsp/jedi/inference/compiled/subprocess/__init__.py", line 318, in _send
    is_exception, traceback, result = pickle_load(self._get_process().stdout)
  File "/usr/local/lib/code-server-4.103.2/lib/vscode/extensions/ms-python.python-2025.12.0/python_files/lib/jedilsp/jedi/_compatibility.py", line 25, in pickle_load
    return Unpickler(file).load()
_pickle.UnpicklingError: invalid load key, ' '.

2026-08-15 16:31:40.231 [info] [Error - 4:31:40 PM] Request textDocument/documentSymbol failed.
2026-08-15 16:31:40.238 [info]   Message: _pickle.UnpicklingError: invalid load key, ' '.
  Code: -32603 
[object Object]
2026-08-15 16:31:40.238 [info] ERROR:pygls.protocol.json_rpc:Failed to handle request 108 textDocument/documentSymbol DocumentSymbolParams(text_document=TextDocumentIdentifier(uri='file:///voc/work/hello_llm.py'), work_done_token=None, partial_result_token=None)
Traceback (most recent call last):
  File "/usr/local/lib/code-server-4.103.2/lib/vscode/extensions/ms-python.python-2025.12.0/python_files/lib/jedilsp/pygls/protocol/json_rpc.py", line 266, in _handle_request
    self._execute_request(msg_id, handler, params)
  File "/usr/local/lib/code-server-4.103.2/lib/vscode/extensions/ms-python.python-2025.12.0/python_files/lib/jedilsp/pygls/protocol/json_rpc.py", line 188, in _execute_request
    self._send_response(msg_id, handler(params))
  File "/usr/local/lib/code-server-4.103.2/lib/vscode/extensions/ms-python.python-2025.12.0/python_files/lib/jedilsp/jedi_language_server/server.py", line 546, in document_symbol
    document_symbols = jedi_utils.lsp_document_symbols(names)
  File "/usr/local/lib/code-server-4.103.2/lib/vscode/extensions/ms-python.python-2025.12.0/python_files/lib/jedilsp/jedi_language_server/jedi_utils.py", line 225, in lsp_document_symbols
    symbol_range = _document_symbol_range(name)
  File "/usr/local/lib/code-server-4.103.2/lib/vscode/extensions/ms-python.python-2025.12.0/python_files/lib/jedilsp/jedi_language_server/jedi_utils.py", line 204, in _document_symbol_range
    end = name.get_definition_end_position()
  File "/usr/local/lib/code-server-4.103.2/lib/vscode/extensions/ms-python.python-2025.12.0/python_files/lib/jedilsp/jedi/api/classes.py", line 260, in get_definition_end_position
    if self.type in ("function", "class"):
  File "/usr/local/lib/code-server-4.103.2/lib/vscode/extensions/ms-python.python-2025.12.0/python_files/lib/jedilsp/jedi/api/classes.py", line 190, in type
    for value in self._name.infer():
  File "/usr/local/lib/code-server-4.103.2/lib/vscode/extensions/ms-python.python-2025.12.0/python_files/lib/jedilsp/jedi/inference/names.py", line 281, in infer
    return tree_name_to_values(
  File "/usr/local/lib/code-server-4.103.2/lib/vscode/extensions/ms-python.python-2025.12.0/python_files/lib/jedilsp/jedi/plugins/__init__.py", line 21, in wrapper
    return built_functions[public_name](*args, **kwargs)
  File "/usr/local/lib/code-server-4.103.2/lib/vscode/extensions/ms-python.python-2025.12.0/python_files/lib/jedilsp/jedi/plugins/stdlib.py", line 878, in wrapper
    return func(inference_state, context, tree_name)
  File "/usr/local/lib/code-server-4.103.2/lib/vscode/extensions/ms-python.python-2025.12.0/python_files/lib/jedilsp/jedi/plugins/django.py", line 177, in wrapper
    result = func(inference_state, context, tree_name)
  File "/usr/local/lib/code-server-4.103.2/lib/vscode/extensions/ms-python.python-2025.12.0/python_files/lib/jedilsp/jedi/inference/syntax_tree.py", line 771, in tree_name_to_values
    types = imports.infer_import(context, tree_name)
  File "/usr/local/lib/code-server-4.103.2/lib/vscode/extensions/ms-python.python-2025.12.0/python_files/lib/jedilsp/jedi/inference/cache.py", line 44, in wrapper
    rv = function(obj, *args, **kwargs)
  File "/usr/local/lib/code-server-4.103.2/lib/vscode/extensions/ms-python.python-2025.12.0/python_files/lib/jedilsp/jedi/inference/imports.py", line 53, in infer_import
    _prepare_infer_import(module_context, tree_name)
  File "/usr/local/lib/code-server-4.103.2/lib/vscode/extensions/ms-python.python-2025.12.0/python_files/lib/jedilsp/jedi/inference/imports.py", line 116, in _prepare_infer_import
    return from_import_name, tuple(import_path), import_node.level, importer.follow()
  File "/usr/local/lib/code-server-4.103.2/lib/vscode/extensions/ms-python.python-2025.12.0/python_files/lib/jedilsp/jedi/inference/imports.py", line 296, in follow
    return import_module_by_names(
  File "/usr/local/lib/code-server-4.103.2/lib/vscode/extensions/ms-python.python-2025.12.0/python_files/lib/jedilsp/jedi/inference/imports.py", line 376, in import_module_by_names
    value_set = ValueSet.from_sets([
  File "/usr/local/lib/code-server-4.103.2/lib/vscode/extensions/ms-python.python-2025.12.0/python_files/lib/jedilsp/jedi/inference/imports.py", line 377, in <listcomp>
    import_module(
  File "/usr/local/lib/code-server-4.103.2/lib/vscode/extensions/ms-python.python-2025.12.0/python_files/lib/jedilsp/jedi/plugins/__init__.py", line 21, in wrapper
    return built_functions[public_name](*args, **kwargs)
  File "/usr/local/lib/code-server-4.103.2/lib/vscode/extensions/ms-python.python-2025.12.0/python_files/lib/jedilsp/jedi/plugins/flask.py", line 20, in wrapper
    return callback(inference_state, import_names, module_context, *args, **kwargs)
  File "/usr/local/lib/code-server-4.103.2/lib/vscode/extensions/ms-python.python-2025.12.0/python_files/lib/jedilsp/jedi/inference/gradual/typeshed.py", line 115, in wrapper
    python_value_set = ValueSet.from_sets(
  File "/usr/local/lib/code-server-4.103.2/lib/vscode/extensions/ms-python.python-2025.12.0/python_files/lib/jedilsp/jedi/inference/base_value.py", line 430, in from_sets
    for set_ in sets:
  File "/usr/local/lib/code-server-4.103.2/lib/vscode/extensions/ms-python.python-2025.12.0/python_files/lib/jedilsp/jedi/inference/gradual/typeshed.py", line 116, in <genexpr>
    func(inference_state, import_names, p, sys_path,)
  File "/usr/local/lib/code-server-4.103.2/lib/vscode/extensions/ms-python.python-2025.12.0/python_files/lib/jedilsp/jedi/inference/imports.py", line 411, in import_module
    file_io_or_ns, is_pkg = inference_state.compiled_subprocess.get_module_info(
  File "/usr/local/lib/code-server-4.103.2/lib/vscode/extensions/ms-python.python-2025.12.0/python_files/lib/jedilsp/jedi/inference/compiled/subprocess/__init__.py", line 188, in wrapper
    result = self._compiled_subprocess.run(
  File "/usr/local/lib/code-server-4.103.2/lib/vscode/extensions/ms-python.python-2025.12.0/python_files/lib/jedilsp/jedi/inference/compiled/subprocess/__init__.py", line 293, in run
    self._send(delete_id, None)
  File "/usr/local/lib/code-server-4.103.2/lib/vscode/extensions/ms-python.python-2025.12.0/python_files/lib/jedilsp/jedi/inference/compiled/subprocess/__init__.py", line 318, in _send
    is_exception, traceback, result = pickle_load(self._get_process().stdout)
  File "/usr/local/lib/code-server-4.103.2/lib/vscode/extensions/ms-python.python-2025.12.0/python_files/lib/jedilsp/jedi/_compatibility.py", line 25, in pickle_load
    return Unpickler(file).load()
_pickle.UnpicklingError: invalid load key, ' '.

2026-08-15 16:31:40.238 [info] [Error - 4:31:40 PM] Request textDocument/documentSymbol failed.
2026-08-15 16:31:40.238 [info]   Message: _pickle.UnpicklingError: invalid load key, ' '.
  Code: -32603 
[object Object]
2026-08-15 16:31:40.359 [info] semantic_tokens_full file:///voc/work/hello_llm.py 
2026-08-15 16:31:40.360 [info] ERROR:pygls.protocol.json_rpc:Exception occurred for message "109": _pickle.UnpicklingError: invalid load key, ' '.
NoneType: None

2026-08-15 16:31:40.366 [info] [Error - 4:31:40 PM] Request textDocument/semanticTokens/full failed.
2026-08-15 16:31:40.366 [info]   Message: _pickle.UnpicklingError: invalid load key, ' '.
  Code: -32603 
[object Object]
2026-08-15 16:31:50.533 [info] semantic_tokens_full file:///voc/work/hello_llm.py 
2026-08-15 16:31:50.535 [info] ERROR:pygls.protocol.json_rpc:Exception occurred for message "112": _pickle.UnpicklingError: invalid load key, ' '.
NoneType: None

2026-08-15 16:31:50.540 [info] [Error - 4:31:50 PM] Request textDocument/semanticTokens/full failed.
2026-08-15 16:31:50.540 [info]   Message: _pickle.UnpicklingError: invalid load key, ' '.
  Code: -32603 
[object Object]
2026-08-15 16:31:50.961 [info] semantic_tokens_range file:///voc/work/hello_llm.py 0:0-20:17
2026-08-15 16:31:50.962 [info] ERROR:pygls.protocol.json_rpc:Exception occurred for message "114": _pickle.UnpicklingError: invalid load key, ' '.
NoneType: None

2026-08-15 16:31:50.968 [info] [Error - 4:31:50 PM] Request textDocument/semanticTokens/range failed.
2026-08-15 16:31:50.968 [info]   Message: _pickle.UnpicklingError: invalid load key, ' '.
  Code: -32603 
[object Object]
2026-08-15 16:31:51.050 [info] ERROR:pygls.protocol.json_rpc:Failed to handle request 115 textDocument/documentSymbol DocumentSymbolParams(text_document=TextDocumentIdentifier(uri='file:///voc/work/hello_llm.py'), work_done_token=None, partial_result_token=None)
Traceback (most recent call last):
  File "/usr/local/lib/code-server-4.103.2/lib/vscode/extensions/ms-python.python-2025.12.0/python_files/lib/jedilsp/pygls/protocol/json_rpc.py", line 266, in _handle_request
    self._execute_request(msg_id, handler, params)
  File "/usr/local/lib/code-server-4.103.2/lib/vscode/extensions/ms-python.python-2025.12.0/python_files/lib/jedilsp/pygls/protocol/json_rpc.py", line 188, in _execute_request
    self._send_response(msg_id, handler(params))
  File "/usr/local/lib/code-server-4.103.2/lib/vscode/extensions/ms-python.python-2025.12.0/python_files/lib/jedilsp/jedi_language_server/server.py", line 546, in document_symbol
    document_symbols = jedi_utils.lsp_document_symbols(names)
  File "/usr/local/lib/code-server-4.103.2/lib/vscode/extensions/ms-python.python-2025.12.0/python_files/lib/jedilsp/jedi_language_server/jedi_utils.py", line 225, in lsp_document_symbols
    symbol_range = _document_symbol_range(name)
  File "/usr/local/lib/code-server-4.103.2/lib/vscode/extensions/ms-python.python-2025.12.0/python_files/lib/jedilsp/jedi_language_server/jedi_utils.py", line 204, in _document_symbol_range
    end = name.get_definition_end_position()
  File "/usr/local/lib/code-server-4.103.2/lib/vscode/extensions/ms-python.python-2025.12.0/python_files/lib/jedilsp/jedi/api/classes.py", line 260, in get_definition_end_position
    if self.type in ("function", "class"):
  File "/usr/local/lib/code-server-4.103.2/lib/vscode/extensions/ms-python.python-2025.12.0/python_files/lib/jedilsp/jedi/api/classes.py", line 190, in type
    for value in self._name.infer():
  File "/usr/local/lib/code-server-4.103.2/lib/vscode/extensions/ms-python.python-2025.12.0/python_files/lib/jedilsp/jedi/inference/names.py", line 281, in infer
    return tree_name_to_values(
  File "/usr/local/lib/code-server-4.103.2/lib/vscode/extensions/ms-python.python-2025.12.0/python_files/lib/jedilsp/jedi/plugins/__init__.py", line 21, in wrapper
    return built_functions[public_name](*args, **kwargs)
  File "/usr/local/lib/code-server-4.103.2/lib/vscode/extensions/ms-python.python-2025.12.0/python_files/lib/jedilsp/jedi/plugins/stdlib.py", line 878, in wrapper
    return func(inference_state, context, tree_name)
  File "/usr/local/lib/code-server-4.103.2/lib/vscode/extensions/ms-python.python-2025.12.0/python_files/lib/jedilsp/jedi/plugins/django.py", line 177, in wrapper
    result = func(inference_state, context, tree_name)
  File "/usr/local/lib/code-server-4.103.2/lib/vscode/extensions/ms-python.python-2025.12.0/python_files/lib/jedilsp/jedi/inference/syntax_tree.py", line 771, in tree_name_to_values
    types = imports.infer_import(context, tree_name)
  File "/usr/local/lib/code-server-4.103.2/lib/vscode/extensions/ms-python.python-2025.12.0/python_files/lib/jedilsp/jedi/inference/cache.py", line 44, in wrapper
    rv = function(obj, *args, **kwargs)
  File "/usr/local/lib/code-server-4.103.2/lib/vscode/extensions/ms-python.python-2025.12.0/python_files/lib/jedilsp/jedi/inference/imports.py", line 53, in infer_import
    _prepare_infer_import(module_context, tree_name)
  File "/usr/local/lib/code-server-4.103.2/lib/vscode/extensions/ms-python.python-2025.12.0/python_files/lib/jedilsp/jedi/inference/imports.py", line 116, in _prepare_infer_import
    return from_import_name, tuple(import_path), import_node.level, importer.follow()
  File "/usr/local/lib/code-server-4.103.2/lib/vscode/extensions/ms-python.python-2025.12.0/python_files/lib/jedilsp/jedi/inference/imports.py", line 296, in follow
    return import_module_by_names(
  File "/usr/local/lib/code-server-4.103.2/lib/vscode/extensions/ms-python.python-2025.12.0/python_files/lib/jedilsp/jedi/inference/imports.py", line 376, in import_module_by_names
    value_set = ValueSet.from_sets([
  File "/usr/local/lib/code-server-4.103.2/lib/vscode/extensions/ms-python.python-2025.12.0/python_files/lib/jedilsp/jedi/inference/imports.py", line 377, in <listcomp>
    import_module(
  File "/usr/local/lib/code-server-4.103.2/lib/vscode/extensions/ms-python.python-2025.12.0/python_files/lib/jedilsp/jedi/plugins/__init__.py", line 21, in wrapper
    return built_functions[public_name](*args, **kwargs)
  File "/usr/local/lib/code-server-4.103.2/lib/vscode/extensions/ms-python.python-2025.12.0/python_files/lib/jedilsp/jedi/plugins/flask.py", line 20, in wrapper
    return callback(inference_state, import_names, module_context, *args, **kwargs)
  File "/usr/local/lib/code-server-4.103.2/lib/vscode/extensions/ms-python.python-2025.12.0/python_files/lib/jedilsp/jedi/inference/gradual/typeshed.py", line 115, in wrapper
    python_value_set = ValueSet.from_sets(
  File "/usr/local/lib/code-server-4.103.2/lib/vscode/extensions/ms-python.python-2025.12.0/python_files/lib/jedilsp/jedi/inference/base_value.py", line 430, in from_sets
    for set_ in sets:
  File "/usr/local/lib/code-server-4.103.2/lib/vscode/extensions/ms-python.python-2025.12.0/python_files/lib/jedilsp/jedi/inference/gradual/typeshed.py", line 116, in <genexpr>
    func(inference_state, import_names, p, sys_path,)
  File "/usr/local/lib/code-server-4.103.2/lib/vscode/extensions/ms-python.python-2025.12.0/python_files/lib/jedilsp/jedi/inference/imports.py", line 411, in import_module
    file_io_or_ns, is_pkg = inference_state.compiled_subprocess.get_module_info(
  File "/usr/local/lib/code-server-4.103.2/lib/vscode/extensions/ms-python.python-2025.12.0/python_files/lib/jedilsp/jedi/inference/compiled/subprocess/__init__.py", line 188, in wrapper
    result = self._compiled_subprocess.run(
  File "/usr/local/lib/code-server-4.103.2/lib/vscode/extensions/ms-python.python-2025.12.0/python_files/lib/jedilsp/jedi/inference/compiled/subprocess/__init__.py", line 293, in run
    self._send(delete_id, None)
  File "/usr/local/lib/code-server-4.103.2/lib/vscode/extensions/ms-python.python-2025.12.0/python_files/lib/jedilsp/jedi/inference/compiled/subprocess/__init__.py", line 318, in _send
    is_exception, traceback, result = pickle_load(self._get_process().stdout)
  File "/usr/local/lib/code-server-4.103.2/lib/vscode/extensions/ms-python.python-2025.12.0/python_files/lib/jedilsp/jedi/_compatibility.py", line 25, in pickle_load
    return Unpickler(file).load()
_pickle.UnpicklingError: invalid load key, ' '.

2026-08-15 16:31:51.050 [info] [Error - 4:31:51 PM] Request textDocument/documentSymbol failed.
2026-08-15 16:31:51.058 [info]   Message: _pickle.UnpicklingError: invalid load key, ' '.
  Code: -32603 
[object Object]
2026-08-15 16:31:51.059 [info] ERROR:pygls.protocol.json_rpc:Failed to handle request 116 textDocument/documentSymbol DocumentSymbolParams(text_document=TextDocumentIdentifier(uri='file:///voc/work/hello_llm.py'), work_done_token=None, partial_result_token=None)
Traceback (most recent call last):
  File "/usr/local/lib/code-server-4.103.2/lib/vscode/extensions/ms-python.python-2025.12.0/python_files/lib/jedilsp/pygls/protocol/json_rpc.py", line 266, in _handle_request
    self._execute_request(msg_id, handler, params)
  File "/usr/local/lib/code-server-4.103.2/lib/vscode/extensions/ms-python.python-2025.12.0/python_files/lib/jedilsp/pygls/protocol/json_rpc.py", line 188, in _execute_request
    self._send_response(msg_id, handler(params))
  File "/usr/local/lib/code-server-4.103.2/lib/vscode/extensions/ms-python.python-2025.12.0/python_files/lib/jedilsp/jedi_language_server/server.py", line 546, in document_symbol
    document_symbols = jedi_utils.lsp_document_symbols(names)
  File "/usr/local/lib/code-server-4.103.2/lib/vscode/extensions/ms-python.python-2025.12.0/python_files/lib/jedilsp/jedi_language_server/jedi_utils.py", line 225, in lsp_document_symbols
    symbol_range = _document_symbol_range(name)
  File "/usr/local/lib/code-server-4.103.2/lib/vscode/extensions/ms-python.python-2025.12.0/python_files/lib/jedilsp/jedi_language_server/jedi_utils.py", line 204, in _document_symbol_range
    end = name.get_definition_end_position()
  File "/usr/local/lib/code-server-4.103.2/lib/vscode/extensions/ms-python.python-2025.12.0/python_files/lib/jedilsp/jedi/api/classes.py", line 260, in get_definition_end_position
    if self.type in ("function", "class"):
  File "/usr/local/lib/code-server-4.103.2/lib/vscode/extensions/ms-python.python-2025.12.0/python_files/lib/jedilsp/jedi/api/classes.py", line 190, in type
    for value in self._name.infer():
  File "/usr/local/lib/code-server-4.103.2/lib/vscode/extensions/ms-python.python-2025.12.0/python_files/lib/jedilsp/jedi/inference/names.py", line 281, in infer
    return tree_name_to_values(
  File "/usr/local/lib/code-server-4.103.2/lib/vscode/extensions/ms-python.python-2025.12.0/python_files/lib/jedilsp/jedi/plugins/__init__.py", line 21, in wrapper
    return built_functions[public_name](*args, **kwargs)
  File "/usr/local/lib/code-server-4.103.2/lib/vscode/extensions/ms-python.python-2025.12.0/python_files/lib/jedilsp/jedi/plugins/stdlib.py", line 878, in wrapper
    return func(inference_state, context, tree_name)
  File "/usr/local/lib/code-server-4.103.2/lib/vscode/extensions/ms-python.python-2025.12.0/python_files/lib/jedilsp/jedi/plugins/django.py", line 177, in wrapper
    result = func(inference_state, context, tree_name)
  File "/usr/local/lib/code-server-4.103.2/lib/vscode/extensions/ms-python.python-2025.12.0/python_files/lib/jedilsp/jedi/inference/syntax_tree.py", line 771, in tree_name_to_values
    types = imports.infer_import(context, tree_name)
  File "/usr/local/lib/code-server-4.103.2/lib/vscode/extensions/ms-python.python-2025.12.0/python_files/lib/jedilsp/jedi/inference/cache.py", line 44, in wrapper
    rv = function(obj, *args, **kwargs)
  File "/usr/local/lib/code-server-4.103.2/lib/vscode/extensions/ms-python.python-2025.12.0/python_files/lib/jedilsp/jedi/inference/imports.py", line 53, in infer_import
    _prepare_infer_import(module_context, tree_name)
  File "/usr/local/lib/code-server-4.103.2/lib/vscode/extensions/ms-python.python-2025.12.0/python_files/lib/jedilsp/jedi/inference/imports.py", line 116, in _prepare_infer_import
    return from_import_name, tuple(import_path), import_node.level, importer.follow()
  File "/usr/local/lib/code-server-4.103.2/lib/vscode/extensions/ms-python.python-2025.12.0/python_files/lib/jedilsp/jedi/inference/imports.py", line 296, in follow
    return import_module_by_names(
  File "/usr/local/lib/code-server-4.103.2/lib/vscode/extensions/ms-python.python-2025.12.0/python_files/lib/jedilsp/jedi/inference/imports.py", line 376, in import_module_by_names
    value_set = ValueSet.from_sets([
  File "/usr/local/lib/code-server-4.103.2/lib/vscode/extensions/ms-python.python-2025.12.0/python_files/lib/jedilsp/jedi/inference/imports.py", line 377, in <listcomp>
    import_module(
  File "/usr/local/lib/code-server-4.103.2/lib/vscode/extensions/ms-python.python-2025.12.0/python_files/lib/jedilsp/jedi/plugins/__init__.py", line 21, in wrapper
    return built_functions[public_name](*args, **kwargs)
  File "/usr/local/lib/code-server-4.103.2/lib/vscode/extensions/ms-python.python-2025.12.0/python_files/lib/jedilsp/jedi/plugins/flask.py", line 20, in wrapper
    return callback(inference_state, import_names, module_context, *args, **kwargs)
  File "/usr/local/lib/code-server-4.103.2/lib/vscode/extensions/ms-python.python-2025.12.0/python_files/lib/jedilsp/jedi/inference/gradual/typeshed.py", line 115, in wrapper
    python_value_set = ValueSet.from_sets(
  File "/usr/local/lib/code-server-4.103.2/lib/vscode/extensions/ms-python.python-2025.12.0/python_files/lib/jedilsp/jedi/inference/base_value.py", line 430, in from_sets
    for set_ in sets:
  File "/usr/local/lib/code-server-4.103.2/lib/vscode/extensions/ms-python.python-2025.12.0/python_files/lib/jedilsp/jedi/inference/gradual/typeshed.py", line 116, in <genexpr>
    func(inference_state, import_names, p, sys_path,)
  File "/usr/local/lib/code-server-4.103.2/lib/vscode/extensions/ms-python.python-2025.12.0/python_files/lib/jedilsp/jedi/inference/imports.py", line 411, in import_module
    file_io_or_ns, is_pkg = inference_state.compiled_subprocess.get_module_info(
  File "/usr/local/lib/code-server-4.103.2/lib/vscode/extensions/ms-python.python-2025.12.0/python_files/lib/jedilsp/jedi/inference/compiled/subprocess/__init__.py", line 188, in wrapper
    result = self._compiled_subprocess.run(
  File "/usr/local/lib/code-server-4.103.2/lib/vscode/extensions/ms-python.python-2025.12.0/python_files/lib/jedilsp/jedi/inference/compiled/subprocess/__init__.py", line 293, in run
    self._send(delete_id, None)
  File "/usr/local/lib/code-server-4.103.2/lib/vscode/extensions/ms-python.python-2025.12.0/python_files/lib/jedilsp/jedi/inference/compiled/subprocess/__init__.py", line 318, in _send
    is_exception, traceback, result = pickle_load(self._get_process().stdout)
  File "/usr/local/lib/code-server-4.103.2/lib/vscode/extensions/ms-python.python-2025.12.0/python_files/lib/jedilsp/jedi/_compatibility.py", line 25, in pickle_load
    return Unpickler(file).load()
_pickle.UnpicklingError: invalid load key, ' '.

2026-08-15 16:31:51.059 [info] [Error - 4:31:51 PM] Request textDocument/documentSymbol failed.
2026-08-15 16:31:51.059 [info]   Message: _pickle.UnpicklingError: invalid load key, ' '.
  Code: -32603 
[object Object]
2026-08-15 16:31:51.144 [info] semantic_tokens_full file:///voc/work/hello_llm.py 
2026-08-15 16:31:51.145 [info] ERROR:pygls.protocol.json_rpc:Exception occurred for message "117": _pickle.UnpicklingError: invalid load key, ' '.
NoneType: None

2026-08-15 16:31:51.150 [info] [Error - 4:31:51 PM] Request textDocument/semanticTokens/full failed.
2026-08-15 16:31:51.150 [info]   Message: _pickle.UnpicklingError: invalid load key, ' '.
  Code: -32603 
[object Object]
2026-08-15 16:31:51.381 [info] semantic_tokens_range file:///voc/work/hello_llm.py 0:0-20:17
2026-08-15 16:31:51.382 [info] ERROR:pygls.protocol.json_rpc:Exception occurred for message "119": _pickle.UnpicklingError: invalid load key, ' '.
NoneType: None

2026-08-15 16:31:51.387 [info] [Error - 4:31:51 PM] Request textDocument/semanticTokens/range failed.
2026-08-15 16:31:51.387 [info]   Message: _pickle.UnpicklingError: invalid load key, ' '.
  Code: -32603 
[object Object]
2026-08-15 16:31:51.468 [info] ERROR:pygls.protocol.json_rpc:Failed to handle request 120 textDocument/documentSymbol DocumentSymbolParams(text_document=TextDocumentIdentifier(uri='file:///voc/work/hello_llm.py'), work_done_token=None, partial_result_token=None)
Traceback (most recent call last):
  File "/usr/local/lib/code-server-4.103.2/lib/vscode/extensions/ms-python.python-2025.12.0/python_files/lib/jedilsp/pygls/protocol/json_rpc.py", line 266, in _handle_request
    self._execute_request(msg_id, handler, params)
  File "/usr/local/lib/code-server-4.103.2/lib/vscode/extensions/ms-python.python-2025.12.0/python_files/lib/jedilsp/pygls/protocol/json_rpc.py", line 188, in _execute_request
    self._send_response(msg_id, handler(params))
  File "/usr/local/lib/code-server-4.103.2/lib/vscode/extensions/ms-python.python-2025.12.0/python_files/lib/jedilsp/jedi_language_server/server.py", line 546, in document_symbol
    document_symbols = jedi_utils.lsp_document_symbols(names)
  File "/usr/local/lib/code-server-4.103.2/lib/vscode/extensions/ms-python.python-2025.12.0/python_files/lib/jedilsp/jedi_language_server/jedi_utils.py", line 225, in lsp_document_symbols
    symbol_range = _document_symbol_range(name)
  File "/usr/local/lib/code-server-4.103.2/lib/vscode/extensions/ms-python.python-2025.12.0/python_files/lib/jedilsp/jedi_language_server/jedi_utils.py", line 204, in _document_symbol_range
    end = name.get_definition_end_position()
  File "/usr/local/lib/code-server-4.103.2/lib/vscode/extensions/ms-python.python-2025.12.0/python_files/lib/jedilsp/jedi/api/classes.py", line 260, in get_definition_end_position
    if self.type in ("function", "class"):
  File "/usr/local/lib/code-server-4.103.2/lib/vscode/extensions/ms-python.python-2025.12.0/python_files/lib/jedilsp/jedi/api/classes.py", line 190, in type
    for value in self._name.infer():
  File "/usr/local/lib/code-server-4.103.2/lib/vscode/extensions/ms-python.python-2025.12.0/python_files/lib/jedilsp/jedi/inference/names.py", line 281, in infer
    return tree_name_to_values(
  File "/usr/local/lib/code-server-4.103.2/lib/vscode/extensions/ms-python.python-2025.12.0/python_files/lib/jedilsp/jedi/plugins/__init__.py", line 21, in wrapper
    return built_functions[public_name](*args, **kwargs)
  File "/usr/local/lib/code-server-4.103.2/lib/vscode/extensions/ms-python.python-2025.12.0/python_files/lib/jedilsp/jedi/plugins/stdlib.py", line 878, in wrapper
    return func(inference_state, context, tree_name)
  File "/usr/local/lib/code-server-4.103.2/lib/vscode/extensions/ms-python.python-2025.12.0/python_files/lib/jedilsp/jedi/plugins/django.py", line 177, in wrapper
    result = func(inference_state, context, tree_name)
  File "/usr/local/lib/code-server-4.103.2/lib/vscode/extensions/ms-python.python-2025.12.0/python_files/lib/jedilsp/jedi/inference/syntax_tree.py", line 771, in tree_name_to_values
    types = imports.infer_import(context, tree_name)
  File "/usr/local/lib/code-server-4.103.2/lib/vscode/extensions/ms-python.python-2025.12.0/python_files/lib/jedilsp/jedi/inference/cache.py", line 44, in wrapper
    rv = function(obj, *args, **kwargs)
  File "/usr/local/lib/code-server-4.103.2/lib/vscode/extensions/ms-python.python-2025.12.0/python_files/lib/jedilsp/jedi/inference/imports.py", line 53, in infer_import
    _prepare_infer_import(module_context, tree_name)
  File "/usr/local/lib/code-server-4.103.2/lib/vscode/extensions/ms-python.python-2025.12.0/python_files/lib/jedilsp/jedi/inference/imports.py", line 116, in _prepare_infer_import
    return from_import_name, tuple(import_path), import_node.level, importer.follow()
  File "/usr/local/lib/code-server-4.103.2/lib/vscode/extensions/ms-python.python-2025.12.0/python_files/lib/jedilsp/jedi/inference/imports.py", line 296, in follow
    return import_module_by_names(
  File "/usr/local/lib/code-server-4.103.2/lib/vscode/extensions/ms-python.python-2025.12.0/python_files/lib/jedilsp/jedi/inference/imports.py", line 376, in import_module_by_names
    value_set = ValueSet.from_sets([
  File "/usr/local/lib/code-server-4.103.2/lib/vscode/extensions/ms-python.python-2025.12.0/python_files/lib/jedilsp/jedi/inference/imports.py", line 377, in <listcomp>
    import_module(
  File "/usr/local/lib/code-server-4.103.2/lib/vscode/extensions/ms-python.python-2025.12.0/python_files/lib/jedilsp/jedi/plugins/__init__.py", line 21, in wrapper
    return built_functions[public_name](*args, **kwargs)
  File "/usr/local/lib/code-server-4.103.2/lib/vscode/extensions/ms-python.python-2025.12.0/python_files/lib/jedilsp/jedi/plugins/flask.py", line 20, in wrapper
    return callback(inference_state, import_names, module_context, *args, **kwargs)
  File "/usr/local/lib/code-server-4.103.2/lib/vscode/extensions/ms-python.python-2025.12.0/python_files/lib/jedilsp/jedi/inference/gradual/typeshed.py", line 115, in wrapper
    python_value_set = ValueSet.from_sets(
  File "/usr/local/lib/code-server-4.103.2/lib/vscode/extensions/ms-python.python-2025.12.0/python_files/lib/jedilsp/jedi/inference/base_value.py", line 430, in from_sets
    for set_ in sets:
  File "/usr/local/lib/code-server-4.103.2/lib/vscode/extensions/ms-python.python-2025.12.0/python_files/lib/jedilsp/jedi/inference/gradual/typeshed.py", line 116, in <genexpr>
    func(inference_state, import_names, p, sys_path,)
  File "/usr/local/lib/code-server-4.103.2/lib/vscode/extensions/ms-python.python-2025.12.0/python_files/lib/jedilsp/jedi/inference/imports.py", line 411, in import_module
    file_io_or_ns, is_pkg = inference_state.compiled_subprocess.get_module_info(
  File "/usr/local/lib/code-server-4.103.2/lib/vscode/extensions/ms-python.python-2025.12.0/python_files/lib/jedilsp/jedi/inference/compiled/subprocess/__init__.py", line 188, in wrapper
    result = self._compiled_subprocess.run(
  File "/usr/local/lib/code-server-4.103.2/lib/vscode/extensions/ms-python.python-2025.12.0/python_files/lib/jedilsp/jedi/inference/compiled/subprocess/__init__.py", line 293, in run
    self._send(delete_id, None)
  File "/usr/local/lib/code-server-4.103.2/lib/vscode/extensions/ms-python.python-2025.12.0/python_files/lib/jedilsp/jedi/inference/compiled/subprocess/__init__.py", line 318, in _send
    is_exception, traceback, result = pickle_load(self._get_process().stdout)
  File "/usr/local/lib/code-server-4.103.2/lib/vscode/extensions/ms-python.python-2025.12.0/python_files/lib/jedilsp/jedi/_compatibility.py", line 25, in pickle_load
    return Unpickler(file).load()
_pickle.UnpicklingError: invalid load key, ' '.

2026-08-15 16:31:51.469 [info] [Error - 4:31:51 PM] Request textDocument/documentSymbol failed.
2026-08-15 16:31:51.474 [info]   Message: _pickle.UnpicklingError: invalid load key, ' '.
  Code: -32603 
[object Object]
2026-08-15 16:31:51.475 [info] ERROR:pygls.protocol.json_rpc:Failed to handle request 121 textDocument/documentSymbol DocumentSymbolParams(text_document=TextDocumentIdentifier(uri='file:///voc/work/hello_llm.py'), work_done_token=None, partial_result_token=None)
Traceback (most recent call last):
  File "/usr/local/lib/code-server-4.103.2/lib/vscode/extensions/ms-python.python-2025.12.0/python_files/lib/jedilsp/pygls/protocol/json_rpc.py", line 266, in _handle_request
    self._execute_request(msg_id, handler, params)
  File "/usr/local/lib/code-server-4.103.2/lib/vscode/extensions/ms-python.python-2025.12.0/python_files/lib/jedilsp/pygls/protocol/json_rpc.py", line 188, in _execute_request
    self._send_response(msg_id, handler(params))
  File "/usr/local/lib/code-server-4.103.2/lib/vscode/extensions/ms-python.python-2025.12.0/python_files/lib/jedilsp/jedi_language_server/server.py", line 546, in document_symbol
    document_symbols = jedi_utils.lsp_document_symbols(names)
  File "/usr/local/lib/code-server-4.103.2/lib/vscode/extensions/ms-python.python-2025.12.0/python_files/lib/jedilsp/jedi_language_server/jedi_utils.py", line 225, in lsp_document_symbols
    symbol_range = _document_symbol_range(name)
  File "/usr/local/lib/code-server-4.103.2/lib/vscode/extensions/ms-python.python-2025.12.0/python_files/lib/jedilsp/jedi_language_server/jedi_utils.py", line 204, in _document_symbol_range
    end = name.get_definition_end_position()
  File "/usr/local/lib/code-server-4.103.2/lib/vscode/extensions/ms-python.python-2025.12.0/python_files/lib/jedilsp/jedi/api/classes.py", line 260, in get_definition_end_position
    if self.type in ("function", "class"):
  File "/usr/local/lib/code-server-4.103.2/lib/vscode/extensions/ms-python.python-2025.12.0/python_files/lib/jedilsp/jedi/api/classes.py", line 190, in type
    for value in self._name.infer():
  File "/usr/local/lib/code-server-4.103.2/lib/vscode/extensions/ms-python.python-2025.12.0/python_files/lib/jedilsp/jedi/inference/names.py", line 281, in infer
    return tree_name_to_values(
  File "/usr/local/lib/code-server-4.103.2/lib/vscode/extensions/ms-python.python-2025.12.0/python_files/lib/jedilsp/jedi/plugins/__init__.py", line 21, in wrapper
    return built_functions[public_name](*args, **kwargs)
  File "/usr/local/lib/code-server-4.103.2/lib/vscode/extensions/ms-python.python-2025.12.0/python_files/lib/jedilsp/jedi/plugins/stdlib.py", line 878, in wrapper
    return func(inference_state, context, tree_name)
  File "/usr/local/lib/code-server-4.103.2/lib/vscode/extensions/ms-python.python-2025.12.0/python_files/lib/jedilsp/jedi/plugins/django.py", line 177, in wrapper
    result = func(inference_state, context, tree_name)
  File "/usr/local/lib/code-server-4.103.2/lib/vscode/extensions/ms-python.python-2025.12.0/python_files/lib/jedilsp/jedi/inference/syntax_tree.py", line 771, in tree_name_to_values
    types = imports.infer_import(context, tree_name)
  File "/usr/local/lib/code-server-4.103.2/lib/vscode/extensions/ms-python.python-2025.12.0/python_files/lib/jedilsp/jedi/inference/cache.py", line 44, in wrapper
    rv = function(obj, *args, **kwargs)
  File "/usr/local/lib/code-server-4.103.2/lib/vscode/extensions/ms-python.python-2025.12.0/python_files/lib/jedilsp/jedi/inference/imports.py", line 53, in infer_import
    _prepare_infer_import(module_context, tree_name)
  File "/usr/local/lib/code-server-4.103.2/lib/vscode/extensions/ms-python.python-2025.12.0/python_files/lib/jedilsp/jedi/inference/imports.py", line 116, in _prepare_infer_import
    return from_import_name, tuple(import_path), import_node.level, importer.follow()
  File "/usr/local/lib/code-server-4.103.2/lib/vscode/extensions/ms-python.python-2025.12.0/python_files/lib/jedilsp/jedi/inference/imports.py", line 296, in follow
    return import_module_by_names(
  File "/usr/local/lib/code-server-4.103.2/lib/vscode/extensions/ms-python.python-2025.12.0/python_files/lib/jedilsp/jedi/inference/imports.py", line 376, in import_module_by_names
    value_set = ValueSet.from_sets([
  File "/usr/local/lib/code-server-4.103.2/lib/vscode/extensions/ms-python.python-2025.12.0/python_files/lib/jedilsp/jedi/inference/imports.py", line 377, in <listcomp>
    import_module(
  File "/usr/local/lib/code-server-4.103.2/lib/vscode/extensions/ms-python.python-2025.12.0/python_files/lib/jedilsp/jedi/plugins/__init__.py", line 21, in wrapper
    return built_functions[public_name](*args, **kwargs)
  File "/usr/local/lib/code-server-4.103.2/lib/vscode/extensions/ms-python.python-2025.12.0/python_files/lib/jedilsp/jedi/plugins/flask.py", line 20, in wrapper
    return callback(inference_state, import_names, module_context, *args, **kwargs)
  File "/usr/local/lib/code-server-4.103.2/lib/vscode/extensions/ms-python.python-2025.12.0/python_files/lib/jedilsp/jedi/inference/gradual/typeshed.py", line 115, in wrapper
    python_value_set = ValueSet.from_sets(
  File "/usr/local/lib/code-server-4.103.2/lib/vscode/extensions/ms-python.python-2025.12.0/python_files/lib/jedilsp/jedi/inference/base_value.py", line 430, in from_sets
    for set_ in sets:
  File "/usr/local/lib/code-server-4.103.2/lib/vscode/extensions/ms-python.python-2025.12.0/python_files/lib/jedilsp/jedi/inference/gradual/typeshed.py", line 116, in <genexpr>
    func(inference_state, import_names, p, sys_path,)
  File "/usr/local/lib/code-server-4.103.2/lib/vscode/extensions/ms-python.python-2025.12.0/python_files/lib/jedilsp/jedi/inference/imports.py", line 411, in import_module
    file_io_or_ns, is_pkg = inference_state.compiled_subprocess.get_module_info(
  File "/usr/local/lib/code-server-4.103.2/lib/vscode/extensions/ms-python.python-2025.12.0/python_files/lib/jedilsp/jedi/inference/compiled/subprocess/__init__.py", line 188, in wrapper
    result = self._compiled_subprocess.run(
  File "/usr/local/lib/code-server-4.103.2/lib/vscode/extensions/ms-python.python-2025.12.0/python_files/lib/jedilsp/jedi/inference/compiled/subprocess/__init__.py", line 293, in run
    self._send(delete_id, None)
  File "/usr/local/lib/code-server-4.103.2/lib/vscode/extensions/ms-python.python-2025.12.0/python_files/lib/jedilsp/jedi/inference/compiled/subprocess/__init__.py", line 318, in _send
    is_exception, traceback, result = pickle_load(self._get_process().stdout)
  File "/usr/local/lib/code-server-4.103.2/lib/vscode/extensions/ms-python.python-2025.12.0/python_files/lib/jedilsp/jedi/_compatibility.py", line 25, in pickle_load
    return Unpickler(file).load()
_pickle.UnpicklingError: invalid load key, ' '.

2026-08-15 16:31:51.475 [info] [Error - 4:31:51 PM] Request textDocument/documentSymbol failed.
2026-08-15 16:31:51.475 [info]   Message: _pickle.UnpicklingError: invalid load key, ' '.
  Code: -32603 
[object Object]
2026-08-15 16:32:49.271 [info] semantic_tokens_range file:///voc/work/hello_llm.py 0:0-20:17
2026-08-15 16:32:49.272 [info] ERROR:pygls.protocol.json_rpc:Exception occurred for message "122": _pickle.UnpicklingError: invalid load key, ' '.
NoneType: None

2026-08-15 16:32:49.272 [info] [Error - 4:32:49 PM] Request textDocument/semanticTokens/range failed.
2026-08-15 16:32:49.272 [info]   Message: _pickle.UnpicklingError: invalid load key, ' '.
  Code: -32603 
[object Object]
2026-08-15 16:32:49.786 [info] semantic_tokens_range file:///voc/work/hello_llm.py 0:0-20:17
2026-08-15 16:32:49.787 [info] ERROR:pygls.protocol.json_rpc:Exception occurred for message "123": _pickle.UnpicklingError: invalid load key, ' '.
NoneType: None

2026-08-15 16:32:49.794 [info] [Error - 4:32:49 PM] Request textDocument/semanticTokens/range failed.
2026-08-15 16:32:49.794 [info]   Message: _pickle.UnpicklingError: invalid load key, ' '.
  Code: -32603 
[object Object]
2026-08-15 16:32:59.789 [info] semantic_tokens_range file:///voc/work/hello_llm.py 0:0-20:17
2026-08-15 16:32:59.790 [info] ERROR:pygls.protocol.json_rpc:Exception occurred for message "125": _pickle.UnpicklingError: invalid load key, ' '.
NoneType: None

2026-08-15 16:32:59.796 [info] [Error - 4:32:59 PM] Request textDocument/semanticTokens/range failed.
2026-08-15 16:32:59.796 [info]   Message: _pickle.UnpicklingError: invalid load key, ' '.
  Code: -32603 
[object Object]
2026-08-15 16:33:06.197 [info] semantic_tokens_range file:///voc/work/hello_llm.py 0:0-20:17
2026-08-15 16:33:06.198 [info] ERROR:pygls.protocol.json_rpc:Exception occurred for message "126": _pickle.UnpicklingError: invalid load key, ' '.
NoneType: None

2026-08-15 16:33:06.204 [info] [Error - 4:33:06 PM] Request textDocument/semanticTokens/range failed.
2026-08-15 16:33:06.204 [info]   Message: _pickle.UnpicklingError: invalid load key, ' '.
  Code: -32603 
[object Object]
2026-08-15 16:33:06.868 [info] ERROR:pygls.protocol.json_rpc:Failed to handle request 127 textDocument/hover HoverParams(text_document=TextDocumentIdentifier(uri='file:///voc/work/hello_llm.py'), position=6:13, work_done_token=None)
Traceback (most recent call last):
  File "/usr/local/lib/code-server-4.103.2/lib/vscode/extensions/ms-python.python-2025.12.0/python_files/lib/jedilsp/pygls/protocol/json_rpc.py", line 266, in _handle_request
    self._execute_request(msg_id, handler, params)
  File "/usr/local/lib/code-server-4.103.2/lib/vscode/extensions/ms-python.python-2025.12.0/python_files/lib/jedilsp/pygls/protocol/json_rpc.py", line 188, in _execute_request
    self._send_response(msg_id, handler(params))
  File "/usr/local/lib/code-server-4.103.2/lib/vscode/extensions/ms-python.python-2025.12.0/python_files/lib/jedilsp/jedi_language_server/notebook_utils.py", line 373, in wrapped
    result = f(notebook_server, notebook_params)
  File "/usr/local/lib/code-server-4.103.2/lib/vscode/extensions/ms-python.python-2025.12.0/python_files/lib/jedilsp/jedi_language_server/server.py", line 487, in hover
    jedi_script.help(*jedi_lines),
  File "/usr/local/lib/code-server-4.103.2/lib/vscode/extensions/ms-python.python-2025.12.0/python_files/lib/jedilsp/jedi/api/helpers.py", line 487, in wrapper
    return func(self, line, column, *args, **kwargs)
  File "/usr/local/lib/code-server-4.103.2/lib/vscode/extensions/ms-python.python-2025.12.0/python_files/lib/jedilsp/jedi/api/__init__.py", line 372, in help
    definitions = self.goto(line, column, follow_imports=True)
  File "/usr/local/lib/code-server-4.103.2/lib/vscode/extensions/ms-python.python-2025.12.0/python_files/lib/jedilsp/jedi/api/helpers.py", line 487, in wrapper
    return func(self, line, column, *args, **kwargs)
  File "/usr/local/lib/code-server-4.103.2/lib/vscode/extensions/ms-python.python-2025.12.0/python_files/lib/jedilsp/jedi/api/__init__.py", line 304, in goto
    names = convert_names(
  File "/usr/local/lib/code-server-4.103.2/lib/vscode/extensions/ms-python.python-2025.12.0/python_files/lib/jedilsp/jedi/inference/gradual/conversion.py", line 154, in convert_names
    return _try_stub_to_python_names(
  File "/usr/local/lib/code-server-4.103.2/lib/vscode/extensions/ms-python.python-2025.12.0/python_files/lib/jedilsp/jedi/inference/utils.py", line 16, in wrapper
    return list(func(*args, **kwargs))
  File "/usr/local/lib/code-server-4.103.2/lib/vscode/extensions/ms-python.python-2025.12.0/python_files/lib/jedilsp/jedi/inference/gradual/conversion.py", line 66, in _try_stub_to_python_names
    for name in names:
  File "/usr/local/lib/code-server-4.103.2/lib/vscode/extensions/ms-python.python-2025.12.0/python_files/lib/jedilsp/jedi/api/helpers.py", line 189, in filter_follow_imports
    name.goto(),
  File "/usr/local/lib/code-server-4.103.2/lib/vscode/extensions/ms-python.python-2025.12.0/python_files/lib/jedilsp/jedi/inference/names.py", line 157, in goto
    module_names = goto_import(context, name)
  File "/usr/local/lib/code-server-4.103.2/lib/vscode/extensions/ms-python.python-2025.12.0/python_files/lib/jedilsp/jedi/inference/cache.py", line 44, in wrapper
    rv = function(obj, *args, **kwargs)
  File "/usr/local/lib/code-server-4.103.2/lib/vscode/extensions/ms-python.python-2025.12.0/python_files/lib/jedilsp/jedi/inference/imports.py", line 75, in goto_import
    _prepare_infer_import(module_context, tree_name)
  File "/usr/local/lib/code-server-4.103.2/lib/vscode/extensions/ms-python.python-2025.12.0/python_files/lib/jedilsp/jedi/inference/imports.py", line 116, in _prepare_infer_import
    return from_import_name, tuple(import_path), import_node.level, importer.follow()
  File "/usr/local/lib/code-server-4.103.2/lib/vscode/extensions/ms-python.python-2025.12.0/python_files/lib/jedilsp/jedi/inference/imports.py", line 296, in follow
    return import_module_by_names(
  File "/usr/local/lib/code-server-4.103.2/lib/vscode/extensions/ms-python.python-2025.12.0/python_files/lib/jedilsp/jedi/inference/imports.py", line 376, in import_module_by_names
    value_set = ValueSet.from_sets([
  File "/usr/local/lib/code-server-4.103.2/lib/vscode/extensions/ms-python.python-2025.12.0/python_files/lib/jedilsp/jedi/inference/imports.py", line 377, in <listcomp>
    import_module(
  File "/usr/local/lib/code-server-4.103.2/lib/vscode/extensions/ms-python.python-2025.12.0/python_files/lib/jedilsp/jedi/plugins/__init__.py", line 21, in wrapper
    return built_functions[public_name](*args, **kwargs)
  File "/usr/local/lib/code-server-4.103.2/lib/vscode/extensions/ms-python.python-2025.12.0/python_files/lib/jedilsp/jedi/plugins/flask.py", line 20, in wrapper
    return callback(inference_state, import_names, module_context, *args, **kwargs)
  File "/usr/local/lib/code-server-4.103.2/lib/vscode/extensions/ms-python.python-2025.12.0/python_files/lib/jedilsp/jedi/inference/gradual/typeshed.py", line 115, in wrapper
    python_value_set = ValueSet.from_sets(
  File "/usr/local/lib/code-server-4.103.2/lib/vscode/extensions/ms-python.python-2025.12.0/python_files/lib/jedilsp/jedi/inference/base_value.py", line 430, in from_sets
    for set_ in sets:
  File "/usr/local/lib/code-server-4.103.2/lib/vscode/extensions/ms-python.python-2025.12.0/python_files/lib/jedilsp/jedi/inference/gradual/typeshed.py", line 116, in <genexpr>
    func(inference_state, import_names, p, sys_path,)
  File "/usr/local/lib/code-server-4.103.2/lib/vscode/extensions/ms-python.python-2025.12.0/python_files/lib/jedilsp/jedi/inference/imports.py", line 411, in import_module
    file_io_or_ns, is_pkg = inference_state.compiled_subprocess.get_module_info(
  File "/usr/local/lib/code-server-4.103.2/lib/vscode/extensions/ms-python.python-2025.12.0/python_files/lib/jedilsp/jedi/inference/compiled/subprocess/__init__.py", line 188, in wrapper
    result = self._compiled_subprocess.run(
  File "/usr/local/lib/code-server-4.103.2/lib/vscode/extensions/ms-python.python-2025.12.0/python_files/lib/jedilsp/jedi/inference/compiled/subprocess/__init__.py", line 293, in run
    self._send(delete_id, None)
  File "/usr/local/lib/code-server-4.103.2/lib/vscode/extensions/ms-python.python-2025.12.0/python_files/lib/jedilsp/jedi/inference/compiled/subprocess/__init__.py", line 318, in _send
    is_exception, traceback, result = pickle_load(self._get_process().stdout)
  File "/usr/local/lib/code-server-4.103.2/lib/vscode/extensions/ms-python.python-2025.12.0/python_files/lib/jedilsp/jedi/_compatibility.py", line 25, in pickle_load
    return Unpickler(file).load()
_pickle.UnpicklingError: invalid load key, ' '.

2026-08-15 16:33:06.868 [info] [Error - 4:33:06 PM] Request textDocument/hover failed.
2026-08-15 16:33:06.882 [info]   Message: _pickle.UnpicklingError: invalid load key, ' '.
  Code: -32603 
[object Object]
2026-08-15 16:33:07.264 [info] ERROR:pygls.protocol.json_rpc:Failed to handle request 128 textDocument/hover HoverParams(text_document=TextDocumentIdentifier(uri='file:///voc/work/hello_llm.py'), position=6:12, work_done_token=None)
Traceback (most recent call last):
  File "/usr/local/lib/code-server-4.103.2/lib/vscode/extensions/ms-python.python-2025.12.0/python_files/lib/jedilsp/pygls/protocol/json_rpc.py", line 266, in _handle_request
    self._execute_request(msg_id, handler, params)
  File "/usr/local/lib/code-server-4.103.2/lib/vscode/extensions/ms-python.python-2025.12.0/python_files/lib/jedilsp/pygls/protocol/json_rpc.py", line 188, in _execute_request
    self._send_response(msg_id, handler(params))
  File "/usr/local/lib/code-server-4.103.2/lib/vscode/extensions/ms-python.python-2025.12.0/python_files/lib/jedilsp/jedi_language_server/notebook_utils.py", line 373, in wrapped
    result = f(notebook_server, notebook_params)
  File "/usr/local/lib/code-server-4.103.2/lib/vscode/extensions/ms-python.python-2025.12.0/python_files/lib/jedilsp/jedi_language_server/server.py", line 487, in hover
    jedi_script.help(*jedi_lines),
  File "/usr/local/lib/code-server-4.103.2/lib/vscode/extensions/ms-python.python-2025.12.0/python_files/lib/jedilsp/jedi/api/helpers.py", line 487, in wrapper
    return func(self, line, column, *args, **kwargs)
  File "/usr/local/lib/code-server-4.103.2/lib/vscode/extensions/ms-python.python-2025.12.0/python_files/lib/jedilsp/jedi/api/__init__.py", line 372, in help
    definitions = self.goto(line, column, follow_imports=True)
  File "/usr/local/lib/code-server-4.103.2/lib/vscode/extensions/ms-python.python-2025.12.0/python_files/lib/jedilsp/jedi/api/helpers.py", line 487, in wrapper
    return func(self, line, column, *args, **kwargs)
  File "/usr/local/lib/code-server-4.103.2/lib/vscode/extensions/ms-python.python-2025.12.0/python_files/lib/jedilsp/jedi/api/__init__.py", line 304, in goto
    names = convert_names(
  File "/usr/local/lib/code-server-4.103.2/lib/vscode/extensions/ms-python.python-2025.12.0/python_files/lib/jedilsp/jedi/inference/gradual/conversion.py", line 154, in convert_names
    return _try_stub_to_python_names(
  File "/usr/local/lib/code-server-4.103.2/lib/vscode/extensions/ms-python.python-2025.12.0/python_files/lib/jedilsp/jedi/inference/utils.py", line 16, in wrapper
    return list(func(*args, **kwargs))
  File "/usr/local/lib/code-server-4.103.2/lib/vscode/extensions/ms-python.python-2025.12.0/python_files/lib/jedilsp/jedi/inference/gradual/conversion.py", line 66, in _try_stub_to_python_names
    for name in names:
  File "/usr/local/lib/code-server-4.103.2/lib/vscode/extensions/ms-python.python-2025.12.0/python_files/lib/jedilsp/jedi/api/helpers.py", line 189, in filter_follow_imports
    name.goto(),
  File "/usr/local/lib/code-server-4.103.2/lib/vscode/extensions/ms-python.python-2025.12.0/python_files/lib/jedilsp/jedi/inference/names.py", line 157, in goto
    module_names = goto_import(context, name)
  File "/usr/local/lib/code-server-4.103.2/lib/vscode/extensions/ms-python.python-2025.12.0/python_files/lib/jedilsp/jedi/inference/cache.py", line 44, in wrapper
    rv = function(obj, *args, **kwargs)
  File "/usr/local/lib/code-server-4.103.2/lib/vscode/extensions/ms-python.python-2025.12.0/python_files/lib/jedilsp/jedi/inference/imports.py", line 75, in goto_import
    _prepare_infer_import(module_context, tree_name)
  File "/usr/local/lib/code-server-4.103.2/lib/vscode/extensions/ms-python.python-2025.12.0/python_files/lib/jedilsp/jedi/inference/imports.py", line 116, in _prepare_infer_import
    return from_import_name, tuple(import_path), import_node.level, importer.follow()
  File "/usr/local/lib/code-server-4.103.2/lib/vscode/extensions/ms-python.python-2025.12.0/python_files/lib/jedilsp/jedi/inference/imports.py", line 296, in follow
    return import_module_by_names(
  File "/usr/local/lib/code-server-4.103.2/lib/vscode/extensions/ms-python.python-2025.12.0/python_files/lib/jedilsp/jedi/inference/imports.py", line 376, in import_module_by_names
    value_set = ValueSet.from_sets([
  File "/usr/local/lib/code-server-4.103.2/lib/vscode/extensions/ms-python.python-2025.12.0/python_files/lib/jedilsp/jedi/inference/imports.py", line 377, in <listcomp>
    import_module(
  File "/usr/local/lib/code-server-4.103.2/lib/vscode/extensions/ms-python.python-2025.12.0/python_files/lib/jedilsp/jedi/plugins/__init__.py", line 21, in wrapper
    return built_functions[public_name](*args, **kwargs)
  File "/usr/local/lib/code-server-4.103.2/lib/vscode/extensions/ms-python.python-2025.12.0/python_files/lib/jedilsp/jedi/plugins/flask.py", line 20, in wrapper
    return callback(inference_state, import_names, module_context, *args, **kwargs)
  File "/usr/local/lib/code-server-4.103.2/lib/vscode/extensions/ms-python.python-2025.12.0/python_files/lib/jedilsp/jedi/inference/gradual/typeshed.py", line 115, in wrapper
    python_value_set = ValueSet.from_sets(
  File "/usr/local/lib/code-server-4.103.2/lib/vscode/extensions/ms-python.python-2025.12.0/python_files/lib/jedilsp/jedi/inference/base_value.py", line 430, in from_sets
    for set_ in sets:
  File "/usr/local/lib/code-server-4.103.2/lib/vscode/extensions/ms-python.python-2025.12.0/python_files/lib/jedilsp/jedi/inference/gradual/typeshed.py", line 116, in <genexpr>
    func(inference_state, import_names, p, sys_path,)
  File "/usr/local/lib/code-server-4.103.2/lib/vscode/extensions/ms-python.python-2025.12.0/python_files/lib/jedilsp/jedi/inference/imports.py", line 411, in import_module
    file_io_or_ns, is_pkg = inference_state.compiled_subprocess.get_module_info(
  File "/usr/local/lib/code-server-4.103.2/lib/vscode/extensions/ms-python.python-2025.12.0/python_files/lib/jedilsp/jedi/inference/compiled/subprocess/__init__.py", line 188, in wrapper
    result = self._compiled_subprocess.run(
  File "/usr/local/lib/code-server-4.103.2/lib/vscode/extensions/ms-python.python-2025.12.0/python_files/lib/jedilsp/jedi/inference/compiled/subprocess/__init__.py", line 293, in run
    self._send(delete_id, None)
  File "/usr/local/lib/code-server-4.103.2/lib/vscode/extensions/ms-python.python-2025.12.0/python_files/lib/jedilsp/jedi/inference/compiled/subprocess/__init__.py", line 318, in _send
    is_exception, traceback, result = pickle_load(self._get_process().stdout)
  File "/usr/local/lib/code-server-4.103.2/lib/vscode/extensions/ms-python.python-2025.12.0/python_files/lib/jedilsp/jedi/_compatibility.py", line 25, in pickle_load
    return Unpickler(file).load()
_pickle.UnpicklingError: invalid load key, ' '.

2026-08-15 16:33:07.265 [info] [Error - 4:33:07 PM] Request textDocument/hover failed.
2026-08-15 16:33:07.271 [info]   Message: _pickle.UnpicklingError: invalid load key, ' '.
  Code: -32603 
[object Object]
2026-08-15 16:33:10.663 [info] ERROR:pygls.protocol.json_rpc:Failed to handle request 129 textDocument/hover HoverParams(text_document=TextDocumentIdentifier(uri='file:///voc/work/hello_llm.py'), position=8:15, work_done_token=None)
Traceback (most recent call last):
  File "/usr/local/lib/code-server-4.103.2/lib/vscode/extensions/ms-python.python-2025.12.0/python_files/lib/jedilsp/pygls/protocol/json_rpc.py", line 266, in _handle_request
    self._execute_request(msg_id, handler, params)
  File "/usr/local/lib/code-server-4.103.2/lib/vscode/extensions/ms-python.python-2025.12.0/python_files/lib/jedilsp/pygls/protocol/json_rpc.py", line 188, in _execute_request
    self._send_response(msg_id, handler(params))
  File "/usr/local/lib/code-server-4.103.2/lib/vscode/extensions/ms-python.python-2025.12.0/python_files/lib/jedilsp/jedi_language_server/notebook_utils.py", line 373, in wrapped
    result = f(notebook_server, notebook_params)
  File "/usr/local/lib/code-server-4.103.2/lib/vscode/extensions/ms-python.python-2025.12.0/python_files/lib/jedilsp/jedi_language_server/server.py", line 486, in hover
    hover_text = jedi_utils.hover_text(
  File "/usr/local/lib/code-server-4.103.2/lib/vscode/extensions/ms-python.python-2025.12.0/python_files/lib/jedilsp/jedi_language_server/jedi_utils.py", line 681, in hover_text
    header_plain = "\n".join(get_full_signatures(name))
  File "/usr/local/lib/code-server-4.103.2/lib/vscode/extensions/ms-python.python-2025.12.0/python_files/lib/jedilsp/jedi_language_server/jedi_utils.py", line 626, in get_full_signatures
    signatures = name.get_signatures()
  File "/usr/local/lib/code-server-4.103.2/lib/vscode/extensions/ms-python.python-2025.12.0/python_files/lib/jedilsp/jedi/api/classes.py", line 581, in get_signatures
    for s in self._get_signatures()
  File "/usr/local/lib/code-server-4.103.2/lib/vscode/extensions/ms-python.python-2025.12.0/python_files/lib/jedilsp/jedi/api/classes.py", line 570, in _get_signatures
    return [sig for name in names for sig in name.infer().get_signatures()]
  File "/usr/local/lib/code-server-4.103.2/lib/vscode/extensions/ms-python.python-2025.12.0/python_files/lib/jedilsp/jedi/api/classes.py", line 570, in <listcomp>
    return [sig for name in names for sig in name.infer().get_signatures()]
  File "/usr/local/lib/code-server-4.103.2/lib/vscode/extensions/ms-python.python-2025.12.0/python_files/lib/jedilsp/jedi/plugins/__init__.py", line 21, in wrapper
    return built_functions[public_name](*args, **kwargs)
  File "/usr/local/lib/code-server-4.103.2/lib/vscode/extensions/ms-python.python-2025.12.0/python_files/lib/jedilsp/jedi/plugins/pytest.py", line 76, in wrapper
    return func(param_name)
  File "/usr/local/lib/code-server-4.103.2/lib/vscode/extensions/ms-python.python-2025.12.0/python_files/lib/jedilsp/jedi/inference/names.py", line 528, in infer
    values = dynamic_param_lookup(self.function_value, param.position_index)
  File "/usr/local/lib/code-server-4.103.2/lib/vscode/extensions/ms-python.python-2025.12.0/python_files/lib/jedilsp/jedi/debug.py", line 81, in wrapper
    return func(*args, **kwargs)
  File "/usr/local/lib/code-server-4.103.2/lib/vscode/extensions/ms-python.python-2025.12.0/python_files/lib/jedilsp/jedi/inference/dynamic_params.py", line 47, in wrapper
    return func(function_value, param_index)
  File "/usr/local/lib/code-server-4.103.2/lib/vscode/extensions/ms-python.python-2025.12.0/python_files/lib/jedilsp/jedi/inference/dynamic_params.py", line 92, in dynamic_param_lookup
    values = ValueSet.from_sets(
  File "/usr/local/lib/code-server-4.103.2/lib/vscode/extensions/ms-python.python-2025.12.0/python_files/lib/jedilsp/jedi/inference/base_value.py", line 430, in from_sets
    for set_ in sets:
  File "/usr/local/lib/code-server-4.103.2/lib/vscode/extensions/ms-python.python-2025.12.0/python_files/lib/jedilsp/jedi/inference/dynamic_params.py", line 95, in <genexpr>
    )[param_index].infer()
  File "/usr/local/lib/code-server-4.103.2/lib/vscode/extensions/ms-python.python-2025.12.0/python_files/lib/jedilsp/jedi/inference/param.py", line 28, in infer
    return self._lazy_value.infer()
  File "/usr/local/lib/code-server-4.103.2/lib/vscode/extensions/ms-python.python-2025.12.0/python_files/lib/jedilsp/jedi/inference/lazy_value.py", line 48, in infer
    return self.context.infer_node(self.data)
  File "/usr/local/lib/code-server-4.103.2/lib/vscode/extensions/ms-python.python-2025.12.0/python_files/lib/jedilsp/jedi/inference/context.py", line 224, in infer_node
    return infer_node(self, node)
  File "/usr/local/lib/code-server-4.103.2/lib/vscode/extensions/ms-python.python-2025.12.0/python_files/lib/jedilsp/jedi/inference/syntax_tree.py", line 157, in infer_node
    return _infer_node_if_inferred(context, element)
  File "/usr/local/lib/code-server-4.103.2/lib/vscode/extensions/ms-python.python-2025.12.0/python_files/lib/jedilsp/jedi/inference/syntax_tree.py", line 170, in _infer_node_if_inferred
    return _infer_node_cached(context, element)
  File "/usr/local/lib/code-server-4.103.2/lib/vscode/extensions/ms-python.python-2025.12.0/python_files/lib/jedilsp/jedi/inference/cache.py", line 44, in wrapper
    rv = function(obj, *args, **kwargs)
  File "/usr/local/lib/code-server-4.103.2/lib/vscode/extensions/ms-python.python-2025.12.0/python_files/lib/jedilsp/jedi/inference/syntax_tree.py", line 175, in _infer_node_cached
    return _infer_node(context, element)
  File "/usr/local/lib/code-server-4.103.2/lib/vscode/extensions/ms-python.python-2025.12.0/python_files/lib/jedilsp/jedi/debug.py", line 81, in wrapper
    return func(*args, **kwargs)
  File "/usr/local/lib/code-server-4.103.2/lib/vscode/extensions/ms-python.python-2025.12.0/python_files/lib/jedilsp/jedi/inference/syntax_tree.py", line 71, in wrapper
    and context.get_value() is inference_state.builtins_module:
  File "/usr/local/lib/code-server-4.103.2/lib/vscode/extensions/ms-python.python-2025.12.0/python_files/lib/jedilsp/jedi/inference/cache.py", line 44, in wrapper
    rv = function(obj, *args, **kwargs)
  File "/usr/local/lib/code-server-4.103.2/lib/vscode/extensions/ms-python.python-2025.12.0/python_files/lib/jedilsp/jedi/inference/__init__.py", line 129, in builtins_module
    builtins_module, = self.import_module((module_name,), sys_path=[])
  File "/usr/local/lib/code-server-4.103.2/lib/vscode/extensions/ms-python.python-2025.12.0/python_files/lib/jedilsp/jedi/inference/__init__.py", line 112, in import_module
    return imports.import_module_by_names(
  File "/usr/local/lib/code-server-4.103.2/lib/vscode/extensions/ms-python.python-2025.12.0/python_files/lib/jedilsp/jedi/inference/imports.py", line 376, in import_module_by_names
    value_set = ValueSet.from_sets([
  File "/usr/local/lib/code-server-4.103.2/lib/vscode/extensions/ms-python.python-2025.12.0/python_files/lib/jedilsp/jedi/inference/imports.py", line 377, in <listcomp>
    import_module(
  File "/usr/local/lib/code-server-4.103.2/lib/vscode/extensions/ms-python.python-2025.12.0/python_files/lib/jedilsp/jedi/plugins/__init__.py", line 21, in wrapper
    return built_functions[public_name](*args, **kwargs)
  File "/usr/local/lib/code-server-4.103.2/lib/vscode/extensions/ms-python.python-2025.12.0/python_files/lib/jedilsp/jedi/plugins/flask.py", line 20, in wrapper
    return callback(inference_state, import_names, module_context, *args, **kwargs)
  File "/usr/local/lib/code-server-4.103.2/lib/vscode/extensions/ms-python.python-2025.12.0/python_files/lib/jedilsp/jedi/inference/gradual/typeshed.py", line 115, in wrapper
    python_value_set = ValueSet.from_sets(
  File "/usr/local/lib/code-server-4.103.2/lib/vscode/extensions/ms-python.python-2025.12.0/python_files/lib/jedilsp/jedi/inference/base_value.py", line 430, in from_sets
    for set_ in sets:
  File "/usr/local/lib/code-server-4.103.2/lib/vscode/extensions/ms-python.python-2025.12.0/python_files/lib/jedilsp/jedi/inference/gradual/typeshed.py", line 116, in <genexpr>
    func(inference_state, import_names, p, sys_path,)
  File "/usr/local/lib/code-server-4.103.2/lib/vscode/extensions/ms-python.python-2025.12.0/python_files/lib/jedilsp/jedi/inference/imports.py", line 411, in import_module
    file_io_or_ns, is_pkg = inference_state.compiled_subprocess.get_module_info(
  File "/usr/local/lib/code-server-4.103.2/lib/vscode/extensions/ms-python.python-2025.12.0/python_files/lib/jedilsp/jedi/inference/compiled/subprocess/__init__.py", line 188, in wrapper
    result = self._compiled_subprocess.run(
  File "/usr/local/lib/code-server-4.103.2/lib/vscode/extensions/ms-python.python-2025.12.0/python_files/lib/jedilsp/jedi/inference/compiled/subprocess/__init__.py", line 293, in run
    self._send(delete_id, None)
  File "/usr/local/lib/code-server-4.103.2/lib/vscode/extensions/ms-python.python-2025.12.0/python_files/lib/jedilsp/jedi/inference/compiled/subprocess/__init__.py", line 318, in _send
    is_exception, traceback, result = pickle_load(self._get_process().stdout)
  File "/usr/local/lib/code-server-4.103.2/lib/vscode/extensions/ms-python.python-2025.12.0/python_files/lib/jedilsp/jedi/_compatibility.py", line 25, in pickle_load
    return Unpickler(file).load()
_pickle.UnpicklingError: invalid load key, ' '.

2026-08-15 16:33:10.664 [info] [Error - 4:33:10 PM] Request textDocument/hover failed.
2026-08-15 16:33:10.670 [info]   Message: _pickle.UnpicklingError: invalid load key, ' '.
  Code: -32603 
[object Object]
2026-08-15 16:33:11.842 [info] semantic_tokens_range file:///voc/work/hello_llm.py 0:0-20:17
2026-08-15 16:33:11.844 [info] ERROR:pygls.protocol.json_rpc:Exception occurred for message "130": _pickle.UnpicklingError: invalid load key, ' '.
NoneType: None

2026-08-15 16:33:11.849 [info] [Error - 4:33:11 PM] Request textDocument/semanticTokens/range failed.
2026-08-15 16:33:11.849 [info]   Message: _pickle.UnpicklingError: invalid load key, ' '.
  Code: -32603 
[object Object]
2026-08-15 16:33:13.241 [info] semantic_tokens_range file:///voc/work/hello_llm.py 0:0-20:17
2026-08-15 16:33:13.242 [info] ERROR:pygls.protocol.json_rpc:Exception occurred for message "131": _pickle.UnpicklingError: invalid load key, ' '.
NoneType: None

2026-08-15 16:33:13.248 [info] [Error - 4:33:13 PM] Request textDocument/semanticTokens/range failed.
2026-08-15 16:33:13.248 [info]   Message: _pickle.UnpicklingError: invalid load key, ' '.
  Code: -32603 
[object Object]
2026-08-15 16:33:21.268 [info] semantic_tokens_range file:///voc/work/hello_llm.py 0:0-20:17
2026-08-15 16:33:21.269 [info] ERROR:pygls.protocol.json_rpc:Exception occurred for message "132": _pickle.UnpicklingError: invalid load key, ' '.
NoneType: None

2026-08-15 16:33:21.276 [info] [Error - 4:33:21 PM] Request textDocument/semanticTokens/range failed.
2026-08-15 16:33:21.276 [info]   Message: _pickle.UnpicklingError: invalid load key, ' '.
  Code: -32603 
[object Object]
2026-08-15 16:33:25.808 [info] semantic_tokens_full file:///voc/work/hello_llm.py 
2026-08-15 16:33:25.809 [info] ERROR:pygls.protocol.json_rpc:Exception occurred for message "133": _pickle.UnpicklingError: invalid load key, ' '.
NoneType: None

2026-08-15 16:33:25.814 [info] [Error - 4:33:25 PM] Request textDocument/semanticTokens/full failed.
2026-08-15 16:33:25.814 [info]   Message: _pickle.UnpicklingError: invalid load key, ' '.
  Code: -32603 
[object Object]
2026-08-15 16:33:26.094 [info] semantic_tokens_range file:///voc/work/hello_llm.py 0:0-20:17
2026-08-15 16:33:26.095 [info] ERROR:pygls.protocol.json_rpc:Exception occurred for message "135": _pickle.UnpicklingError: invalid load key, ' '.
NoneType: None

2026-08-15 16:33:26.101 [info] [Error - 4:33:26 PM] Request textDocument/semanticTokens/range failed.
2026-08-15 16:33:26.101 [info]   Message: _pickle.UnpicklingError: invalid load key, ' '.
  Code: -32603 
[object Object]
2026-08-15 16:33:26.145 [info] ERROR:pygls.protocol.json_rpc:Failed to handle request 136 textDocument/documentSymbol DocumentSymbolParams(text_document=TextDocumentIdentifier(uri='file:///voc/work/hello_llm.py'), work_done_token=None, partial_result_token=None)
Traceback (most recent call last):
  File "/usr/local/lib/code-server-4.103.2/lib/vscode/extensions/ms-python.python-2025.12.0/python_files/lib/jedilsp/pygls/protocol/json_rpc.py", line 266, in _handle_request
    self._execute_request(msg_id, handler, params)
  File "/usr/local/lib/code-server-4.103.2/lib/vscode/extensions/ms-python.python-2025.12.0/python_files/lib/jedilsp/pygls/protocol/json_rpc.py", line 188, in _execute_request
    self._send_response(msg_id, handler(params))
  File "/usr/local/lib/code-server-4.103.2/lib/vscode/extensions/ms-python.python-2025.12.0/python_files/lib/jedilsp/jedi_language_server/server.py", line 546, in document_symbol
    document_symbols = jedi_utils.lsp_document_symbols(names)
  File "/usr/local/lib/code-server-4.103.2/lib/vscode/extensions/ms-python.python-2025.12.0/python_files/lib/jedilsp/jedi_language_server/jedi_utils.py", line 225, in lsp_document_symbols
    symbol_range = _document_symbol_range(name)
  File "/usr/local/lib/code-server-4.103.2/lib/vscode/extensions/ms-python.python-2025.12.0/python_files/lib/jedilsp/jedi_language_server/jedi_utils.py", line 204, in _document_symbol_range
    end = name.get_definition_end_position()
  File "/usr/local/lib/code-server-4.103.2/lib/vscode/extensions/ms-python.python-2025.12.0/python_files/lib/jedilsp/jedi/api/classes.py", line 260, in get_definition_end_position
    if self.type in ("function", "class"):
  File "/usr/local/lib/code-server-4.103.2/lib/vscode/extensions/ms-python.python-2025.12.0/python_files/lib/jedilsp/jedi/api/classes.py", line 190, in type
    for value in self._name.infer():
  File "/usr/local/lib/code-server-4.103.2/lib/vscode/extensions/ms-python.python-2025.12.0/python_files/lib/jedilsp/jedi/inference/names.py", line 281, in infer
    return tree_name_to_values(
  File "/usr/local/lib/code-server-4.103.2/lib/vscode/extensions/ms-python.python-2025.12.0/python_files/lib/jedilsp/jedi/plugins/__init__.py", line 21, in wrapper
    return built_functions[public_name](*args, **kwargs)
  File "/usr/local/lib/code-server-4.103.2/lib/vscode/extensions/ms-python.python-2025.12.0/python_files/lib/jedilsp/jedi/plugins/stdlib.py", line 878, in wrapper
    return func(inference_state, context, tree_name)
  File "/usr/local/lib/code-server-4.103.2/lib/vscode/extensions/ms-python.python-2025.12.0/python_files/lib/jedilsp/jedi/plugins/django.py", line 177, in wrapper
    result = func(inference_state, context, tree_name)
  File "/usr/local/lib/code-server-4.103.2/lib/vscode/extensions/ms-python.python-2025.12.0/python_files/lib/jedilsp/jedi/inference/syntax_tree.py", line 771, in tree_name_to_values
    types = imports.infer_import(context, tree_name)
  File "/usr/local/lib/code-server-4.103.2/lib/vscode/extensions/ms-python.python-2025.12.0/python_files/lib/jedilsp/jedi/inference/cache.py", line 44, in wrapper
    rv = function(obj, *args, **kwargs)
  File "/usr/local/lib/code-server-4.103.2/lib/vscode/extensions/ms-python.python-2025.12.0/python_files/lib/jedilsp/jedi/inference/imports.py", line 53, in infer_import
    _prepare_infer_import(module_context, tree_name)
  File "/usr/local/lib/code-server-4.103.2/lib/vscode/extensions/ms-python.python-2025.12.0/python_files/lib/jedilsp/jedi/inference/imports.py", line 116, in _prepare_infer_import
    return from_import_name, tuple(import_path), import_node.level, importer.follow()
  File "/usr/local/lib/code-server-4.103.2/lib/vscode/extensions/ms-python.python-2025.12.0/python_files/lib/jedilsp/jedi/inference/imports.py", line 296, in follow
    return import_module_by_names(
  File "/usr/local/lib/code-server-4.103.2/lib/vscode/extensions/ms-python.python-2025.12.0/python_files/lib/jedilsp/jedi/inference/imports.py", line 376, in import_module_by_names
    value_set = ValueSet.from_sets([
  File "/usr/local/lib/code-server-4.103.2/lib/vscode/extensions/ms-python.python-2025.12.0/python_files/lib/jedilsp/jedi/inference/imports.py", line 377, in <listcomp>
    import_module(
  File "/usr/local/lib/code-server-4.103.2/lib/vscode/extensions/ms-python.python-2025.12.0/python_files/lib/jedilsp/jedi/plugins/__init__.py", line 21, in wrapper
    return built_functions[public_name](*args, **kwargs)
  File "/usr/local/lib/code-server-4.103.2/lib/vscode/extensions/ms-python.python-2025.12.0/python_files/lib/jedilsp/jedi/plugins/flask.py", line 20, in wrapper
    return callback(inference_state, import_names, module_context, *args, **kwargs)
  File "/usr/local/lib/code-server-4.103.2/lib/vscode/extensions/ms-python.python-2025.12.0/python_files/lib/jedilsp/jedi/inference/gradual/typeshed.py", line 115, in wrapper
    python_value_set = ValueSet.from_sets(
  File "/usr/local/lib/code-server-4.103.2/lib/vscode/extensions/ms-python.python-2025.12.0/python_files/lib/jedilsp/jedi/inference/base_value.py", line 430, in from_sets
    for set_ in sets:
  File "/usr/local/lib/code-server-4.103.2/lib/vscode/extensions/ms-python.python-2025.12.0/python_files/lib/jedilsp/jedi/inference/gradual/typeshed.py", line 116, in <genexpr>
    func(inference_state, import_names, p, sys_path,)
  File "/usr/local/lib/code-server-4.103.2/lib/vscode/extensions/ms-python.python-2025.12.0/python_files/lib/jedilsp/jedi/inference/imports.py", line 411, in import_module
    file_io_or_ns, is_pkg = inference_state.compiled_subprocess.get_module_info(
  File "/usr/local/lib/code-server-4.103.2/lib/vscode/extensions/ms-python.python-2025.12.0/python_files/lib/jedilsp/jedi/inference/compiled/subprocess/__init__.py", line 188, in wrapper
    result = self._compiled_subprocess.run(
  File "/usr/local/lib/code-server-4.103.2/lib/vscode/extensions/ms-python.python-2025.12.0/python_files/lib/jedilsp/jedi/inference/compiled/subprocess/__init__.py", line 293, in run
    self._send(delete_id, None)
  File "/usr/local/lib/code-server-4.103.2/lib/vscode/extensions/ms-python.python-2025.12.0/python_files/lib/jedilsp/jedi/inference/compiled/subprocess/__init__.py", line 318, in _send
    is_exception, traceback, result = pickle_load(self._get_process().stdout)
  File "/usr/local/lib/code-server-4.103.2/lib/vscode/extensions/ms-python.python-2025.12.0/python_files/lib/jedilsp/jedi/_compatibility.py", line 25, in pickle_load
    return Unpickler(file).load()
_pickle.UnpicklingError: invalid load key, ' '.

2026-08-15 16:33:26.145 [info] [Error - 4:33:26 PM] Request textDocument/documentSymbol failed.
2026-08-15 16:33:26.151 [info]   Message: _pickle.UnpicklingError: invalid load key, ' '.
  Code: -32603 
[object Object]
2026-08-15 16:33:26.153 [info] ERROR:pygls.protocol.json_rpc:Failed to handle request 137 textDocument/documentSymbol DocumentSymbolParams(text_document=TextDocumentIdentifier(uri='file:///voc/work/hello_llm.py'), work_done_token=None, partial_result_token=None)
Traceback (most recent call last):
  File "/usr/local/lib/code-server-4.103.2/lib/vscode/extensions/ms-python.python-2025.12.0/python_files/lib/jedilsp/pygls/protocol/json_rpc.py", line 266, in _handle_request
    self._execute_request(msg_id, handler, params)
  File "/usr/local/lib/code-server-4.103.2/lib/vscode/extensions/ms-python.python-2025.12.0/python_files/lib/jedilsp/pygls/protocol/json_rpc.py", line 188, in _execute_request
    self._send_response(msg_id, handler(params))
  File "/usr/local/lib/code-server-4.103.2/lib/vscode/extensions/ms-python.python-2025.12.0/python_files/lib/jedilsp/jedi_language_server/server.py", line 546, in document_symbol
    document_symbols = jedi_utils.lsp_document_symbols(names)
  File "/usr/local/lib/code-server-4.103.2/lib/vscode/extensions/ms-python.python-2025.12.0/python_files/lib/jedilsp/jedi_language_server/jedi_utils.py", line 225, in lsp_document_symbols
    symbol_range = _document_symbol_range(name)
  File "/usr/local/lib/code-server-4.103.2/lib/vscode/extensions/ms-python.python-2025.12.0/python_files/lib/jedilsp/jedi_language_server/jedi_utils.py", line 204, in _document_symbol_range
    end = name.get_definition_end_position()
  File "/usr/local/lib/code-server-4.103.2/lib/vscode/extensions/ms-python.python-2025.12.0/python_files/lib/jedilsp/jedi/api/classes.py", line 260, in get_definition_end_position
    if self.type in ("function", "class"):
  File "/usr/local/lib/code-server-4.103.2/lib/vscode/extensions/ms-python.python-2025.12.0/python_files/lib/jedilsp/jedi/api/classes.py", line 190, in type
    for value in self._name.infer():
  File "/usr/local/lib/code-server-4.103.2/lib/vscode/extensions/ms-python.python-2025.12.0/python_files/lib/jedilsp/jedi/inference/names.py", line 281, in infer
    return tree_name_to_values(
  File "/usr/local/lib/code-server-4.103.2/lib/vscode/extensions/ms-python.python-2025.12.0/python_files/lib/jedilsp/jedi/plugins/__init__.py", line 21, in wrapper
    return built_functions[public_name](*args, **kwargs)
  File "/usr/local/lib/code-server-4.103.2/lib/vscode/extensions/ms-python.python-2025.12.0/python_files/lib/jedilsp/jedi/plugins/stdlib.py", line 878, in wrapper
    return func(inference_state, context, tree_name)
  File "/usr/local/lib/code-server-4.103.2/lib/vscode/extensions/ms-python.python-2025.12.0/python_files/lib/jedilsp/jedi/plugins/django.py", line 177, in wrapper
    result = func(inference_state, context, tree_name)
  File "/usr/local/lib/code-server-4.103.2/lib/vscode/extensions/ms-python.python-2025.12.0/python_files/lib/jedilsp/jedi/inference/syntax_tree.py", line 771, in tree_name_to_values
    types = imports.infer_import(context, tree_name)
  File "/usr/local/lib/code-server-4.103.2/lib/vscode/extensions/ms-python.python-2025.12.0/python_files/lib/jedilsp/jedi/inference/cache.py", line 44, in wrapper
    rv = function(obj, *args, **kwargs)
  File "/usr/local/lib/code-server-4.103.2/lib/vscode/extensions/ms-python.python-2025.12.0/python_files/lib/jedilsp/jedi/inference/imports.py", line 53, in infer_import
    _prepare_infer_import(module_context, tree_name)
  File "/usr/local/lib/code-server-4.103.2/lib/vscode/extensions/ms-python.python-2025.12.0/python_files/lib/jedilsp/jedi/inference/imports.py", line 116, in _prepare_infer_import
    return from_import_name, tuple(import_path), import_node.level, importer.follow()
  File "/usr/local/lib/code-server-4.103.2/lib/vscode/extensions/ms-python.python-2025.12.0/python_files/lib/jedilsp/jedi/inference/imports.py", line 296, in follow
    return import_module_by_names(
  File "/usr/local/lib/code-server-4.103.2/lib/vscode/extensions/ms-python.python-2025.12.0/python_files/lib/jedilsp/jedi/inference/imports.py", line 376, in import_module_by_names
    value_set = ValueSet.from_sets([
  File "/usr/local/lib/code-server-4.103.2/lib/vscode/extensions/ms-python.python-2025.12.0/python_files/lib/jedilsp/jedi/inference/imports.py", line 377, in <listcomp>
    import_module(
  File "/usr/local/lib/code-server-4.103.2/lib/vscode/extensions/ms-python.python-2025.12.0/python_files/lib/jedilsp/jedi/plugins/__init__.py", line 21, in wrapper
    return built_functions[public_name](*args, **kwargs)
  File "/usr/local/lib/code-server-4.103.2/lib/vscode/extensions/ms-python.python-2025.12.0/python_files/lib/jedilsp/jedi/plugins/flask.py", line 20, in wrapper
    return callback(inference_state, import_names, module_context, *args, **kwargs)
  File "/usr/local/lib/code-server-4.103.2/lib/vscode/extensions/ms-python.python-2025.12.0/python_files/lib/jedilsp/jedi/inference/gradual/typeshed.py", line 115, in wrapper
    python_value_set = ValueSet.from_sets(
  File "/usr/local/lib/code-server-4.103.2/lib/vscode/extensions/ms-python.python-2025.12.0/python_files/lib/jedilsp/jedi/inference/base_value.py", line 430, in from_sets
    for set_ in sets:
  File "/usr/local/lib/code-server-4.103.2/lib/vscode/extensions/ms-python.python-2025.12.0/python_files/lib/jedilsp/jedi/inference/gradual/typeshed.py", line 116, in <genexpr>
    func(inference_state, import_names, p, sys_path,)
  File "/usr/local/lib/code-server-4.103.2/lib/vscode/extensions/ms-python.python-2025.12.0/python_files/lib/jedilsp/jedi/inference/imports.py", line 411, in import_module
    file_io_or_ns, is_pkg = inference_state.compiled_subprocess.get_module_info(
  File "/usr/local/lib/code-server-4.103.2/lib/vscode/extensions/ms-python.python-2025.12.0/python_files/lib/jedilsp/jedi/inference/compiled/subprocess/__init__.py", line 188, in wrapper
    result = self._compiled_subprocess.run(
  File "/usr/local/lib/code-server-4.103.2/lib/vscode/extensions/ms-python.python-2025.12.0/python_files/lib/jedilsp/jedi/inference/compiled/subprocess/__init__.py", line 293, in run
    self._send(delete_id, None)
  File "/usr/local/lib/code-server-4.103.2/lib/vscode/extensions/ms-python.python-2025.12.0/python_files/lib/jedilsp/jedi/inference/compiled/subprocess/__init__.py", line 318, in _send
    is_exception, traceback, result = pickle_load(self._get_process().stdout)
  File "/usr/local/lib/code-server-4.103.2/lib/vscode/extensions/ms-python.python-2025.12.0/python_files/lib/jedilsp/jedi/_compatibility.py", line 25, in pickle_load
    return Unpickler(file).load()
_pickle.UnpicklingError: invalid load key, ' '.

2026-08-15 16:33:26.158 [info] [Error - 4:33:26 PM] Request textDocument/documentSymbol failed.
2026-08-15 16:33:26.158 [info]   Message: _pickle.UnpicklingError: invalid load key, ' '.
  Code: -32603 
[object Object]
2026-08-15 16:33:46.898 [info] ERROR:pygls.protocol.json_rpc:Failed to handle request 148 textDocument/hover HoverParams(text_document=TextDocumentIdentifier(uri='file:///voc/work/hello_llm.py'), position=13:41, work_done_token=None)
Traceback (most recent call last):
  File "/usr/local/lib/code-server-4.103.2/lib/vscode/extensions/ms-python.python-2025.12.0/python_files/lib/jedilsp/pygls/protocol/json_rpc.py", line 266, in _handle_request
    self._execute_request(msg_id, handler, params)
  File "/usr/local/lib/code-server-4.103.2/lib/vscode/extensions/ms-python.python-2025.12.0/python_files/lib/jedilsp/pygls/protocol/json_rpc.py", line 188, in _execute_request
    self._send_response(msg_id, handler(params))
  File "/usr/local/lib/code-server-4.103.2/lib/vscode/extensions/ms-python.python-2025.12.0/python_files/lib/jedilsp/jedi_language_server/notebook_utils.py", line 373, in wrapped
    result = f(notebook_server, notebook_params)
  File "/usr/local/lib/code-server-4.103.2/lib/vscode/extensions/ms-python.python-2025.12.0/python_files/lib/jedilsp/jedi_language_server/server.py", line 487, in hover
    jedi_script.help(*jedi_lines),
  File "/usr/local/lib/code-server-4.103.2/lib/vscode/extensions/ms-python.python-2025.12.0/python_files/lib/jedilsp/jedi/api/helpers.py", line 487, in wrapper
    return func(self, line, column, *args, **kwargs)
  File "/usr/local/lib/code-server-4.103.2/lib/vscode/extensions/ms-python.python-2025.12.0/python_files/lib/jedilsp/jedi/api/__init__.py", line 396, in help
    name = KeywordName(self._inference_state, leaf.value)
  File "/usr/local/lib/code-server-4.103.2/lib/vscode/extensions/ms-python.python-2025.12.0/python_files/lib/jedilsp/jedi/inference/names.py", line 103, in __init__
    self.parent_context = inference_state.builtins_module
  File "/usr/local/lib/code-server-4.103.2/lib/vscode/extensions/ms-python.python-2025.12.0/python_files/lib/jedilsp/jedi/inference/cache.py", line 44, in wrapper
    rv = function(obj, *args, **kwargs)
  File "/usr/local/lib/code-server-4.103.2/lib/vscode/extensions/ms-python.python-2025.12.0/python_files/lib/jedilsp/jedi/inference/__init__.py", line 129, in builtins_module
    builtins_module, = self.import_module((module_name,), sys_path=[])
  File "/usr/local/lib/code-server-4.103.2/lib/vscode/extensions/ms-python.python-2025.12.0/python_files/lib/jedilsp/jedi/inference/__init__.py", line 112, in import_module
    return imports.import_module_by_names(
  File "/usr/local/lib/code-server-4.103.2/lib/vscode/extensions/ms-python.python-2025.12.0/python_files/lib/jedilsp/jedi/inference/imports.py", line 376, in import_module_by_names
    value_set = ValueSet.from_sets([
  File "/usr/local/lib/code-server-4.103.2/lib/vscode/extensions/ms-python.python-2025.12.0/python_files/lib/jedilsp/jedi/inference/imports.py", line 377, in <listcomp>
    import_module(
  File "/usr/local/lib/code-server-4.103.2/lib/vscode/extensions/ms-python.python-2025.12.0/python_files/lib/jedilsp/jedi/plugins/__init__.py", line 21, in wrapper
    return built_functions[public_name](*args, **kwargs)
  File "/usr/local/lib/code-server-4.103.2/lib/vscode/extensions/ms-python.python-2025.12.0/python_files/lib/jedilsp/jedi/plugins/flask.py", line 20, in wrapper
    return callback(inference_state, import_names, module_context, *args, **kwargs)
  File "/usr/local/lib/code-server-4.103.2/lib/vscode/extensions/ms-python.python-2025.12.0/python_files/lib/jedilsp/jedi/inference/gradual/typeshed.py", line 115, in wrapper
    python_value_set = ValueSet.from_sets(
  File "/usr/local/lib/code-server-4.103.2/lib/vscode/extensions/ms-python.python-2025.12.0/python_files/lib/jedilsp/jedi/inference/base_value.py", line 430, in from_sets
    for set_ in sets:
  File "/usr/local/lib/code-server-4.103.2/lib/vscode/extensions/ms-python.python-2025.12.0/python_files/lib/jedilsp/jedi/inference/gradual/typeshed.py", line 116, in <genexpr>
    func(inference_state, import_names, p, sys_path,)
  File "/usr/local/lib/code-server-4.103.2/lib/vscode/extensions/ms-python.python-2025.12.0/python_files/lib/jedilsp/jedi/inference/imports.py", line 411, in import_module
    file_io_or_ns, is_pkg = inference_state.compiled_subprocess.get_module_info(
  File "/usr/local/lib/code-server-4.103.2/lib/vscode/extensions/ms-python.python-2025.12.0/python_files/lib/jedilsp/jedi/inference/compiled/subprocess/__init__.py", line 188, in wrapper
    result = self._compiled_subprocess.run(
  File "/usr/local/lib/code-server-4.103.2/lib/vscode/extensions/ms-python.python-2025.12.0/python_files/lib/jedilsp/jedi/inference/compiled/subprocess/__init__.py", line 293, in run
    self._send(delete_id, None)
  File "/usr/local/lib/code-server-4.103.2/lib/vscode/extensions/ms-python.python-2025.12.0/python_files/lib/jedilsp/jedi/inference/compiled/subprocess/__init__.py", line 318, in _send
    is_exception, traceback, result = pickle_load(self._get_process().stdout)
  File "/usr/local/lib/code-server-4.103.2/lib/vscode/extensions/ms-python.python-2025.12.0/python_files/lib/jedilsp/jedi/_compatibility.py", line 25, in pickle_load
    return Unpickler(file).load()
_pickle.UnpicklingError: invalid load key, ' '.

2026-08-15 16:33:46.899 [info] [Error - 4:33:46 PM] Request textDocument/hover failed.
2026-08-15 16:33:46.905 [info]   Message: _pickle.UnpicklingError: invalid load key, ' '.
  Code: -32603 
[object Object]
2026-08-15 16:33:47.796 [info] semantic_tokens_full file:///voc/work/hello_llm.py 
2026-08-15 16:33:47.798 [info] ERROR:pygls.protocol.json_rpc:Exception occurred for message "151": _pickle.UnpicklingError: invalid load key, ' '.
NoneType: None

2026-08-15 16:33:47.803 [info] [Error - 4:33:47 PM] Request textDocument/semanticTokens/full failed.
2026-08-15 16:33:47.803 [info]   Message: _pickle.UnpicklingError: invalid load key, ' '.
  Code: -32603 
[object Object]
2026-08-15 16:33:47.908 [info] semantic_tokens_range file:///voc/work/hello_llm.py 0:0-20:17
2026-08-15 16:33:47.909 [info] ERROR:pygls.protocol.json_rpc:Exception occurred for message "154": _pickle.UnpicklingError: invalid load key, ' '.
NoneType: None

2026-08-15 16:33:47.915 [info] [Error - 4:33:47 PM] Request textDocument/semanticTokens/range failed.
2026-08-15 16:33:47.915 [info]   Message: _pickle.UnpicklingError: invalid load key, ' '.
  Code: -32603 
[object Object]
2026-08-15 16:33:47.977 [info] ERROR:pygls.protocol.json_rpc:Failed to handle request 155 textDocument/documentSymbol DocumentSymbolParams(text_document=TextDocumentIdentifier(uri='file:///voc/work/hello_llm.py'), work_done_token=None, partial_result_token=None)
Traceback (most recent call last):
  File "/usr/local/lib/code-server-4.103.2/lib/vscode/extensions/ms-python.python-2025.12.0/python_files/lib/jedilsp/pygls/protocol/json_rpc.py", line 266, in _handle_request
    self._execute_request(msg_id, handler, params)
  File "/usr/local/lib/code-server-4.103.2/lib/vscode/extensions/ms-python.python-2025.12.0/python_files/lib/jedilsp/pygls/protocol/json_rpc.py", line 188, in _execute_request
    self._send_response(msg_id, handler(params))
  File "/usr/local/lib/code-server-4.103.2/lib/vscode/extensions/ms-python.python-2025.12.0/python_files/lib/jedilsp/jedi_language_server/server.py", line 546, in document_symbol
    document_symbols = jedi_utils.lsp_document_symbols(names)
  File "/usr/local/lib/code-server-4.103.2/lib/vscode/extensions/ms-python.python-2025.12.0/python_files/lib/jedilsp/jedi_language_server/jedi_utils.py", line 225, in lsp_document_symbols
    symbol_range = _document_symbol_range(name)
  File "/usr/local/lib/code-server-4.103.2/lib/vscode/extensions/ms-python.python-2025.12.0/python_files/lib/jedilsp/jedi_language_server/jedi_utils.py", line 204, in _document_symbol_range
    end = name.get_definition_end_position()
  File "/usr/local/lib/code-server-4.103.2/lib/vscode/extensions/ms-python.python-2025.12.0/python_files/lib/jedilsp/jedi/api/classes.py", line 260, in get_definition_end_position
    if self.type in ("function", "class"):
  File "/usr/local/lib/code-server-4.103.2/lib/vscode/extensions/ms-python.python-2025.12.0/python_files/lib/jedilsp/jedi/api/classes.py", line 190, in type
    for value in self._name.infer():
  File "/usr/local/lib/code-server-4.103.2/lib/vscode/extensions/ms-python.python-2025.12.0/python_files/lib/jedilsp/jedi/inference/names.py", line 281, in infer
    return tree_name_to_values(
  File "/usr/local/lib/code-server-4.103.2/lib/vscode/extensions/ms-python.python-2025.12.0/python_files/lib/jedilsp/jedi/plugins/__init__.py", line 21, in wrapper
    return built_functions[public_name](*args, **kwargs)
  File "/usr/local/lib/code-server-4.103.2/lib/vscode/extensions/ms-python.python-2025.12.0/python_files/lib/jedilsp/jedi/plugins/stdlib.py", line 878, in wrapper
    return func(inference_state, context, tree_name)
  File "/usr/local/lib/code-server-4.103.2/lib/vscode/extensions/ms-python.python-2025.12.0/python_files/lib/jedilsp/jedi/plugins/django.py", line 177, in wrapper
    result = func(inference_state, context, tree_name)
  File "/usr/local/lib/code-server-4.103.2/lib/vscode/extensions/ms-python.python-2025.12.0/python_files/lib/jedilsp/jedi/inference/syntax_tree.py", line 771, in tree_name_to_values
    types = imports.infer_import(context, tree_name)
  File "/usr/local/lib/code-server-4.103.2/lib/vscode/extensions/ms-python.python-2025.12.0/python_files/lib/jedilsp/jedi/inference/cache.py", line 44, in wrapper
    rv = function(obj, *args, **kwargs)
  File "/usr/local/lib/code-server-4.103.2/lib/vscode/extensions/ms-python.python-2025.12.0/python_files/lib/jedilsp/jedi/inference/imports.py", line 53, in infer_import
    _prepare_infer_import(module_context, tree_name)
  File "/usr/local/lib/code-server-4.103.2/lib/vscode/extensions/ms-python.python-2025.12.0/python_files/lib/jedilsp/jedi/inference/imports.py", line 116, in _prepare_infer_import
    return from_import_name, tuple(import_path), import_node.level, importer.follow()
  File "/usr/local/lib/code-server-4.103.2/lib/vscode/extensions/ms-python.python-2025.12.0/python_files/lib/jedilsp/jedi/inference/imports.py", line 296, in follow
    return import_module_by_names(
  File "/usr/local/lib/code-server-4.103.2/lib/vscode/extensions/ms-python.python-2025.12.0/python_files/lib/jedilsp/jedi/inference/imports.py", line 376, in import_module_by_names
    value_set = ValueSet.from_sets([
  File "/usr/local/lib/code-server-4.103.2/lib/vscode/extensions/ms-python.python-2025.12.0/python_files/lib/jedilsp/jedi/inference/imports.py", line 377, in <listcomp>
    import_module(
  File "/usr/local/lib/code-server-4.103.2/lib/vscode/extensions/ms-python.python-2025.12.0/python_files/lib/jedilsp/jedi/plugins/__init__.py", line 21, in wrapper
    return built_functions[public_name](*args, **kwargs)
  File "/usr/local/lib/code-server-4.103.2/lib/vscode/extensions/ms-python.python-2025.12.0/python_files/lib/jedilsp/jedi/plugins/flask.py", line 20, in wrapper
    return callback(inference_state, import_names, module_context, *args, **kwargs)
  File "/usr/local/lib/code-server-4.103.2/lib/vscode/extensions/ms-python.python-2025.12.0/python_files/lib/jedilsp/jedi/inference/gradual/typeshed.py", line 115, in wrapper
    python_value_set = ValueSet.from_sets(
  File "/usr/local/lib/code-server-4.103.2/lib/vscode/extensions/ms-python.python-2025.12.0/python_files/lib/jedilsp/jedi/inference/base_value.py", line 430, in from_sets
    for set_ in sets:
  File "/usr/local/lib/code-server-4.103.2/lib/vscode/extensions/ms-python.python-2025.12.0/python_files/lib/jedilsp/jedi/inference/gradual/typeshed.py", line 116, in <genexpr>
    func(inference_state, import_names, p, sys_path,)
  File "/usr/local/lib/code-server-4.103.2/lib/vscode/extensions/ms-python.python-2025.12.0/python_files/lib/jedilsp/jedi/inference/imports.py", line 411, in import_module
    file_io_or_ns, is_pkg = inference_state.compiled_subprocess.get_module_info(
  File "/usr/local/lib/code-server-4.103.2/lib/vscode/extensions/ms-python.python-2025.12.0/python_files/lib/jedilsp/jedi/inference/compiled/subprocess/__init__.py", line 188, in wrapper
    result = self._compiled_subprocess.run(
  File "/usr/local/lib/code-server-4.103.2/lib/vscode/extensions/ms-python.python-2025.12.0/python_files/lib/jedilsp/jedi/inference/compiled/subprocess/__init__.py", line 293, in run
    self._send(delete_id, None)
  File "/usr/local/lib/code-server-4.103.2/lib/vscode/extensions/ms-python.python-2025.12.0/python_files/lib/jedilsp/jedi/inference/compiled/subprocess/__init__.py", line 318, in _send
    is_exception, traceback, result = pickle_load(self._get_process().stdout)
  File "/usr/local/lib/code-server-4.103.2/lib/vscode/extensions/ms-python.python-2025.12.0/python_files/lib/jedilsp/jedi/_compatibility.py", line 25, in pickle_load
    return Unpickler(file).load()
_pickle.UnpicklingError: invalid load key, ' '.

2026-08-15 16:33:47.978 [info] [Error - 4:33:47 PM] Request textDocument/documentSymbol failed.
2026-08-15 16:33:47.985 [info]   Message: _pickle.UnpicklingError: invalid load key, ' '.
  Code: -32603 
[object Object]
2026-08-15 16:33:47.985 [info] ERROR:pygls.protocol.json_rpc:Failed to handle request 156 textDocument/documentSymbol DocumentSymbolParams(text_document=TextDocumentIdentifier(uri='file:///voc/work/hello_llm.py'), work_done_token=None, partial_result_token=None)
Traceback (most recent call last):
  File "/usr/local/lib/code-server-4.103.2/lib/vscode/extensions/ms-python.python-2025.12.0/python_files/lib/jedilsp/pygls/protocol/json_rpc.py", line 266, in _handle_request
    self._execute_request(msg_id, handler, params)
  File "/usr/local/lib/code-server-4.103.2/lib/vscode/extensions/ms-python.python-2025.12.0/python_files/lib/jedilsp/pygls/protocol/json_rpc.py", line 188, in _execute_request
    self._send_response(msg_id, handler(params))
  File "/usr/local/lib/code-server-4.103.2/lib/vscode/extensions/ms-python.python-2025.12.0/python_files/lib/jedilsp/jedi_language_server/server.py", line 546, in document_symbol
    document_symbols = jedi_utils.lsp_document_symbols(names)
  File "/usr/local/lib/code-server-4.103.2/lib/vscode/extensions/ms-python.python-2025.12.0/python_files/lib/jedilsp/jedi_language_server/jedi_utils.py", line 225, in lsp_document_symbols
    symbol_range = _document_symbol_range(name)
  File "/usr/local/lib/code-server-4.103.2/lib/vscode/extensions/ms-python.python-2025.12.0/python_files/lib/jedilsp/jedi_language_server/jedi_utils.py", line 204, in _document_symbol_range
    end = name.get_definition_end_position()
  File "/usr/local/lib/code-server-4.103.2/lib/vscode/extensions/ms-python.python-2025.12.0/python_files/lib/jedilsp/jedi/api/classes.py", line 260, in get_definition_end_position
    if self.type in ("function", "class"):
  File "/usr/local/lib/code-server-4.103.2/lib/vscode/extensions/ms-python.python-2025.12.0/python_files/lib/jedilsp/jedi/api/classes.py", line 190, in type
    for value in self._name.infer():
  File "/usr/local/lib/code-server-4.103.2/lib/vscode/extensions/ms-python.python-2025.12.0/python_files/lib/jedilsp/jedi/inference/names.py", line 281, in infer
    return tree_name_to_values(
  File "/usr/local/lib/code-server-4.103.2/lib/vscode/extensions/ms-python.python-2025.12.0/python_files/lib/jedilsp/jedi/plugins/__init__.py", line 21, in wrapper
    return built_functions[public_name](*args, **kwargs)
  File "/usr/local/lib/code-server-4.103.2/lib/vscode/extensions/ms-python.python-2025.12.0/python_files/lib/jedilsp/jedi/plugins/stdlib.py", line 878, in wrapper
    return func(inference_state, context, tree_name)
  File "/usr/local/lib/code-server-4.103.2/lib/vscode/extensions/ms-python.python-2025.12.0/python_files/lib/jedilsp/jedi/plugins/django.py", line 177, in wrapper
    result = func(inference_state, context, tree_name)
  File "/usr/local/lib/code-server-4.103.2/lib/vscode/extensions/ms-python.python-2025.12.0/python_files/lib/jedilsp/jedi/inference/syntax_tree.py", line 771, in tree_name_to_values
    types = imports.infer_import(context, tree_name)
  File "/usr/local/lib/code-server-4.103.2/lib/vscode/extensions/ms-python.python-2025.12.0/python_files/lib/jedilsp/jedi/inference/cache.py", line 44, in wrapper
    rv = function(obj, *args, **kwargs)
  File "/usr/local/lib/code-server-4.103.2/lib/vscode/extensions/ms-python.python-2025.12.0/python_files/lib/jedilsp/jedi/inference/imports.py", line 53, in infer_import
    _prepare_infer_import(module_context, tree_name)
  File "/usr/local/lib/code-server-4.103.2/lib/vscode/extensions/ms-python.python-2025.12.0/python_files/lib/jedilsp/jedi/inference/imports.py", line 116, in _prepare_infer_import
    return from_import_name, tuple(import_path), import_node.level, importer.follow()
  File "/usr/local/lib/code-server-4.103.2/lib/vscode/extensions/ms-python.python-2025.12.0/python_files/lib/jedilsp/jedi/inference/imports.py", line 296, in follow
    return import_module_by_names(
  File "/usr/local/lib/code-server-4.103.2/lib/vscode/extensions/ms-python.python-2025.12.0/python_files/lib/jedilsp/jedi/inference/imports.py", line 376, in import_module_by_names
    value_set = ValueSet.from_sets([
  File "/usr/local/lib/code-server-4.103.2/lib/vscode/extensions/ms-python.python-2025.12.0/python_files/lib/jedilsp/jedi/inference/imports.py", line 377, in <listcomp>
    import_module(
  File "/usr/local/lib/code-server-4.103.2/lib/vscode/extensions/ms-python.python-2025.12.0/python_files/lib/jedilsp/jedi/plugins/__init__.py", line 21, in wrapper
    return built_functions[public_name](*args, **kwargs)
  File "/usr/local/lib/code-server-4.103.2/lib/vscode/extensions/ms-python.python-2025.12.0/python_files/lib/jedilsp/jedi/plugins/flask.py", line 20, in wrapper
    return callback(inference_state, import_names, module_context, *args, **kwargs)
  File "/usr/local/lib/code-server-4.103.2/lib/vscode/extensions/ms-python.python-2025.12.0/python_files/lib/jedilsp/jedi/inference/gradual/typeshed.py", line 115, in wrapper
    python_value_set = ValueSet.from_sets(
  File "/usr/local/lib/code-server-4.103.2/lib/vscode/extensions/ms-python.python-2025.12.0/python_files/lib/jedilsp/jedi/inference/base_value.py", line 430, in from_sets
    for set_ in sets:
  File "/usr/local/lib/code-server-4.103.2/lib/vscode/extensions/ms-python.python-2025.12.0/python_files/lib/jedilsp/jedi/inference/gradual/typeshed.py", line 116, in <genexpr>
    func(inference_state, import_names, p, sys_path,)
  File "/usr/local/lib/code-server-4.103.2/lib/vscode/extensions/ms-python.python-2025.12.0/python_files/lib/jedilsp/jedi/inference/imports.py", line 411, in import_module
    file_io_or_ns, is_pkg = inference_state.compiled_subprocess.get_module_info(
  File "/usr/local/lib/code-server-4.103.2/lib/vscode/extensions/ms-python.python-2025.12.0/python_files/lib/jedilsp/jedi/inference/compiled/subprocess/__init__.py", line 188, in wrapper
    result = self._compiled_subprocess.run(
  File "/usr/local/lib/code-server-4.103.2/lib/vscode/extensions/ms-python.python-2025.12.0/python_files/lib/jedilsp/jedi/inference/compiled/subprocess/__init__.py", line 293, in run
    self._send(delete_id, None)
  File "/usr/local/lib/code-server-4.103.2/lib/vscode/extensions/ms-python.python-2025.12.0/python_files/lib/jedilsp/jedi/inference/compiled/subprocess/__init__.py", line 318, in _send
    is_exception, traceback, result = pickle_load(self._get_process().stdout)
  File "/usr/local/lib/code-server-4.103.2/lib/vscode/extensions/ms-python.python-2025.12.0/python_files/lib/jedilsp/jedi/_compatibility.py", line 25, in pickle_load
    return Unpickler(file).load()
_pickle.UnpicklingError: invalid load key, ' '.

2026-08-15 16:33:47.985 [info] [Error - 4:33:47 PM] Request textDocument/documentSymbol failed.
2026-08-15 16:33:47.985 [info]   Message: _pickle.UnpicklingError: invalid load key, ' '.
  Code: -32603 
[object Object]
2026-08-15 16:33:48.582 [info] semantic_tokens_full file:///voc/work/hello_llm.py 
2026-08-15 16:33:48.583 [info] ERROR:pygls.protocol.json_rpc:Exception occurred for message "158": _pickle.UnpicklingError: invalid load key, ' '.
NoneType: None

2026-08-15 16:33:48.589 [info] [Error - 4:33:48 PM] Request textDocument/semanticTokens/full failed.
2026-08-15 16:33:48.589 [info]   Message: _pickle.UnpicklingError: invalid load key, ' '.
  Code: -32603 
[object Object]
2026-08-15 16:33:48.590 [info] semantic_tokens_range file:///voc/work/hello_llm.py 0:0-20:17
2026-08-15 16:33:48.595 [info] ERROR:pygls.protocol.json_rpc:Exception occurred for message "159": _pickle.UnpicklingError: invalid load key, ' '.
NoneType: None

2026-08-15 16:33:48.595 [info] [Error - 4:33:48 PM] Request textDocument/semanticTokens/range failed.
2026-08-15 16:33:48.595 [info]   Message: _pickle.UnpicklingError: invalid load key, ' '.
  Code: -32603 
[object Object]
2026-08-15 16:33:48.642 [info] ERROR:pygls.protocol.json_rpc:Failed to handle request 160 textDocument/documentSymbol DocumentSymbolParams(text_document=TextDocumentIdentifier(uri='file:///voc/work/hello_llm.py'), work_done_token=None, partial_result_token=None)
Traceback (most recent call last):
  File "/usr/local/lib/code-server-4.103.2/lib/vscode/extensions/ms-python.python-2025.12.0/python_files/lib/jedilsp/pygls/protocol/json_rpc.py", line 266, in _handle_request
    self._execute_request(msg_id, handler, params)
  File "/usr/local/lib/code-server-4.103.2/lib/vscode/extensions/ms-python.python-2025.12.0/python_files/lib/jedilsp/pygls/protocol/json_rpc.py", line 188, in _execute_request
    self._send_response(msg_id, handler(params))
  File "/usr/local/lib/code-server-4.103.2/lib/vscode/extensions/ms-python.python-2025.12.0/python_files/lib/jedilsp/jedi_language_server/server.py", line 546, in document_symbol
    document_symbols = jedi_utils.lsp_document_symbols(names)
  File "/usr/local/lib/code-server-4.103.2/lib/vscode/extensions/ms-python.python-2025.12.0/python_files/lib/jedilsp/jedi_language_server/jedi_utils.py", line 225, in lsp_document_symbols
    symbol_range = _document_symbol_range(name)
  File "/usr/local/lib/code-server-4.103.2/lib/vscode/extensions/ms-python.python-2025.12.0/python_files/lib/jedilsp/jedi_language_server/jedi_utils.py", line 204, in _document_symbol_range
    end = name.get_definition_end_position()
  File "/usr/local/lib/code-server-4.103.2/lib/vscode/extensions/ms-python.python-2025.12.0/python_files/lib/jedilsp/jedi/api/classes.py", line 260, in get_definition_end_position
    if self.type in ("function", "class"):
  File "/usr/local/lib/code-server-4.103.2/lib/vscode/extensions/ms-python.python-2025.12.0/python_files/lib/jedilsp/jedi/api/classes.py", line 190, in type
    for value in self._name.infer():
  File "/usr/local/lib/code-server-4.103.2/lib/vscode/extensions/ms-python.python-2025.12.0/python_files/lib/jedilsp/jedi/inference/names.py", line 281, in infer
    return tree_name_to_values(
  File "/usr/local/lib/code-server-4.103.2/lib/vscode/extensions/ms-python.python-2025.12.0/python_files/lib/jedilsp/jedi/plugins/__init__.py", line 21, in wrapper
    return built_functions[public_name](*args, **kwargs)
  File "/usr/local/lib/code-server-4.103.2/lib/vscode/extensions/ms-python.python-2025.12.0/python_files/lib/jedilsp/jedi/plugins/stdlib.py", line 878, in wrapper
    return func(inference_state, context, tree_name)
  File "/usr/local/lib/code-server-4.103.2/lib/vscode/extensions/ms-python.python-2025.12.0/python_files/lib/jedilsp/jedi/plugins/django.py", line 177, in wrapper
    result = func(inference_state, context, tree_name)
  File "/usr/local/lib/code-server-4.103.2/lib/vscode/extensions/ms-python.python-2025.12.0/python_files/lib/jedilsp/jedi/inference/syntax_tree.py", line 771, in tree_name_to_values
    types = imports.infer_import(context, tree_name)
  File "/usr/local/lib/code-server-4.103.2/lib/vscode/extensions/ms-python.python-2025.12.0/python_files/lib/jedilsp/jedi/inference/cache.py", line 44, in wrapper
    rv = function(obj, *args, **kwargs)
  File "/usr/local/lib/code-server-4.103.2/lib/vscode/extensions/ms-python.python-2025.12.0/python_files/lib/jedilsp/jedi/inference/imports.py", line 53, in infer_import
    _prepare_infer_import(module_context, tree_name)
  File "/usr/local/lib/code-server-4.103.2/lib/vscode/extensions/ms-python.python-2025.12.0/python_files/lib/jedilsp/jedi/inference/imports.py", line 116, in _prepare_infer_import
    return from_import_name, tuple(import_path), import_node.level, importer.follow()
  File "/usr/local/lib/code-server-4.103.2/lib/vscode/extensions/ms-python.python-2025.12.0/python_files/lib/jedilsp/jedi/inference/imports.py", line 296, in follow
    return import_module_by_names(
  File "/usr/local/lib/code-server-4.103.2/lib/vscode/extensions/ms-python.python-2025.12.0/python_files/lib/jedilsp/jedi/inference/imports.py", line 376, in import_module_by_names
    value_set = ValueSet.from_sets([
  File "/usr/local/lib/code-server-4.103.2/lib/vscode/extensions/ms-python.python-2025.12.0/python_files/lib/jedilsp/jedi/inference/imports.py", line 377, in <listcomp>
    import_module(
  File "/usr/local/lib/code-server-4.103.2/lib/vscode/extensions/ms-python.python-2025.12.0/python_files/lib/jedilsp/jedi/plugins/__init__.py", line 21, in wrapper
    return built_functions[public_name](*args, **kwargs)
  File "/usr/local/lib/code-server-4.103.2/lib/vscode/extensions/ms-python.python-2025.12.0/python_files/lib/jedilsp/jedi/plugins/flask.py", line 20, in wrapper
    return callback(inference_state, import_names, module_context, *args, **kwargs)
  File "/usr/local/lib/code-server-4.103.2/lib/vscode/extensions/ms-python.python-2025.12.0/python_files/lib/jedilsp/jedi/inference/gradual/typeshed.py", line 115, in wrapper
    python_value_set = ValueSet.from_sets(
  File "/usr/local/lib/code-server-4.103.2/lib/vscode/extensions/ms-python.python-2025.12.0/python_files/lib/jedilsp/jedi/inference/base_value.py", line 430, in from_sets
    for set_ in sets:
  File "/usr/local/lib/code-server-4.103.2/lib/vscode/extensions/ms-python.python-2025.12.0/python_files/lib/jedilsp/jedi/inference/gradual/typeshed.py", line 116, in <genexpr>
    func(inference_state, import_names, p, sys_path,)
  File "/usr/local/lib/code-server-4.103.2/lib/vscode/extensions/ms-python.python-2025.12.0/python_files/lib/jedilsp/jedi/inference/imports.py", line 411, in import_module
    file_io_or_ns, is_pkg = inference_state.compiled_subprocess.get_module_info(
  File "/usr/local/lib/code-server-4.103.2/lib/vscode/extensions/ms-python.python-2025.12.0/python_files/lib/jedilsp/jedi/inference/compiled/subprocess/__init__.py", line 188, in wrapper
    result = self._compiled_subprocess.run(
  File "/usr/local/lib/code-server-4.103.2/lib/vscode/extensions/ms-python.python-2025.12.0/python_files/lib/jedilsp/jedi/inference/compiled/subprocess/__init__.py", line 293, in run
    self._send(delete_id, None)
  File "/usr/local/lib/code-server-4.103.2/lib/vscode/extensions/ms-python.python-2025.12.0/python_files/lib/jedilsp/jedi/inference/compiled/subprocess/__init__.py", line 318, in _send
    is_exception, traceback, result = pickle_load(self._get_process().stdout)
  File "/usr/local/lib/code-server-4.103.2/lib/vscode/extensions/ms-python.python-2025.12.0/python_files/lib/jedilsp/jedi/_compatibility.py", line 25, in pickle_load
    return Unpickler(file).load()
_pickle.UnpicklingError: invalid load key, ' '.

2026-08-15 16:33:48.642 [info] [Error - 4:33:48 PM] Request textDocument/documentSymbol failed.
2026-08-15 16:33:48.648 [info]   Message: _pickle.UnpicklingError: invalid load key, ' '.
  Code: -32603 
[object Object]
2026-08-15 16:33:48.648 [info] ERROR:pygls.protocol.json_rpc:Failed to handle request 161 textDocument/documentSymbol DocumentSymbolParams(text_document=TextDocumentIdentifier(uri='file:///voc/work/hello_llm.py'), work_done_token=None, partial_result_token=None)
Traceback (most recent call last):
  File "/usr/local/lib/code-server-4.103.2/lib/vscode/extensions/ms-python.python-2025.12.0/python_files/lib/jedilsp/pygls/protocol/json_rpc.py", line 266, in _handle_request
    self._execute_request(msg_id, handler, params)
  File "/usr/local/lib/code-server-4.103.2/lib/vscode/extensions/ms-python.python-2025.12.0/python_files/lib/jedilsp/pygls/protocol/json_rpc.py", line 188, in _execute_request
    self._send_response(msg_id, handler(params))
  File "/usr/local/lib/code-server-4.103.2/lib/vscode/extensions/ms-python.python-2025.12.0/python_files/lib/jedilsp/jedi_language_server/server.py", line 546, in document_symbol
    document_symbols = jedi_utils.lsp_document_symbols(names)
  File "/usr/local/lib/code-server-4.103.2/lib/vscode/extensions/ms-python.python-2025.12.0/python_files/lib/jedilsp/jedi_language_server/jedi_utils.py", line 225, in lsp_document_symbols
    symbol_range = _document_symbol_range(name)
  File "/usr/local/lib/code-server-4.103.2/lib/vscode/extensions/ms-python.python-2025.12.0/python_files/lib/jedilsp/jedi_language_server/jedi_utils.py", line 204, in _document_symbol_range
    end = name.get_definition_end_position()
  File "/usr/local/lib/code-server-4.103.2/lib/vscode/extensions/ms-python.python-2025.12.0/python_files/lib/jedilsp/jedi/api/classes.py", line 260, in get_definition_end_position
    if self.type in ("function", "class"):
  File "/usr/local/lib/code-server-4.103.2/lib/vscode/extensions/ms-python.python-2025.12.0/python_files/lib/jedilsp/jedi/api/classes.py", line 190, in type
    for value in self._name.infer():
  File "/usr/local/lib/code-server-4.103.2/lib/vscode/extensions/ms-python.python-2025.12.0/python_files/lib/jedilsp/jedi/inference/names.py", line 281, in infer
    return tree_name_to_values(
  File "/usr/local/lib/code-server-4.103.2/lib/vscode/extensions/ms-python.python-2025.12.0/python_files/lib/jedilsp/jedi/plugins/__init__.py", line 21, in wrapper
    return built_functions[public_name](*args, **kwargs)
  File "/usr/local/lib/code-server-4.103.2/lib/vscode/extensions/ms-python.python-2025.12.0/python_files/lib/jedilsp/jedi/plugins/stdlib.py", line 878, in wrapper
    return func(inference_state, context, tree_name)
  File "/usr/local/lib/code-server-4.103.2/lib/vscode/extensions/ms-python.python-2025.12.0/python_files/lib/jedilsp/jedi/plugins/django.py", line 177, in wrapper
    result = func(inference_state, context, tree_name)
  File "/usr/local/lib/code-server-4.103.2/lib/vscode/extensions/ms-python.python-2025.12.0/python_files/lib/jedilsp/jedi/inference/syntax_tree.py", line 771, in tree_name_to_values
    types = imports.infer_import(context, tree_name)
  File "/usr/local/lib/code-server-4.103.2/lib/vscode/extensions/ms-python.python-2025.12.0/python_files/lib/jedilsp/jedi/inference/cache.py", line 44, in wrapper
    rv = function(obj, *args, **kwargs)
  File "/usr/local/lib/code-server-4.103.2/lib/vscode/extensions/ms-python.python-2025.12.0/python_files/lib/jedilsp/jedi/inference/imports.py", line 53, in infer_import
    _prepare_infer_import(module_context, tree_name)
  File "/usr/local/lib/code-server-4.103.2/lib/vscode/extensions/ms-python.python-2025.12.0/python_files/lib/jedilsp/jedi/inference/imports.py", line 116, in _prepare_infer_import
    return from_import_name, tuple(import_path), import_node.level, importer.follow()
  File "/usr/local/lib/code-server-4.103.2/lib/vscode/extensions/ms-python.python-2025.12.0/python_files/lib/jedilsp/jedi/inference/imports.py", line 296, in follow
    return import_module_by_names(
  File "/usr/local/lib/code-server-4.103.2/lib/vscode/extensions/ms-python.python-2025.12.0/python_files/lib/jedilsp/jedi/inference/imports.py", line 376, in import_module_by_names
    value_set = ValueSet.from_sets([
  File "/usr/local/lib/code-server-4.103.2/lib/vscode/extensions/ms-python.python-2025.12.0/python_files/lib/jedilsp/jedi/inference/imports.py", line 377, in <listcomp>
    import_module(
  File "/usr/local/lib/code-server-4.103.2/lib/vscode/extensions/ms-python.python-2025.12.0/python_files/lib/jedilsp/jedi/plugins/__init__.py", line 21, in wrapper
    return built_functions[public_name](*args, **kwargs)
  File "/usr/local/lib/code-server-4.103.2/lib/vscode/extensions/ms-python.python-2025.12.0/python_files/lib/jedilsp/jedi/plugins/flask.py", line 20, in wrapper
    return callback(inference_state, import_names, module_context, *args, **kwargs)
  File "/usr/local/lib/code-server-4.103.2/lib/vscode/extensions/ms-python.python-2025.12.0/python_files/lib/jedilsp/jedi/inference/gradual/typeshed.py", line 115, in wrapper
    python_value_set = ValueSet.from_sets(
  File "/usr/local/lib/code-server-4.103.2/lib/vscode/extensions/ms-python.python-2025.12.0/python_files/lib/jedilsp/jedi/inference/base_value.py", line 430, in from_sets
    for set_ in sets:
  File "/usr/local/lib/code-server-4.103.2/lib/vscode/extensions/ms-python.python-2025.12.0/python_files/lib/jedilsp/jedi/inference/gradual/typeshed.py", line 116, in <genexpr>
    func(inference_state, import_names, p, sys_path,)
  File "/usr/local/lib/code-server-4.103.2/lib/vscode/extensions/ms-python.python-2025.12.0/python_files/lib/jedilsp/jedi/inference/imports.py", line 411, in import_module
    file_io_or_ns, is_pkg = inference_state.compiled_subprocess.get_module_info(
  File "/usr/local/lib/code-server-4.103.2/lib/vscode/extensions/ms-python.python-2025.12.0/python_files/lib/jedilsp/jedi/inference/compiled/subprocess/__init__.py", line 188, in wrapper
    result = self._compiled_subprocess.run(
  File "/usr/local/lib/code-server-4.103.2/lib/vscode/extensions/ms-python.python-2025.12.0/python_files/lib/jedilsp/jedi/inference/compiled/subprocess/__init__.py", line 293, in run
    self._send(delete_id, None)
  File "/usr/local/lib/code-server-4.103.2/lib/vscode/extensions/ms-python.python-2025.12.0/python_files/lib/jedilsp/jedi/inference/compiled/subprocess/__init__.py", line 318, in _send
    is_exception, traceback, result = pickle_load(self._get_process().stdout)
  File "/usr/local/lib/code-server-4.103.2/lib/vscode/extensions/ms-python.python-2025.12.0/python_files/lib/jedilsp/jedi/_compatibility.py", line 25, in pickle_load
    return Unpickler(file).load()
_pickle.UnpicklingError: invalid load key, ' '.

2026-08-15 16:33:48.648 [info] [Error - 4:33:48 PM] Request textDocument/documentSymbol failed.
2026-08-15 16:33:48.648 [info]   Message: _pickle.UnpicklingError: invalid load key, ' '.
  Code: -32603 
[object Object]
2026-08-15 16:33:49.677 [info] ERROR:pygls.protocol.json_rpc:Failed to handle request 162 textDocument/codeAction CodeActionParams(text_document=TextDocumentIdentifier(uri='file:///voc/work/hello_llm.py'), range=14:10-14:10, context=CodeActionContext(diagnostics=[], only=None, trigger_kind=<CodeActionTriggerKind.Automatic: 2>), work_done_token=None, partial_result_token=None)
Traceback (most recent call last):
  File "/usr/local/lib/code-server-4.103.2/lib/vscode/extensions/ms-python.python-2025.12.0/python_files/lib/jedilsp/pygls/protocol/json_rpc.py", line 266, in _handle_request
    self._execute_request(msg_id, handler, params)
  File "/usr/local/lib/code-server-4.103.2/lib/vscode/extensions/ms-python.python-2025.12.0/python_files/lib/jedilsp/pygls/protocol/json_rpc.py", line 188, in _execute_request
    self._send_response(msg_id, handler(params))
  File "/usr/local/lib/code-server-4.103.2/lib/vscode/extensions/ms-python.python-2025.12.0/python_files/lib/jedilsp/jedi_language_server/notebook_utils.py", line 373, in wrapped
    result = f(notebook_server, notebook_params)
  File "/usr/local/lib/code-server-4.103.2/lib/vscode/extensions/ms-python.python-2025.12.0/python_files/lib/jedilsp/jedi_language_server/server.py", line 717, in code_action
    extract_function_refactoring = jedi_script.extract_function(
  File "/usr/local/lib/code-server-4.103.2/lib/vscode/extensions/ms-python.python-2025.12.0/python_files/lib/jedilsp/jedi/api/helpers.py", line 487, in wrapper
    return func(self, line, column, *args, **kwargs)
  File "/usr/local/lib/code-server-4.103.2/lib/vscode/extensions/ms-python.python-2025.12.0/python_files/lib/jedilsp/jedi/api/__init__.py", line 675, in extract_function
    return extract_function(
  File "/usr/local/lib/code-server-4.103.2/lib/vscode/extensions/ms-python.python-2025.12.0/python_files/lib/jedilsp/jedi/api/refactoring/extract.py", line 216, in extract_function
    params, return_variables = list(_find_inputs_and_outputs(module_context, context, nodes))
  File "/usr/local/lib/code-server-4.103.2/lib/vscode/extensions/ms-python.python-2025.12.0/python_files/lib/jedilsp/jedi/api/refactoring/extract.py", line 332, in _find_inputs_and_outputs
    name_definitions = context.goto(name, name.start_pos)
  File "/usr/local/lib/code-server-4.103.2/lib/vscode/extensions/ms-python.python-2025.12.0/python_files/lib/jedilsp/jedi/inference/context.py", line 34, in goto
    names = finder.filter_name(filters, name_or_str)
  File "/usr/local/lib/code-server-4.103.2/lib/vscode/extensions/ms-python.python-2025.12.0/python_files/lib/jedilsp/jedi/inference/finder.py", line 35, in filter_name
    for filter in filters:
  File "/usr/local/lib/code-server-4.103.2/lib/vscode/extensions/ms-python.python-2025.12.0/python_files/lib/jedilsp/jedi/inference/context.py", line 496, in get_global_filters
    b = next(base_context.inference_state.builtins_module.get_filters(), None)
  File "/usr/local/lib/code-server-4.103.2/lib/vscode/extensions/ms-python.python-2025.12.0/python_files/lib/jedilsp/jedi/inference/cache.py", line 44, in wrapper
    rv = function(obj, *args, **kwargs)
  File "/usr/local/lib/code-server-4.103.2/lib/vscode/extensions/ms-python.python-2025.12.0/python_files/lib/jedilsp/jedi/inference/__init__.py", line 129, in builtins_module
    builtins_module, = self.import_module((module_name,), sys_path=[])
  File "/usr/local/lib/code-server-4.103.2/lib/vscode/extensions/ms-python.python-2025.12.0/python_files/lib/jedilsp/jedi/inference/__init__.py", line 112, in import_module
    return imports.import_module_by_names(
  File "/usr/local/lib/code-server-4.103.2/lib/vscode/extensions/ms-python.python-2025.12.0/python_files/lib/jedilsp/jedi/inference/imports.py", line 376, in import_module_by_names
    value_set = ValueSet.from_sets([
  File "/usr/local/lib/code-server-4.103.2/lib/vscode/extensions/ms-python.python-2025.12.0/python_files/lib/jedilsp/jedi/inference/imports.py", line 377, in <listcomp>
    import_module(
  File "/usr/local/lib/code-server-4.103.2/lib/vscode/extensions/ms-python.python-2025.12.0/python_files/lib/jedilsp/jedi/plugins/__init__.py", line 21, in wrapper
    return built_functions[public_name](*args, **kwargs)
  File "/usr/local/lib/code-server-4.103.2/lib/vscode/extensions/ms-python.python-2025.12.0/python_files/lib/jedilsp/jedi/plugins/flask.py", line 20, in wrapper
    return callback(inference_state, import_names, module_context, *args, **kwargs)
  File "/usr/local/lib/code-server-4.103.2/lib/vscode/extensions/ms-python.python-2025.12.0/python_files/lib/jedilsp/jedi/inference/gradual/typeshed.py", line 115, in wrapper
    python_value_set = ValueSet.from_sets(
  File "/usr/local/lib/code-server-4.103.2/lib/vscode/extensions/ms-python.python-2025.12.0/python_files/lib/jedilsp/jedi/inference/base_value.py", line 430, in from_sets
    for set_ in sets:
  File "/usr/local/lib/code-server-4.103.2/lib/vscode/extensions/ms-python.python-2025.12.0/python_files/lib/jedilsp/jedi/inference/gradual/typeshed.py", line 116, in <genexpr>
    func(inference_state, import_names, p, sys_path,)
  File "/usr/local/lib/code-server-4.103.2/lib/vscode/extensions/ms-python.python-2025.12.0/python_files/lib/jedilsp/jedi/inference/imports.py", line 411, in import_module
    file_io_or_ns, is_pkg = inference_state.compiled_subprocess.get_module_info(
  File "/usr/local/lib/code-server-4.103.2/lib/vscode/extensions/ms-python.python-2025.12.0/python_files/lib/jedilsp/jedi/inference/compiled/subprocess/__init__.py", line 188, in wrapper
    result = self._compiled_subprocess.run(
  File "/usr/local/lib/code-server-4.103.2/lib/vscode/extensions/ms-python.python-2025.12.0/python_files/lib/jedilsp/jedi/inference/compiled/subprocess/__init__.py", line 293, in run
    self._send(delete_id, None)
  File "/usr/local/lib/code-server-4.103.2/lib/vscode/extensions/ms-python.python-2025.12.0/python_files/lib/jedilsp/jedi/inference/compiled/subprocess/__init__.py", line 318, in _send
    is_exception, traceback, result = pickle_load(self._get_process().stdout)
  File "/usr/local/lib/code-server-4.103.2/lib/vscode/extensions/ms-python.python-2025.12.0/python_files/lib/jedilsp/jedi/_compatibility.py", line 25, in pickle_load
    return Unpickler(file).load()
_pickle.UnpicklingError: invalid load key, ' '.

2026-08-15 16:33:49.677 [info] [Error - 4:33:49 PM] Request textDocument/codeAction failed.
2026-08-15 16:33:49.677 [info]   Message: _pickle.UnpicklingError: invalid load key, ' '.
  Code: -32603 
[object Object]
2026-08-15 16:34:00.339 [info] semantic_tokens_range file:///voc/work/hello_llm.py 0:0-20:17
2026-08-15 16:34:00.340 [info] ERROR:pygls.protocol.json_rpc:Exception occurred for message "163": _pickle.UnpicklingError: invalid load key, ' '.
NoneType: None

2026-08-15 16:34:00.345 [info] [Error - 4:34:00 PM] Request textDocument/semanticTokens/range failed.
2026-08-15 16:34:00.345 [info]   Message: _pickle.UnpicklingError: invalid load key, ' '.
  Code: -32603 
[object Object]
2026-08-15 16:34:08.199 [info] semantic_tokens_range file:///voc/work/hello_llm.py 0:0-20:17
2026-08-15 16:34:08.201 [info] ERROR:pygls.protocol.json_rpc:Exception occurred for message "164": _pickle.UnpicklingError: invalid load key, ' '.
NoneType: None

2026-08-15 16:34:08.205 [info] [Error - 4:34:08 PM] Request textDocument/semanticTokens/range failed.
2026-08-15 16:34:08.205 [info]   Message: _pickle.UnpicklingError: invalid load key, ' '.
  Code: -32603 
[object Object]
2026-08-15 16:34:14.231 [info] ERROR:pygls.protocol.json_rpc:Failed to handle request 165 textDocument/completion CompletionParams(text_document=TextDocumentIdentifier(uri='file:///voc/work/hello_llm.py'), position=14:11, context=CompletionContext(trigger_kind=<CompletionTriggerKind.Invoked: 1>, trigger_character=None), work_done_token=None, partial_result_token=None)
Traceback (most recent call last):
  File "/usr/local/lib/code-server-4.103.2/lib/vscode/extensions/ms-python.python-2025.12.0/python_files/lib/jedilsp/pygls/protocol/json_rpc.py", line 266, in _handle_request
    self._execute_request(msg_id, handler, params)
  File "/usr/local/lib/code-server-4.103.2/lib/vscode/extensions/ms-python.python-2025.12.0/python_files/lib/jedilsp/pygls/protocol/json_rpc.py", line 188, in _execute_request
    self._send_response(msg_id, handler(params))
  File "/usr/local/lib/code-server-4.103.2/lib/vscode/extensions/ms-python.python-2025.12.0/python_files/lib/jedilsp/jedi_language_server/notebook_utils.py", line 373, in wrapped
    result = f(notebook_server, notebook_params)
  File "/usr/local/lib/code-server-4.103.2/lib/vscode/extensions/ms-python.python-2025.12.0/python_files/lib/jedilsp/jedi_language_server/server.py", line 284, in completion
    completions_jedi_raw = jedi_script.complete(*jedi_lines)
  File "/usr/local/lib/code-server-4.103.2/lib/vscode/extensions/ms-python.python-2025.12.0/python_files/lib/jedilsp/jedi/api/helpers.py", line 487, in wrapper
    return func(self, line, column, *args, **kwargs)
  File "/usr/local/lib/code-server-4.103.2/lib/vscode/extensions/ms-python.python-2025.12.0/python_files/lib/jedilsp/jedi/api/__init__.py", line 215, in complete
    return completion.complete()
  File "/usr/local/lib/code-server-4.103.2/lib/vscode/extensions/ms-python.python-2025.12.0/python_files/lib/jedilsp/jedi/api/completion.py", line 178, in complete
    cached_name, completion_names = self._complete_python(leaf)
  File "/usr/local/lib/code-server-4.103.2/lib/vscode/extensions/ms-python.python-2025.12.0/python_files/lib/jedilsp/jedi/api/completion.py", line 312, in _complete_python
    signatures = self._signatures_callback(*self._position)
  File "/usr/local/lib/code-server-4.103.2/lib/vscode/extensions/ms-python.python-2025.12.0/python_files/lib/jedilsp/jedi/api/helpers.py", line 487, in wrapper
    return func(self, line, column, *args, **kwargs)
  File "/usr/local/lib/code-server-4.103.2/lib/vscode/extensions/ms-python.python-2025.12.0/python_files/lib/jedilsp/jedi/api/__init__.py", line 455, in get_signatures
    definitions = helpers.cache_signatures(
  File "/usr/local/lib/code-server-4.103.2/lib/vscode/extensions/ms-python.python-2025.12.0/python_files/lib/jedilsp/jedi/cache.py", line 70, in wrapper
    value = next(generator)
  File "/usr/local/lib/code-server-4.103.2/lib/vscode/extensions/ms-python.python-2025.12.0/python_files/lib/jedilsp/jedi/api/helpers.py", line 461, in cache_signatures
    yield infer(
  File "/usr/local/lib/code-server-4.103.2/lib/vscode/extensions/ms-python.python-2025.12.0/python_files/lib/jedilsp/jedi/api/helpers.py", line 167, in infer
    return inference_state.infer(context, leaf)
  File "/usr/local/lib/code-server-4.103.2/lib/vscode/extensions/ms-python.python-2025.12.0/python_files/lib/jedilsp/jedi/inference/__init__.py", line 181, in infer
    return helpers.infer_call_of_leaf(context, name)
  File "/usr/local/lib/code-server-4.103.2/lib/vscode/extensions/ms-python.python-2025.12.0/python_files/lib/jedilsp/jedi/inference/helpers.py", line 104, in infer_call_of_leaf
    values = context.infer_node(base)
  File "/usr/local/lib/code-server-4.103.2/lib/vscode/extensions/ms-python.python-2025.12.0/python_files/lib/jedilsp/jedi/inference/context.py", line 224, in infer_node
    return infer_node(self, node)
  File "/usr/local/lib/code-server-4.103.2/lib/vscode/extensions/ms-python.python-2025.12.0/python_files/lib/jedilsp/jedi/inference/syntax_tree.py", line 157, in infer_node
    return _infer_node_if_inferred(context, element)
  File "/usr/local/lib/code-server-4.103.2/lib/vscode/extensions/ms-python.python-2025.12.0/python_files/lib/jedilsp/jedi/inference/syntax_tree.py", line 170, in _infer_node_if_inferred
    return _infer_node_cached(context, element)
  File "/usr/local/lib/code-server-4.103.2/lib/vscode/extensions/ms-python.python-2025.12.0/python_files/lib/jedilsp/jedi/inference/cache.py", line 44, in wrapper
    rv = function(obj, *args, **kwargs)
  File "/usr/local/lib/code-server-4.103.2/lib/vscode/extensions/ms-python.python-2025.12.0/python_files/lib/jedilsp/jedi/inference/syntax_tree.py", line 175, in _infer_node_cached
    return _infer_node(context, element)
  File "/usr/local/lib/code-server-4.103.2/lib/vscode/extensions/ms-python.python-2025.12.0/python_files/lib/jedilsp/jedi/debug.py", line 81, in wrapper
    return func(*args, **kwargs)
  File "/usr/local/lib/code-server-4.103.2/lib/vscode/extensions/ms-python.python-2025.12.0/python_files/lib/jedilsp/jedi/inference/syntax_tree.py", line 83, in wrapper
    return func(context, *args, **kwargs)
  File "/usr/local/lib/code-server-4.103.2/lib/vscode/extensions/ms-python.python-2025.12.0/python_files/lib/jedilsp/jedi/inference/syntax_tree.py", line 185, in _infer_node
    return infer_atom(context, element)
  File "/usr/local/lib/code-server-4.103.2/lib/vscode/extensions/ms-python.python-2025.12.0/python_files/lib/jedilsp/jedi/inference/syntax_tree.py", line 305, in infer_atom
    return context.py__getattribute__(atom, position=position)
  File "/usr/local/lib/code-server-4.103.2/lib/vscode/extensions/ms-python.python-2025.12.0/python_files/lib/jedilsp/jedi/inference/context.py", line 77, in py__getattribute__
    values = ValueSet.from_sets(name.infer() for name in names)
  File "/usr/local/lib/code-server-4.103.2/lib/vscode/extensions/ms-python.python-2025.12.0/python_files/lib/jedilsp/jedi/inference/base_value.py", line 430, in from_sets
    for set_ in sets:
  File "/usr/local/lib/code-server-4.103.2/lib/vscode/extensions/ms-python.python-2025.12.0/python_files/lib/jedilsp/jedi/inference/context.py", line 77, in <genexpr>
    values = ValueSet.from_sets(name.infer() for name in names)
  File "/usr/local/lib/code-server-4.103.2/lib/vscode/extensions/ms-python.python-2025.12.0/python_files/lib/jedilsp/jedi/inference/names.py", line 281, in infer
    return tree_name_to_values(
  File "/usr/local/lib/code-server-4.103.2/lib/vscode/extensions/ms-python.python-2025.12.0/python_files/lib/jedilsp/jedi/plugins/__init__.py", line 21, in wrapper
    return built_functions[public_name](*args, **kwargs)
  File "/usr/local/lib/code-server-4.103.2/lib/vscode/extensions/ms-python.python-2025.12.0/python_files/lib/jedilsp/jedi/plugins/stdlib.py", line 878, in wrapper
    return func(inference_state, context, tree_name)
  File "/usr/local/lib/code-server-4.103.2/lib/vscode/extensions/ms-python.python-2025.12.0/python_files/lib/jedilsp/jedi/plugins/django.py", line 177, in wrapper
    result = func(inference_state, context, tree_name)
  File "/usr/local/lib/code-server-4.103.2/lib/vscode/extensions/ms-python.python-2025.12.0/python_files/lib/jedilsp/jedi/inference/syntax_tree.py", line 758, in tree_name_to_values
    types = infer_expr_stmt(context, node, tree_name)
  File "/usr/local/lib/code-server-4.103.2/lib/vscode/extensions/ms-python.python-2025.12.0/python_files/lib/jedilsp/jedi/inference/syntax_tree.py", line 83, in wrapper
    return func(context, *args, **kwargs)
  File "/usr/local/lib/code-server-4.103.2/lib/vscode/extensions/ms-python.python-2025.12.0/python_files/lib/jedilsp/jedi/inference/syntax_tree.py", line 377, in infer_expr_stmt
    return _infer_expr_stmt(context, stmt, seek_name)
  File "/usr/local/lib/code-server-4.103.2/lib/vscode/extensions/ms-python.python-2025.12.0/python_files/lib/jedilsp/jedi/debug.py", line 81, in wrapper
    return func(*args, **kwargs)
  File "/usr/local/lib/code-server-4.103.2/lib/vscode/extensions/ms-python.python-2025.12.0/python_files/lib/jedilsp/jedi/inference/syntax_tree.py", line 410, in _infer_expr_stmt
    value_set = context.infer_node(rhs)
  File "/usr/local/lib/code-server-4.103.2/lib/vscode/extensions/ms-python.python-2025.12.0/python_files/lib/jedilsp/jedi/inference/context.py", line 224, in infer_node
    return infer_node(self, node)
  File "/usr/local/lib/code-server-4.103.2/lib/vscode/extensions/ms-python.python-2025.12.0/python_files/lib/jedilsp/jedi/inference/syntax_tree.py", line 157, in infer_node
    return _infer_node_if_inferred(context, element)
  File "/usr/local/lib/code-server-4.103.2/lib/vscode/extensions/ms-python.python-2025.12.0/python_files/lib/jedilsp/jedi/inference/syntax_tree.py", line 170, in _infer_node_if_inferred
    return _infer_node_cached(context, element)
  File "/usr/local/lib/code-server-4.103.2/lib/vscode/extensions/ms-python.python-2025.12.0/python_files/lib/jedilsp/jedi/inference/cache.py", line 44, in wrapper
    rv = function(obj, *args, **kwargs)
  File "/usr/local/lib/code-server-4.103.2/lib/vscode/extensions/ms-python.python-2025.12.0/python_files/lib/jedilsp/jedi/inference/syntax_tree.py", line 175, in _infer_node_cached
    return _infer_node(context, element)
  File "/usr/local/lib/code-server-4.103.2/lib/vscode/extensions/ms-python.python-2025.12.0/python_files/lib/jedilsp/jedi/debug.py", line 81, in wrapper
    return func(*args, **kwargs)
  File "/usr/local/lib/code-server-4.103.2/lib/vscode/extensions/ms-python.python-2025.12.0/python_files/lib/jedilsp/jedi/inference/syntax_tree.py", line 71, in wrapper
    and context.get_value() is inference_state.builtins_module:
  File "/usr/local/lib/code-server-4.103.2/lib/vscode/extensions/ms-python.python-2025.12.0/python_files/lib/jedilsp/jedi/inference/cache.py", line 44, in wrapper
    rv = function(obj, *args, **kwargs)
  File "/usr/local/lib/code-server-4.103.2/lib/vscode/extensions/ms-python.python-2025.12.0/python_files/lib/jedilsp/jedi/inference/__init__.py", line 129, in builtins_module
    builtins_module, = self.import_module((module_name,), sys_path=[])
  File "/usr/local/lib/code-server-4.103.2/lib/vscode/extensions/ms-python.python-2025.12.0/python_files/lib/jedilsp/jedi/inference/__init__.py", line 112, in import_module
    return imports.import_module_by_names(
  File "/usr/local/lib/code-server-4.103.2/lib/vscode/extensions/ms-python.python-2025.12.0/python_files/lib/jedilsp/jedi/inference/imports.py", line 376, in import_module_by_names
    value_set = ValueSet.from_sets([
  File "/usr/local/lib/code-server-4.103.2/lib/vscode/extensions/ms-python.python-2025.12.0/python_files/lib/jedilsp/jedi/inference/imports.py", line 377, in <listcomp>
    import_module(
  File "/usr/local/lib/code-server-4.103.2/lib/vscode/extensions/ms-python.python-2025.12.0/python_files/lib/jedilsp/jedi/plugins/__init__.py", line 21, in wrapper
    return built_functions[public_name](*args, **kwargs)
  File "/usr/local/lib/code-server-4.103.2/lib/vscode/extensions/ms-python.python-2025.12.0/python_files/lib/jedilsp/jedi/plugins/flask.py", line 20, in wrapper
    return callback(inference_state, import_names, module_context, *args, **kwargs)
  File "/usr/local/lib/code-server-4.103.2/lib/vscode/extensions/ms-python.python-2025.12.0/python_files/lib/jedilsp/jedi/inference/gradual/typeshed.py", line 115, in wrapper
    python_value_set = ValueSet.from_sets(
  File "/usr/local/lib/code-server-4.103.2/lib/vscode/extensions/ms-python.python-2025.12.0/python_files/lib/jedilsp/jedi/inference/base_value.py", line 430, in from_sets
    for set_ in sets:
  File "/usr/local/lib/code-server-4.103.2/lib/vscode/extensions/ms-python.python-2025.12.0/python_files/lib/jedilsp/jedi/inference/gradual/typeshed.py", line 116, in <genexpr>
    func(inference_state, import_names, p, sys_path,)
  File "/usr/local/lib/code-server-4.103.2/lib/vscode/extensions/ms-python.python-2025.12.0/python_files/lib/jedilsp/jedi/inference/imports.py", line 411, in import_module
    file_io_or_ns, is_pkg = inference_state.compiled_subprocess.get_module_info(
  File "/usr/local/lib/code-server-4.103.2/lib/vscode/extensions/ms-python.python-2025.12.0/python_files/lib/jedilsp/jedi/inference/compiled/subprocess/__init__.py", line 188, in wrapper
    result = self._compiled_subprocess.run(
  File "/usr/local/lib/code-server-4.103.2/lib/vscode/extensions/ms-python.python-2025.12.0/python_files/lib/jedilsp/jedi/inference/compiled/subprocess/__init__.py", line 293, in run
    self._send(delete_id, None)
  File "/usr/local/lib/code-server-4.103.2/lib/vscode/extensions/ms-python.python-2025.12.0/python_files/lib/jedilsp/jedi/inference/compiled/subprocess/__init__.py", line 318, in _send
    is_exception, traceback, result = pickle_load(self._get_process().stdout)
  File "/usr/local/lib/code-server-4.103.2/lib/vscode/extensions/ms-python.python-2025.12.0/python_files/lib/jedilsp/jedi/_compatibility.py", line 25, in pickle_load
    return Unpickler(file).load()
_pickle.UnpicklingError: invalid load key, ' '.

2026-08-15 16:34:14.232 [info] [Error - 4:34:14 PM] Request textDocument/completion failed.
2026-08-15 16:34:14.238 [info]   Message: _pickle.UnpicklingError: invalid load key, ' '.
  Code: -32603 
[object Object]
2026-08-15 16:34:14.687 [info] semantic_tokens_full file:///voc/work/hello_llm.py 
2026-08-15 16:34:14.689 [info] ERROR:pygls.protocol.json_rpc:Exception occurred for message "166": _pickle.UnpicklingError: invalid load key, ' '.
NoneType: None

2026-08-15 16:34:14.700 [info] [Error - 4:34:14 PM] Request textDocument/semanticTokens/full failed.
2026-08-15 16:34:14.700 [info]   Message: _pickle.UnpicklingError: invalid load key, ' '.
  Code: -32603 
[object Object]
2026-08-15 16:34:14.772 [info] ERROR:pygls.protocol.json_rpc:Failed to handle request 167 textDocument/completion CompletionParams(text_document=TextDocumentIdentifier(uri='file:///voc/work/hello_llm.py'), position=14:14, context=CompletionContext(trigger_kind=<CompletionTriggerKind.Invoked: 1>, trigger_character=None), work_done_token=None, partial_result_token=None)
Traceback (most recent call last):
  File "/usr/local/lib/code-server-4.103.2/lib/vscode/extensions/ms-python.python-2025.12.0/python_files/lib/jedilsp/pygls/protocol/json_rpc.py", line 266, in _handle_request
    self._execute_request(msg_id, handler, params)
  File "/usr/local/lib/code-server-4.103.2/lib/vscode/extensions/ms-python.python-2025.12.0/python_files/lib/jedilsp/pygls/protocol/json_rpc.py", line 188, in _execute_request
    self._send_response(msg_id, handler(params))
  File "/usr/local/lib/code-server-4.103.2/lib/vscode/extensions/ms-python.python-2025.12.0/python_files/lib/jedilsp/jedi_language_server/notebook_utils.py", line 373, in wrapped
    result = f(notebook_server, notebook_params)
  File "/usr/local/lib/code-server-4.103.2/lib/vscode/extensions/ms-python.python-2025.12.0/python_files/lib/jedilsp/jedi_language_server/server.py", line 284, in completion
    completions_jedi_raw = jedi_script.complete(*jedi_lines)
  File "/usr/local/lib/code-server-4.103.2/lib/vscode/extensions/ms-python.python-2025.12.0/python_files/lib/jedilsp/jedi/api/helpers.py", line 487, in wrapper
    return func(self, line, column, *args, **kwargs)
  File "/usr/local/lib/code-server-4.103.2/lib/vscode/extensions/ms-python.python-2025.12.0/python_files/lib/jedilsp/jedi/api/__init__.py", line 215, in complete
    return completion.complete()
  File "/usr/local/lib/code-server-4.103.2/lib/vscode/extensions/ms-python.python-2025.12.0/python_files/lib/jedilsp/jedi/api/completion.py", line 178, in complete
    cached_name, completion_names = self._complete_python(leaf)
  File "/usr/local/lib/code-server-4.103.2/lib/vscode/extensions/ms-python.python-2025.12.0/python_files/lib/jedilsp/jedi/api/completion.py", line 312, in _complete_python
    signatures = self._signatures_callback(*self._position)
  File "/usr/local/lib/code-server-4.103.2/lib/vscode/extensions/ms-python.python-2025.12.0/python_files/lib/jedilsp/jedi/api/helpers.py", line 487, in wrapper
    return func(self, line, column, *args, **kwargs)
  File "/usr/local/lib/code-server-4.103.2/lib/vscode/extensions/ms-python.python-2025.12.0/python_files/lib/jedilsp/jedi/api/__init__.py", line 455, in get_signatures
    definitions = helpers.cache_signatures(
  File "/usr/local/lib/code-server-4.103.2/lib/vscode/extensions/ms-python.python-2025.12.0/python_files/lib/jedilsp/jedi/cache.py", line 70, in wrapper
    value = next(generator)
  File "/usr/local/lib/code-server-4.103.2/lib/vscode/extensions/ms-python.python-2025.12.0/python_files/lib/jedilsp/jedi/api/helpers.py", line 461, in cache_signatures
    yield infer(
  File "/usr/local/lib/code-server-4.103.2/lib/vscode/extensions/ms-python.python-2025.12.0/python_files/lib/jedilsp/jedi/api/helpers.py", line 167, in infer
    return inference_state.infer(context, leaf)
  File "/usr/local/lib/code-server-4.103.2/lib/vscode/extensions/ms-python.python-2025.12.0/python_files/lib/jedilsp/jedi/inference/__init__.py", line 181, in infer
    return helpers.infer_call_of_leaf(context, name)
  File "/usr/local/lib/code-server-4.103.2/lib/vscode/extensions/ms-python.python-2025.12.0/python_files/lib/jedilsp/jedi/inference/helpers.py", line 104, in infer_call_of_leaf
    values = context.infer_node(base)
  File "/usr/local/lib/code-server-4.103.2/lib/vscode/extensions/ms-python.python-2025.12.0/python_files/lib/jedilsp/jedi/inference/context.py", line 224, in infer_node
    return infer_node(self, node)
  File "/usr/local/lib/code-server-4.103.2/lib/vscode/extensions/ms-python.python-2025.12.0/python_files/lib/jedilsp/jedi/inference/syntax_tree.py", line 157, in infer_node
    return _infer_node_if_inferred(context, element)
  File "/usr/local/lib/code-server-4.103.2/lib/vscode/extensions/ms-python.python-2025.12.0/python_files/lib/jedilsp/jedi/inference/syntax_tree.py", line 170, in _infer_node_if_inferred
    return _infer_node_cached(context, element)
  File "/usr/local/lib/code-server-4.103.2/lib/vscode/extensions/ms-python.python-2025.12.0/python_files/lib/jedilsp/jedi/inference/cache.py", line 44, in wrapper
    rv = function(obj, *args, **kwargs)
  File "/usr/local/lib/code-server-4.103.2/lib/vscode/extensions/ms-python.python-2025.12.0/python_files/lib/jedilsp/jedi/inference/syntax_tree.py", line 175, in _infer_node_cached
    return _infer_node(context, element)
  File "/usr/local/lib/code-server-4.103.2/lib/vscode/extensions/ms-python.python-2025.12.0/python_files/lib/jedilsp/jedi/debug.py", line 81, in wrapper
    return func(*args, **kwargs)
  File "/usr/local/lib/code-server-4.103.2/lib/vscode/extensions/ms-python.python-2025.12.0/python_files/lib/jedilsp/jedi/inference/syntax_tree.py", line 83, in wrapper
    return func(context, *args, **kwargs)
  File "/usr/local/lib/code-server-4.103.2/lib/vscode/extensions/ms-python.python-2025.12.0/python_files/lib/jedilsp/jedi/inference/syntax_tree.py", line 185, in _infer_node
    return infer_atom(context, element)
  File "/usr/local/lib/code-server-4.103.2/lib/vscode/extensions/ms-python.python-2025.12.0/python_files/lib/jedilsp/jedi/inference/syntax_tree.py", line 305, in infer_atom
    return context.py__getattribute__(atom, position=position)
  File "/usr/local/lib/code-server-4.103.2/lib/vscode/extensions/ms-python.python-2025.12.0/python_files/lib/jedilsp/jedi/inference/context.py", line 77, in py__getattribute__
    values = ValueSet.from_sets(name.infer() for name in names)
  File "/usr/local/lib/code-server-4.103.2/lib/vscode/extensions/ms-python.python-2025.12.0/python_files/lib/jedilsp/jedi/inference/base_value.py", line 430, in from_sets
    for set_ in sets:
  File "/usr/local/lib/code-server-4.103.2/lib/vscode/extensions/ms-python.python-2025.12.0/python_files/lib/jedilsp/jedi/inference/context.py", line 77, in <genexpr>
    values = ValueSet.from_sets(name.infer() for name in names)
  File "/usr/local/lib/code-server-4.103.2/lib/vscode/extensions/ms-python.python-2025.12.0/python_files/lib/jedilsp/jedi/inference/names.py", line 281, in infer
    return tree_name_to_values(
  File "/usr/local/lib/code-server-4.103.2/lib/vscode/extensions/ms-python.python-2025.12.0/python_files/lib/jedilsp/jedi/plugins/__init__.py", line 21, in wrapper
    return built_functions[public_name](*args, **kwargs)
  File "/usr/local/lib/code-server-4.103.2/lib/vscode/extensions/ms-python.python-2025.12.0/python_files/lib/jedilsp/jedi/plugins/stdlib.py", line 878, in wrapper
    return func(inference_state, context, tree_name)
  File "/usr/local/lib/code-server-4.103.2/lib/vscode/extensions/ms-python.python-2025.12.0/python_files/lib/jedilsp/jedi/plugins/django.py", line 177, in wrapper
    result = func(inference_state, context, tree_name)
  File "/usr/local/lib/code-server-4.103.2/lib/vscode/extensions/ms-python.python-2025.12.0/python_files/lib/jedilsp/jedi/inference/syntax_tree.py", line 758, in tree_name_to_values
    types = infer_expr_stmt(context, node, tree_name)
  File "/usr/local/lib/code-server-4.103.2/lib/vscode/extensions/ms-python.python-2025.12.0/python_files/lib/jedilsp/jedi/inference/syntax_tree.py", line 83, in wrapper
    return func(context, *args, **kwargs)
  File "/usr/local/lib/code-server-4.103.2/lib/vscode/extensions/ms-python.python-2025.12.0/python_files/lib/jedilsp/jedi/inference/syntax_tree.py", line 377, in infer_expr_stmt
    return _infer_expr_stmt(context, stmt, seek_name)
  File "/usr/local/lib/code-server-4.103.2/lib/vscode/extensions/ms-python.python-2025.12.0/python_files/lib/jedilsp/jedi/debug.py", line 81, in wrapper
    return func(*args, **kwargs)
  File "/usr/local/lib/code-server-4.103.2/lib/vscode/extensions/ms-python.python-2025.12.0/python_files/lib/jedilsp/jedi/inference/syntax_tree.py", line 410, in _infer_expr_stmt
    value_set = context.infer_node(rhs)
  File "/usr/local/lib/code-server-4.103.2/lib/vscode/extensions/ms-python.python-2025.12.0/python_files/lib/jedilsp/jedi/inference/context.py", line 224, in infer_node
    return infer_node(self, node)
  File "/usr/local/lib/code-server-4.103.2/lib/vscode/extensions/ms-python.python-2025.12.0/python_files/lib/jedilsp/jedi/inference/syntax_tree.py", line 157, in infer_node
    return _infer_node_if_inferred(context, element)
  File "/usr/local/lib/code-server-4.103.2/lib/vscode/extensions/ms-python.python-2025.12.0/python_files/lib/jedilsp/jedi/inference/syntax_tree.py", line 170, in _infer_node_if_inferred
    return _infer_node_cached(context, element)
  File "/usr/local/lib/code-server-4.103.2/lib/vscode/extensions/ms-python.python-2025.12.0/python_files/lib/jedilsp/jedi/inference/cache.py", line 44, in wrapper
    rv = function(obj, *args, **kwargs)
  File "/usr/local/lib/code-server-4.103.2/lib/vscode/extensions/ms-python.python-2025.12.0/python_files/lib/jedilsp/jedi/inference/syntax_tree.py", line 175, in _infer_node_cached
    return _infer_node(context, element)
  File "/usr/local/lib/code-server-4.103.2/lib/vscode/extensions/ms-python.python-2025.12.0/python_files/lib/jedilsp/jedi/debug.py", line 81, in wrapper
    return func(*args, **kwargs)
  File "/usr/local/lib/code-server-4.103.2/lib/vscode/extensions/ms-python.python-2025.12.0/python_files/lib/jedilsp/jedi/inference/syntax_tree.py", line 71, in wrapper
    and context.get_value() is inference_state.builtins_module:
  File "/usr/local/lib/code-server-4.103.2/lib/vscode/extensions/ms-python.python-2025.12.0/python_files/lib/jedilsp/jedi/inference/cache.py", line 44, in wrapper
    rv = function(obj, *args, **kwargs)
  File "/usr/local/lib/code-server-4.103.2/lib/vscode/extensions/ms-python.python-2025.12.0/python_files/lib/jedilsp/jedi/inference/__init__.py", line 129, in builtins_module
    builtins_module, = self.import_module((module_name,), sys_path=[])
  File "/usr/local/lib/code-server-4.103.2/lib/vscode/extensions/ms-python.python-2025.12.0/python_files/lib/jedilsp/jedi/inference/__init__.py", line 112, in import_module
    return imports.import_module_by_names(
  File "/usr/local/lib/code-server-4.103.2/lib/vscode/extensions/ms-python.python-2025.12.0/python_files/lib/jedilsp/jedi/inference/imports.py", line 376, in import_module_by_names
    value_set = ValueSet.from_sets([
  File "/usr/local/lib/code-server-4.103.2/lib/vscode/extensions/ms-python.python-2025.12.0/python_files/lib/jedilsp/jedi/inference/imports.py", line 377, in <listcomp>
    import_module(
  File "/usr/local/lib/code-server-4.103.2/lib/vscode/extensions/ms-python.python-2025.12.0/python_files/lib/jedilsp/jedi/plugins/__init__.py", line 21, in wrapper
    return built_functions[public_name](*args, **kwargs)
  File "/usr/local/lib/code-server-4.103.2/lib/vscode/extensions/ms-python.python-2025.12.0/python_files/lib/jedilsp/jedi/plugins/flask.py", line 20, in wrapper
    return callback(inference_state, import_names, module_context, *args, **kwargs)
  File "/usr/local/lib/code-server-4.103.2/lib/vscode/extensions/ms-python.python-2025.12.0/python_files/lib/jedilsp/jedi/inference/gradual/typeshed.py", line 115, in wrapper
    python_value_set = ValueSet.from_sets(
  File "/usr/local/lib/code-server-4.103.2/lib/vscode/extensions/ms-python.python-2025.12.0/python_files/lib/jedilsp/jedi/inference/base_value.py", line 430, in from_sets
    for set_ in sets:
  File "/usr/local/lib/code-server-4.103.2/lib/vscode/extensions/ms-python.python-2025.12.0/python_files/lib/jedilsp/jedi/inference/gradual/typeshed.py", line 116, in <genexpr>
    func(inference_state, import_names, p, sys_path,)
  File "/usr/local/lib/code-server-4.103.2/lib/vscode/extensions/ms-python.python-2025.12.0/python_files/lib/jedilsp/jedi/inference/imports.py", line 411, in import_module
    file_io_or_ns, is_pkg = inference_state.compiled_subprocess.get_module_info(
  File "/usr/local/lib/code-server-4.103.2/lib/vscode/extensions/ms-python.python-2025.12.0/python_files/lib/jedilsp/jedi/inference/compiled/subprocess/__init__.py", line 188, in wrapper
    result = self._compiled_subprocess.run(
  File "/usr/local/lib/code-server-4.103.2/lib/vscode/extensions/ms-python.python-2025.12.0/python_files/lib/jedilsp/jedi/inference/compiled/subprocess/__init__.py", line 293, in run
    self._send(delete_id, None)
  File "/usr/local/lib/code-server-4.103.2/lib/vscode/extensions/ms-python.python-2025.12.0/python_files/lib/jedilsp/jedi/inference/compiled/subprocess/__init__.py", line 318, in _send
    is_exception, traceback, result = pickle_load(self._get_process().stdout)
  File "/usr/local/lib/code-server-4.103.2/lib/vscode/extensions/ms-python.python-2025.12.0/python_files/lib/jedilsp/jedi/_compatibility.py", line 25, in pickle_load
    return Unpickler(file).load()
_pickle.UnpicklingError: invalid load key, ' '.

2026-08-15 16:34:14.773 [info] [Error - 4:34:14 PM] Request textDocument/completion failed.
2026-08-15 16:34:14.780 [info]   Message: _pickle.UnpicklingError: invalid load key, ' '.
  Code: -32603 
[object Object]
2026-08-15 16:34:15.253 [info] semantic_tokens_full file:///voc/work/hello_llm.py 
2026-08-15 16:34:15.254 [info] ERROR:pygls.protocol.json_rpc:Exception occurred for message "168": _pickle.UnpicklingError: invalid load key, ' '.
NoneType: None

2026-08-15 16:34:15.261 [info] [Error - 4:34:15 PM] Request textDocument/semanticTokens/full failed.
2026-08-15 16:34:15.261 [info]   Message: _pickle.UnpicklingError: invalid load key, ' '.
  Code: -32603 
[object Object]
2026-08-15 16:34:15.426 [info] semantic_tokens_range file:///voc/work/hello_llm.py 0:0-21:17
2026-08-15 16:34:15.427 [info] ERROR:pygls.protocol.json_rpc:Exception occurred for message "169": _pickle.UnpicklingError: invalid load key, ' '.
NoneType: None

2026-08-15 16:34:15.433 [info] [Error - 4:34:15 PM] Request textDocument/semanticTokens/range failed.
2026-08-15 16:34:15.433 [info]   Message: _pickle.UnpicklingError: invalid load key, ' '.
  Code: -32603 
[object Object]
2026-08-15 16:34:15.477 [info] ERROR:pygls.protocol.json_rpc:Failed to handle request 170 textDocument/documentSymbol DocumentSymbolParams(text_document=TextDocumentIdentifier(uri='file:///voc/work/hello_llm.py'), work_done_token=None, partial_result_token=None)
Traceback (most recent call last):
  File "/usr/local/lib/code-server-4.103.2/lib/vscode/extensions/ms-python.python-2025.12.0/python_files/lib/jedilsp/pygls/protocol/json_rpc.py", line 266, in _handle_request
    self._execute_request(msg_id, handler, params)
  File "/usr/local/lib/code-server-4.103.2/lib/vscode/extensions/ms-python.python-2025.12.0/python_files/lib/jedilsp/pygls/protocol/json_rpc.py", line 188, in _execute_request
    self._send_response(msg_id, handler(params))
  File "/usr/local/lib/code-server-4.103.2/lib/vscode/extensions/ms-python.python-2025.12.0/python_files/lib/jedilsp/jedi_language_server/server.py", line 546, in document_symbol
    document_symbols = jedi_utils.lsp_document_symbols(names)
  File "/usr/local/lib/code-server-4.103.2/lib/vscode/extensions/ms-python.python-2025.12.0/python_files/lib/jedilsp/jedi_language_server/jedi_utils.py", line 225, in lsp_document_symbols
    symbol_range = _document_symbol_range(name)
  File "/usr/local/lib/code-server-4.103.2/lib/vscode/extensions/ms-python.python-2025.12.0/python_files/lib/jedilsp/jedi_language_server/jedi_utils.py", line 204, in _document_symbol_range
    end = name.get_definition_end_position()
  File "/usr/local/lib/code-server-4.103.2/lib/vscode/extensions/ms-python.python-2025.12.0/python_files/lib/jedilsp/jedi/api/classes.py", line 260, in get_definition_end_position
    if self.type in ("function", "class"):
  File "/usr/local/lib/code-server-4.103.2/lib/vscode/extensions/ms-python.python-2025.12.0/python_files/lib/jedilsp/jedi/api/classes.py", line 190, in type
    for value in self._name.infer():
  File "/usr/local/lib/code-server-4.103.2/lib/vscode/extensions/ms-python.python-2025.12.0/python_files/lib/jedilsp/jedi/inference/names.py", line 281, in infer
    return tree_name_to_values(
  File "/usr/local/lib/code-server-4.103.2/lib/vscode/extensions/ms-python.python-2025.12.0/python_files/lib/jedilsp/jedi/plugins/__init__.py", line 21, in wrapper
    return built_functions[public_name](*args, **kwargs)
  File "/usr/local/lib/code-server-4.103.2/lib/vscode/extensions/ms-python.python-2025.12.0/python_files/lib/jedilsp/jedi/plugins/stdlib.py", line 878, in wrapper
    return func(inference_state, context, tree_name)
  File "/usr/local/lib/code-server-4.103.2/lib/vscode/extensions/ms-python.python-2025.12.0/python_files/lib/jedilsp/jedi/plugins/django.py", line 177, in wrapper
    result = func(inference_state, context, tree_name)
  File "/usr/local/lib/code-server-4.103.2/lib/vscode/extensions/ms-python.python-2025.12.0/python_files/lib/jedilsp/jedi/inference/syntax_tree.py", line 771, in tree_name_to_values
    types = imports.infer_import(context, tree_name)
  File "/usr/local/lib/code-server-4.103.2/lib/vscode/extensions/ms-python.python-2025.12.0/python_files/lib/jedilsp/jedi/inference/cache.py", line 44, in wrapper
    rv = function(obj, *args, **kwargs)
  File "/usr/local/lib/code-server-4.103.2/lib/vscode/extensions/ms-python.python-2025.12.0/python_files/lib/jedilsp/jedi/inference/imports.py", line 53, in infer_import
    _prepare_infer_import(module_context, tree_name)
  File "/usr/local/lib/code-server-4.103.2/lib/vscode/extensions/ms-python.python-2025.12.0/python_files/lib/jedilsp/jedi/inference/imports.py", line 116, in _prepare_infer_import
    return from_import_name, tuple(import_path), import_node.level, importer.follow()
  File "/usr/local/lib/code-server-4.103.2/lib/vscode/extensions/ms-python.python-2025.12.0/python_files/lib/jedilsp/jedi/inference/imports.py", line 296, in follow
    return import_module_by_names(
  File "/usr/local/lib/code-server-4.103.2/lib/vscode/extensions/ms-python.python-2025.12.0/python_files/lib/jedilsp/jedi/inference/imports.py", line 376, in import_module_by_names
    value_set = ValueSet.from_sets([
  File "/usr/local/lib/code-server-4.103.2/lib/vscode/extensions/ms-python.python-2025.12.0/python_files/lib/jedilsp/jedi/inference/imports.py", line 377, in <listcomp>
    import_module(
  File "/usr/local/lib/code-server-4.103.2/lib/vscode/extensions/ms-python.python-2025.12.0/python_files/lib/jedilsp/jedi/plugins/__init__.py", line 21, in wrapper
    return built_functions[public_name](*args, **kwargs)
  File "/usr/local/lib/code-server-4.103.2/lib/vscode/extensions/ms-python.python-2025.12.0/python_files/lib/jedilsp/jedi/plugins/flask.py", line 20, in wrapper
    return callback(inference_state, import_names, module_context, *args, **kwargs)
  File "/usr/local/lib/code-server-4.103.2/lib/vscode/extensions/ms-python.python-2025.12.0/python_files/lib/jedilsp/jedi/inference/gradual/typeshed.py", line 115, in wrapper
    python_value_set = ValueSet.from_sets(
  File "/usr/local/lib/code-server-4.103.2/lib/vscode/extensions/ms-python.python-2025.12.0/python_files/lib/jedilsp/jedi/inference/base_value.py", line 430, in from_sets
    for set_ in sets:
  File "/usr/local/lib/code-server-4.103.2/lib/vscode/extensions/ms-python.python-2025.12.0/python_files/lib/jedilsp/jedi/inference/gradual/typeshed.py", line 116, in <genexpr>
    func(inference_state, import_names, p, sys_path,)
  File "/usr/local/lib/code-server-4.103.2/lib/vscode/extensions/ms-python.python-2025.12.0/python_files/lib/jedilsp/jedi/inference/imports.py", line 411, in import_module
    file_io_or_ns, is_pkg = inference_state.compiled_subprocess.get_module_info(
  File "/usr/local/lib/code-server-4.103.2/lib/vscode/extensions/ms-python.python-2025.12.0/python_files/lib/jedilsp/jedi/inference/compiled/subprocess/__init__.py", line 188, in wrapper
    result = self._compiled_subprocess.run(
  File "/usr/local/lib/code-server-4.103.2/lib/vscode/extensions/ms-python.python-2025.12.0/python_files/lib/jedilsp/jedi/inference/compiled/subprocess/__init__.py", line 296, in run
    return self._send(inference_state_id, function, args, kwargs)
  File "/usr/local/lib/code-server-4.103.2/lib/vscode/extensions/ms-python.python-2025.12.0/python_files/lib/jedilsp/jedi/inference/compiled/subprocess/__init__.py", line 318, in _send
    is_exception, traceback, result = pickle_load(self._get_process().stdout)
  File "/usr/local/lib/code-server-4.103.2/lib/vscode/extensions/ms-python.python-2025.12.0/python_files/lib/jedilsp/jedi/_compatibility.py", line 25, in pickle_load
    return Unpickler(file).load()
_pickle.UnpicklingError: invalid load key, ' '.

2026-08-15 16:34:15.477 [info] [Error - 4:34:15 PM] Request textDocument/documentSymbol failed.
2026-08-15 16:34:15.485 [info]   Message: _pickle.UnpicklingError: invalid load key, ' '.
  Code: -32603 
[object Object]
2026-08-15 16:34:15.500 [info] ERROR:pygls.protocol.json_rpc:Failed to handle request 171 textDocument/documentSymbol DocumentSymbolParams(text_document=TextDocumentIdentifier(uri='file:///voc/work/hello_llm.py'), work_done_token=None, partial_result_token=None)
Traceback (most recent call last):
  File "/usr/local/lib/code-server-4.103.2/lib/vscode/extensions/ms-python.python-2025.12.0/python_files/lib/jedilsp/pygls/protocol/json_rpc.py", line 266, in _handle_request
    self._execute_request(msg_id, handler, params)
  File "/usr/local/lib/code-server-4.103.2/lib/vscode/extensions/ms-python.python-2025.12.0/python_files/lib/jedilsp/pygls/protocol/json_rpc.py", line 188, in _execute_request
    self._send_response(msg_id, handler(params))
  File "/usr/local/lib/code-server-4.103.2/lib/vscode/extensions/ms-python.python-2025.12.0/python_files/lib/jedilsp/jedi_language_server/server.py", line 546, in document_symbol
    document_symbols = jedi_utils.lsp_document_symbols(names)
  File "/usr/local/lib/code-server-4.103.2/lib/vscode/extensions/ms-python.python-2025.12.0/python_files/lib/jedilsp/jedi_language_server/jedi_utils.py", line 225, in lsp_document_symbols
    symbol_range = _document_symbol_range(name)
  File "/usr/local/lib/code-server-4.103.2/lib/vscode/extensions/ms-python.python-2025.12.0/python_files/lib/jedilsp/jedi_language_server/jedi_utils.py", line 204, in _document_symbol_range
    end = name.get_definition_end_position()
  File "/usr/local/lib/code-server-4.103.2/lib/vscode/extensions/ms-python.python-2025.12.0/python_files/lib/jedilsp/jedi/api/classes.py", line 260, in get_definition_end_position
    if self.type in ("function", "class"):
  File "/usr/local/lib/code-server-4.103.2/lib/vscode/extensions/ms-python.python-2025.12.0/python_files/lib/jedilsp/jedi/api/classes.py", line 190, in type
    for value in self._name.infer():
  File "/usr/local/lib/code-server-4.103.2/lib/vscode/extensions/ms-python.python-2025.12.0/python_files/lib/jedilsp/jedi/inference/names.py", line 281, in infer
    return tree_name_to_values(
  File "/usr/local/lib/code-server-4.103.2/lib/vscode/extensions/ms-python.python-2025.12.0/python_files/lib/jedilsp/jedi/plugins/__init__.py", line 21, in wrapper
    return built_functions[public_name](*args, **kwargs)
  File "/usr/local/lib/code-server-4.103.2/lib/vscode/extensions/ms-python.python-2025.12.0/python_files/lib/jedilsp/jedi/plugins/stdlib.py", line 878, in wrapper
    return func(inference_state, context, tree_name)
  File "/usr/local/lib/code-server-4.103.2/lib/vscode/extensions/ms-python.python-2025.12.0/python_files/lib/jedilsp/jedi/plugins/django.py", line 177, in wrapper
    result = func(inference_state, context, tree_name)
  File "/usr/local/lib/code-server-4.103.2/lib/vscode/extensions/ms-python.python-2025.12.0/python_files/lib/jedilsp/jedi/inference/syntax_tree.py", line 771, in tree_name_to_values
    types = imports.infer_import(context, tree_name)
  File "/usr/local/lib/code-server-4.103.2/lib/vscode/extensions/ms-python.python-2025.12.0/python_files/lib/jedilsp/jedi/inference/cache.py", line 44, in wrapper
    rv = function(obj, *args, **kwargs)
  File "/usr/local/lib/code-server-4.103.2/lib/vscode/extensions/ms-python.python-2025.12.0/python_files/lib/jedilsp/jedi/inference/imports.py", line 53, in infer_import
    _prepare_infer_import(module_context, tree_name)
  File "/usr/local/lib/code-server-4.103.2/lib/vscode/extensions/ms-python.python-2025.12.0/python_files/lib/jedilsp/jedi/inference/imports.py", line 116, in _prepare_infer_import
    return from_import_name, tuple(import_path), import_node.level, importer.follow()
  File "/usr/local/lib/code-server-4.103.2/lib/vscode/extensions/ms-python.python-2025.12.0/python_files/lib/jedilsp/jedi/inference/imports.py", line 296, in follow
    return import_module_by_names(
  File "/usr/local/lib/code-server-4.103.2/lib/vscode/extensions/ms-python.python-2025.12.0/python_files/lib/jedilsp/jedi/inference/imports.py", line 376, in import_module_by_names
    value_set = ValueSet.from_sets([
  File "/usr/local/lib/code-server-4.103.2/lib/vscode/extensions/ms-python.python-2025.12.0/python_files/lib/jedilsp/jedi/inference/imports.py", line 377, in <listcomp>
    import_module(
  File "/usr/local/lib/code-server-4.103.2/lib/vscode/extensions/ms-python.python-2025.12.0/python_files/lib/jedilsp/jedi/plugins/__init__.py", line 21, in wrapper
    return built_functions[public_name](*args, **kwargs)
  File "/usr/local/lib/code-server-4.103.2/lib/vscode/extensions/ms-python.python-2025.12.0/python_files/lib/jedilsp/jedi/plugins/flask.py", line 20, in wrapper
    return callback(inference_state, import_names, module_context, *args, **kwargs)
  File "/usr/local/lib/code-server-4.103.2/lib/vscode/extensions/ms-python.python-2025.12.0/python_files/lib/jedilsp/jedi/inference/gradual/typeshed.py", line 115, in wrapper
    python_value_set = ValueSet.from_sets(
  File "/usr/local/lib/code-server-4.103.2/lib/vscode/extensions/ms-python.python-2025.12.0/python_files/lib/jedilsp/jedi/inference/base_value.py", line 430, in from_sets
    for set_ in sets:
  File "/usr/local/lib/code-server-4.103.2/lib/vscode/extensions/ms-python.python-2025.12.0/python_files/lib/jedilsp/jedi/inference/gradual/typeshed.py", line 116, in <genexpr>
    func(inference_state, import_names, p, sys_path,)
  File "/usr/local/lib/code-server-4.103.2/lib/vscode/extensions/ms-python.python-2025.12.0/python_files/lib/jedilsp/jedi/inference/imports.py", line 411, in import_module
    file_io_or_ns, is_pkg = inference_state.compiled_subprocess.get_module_info(
  File "/usr/local/lib/code-server-4.103.2/lib/vscode/extensions/ms-python.python-2025.12.0/python_files/lib/jedilsp/jedi/inference/compiled/subprocess/__init__.py", line 188, in wrapper
    result = self._compiled_subprocess.run(
  File "/usr/local/lib/code-server-4.103.2/lib/vscode/extensions/ms-python.python-2025.12.0/python_files/lib/jedilsp/jedi/inference/compiled/subprocess/__init__.py", line 296, in run
    return self._send(inference_state_id, function, args, kwargs)
  File "/usr/local/lib/code-server-4.103.2/lib/vscode/extensions/ms-python.python-2025.12.0/python_files/lib/jedilsp/jedi/inference/compiled/subprocess/__init__.py", line 318, in _send
    is_exception, traceback, result = pickle_load(self._get_process().stdout)
  File "/usr/local/lib/code-server-4.103.2/lib/vscode/extensions/ms-python.python-2025.12.0/python_files/lib/jedilsp/jedi/_compatibility.py", line 25, in pickle_load
    return Unpickler(file).load()
_pickle.UnpicklingError: invalid load key, ' '.

2026-08-15 16:34:15.501 [info] [Error - 4:34:15 PM] Request textDocument/documentSymbol failed.
2026-08-15 16:34:15.501 [info]   Message: _pickle.UnpicklingError: invalid load key, ' '.
  Code: -32603 
[object Object]
2026-08-15 16:34:17.861 [info] semantic_tokens_range file:///voc/work/hello_llm.py 0:0-21:17
2026-08-15 16:34:17.863 [info] ERROR:pygls.protocol.json_rpc:Exception occurred for message "172": _pickle.UnpicklingError: invalid load key, ' '.
NoneType: None

2026-08-15 16:34:17.868 [info] [Error - 4:34:17 PM] Request textDocument/semanticTokens/range failed.
2026-08-15 16:34:17.868 [info]   Message: _pickle.UnpicklingError: invalid load key, ' '.
  Code: -32603 
[object Object]
2026-08-15 16:34:17.910 [info] ERROR:pygls.protocol.json_rpc:Failed to handle request 173 textDocument/documentSymbol DocumentSymbolParams(text_document=TextDocumentIdentifier(uri='file:///voc/work/hello_llm.py'), work_done_token=None, partial_result_token=None)
Traceback (most recent call last):
  File "/usr/local/lib/code-server-4.103.2/lib/vscode/extensions/ms-python.python-2025.12.0/python_files/lib/jedilsp/pygls/protocol/json_rpc.py", line 266, in _handle_request
    self._execute_request(msg_id, handler, params)
  File "/usr/local/lib/code-server-4.103.2/lib/vscode/extensions/ms-python.python-2025.12.0/python_files/lib/jedilsp/pygls/protocol/json_rpc.py", line 188, in _execute_request
    self._send_response(msg_id, handler(params))
  File "/usr/local/lib/code-server-4.103.2/lib/vscode/extensions/ms-python.python-2025.12.0/python_files/lib/jedilsp/jedi_language_server/server.py", line 546, in document_symbol
    document_symbols = jedi_utils.lsp_document_symbols(names)
  File "/usr/local/lib/code-server-4.103.2/lib/vscode/extensions/ms-python.python-2025.12.0/python_files/lib/jedilsp/jedi_language_server/jedi_utils.py", line 225, in lsp_document_symbols
    symbol_range = _document_symbol_range(name)
  File "/usr/local/lib/code-server-4.103.2/lib/vscode/extensions/ms-python.python-2025.12.0/python_files/lib/jedilsp/jedi_language_server/jedi_utils.py", line 204, in _document_symbol_range
    end = name.get_definition_end_position()
  File "/usr/local/lib/code-server-4.103.2/lib/vscode/extensions/ms-python.python-2025.12.0/python_files/lib/jedilsp/jedi/api/classes.py", line 260, in get_definition_end_position
    if self.type in ("function", "class"):
  File "/usr/local/lib/code-server-4.103.2/lib/vscode/extensions/ms-python.python-2025.12.0/python_files/lib/jedilsp/jedi/api/classes.py", line 190, in type
    for value in self._name.infer():
  File "/usr/local/lib/code-server-4.103.2/lib/vscode/extensions/ms-python.python-2025.12.0/python_files/lib/jedilsp/jedi/inference/names.py", line 281, in infer
    return tree_name_to_values(
  File "/usr/local/lib/code-server-4.103.2/lib/vscode/extensions/ms-python.python-2025.12.0/python_files/lib/jedilsp/jedi/plugins/__init__.py", line 21, in wrapper
    return built_functions[public_name](*args, **kwargs)
  File "/usr/local/lib/code-server-4.103.2/lib/vscode/extensions/ms-python.python-2025.12.0/python_files/lib/jedilsp/jedi/plugins/stdlib.py", line 878, in wrapper
    return func(inference_state, context, tree_name)
  File "/usr/local/lib/code-server-4.103.2/lib/vscode/extensions/ms-python.python-2025.12.0/python_files/lib/jedilsp/jedi/plugins/django.py", line 177, in wrapper
    result = func(inference_state, context, tree_name)
  File "/usr/local/lib/code-server-4.103.2/lib/vscode/extensions/ms-python.python-2025.12.0/python_files/lib/jedilsp/jedi/inference/syntax_tree.py", line 771, in tree_name_to_values
    types = imports.infer_import(context, tree_name)
  File "/usr/local/lib/code-server-4.103.2/lib/vscode/extensions/ms-python.python-2025.12.0/python_files/lib/jedilsp/jedi/inference/cache.py", line 44, in wrapper
    rv = function(obj, *args, **kwargs)
  File "/usr/local/lib/code-server-4.103.2/lib/vscode/extensions/ms-python.python-2025.12.0/python_files/lib/jedilsp/jedi/inference/imports.py", line 53, in infer_import
    _prepare_infer_import(module_context, tree_name)
  File "/usr/local/lib/code-server-4.103.2/lib/vscode/extensions/ms-python.python-2025.12.0/python_files/lib/jedilsp/jedi/inference/imports.py", line 116, in _prepare_infer_import
    return from_import_name, tuple(import_path), import_node.level, importer.follow()
  File "/usr/local/lib/code-server-4.103.2/lib/vscode/extensions/ms-python.python-2025.12.0/python_files/lib/jedilsp/jedi/inference/imports.py", line 296, in follow
    return import_module_by_names(
  File "/usr/local/lib/code-server-4.103.2/lib/vscode/extensions/ms-python.python-2025.12.0/python_files/lib/jedilsp/jedi/inference/imports.py", line 376, in import_module_by_names
    value_set = ValueSet.from_sets([
  File "/usr/local/lib/code-server-4.103.2/lib/vscode/extensions/ms-python.python-2025.12.0/python_files/lib/jedilsp/jedi/inference/imports.py", line 377, in <listcomp>
    import_module(
  File "/usr/local/lib/code-server-4.103.2/lib/vscode/extensions/ms-python.python-2025.12.0/python_files/lib/jedilsp/jedi/plugins/__init__.py", line 21, in wrapper
    return built_functions[public_name](*args, **kwargs)
  File "/usr/local/lib/code-server-4.103.2/lib/vscode/extensions/ms-python.python-2025.12.0/python_files/lib/jedilsp/jedi/plugins/flask.py", line 20, in wrapper
    return callback(inference_state, import_names, module_context, *args, **kwargs)
  File "/usr/local/lib/code-server-4.103.2/lib/vscode/extensions/ms-python.python-2025.12.0/python_files/lib/jedilsp/jedi/inference/gradual/typeshed.py", line 115, in wrapper
    python_value_set = ValueSet.from_sets(
  File "/usr/local/lib/code-server-4.103.2/lib/vscode/extensions/ms-python.python-2025.12.0/python_files/lib/jedilsp/jedi/inference/base_value.py", line 430, in from_sets
    for set_ in sets:
  File "/usr/local/lib/code-server-4.103.2/lib/vscode/extensions/ms-python.python-2025.12.0/python_files/lib/jedilsp/jedi/inference/gradual/typeshed.py", line 116, in <genexpr>
    func(inference_state, import_names, p, sys_path,)
  File "/usr/local/lib/code-server-4.103.2/lib/vscode/extensions/ms-python.python-2025.12.0/python_files/lib/jedilsp/jedi/inference/imports.py", line 411, in import_module
    file_io_or_ns, is_pkg = inference_state.compiled_subprocess.get_module_info(
  File "/usr/local/lib/code-server-4.103.2/lib/vscode/extensions/ms-python.python-2025.12.0/python_files/lib/jedilsp/jedi/inference/compiled/subprocess/__init__.py", line 188, in wrapper
    result = self._compiled_subprocess.run(
  File "/usr/local/lib/code-server-4.103.2/lib/vscode/extensions/ms-python.python-2025.12.0/python_files/lib/jedilsp/jedi/inference/compiled/subprocess/__init__.py", line 293, in run
    self._send(delete_id, None)
  File "/usr/local/lib/code-server-4.103.2/lib/vscode/extensions/ms-python.python-2025.12.0/python_files/lib/jedilsp/jedi/inference/compiled/subprocess/__init__.py", line 318, in _send
    is_exception, traceback, result = pickle_load(self._get_process().stdout)
  File "/usr/local/lib/code-server-4.103.2/lib/vscode/extensions/ms-python.python-2025.12.0/python_files/lib/jedilsp/jedi/_compatibility.py", line 25, in pickle_load
    return Unpickler(file).load()
_pickle.UnpicklingError: invalid load key, ' '.

2026-08-15 16:34:17.910 [info] [Error - 4:34:17 PM] Request textDocument/documentSymbol failed.
2026-08-15 16:34:17.917 [info]   Message: _pickle.UnpicklingError: invalid load key, ' '.
  Code: -32603 
[object Object]
2026-08-15 16:34:17.917 [info] ERROR:pygls.protocol.json_rpc:Failed to handle request 174 textDocument/documentSymbol DocumentSymbolParams(text_document=TextDocumentIdentifier(uri='file:///voc/work/hello_llm.py'), work_done_token=None, partial_result_token=None)
Traceback (most recent call last):
  File "/usr/local/lib/code-server-4.103.2/lib/vscode/extensions/ms-python.python-2025.12.0/python_files/lib/jedilsp/pygls/protocol/json_rpc.py", line 266, in _handle_request
    self._execute_request(msg_id, handler, params)
  File "/usr/local/lib/code-server-4.103.2/lib/vscode/extensions/ms-python.python-2025.12.0/python_files/lib/jedilsp/pygls/protocol/json_rpc.py", line 188, in _execute_request
    self._send_response(msg_id, handler(params))
  File "/usr/local/lib/code-server-4.103.2/lib/vscode/extensions/ms-python.python-2025.12.0/python_files/lib/jedilsp/jedi_language_server/server.py", line 546, in document_symbol
    document_symbols = jedi_utils.lsp_document_symbols(names)
  File "/usr/local/lib/code-server-4.103.2/lib/vscode/extensions/ms-python.python-2025.12.0/python_files/lib/jedilsp/jedi_language_server/jedi_utils.py", line 225, in lsp_document_symbols
    symbol_range = _document_symbol_range(name)
  File "/usr/local/lib/code-server-4.103.2/lib/vscode/extensions/ms-python.python-2025.12.0/python_files/lib/jedilsp/jedi_language_server/jedi_utils.py", line 204, in _document_symbol_range
    end = name.get_definition_end_position()
  File "/usr/local/lib/code-server-4.103.2/lib/vscode/extensions/ms-python.python-2025.12.0/python_files/lib/jedilsp/jedi/api/classes.py", line 260, in get_definition_end_position
    if self.type in ("function", "class"):
  File "/usr/local/lib/code-server-4.103.2/lib/vscode/extensions/ms-python.python-2025.12.0/python_files/lib/jedilsp/jedi/api/classes.py", line 190, in type
    for value in self._name.infer():
  File "/usr/local/lib/code-server-4.103.2/lib/vscode/extensions/ms-python.python-2025.12.0/python_files/lib/jedilsp/jedi/inference/names.py", line 281, in infer
    return tree_name_to_values(
  File "/usr/local/lib/code-server-4.103.2/lib/vscode/extensions/ms-python.python-2025.12.0/python_files/lib/jedilsp/jedi/plugins/__init__.py", line 21, in wrapper
    return built_functions[public_name](*args, **kwargs)
  File "/usr/local/lib/code-server-4.103.2/lib/vscode/extensions/ms-python.python-2025.12.0/python_files/lib/jedilsp/jedi/plugins/stdlib.py", line 878, in wrapper
    return func(inference_state, context, tree_name)
  File "/usr/local/lib/code-server-4.103.2/lib/vscode/extensions/ms-python.python-2025.12.0/python_files/lib/jedilsp/jedi/plugins/django.py", line 177, in wrapper
    result = func(inference_state, context, tree_name)
  File "/usr/local/lib/code-server-4.103.2/lib/vscode/extensions/ms-python.python-2025.12.0/python_files/lib/jedilsp/jedi/inference/syntax_tree.py", line 771, in tree_name_to_values
    types = imports.infer_import(context, tree_name)
  File "/usr/local/lib/code-server-4.103.2/lib/vscode/extensions/ms-python.python-2025.12.0/python_files/lib/jedilsp/jedi/inference/cache.py", line 44, in wrapper
    rv = function(obj, *args, **kwargs)
  File "/usr/local/lib/code-server-4.103.2/lib/vscode/extensions/ms-python.python-2025.12.0/python_files/lib/jedilsp/jedi/inference/imports.py", line 53, in infer_import
    _prepare_infer_import(module_context, tree_name)
  File "/usr/local/lib/code-server-4.103.2/lib/vscode/extensions/ms-python.python-2025.12.0/python_files/lib/jedilsp/jedi/inference/imports.py", line 116, in _prepare_infer_import
    return from_import_name, tuple(import_path), import_node.level, importer.follow()
  File "/usr/local/lib/code-server-4.103.2/lib/vscode/extensions/ms-python.python-2025.12.0/python_files/lib/jedilsp/jedi/inference/imports.py", line 296, in follow
    return import_module_by_names(
  File "/usr/local/lib/code-server-4.103.2/lib/vscode/extensions/ms-python.python-2025.12.0/python_files/lib/jedilsp/jedi/inference/imports.py", line 376, in import_module_by_names
    value_set = ValueSet.from_sets([
  File "/usr/local/lib/code-server-4.103.2/lib/vscode/extensions/ms-python.python-2025.12.0/python_files/lib/jedilsp/jedi/inference/imports.py", line 377, in <listcomp>
    import_module(
  File "/usr/local/lib/code-server-4.103.2/lib/vscode/extensions/ms-python.python-2025.12.0/python_files/lib/jedilsp/jedi/plugins/__init__.py", line 21, in wrapper
    return built_functions[public_name](*args, **kwargs)
  File "/usr/local/lib/code-server-4.103.2/lib/vscode/extensions/ms-python.python-2025.12.0/python_files/lib/jedilsp/jedi/plugins/flask.py", line 20, in wrapper
    return callback(inference_state, import_names, module_context, *args, **kwargs)
  File "/usr/local/lib/code-server-4.103.2/lib/vscode/extensions/ms-python.python-2025.12.0/python_files/lib/jedilsp/jedi/inference/gradual/typeshed.py", line 115, in wrapper
    python_value_set = ValueSet.from_sets(
  File "/usr/local/lib/code-server-4.103.2/lib/vscode/extensions/ms-python.python-2025.12.0/python_files/lib/jedilsp/jedi/inference/base_value.py", line 430, in from_sets
    for set_ in sets:
  File "/usr/local/lib/code-server-4.103.2/lib/vscode/extensions/ms-python.python-2025.12.0/python_files/lib/jedilsp/jedi/inference/gradual/typeshed.py", line 116, in <genexpr>
    func(inference_state, import_names, p, sys_path,)
  File "/usr/local/lib/code-server-4.103.2/lib/vscode/extensions/ms-python.python-2025.12.0/python_files/lib/jedilsp/jedi/inference/imports.py", line 411, in import_module
    file_io_or_ns, is_pkg = inference_state.compiled_subprocess.get_module_info(
  File "/usr/local/lib/code-server-4.103.2/lib/vscode/extensions/ms-python.python-2025.12.0/python_files/lib/jedilsp/jedi/inference/compiled/subprocess/__init__.py", line 188, in wrapper
    result = self._compiled_subprocess.run(
  File "/usr/local/lib/code-server-4.103.2/lib/vscode/extensions/ms-python.python-2025.12.0/python_files/lib/jedilsp/jedi/inference/compiled/subprocess/__init__.py", line 296, in run
    return self._send(inference_state_id, function, args, kwargs)
  File "/usr/local/lib/code-server-4.103.2/lib/vscode/extensions/ms-python.python-2025.12.0/python_files/lib/jedilsp/jedi/inference/compiled/subprocess/__init__.py", line 318, in _send
    is_exception, traceback, result = pickle_load(self._get_process().stdout)
  File "/usr/local/lib/code-server-4.103.2/lib/vscode/extensions/ms-python.python-2025.12.0/python_files/lib/jedilsp/jedi/_compatibility.py", line 25, in pickle_load
    return Unpickler(file).load()
_pickle.UnpicklingError: invalid load key, ' '.

2026-08-15 16:34:17.917 [info] [Error - 4:34:17 PM] Request textDocument/documentSymbol failed.
2026-08-15 16:34:17.917 [info]   Message: _pickle.UnpicklingError: invalid load key, ' '.
  Code: -32603 
[object Object]
2026-08-15 16:34:18.045 [info] semantic_tokens_full file:///voc/work/hello_llm.py 
2026-08-15 16:34:18.046 [info] ERROR:pygls.protocol.json_rpc:Exception occurred for message "175": _pickle.UnpicklingError: invalid load key, ' '.
NoneType: None

2026-08-15 16:34:18.052 [info] [Error - 4:34:18 PM] Request textDocument/semanticTokens/full failed.
2026-08-15 16:34:18.052 [info]   Message: _pickle.UnpicklingError: invalid load key, ' '.
  Code: -32603 
[object Object]
2026-08-15 16:34:18.580 [info] ERROR:pygls.protocol.json_rpc:Failed to handle request 176 textDocument/codeAction CodeActionParams(text_document=TextDocumentIdentifier(uri='file:///voc/work/hello_llm.py'), range=14:14-14:14, context=CodeActionContext(diagnostics=[], only=None, trigger_kind=<CodeActionTriggerKind.Automatic: 2>), work_done_token=None, partial_result_token=None)
Traceback (most recent call last):
  File "/usr/local/lib/code-server-4.103.2/lib/vscode/extensions/ms-python.python-2025.12.0/python_files/lib/jedilsp/pygls/protocol/json_rpc.py", line 266, in _handle_request
    self._execute_request(msg_id, handler, params)
  File "/usr/local/lib/code-server-4.103.2/lib/vscode/extensions/ms-python.python-2025.12.0/python_files/lib/jedilsp/pygls/protocol/json_rpc.py", line 188, in _execute_request
    self._send_response(msg_id, handler(params))
  File "/usr/local/lib/code-server-4.103.2/lib/vscode/extensions/ms-python.python-2025.12.0/python_files/lib/jedilsp/jedi_language_server/notebook_utils.py", line 373, in wrapped
    result = f(notebook_server, notebook_params)
  File "/usr/local/lib/code-server-4.103.2/lib/vscode/extensions/ms-python.python-2025.12.0/python_files/lib/jedilsp/jedi_language_server/server.py", line 671, in code_action
    inline_refactoring = jedi_script.inline(*jedi_lines)
  File "/usr/local/lib/code-server-4.103.2/lib/vscode/extensions/ms-python.python-2025.12.0/python_files/lib/jedilsp/jedi/api/__init__.py", line 697, in inline
    names = [d._name for d in self.get_references(line, column, include_builtins=True)]
  File "/usr/local/lib/code-server-4.103.2/lib/vscode/extensions/ms-python.python-2025.12.0/python_files/lib/jedilsp/jedi/api/helpers.py", line 487, in wrapper
    return func(self, line, column, *args, **kwargs)
  File "/usr/local/lib/code-server-4.103.2/lib/vscode/extensions/ms-python.python-2025.12.0/python_files/lib/jedilsp/jedi/api/__init__.py", line 429, in get_references
    return _references(**kwargs)
  File "/usr/local/lib/code-server-4.103.2/lib/vscode/extensions/ms-python.python-2025.12.0/python_files/lib/jedilsp/jedi/api/__init__.py", line 423, in _references
    names = find_references(self._get_module_context(), tree_name, scope == 'file')
  File "/usr/local/lib/code-server-4.103.2/lib/vscode/extensions/ms-python.python-2025.12.0/python_files/lib/jedilsp/jedi/inference/references.py", line 122, in find_references
    found_names = _find_defining_names(module_context, tree_name)
  File "/usr/local/lib/code-server-4.103.2/lib/vscode/extensions/ms-python.python-2025.12.0/python_files/lib/jedilsp/jedi/inference/references.py", line 53, in _find_defining_names
    found_names = _find_names(module_context, tree_name)
  File "/usr/local/lib/code-server-4.103.2/lib/vscode/extensions/ms-python.python-2025.12.0/python_files/lib/jedilsp/jedi/inference/references.py", line 74, in _find_names
    found_names = set(name.goto())
  File "/usr/local/lib/code-server-4.103.2/lib/vscode/extensions/ms-python.python-2025.12.0/python_files/lib/jedilsp/jedi/inference/names.py", line 213, in goto
    return context.goto(name, position=stmt.start_pos)
  File "/usr/local/lib/code-server-4.103.2/lib/vscode/extensions/ms-python.python-2025.12.0/python_files/lib/jedilsp/jedi/inference/context.py", line 34, in goto
    names = finder.filter_name(filters, name_or_str)
  File "/usr/local/lib/code-server-4.103.2/lib/vscode/extensions/ms-python.python-2025.12.0/python_files/lib/jedilsp/jedi/inference/finder.py", line 35, in filter_name
    for filter in filters:
  File "/usr/local/lib/code-server-4.103.2/lib/vscode/extensions/ms-python.python-2025.12.0/python_files/lib/jedilsp/jedi/inference/context.py", line 496, in get_global_filters
    b = next(base_context.inference_state.builtins_module.get_filters(), None)
  File "/usr/local/lib/code-server-4.103.2/lib/vscode/extensions/ms-python.python-2025.12.0/python_files/lib/jedilsp/jedi/inference/cache.py", line 44, in wrapper
    rv = function(obj, *args, **kwargs)
  File "/usr/local/lib/code-server-4.103.2/lib/vscode/extensions/ms-python.python-2025.12.0/python_files/lib/jedilsp/jedi/inference/__init__.py", line 129, in builtins_module
    builtins_module, = self.import_module((module_name,), sys_path=[])
  File "/usr/local/lib/code-server-4.103.2/lib/vscode/extensions/ms-python.python-2025.12.0/python_files/lib/jedilsp/jedi/inference/__init__.py", line 112, in import_module
    return imports.import_module_by_names(
  File "/usr/local/lib/code-server-4.103.2/lib/vscode/extensions/ms-python.python-2025.12.0/python_files/lib/jedilsp/jedi/inference/imports.py", line 376, in import_module_by_names
    value_set = ValueSet.from_sets([
  File "/usr/local/lib/code-server-4.103.2/lib/vscode/extensions/ms-python.python-2025.12.0/python_files/lib/jedilsp/jedi/inference/imports.py", line 377, in <listcomp>
    import_module(
  File "/usr/local/lib/code-server-4.103.2/lib/vscode/extensions/ms-python.python-2025.12.0/python_files/lib/jedilsp/jedi/plugins/__init__.py", line 21, in wrapper
    return built_functions[public_name](*args, **kwargs)
  File "/usr/local/lib/code-server-4.103.2/lib/vscode/extensions/ms-python.python-2025.12.0/python_files/lib/jedilsp/jedi/plugins/flask.py", line 20, in wrapper
    return callback(inference_state, import_names, module_context, *args, **kwargs)
  File "/usr/local/lib/code-server-4.103.2/lib/vscode/extensions/ms-python.python-2025.12.0/python_files/lib/jedilsp/jedi/inference/gradual/typeshed.py", line 115, in wrapper
    python_value_set = ValueSet.from_sets(
  File "/usr/local/lib/code-server-4.103.2/lib/vscode/extensions/ms-python.python-2025.12.0/python_files/lib/jedilsp/jedi/inference/base_value.py", line 430, in from_sets
    for set_ in sets:
  File "/usr/local/lib/code-server-4.103.2/lib/vscode/extensions/ms-python.python-2025.12.0/python_files/lib/jedilsp/jedi/inference/gradual/typeshed.py", line 116, in <genexpr>
    func(inference_state, import_names, p, sys_path,)
  File "/usr/local/lib/code-server-4.103.2/lib/vscode/extensions/ms-python.python-2025.12.0/python_files/lib/jedilsp/jedi/inference/imports.py", line 411, in import_module
    file_io_or_ns, is_pkg = inference_state.compiled_subprocess.get_module_info(
  File "/usr/local/lib/code-server-4.103.2/lib/vscode/extensions/ms-python.python-2025.12.0/python_files/lib/jedilsp/jedi/inference/compiled/subprocess/__init__.py", line 188, in wrapper
    result = self._compiled_subprocess.run(
  File "/usr/local/lib/code-server-4.103.2/lib/vscode/extensions/ms-python.python-2025.12.0/python_files/lib/jedilsp/jedi/inference/compiled/subprocess/__init__.py", line 293, in run
    self._send(delete_id, None)
  File "/usr/local/lib/code-server-4.103.2/lib/vscode/extensions/ms-python.python-2025.12.0/python_files/lib/jedilsp/jedi/inference/compiled/subprocess/__init__.py", line 318, in _send
    is_exception, traceback, result = pickle_load(self._get_process().stdout)
  File "/usr/local/lib/code-server-4.103.2/lib/vscode/extensions/ms-python.python-2025.12.0/python_files/lib/jedilsp/jedi/_compatibility.py", line 25, in pickle_load
    return Unpickler(file).load()
_pickle.UnpicklingError: invalid load key, ' '.

2026-08-15 16:34:18.580 [info] [Error - 4:34:18 PM] Request textDocument/codeAction failed.
2026-08-15 16:34:18.586 [info]   Message: _pickle.UnpicklingError: invalid load key, ' '.
  Code: -32603 
[object Object]
2026-08-15 16:34:18.653 [info] semantic_tokens_full file:///voc/work/hello_llm.py 
2026-08-15 16:34:18.654 [info] ERROR:pygls.protocol.json_rpc:Exception occurred for message "177": _pickle.UnpicklingError: invalid load key, ' '.
NoneType: None

2026-08-15 16:34:18.660 [info] [Error - 4:34:18 PM] Request textDocument/semanticTokens/full failed.
2026-08-15 16:34:18.660 [info]   Message: _pickle.UnpicklingError: invalid load key, ' '.
  Code: -32603 
[object Object]
2026-08-15 16:34:19.243 [info] semantic_tokens_full file:///voc/work/hello_llm.py 
2026-08-15 16:34:19.244 [info] ERROR:pygls.protocol.json_rpc:Exception occurred for message "178": _pickle.UnpicklingError: invalid load key, ' '.
NoneType: None

2026-08-15 16:34:19.250 [info] [Error - 4:34:19 PM] Request textDocument/semanticTokens/full failed.
2026-08-15 16:34:19.250 [info]   Message: _pickle.UnpicklingError: invalid load key, ' '.
  Code: -32603 
[object Object]
2026-08-15 16:34:19.341 [info] ERROR:pygls.protocol.json_rpc:Failed to handle request 179 textDocument/codeAction CodeActionParams(text_document=TextDocumentIdentifier(uri='file:///voc/work/hello_llm.py'), range=14:10-14:10, context=CodeActionContext(diagnostics=[], only=None, trigger_kind=<CodeActionTriggerKind.Automatic: 2>), work_done_token=None, partial_result_token=None)
Traceback (most recent call last):
  File "/usr/local/lib/code-server-4.103.2/lib/vscode/extensions/ms-python.python-2025.12.0/python_files/lib/jedilsp/pygls/protocol/json_rpc.py", line 266, in _handle_request
    self._execute_request(msg_id, handler, params)
  File "/usr/local/lib/code-server-4.103.2/lib/vscode/extensions/ms-python.python-2025.12.0/python_files/lib/jedilsp/pygls/protocol/json_rpc.py", line 188, in _execute_request
    self._send_response(msg_id, handler(params))
  File "/usr/local/lib/code-server-4.103.2/lib/vscode/extensions/ms-python.python-2025.12.0/python_files/lib/jedilsp/jedi_language_server/notebook_utils.py", line 373, in wrapped
    result = f(notebook_server, notebook_params)
  File "/usr/local/lib/code-server-4.103.2/lib/vscode/extensions/ms-python.python-2025.12.0/python_files/lib/jedilsp/jedi_language_server/server.py", line 717, in code_action
    extract_function_refactoring = jedi_script.extract_function(
  File "/usr/local/lib/code-server-4.103.2/lib/vscode/extensions/ms-python.python-2025.12.0/python_files/lib/jedilsp/jedi/api/helpers.py", line 487, in wrapper
    return func(self, line, column, *args, **kwargs)
  File "/usr/local/lib/code-server-4.103.2/lib/vscode/extensions/ms-python.python-2025.12.0/python_files/lib/jedilsp/jedi/api/__init__.py", line 675, in extract_function
    return extract_function(
  File "/usr/local/lib/code-server-4.103.2/lib/vscode/extensions/ms-python.python-2025.12.0/python_files/lib/jedilsp/jedi/api/refactoring/extract.py", line 216, in extract_function
    params, return_variables = list(_find_inputs_and_outputs(module_context, context, nodes))
  File "/usr/local/lib/code-server-4.103.2/lib/vscode/extensions/ms-python.python-2025.12.0/python_files/lib/jedilsp/jedi/api/refactoring/extract.py", line 332, in _find_inputs_and_outputs
    name_definitions = context.goto(name, name.start_pos)
  File "/usr/local/lib/code-server-4.103.2/lib/vscode/extensions/ms-python.python-2025.12.0/python_files/lib/jedilsp/jedi/inference/context.py", line 34, in goto
    names = finder.filter_name(filters, name_or_str)
  File "/usr/local/lib/code-server-4.103.2/lib/vscode/extensions/ms-python.python-2025.12.0/python_files/lib/jedilsp/jedi/inference/finder.py", line 35, in filter_name
    for filter in filters:
  File "/usr/local/lib/code-server-4.103.2/lib/vscode/extensions/ms-python.python-2025.12.0/python_files/lib/jedilsp/jedi/inference/context.py", line 496, in get_global_filters
    b = next(base_context.inference_state.builtins_module.get_filters(), None)
  File "/usr/local/lib/code-server-4.103.2/lib/vscode/extensions/ms-python.python-2025.12.0/python_files/lib/jedilsp/jedi/inference/cache.py", line 44, in wrapper
    rv = function(obj, *args, **kwargs)
  File "/usr/local/lib/code-server-4.103.2/lib/vscode/extensions/ms-python.python-2025.12.0/python_files/lib/jedilsp/jedi/inference/__init__.py", line 129, in builtins_module
    builtins_module, = self.import_module((module_name,), sys_path=[])
  File "/usr/local/lib/code-server-4.103.2/lib/vscode/extensions/ms-python.python-2025.12.0/python_files/lib/jedilsp/jedi/inference/__init__.py", line 112, in import_module
    return imports.import_module_by_names(
  File "/usr/local/lib/code-server-4.103.2/lib/vscode/extensions/ms-python.python-2025.12.0/python_files/lib/jedilsp/jedi/inference/imports.py", line 376, in import_module_by_names
    value_set = ValueSet.from_sets([
  File "/usr/local/lib/code-server-4.103.2/lib/vscode/extensions/ms-python.python-2025.12.0/python_files/lib/jedilsp/jedi/inference/imports.py", line 377, in <listcomp>
    import_module(
  File "/usr/local/lib/code-server-4.103.2/lib/vscode/extensions/ms-python.python-2025.12.0/python_files/lib/jedilsp/jedi/plugins/__init__.py", line 21, in wrapper
    return built_functions[public_name](*args, **kwargs)
  File "/usr/local/lib/code-server-4.103.2/lib/vscode/extensions/ms-python.python-2025.12.0/python_files/lib/jedilsp/jedi/plugins/flask.py", line 20, in wrapper
    return callback(inference_state, import_names, module_context, *args, **kwargs)
  File "/usr/local/lib/code-server-4.103.2/lib/vscode/extensions/ms-python.python-2025.12.0/python_files/lib/jedilsp/jedi/inference/gradual/typeshed.py", line 115, in wrapper
    python_value_set = ValueSet.from_sets(
  File "/usr/local/lib/code-server-4.103.2/lib/vscode/extensions/ms-python.python-2025.12.0/python_files/lib/jedilsp/jedi/inference/base_value.py", line 430, in from_sets
    for set_ in sets:
  File "/usr/local/lib/code-server-4.103.2/lib/vscode/extensions/ms-python.python-2025.12.0/python_files/lib/jedilsp/jedi/inference/gradual/typeshed.py", line 116, in <genexpr>
    func(inference_state, import_names, p, sys_path,)
  File "/usr/local/lib/code-server-4.103.2/lib/vscode/extensions/ms-python.python-2025.12.0/python_files/lib/jedilsp/jedi/inference/imports.py", line 411, in import_module
    file_io_or_ns, is_pkg = inference_state.compiled_subprocess.get_module_info(
  File "/usr/local/lib/code-server-4.103.2/lib/vscode/extensions/ms-python.python-2025.12.0/python_files/lib/jedilsp/jedi/inference/compiled/subprocess/__init__.py", line 188, in wrapper
    result = self._compiled_subprocess.run(
  File "/usr/local/lib/code-server-4.103.2/lib/vscode/extensions/ms-python.python-2025.12.0/python_files/lib/jedilsp/jedi/inference/compiled/subprocess/__init__.py", line 293, in run
    self._send(delete_id, None)
  File "/usr/local/lib/code-server-4.103.2/lib/vscode/extensions/ms-python.python-2025.12.0/python_files/lib/jedilsp/jedi/inference/compiled/subprocess/__init__.py", line 318, in _send
    is_exception, traceback, result = pickle_load(self._get_process().stdout)
  File "/usr/local/lib/code-server-4.103.2/lib/vscode/extensions/ms-python.python-2025.12.0/python_files/lib/jedilsp/jedi/_compatibility.py", line 25, in pickle_load
    return Unpickler(file).load()
_pickle.UnpicklingError: invalid load key, ' '.

2026-08-15 16:34:19.342 [info] [Error - 4:34:19 PM] Request textDocument/codeAction failed.
2026-08-15 16:34:19.348 [info]   Message: _pickle.UnpicklingError: invalid load key, ' '.
  Code: -32603 
[object Object]
2026-08-15 16:34:19.390 [info] semantic_tokens_range file:///voc/work/hello_llm.py 0:0-20:17
2026-08-15 16:34:19.391 [info] ERROR:pygls.protocol.json_rpc:Exception occurred for message "180": _pickle.UnpicklingError: invalid load key, ' '.
NoneType: None

2026-08-15 16:34:19.396 [info] [Error - 4:34:19 PM] Request textDocument/semanticTokens/range failed.
2026-08-15 16:34:19.396 [info]   Message: _pickle.UnpicklingError: invalid load key, ' '.
  Code: -32603 
[object Object]
2026-08-15 16:34:19.526 [info] ERROR:pygls.protocol.json_rpc:Failed to handle request 181 textDocument/documentSymbol DocumentSymbolParams(text_document=TextDocumentIdentifier(uri='file:///voc/work/hello_llm.py'), work_done_token=None, partial_result_token=None)
Traceback (most recent call last):
  File "/usr/local/lib/code-server-4.103.2/lib/vscode/extensions/ms-python.python-2025.12.0/python_files/lib/jedilsp/pygls/protocol/json_rpc.py", line 266, in _handle_request
    self._execute_request(msg_id, handler, params)
  File "/usr/local/lib/code-server-4.103.2/lib/vscode/extensions/ms-python.python-2025.12.0/python_files/lib/jedilsp/pygls/protocol/json_rpc.py", line 188, in _execute_request
    self._send_response(msg_id, handler(params))
  File "/usr/local/lib/code-server-4.103.2/lib/vscode/extensions/ms-python.python-2025.12.0/python_files/lib/jedilsp/jedi_language_server/server.py", line 546, in document_symbol
    document_symbols = jedi_utils.lsp_document_symbols(names)
  File "/usr/local/lib/code-server-4.103.2/lib/vscode/extensions/ms-python.python-2025.12.0/python_files/lib/jedilsp/jedi_language_server/jedi_utils.py", line 225, in lsp_document_symbols
    symbol_range = _document_symbol_range(name)
  File "/usr/local/lib/code-server-4.103.2/lib/vscode/extensions/ms-python.python-2025.12.0/python_files/lib/jedilsp/jedi_language_server/jedi_utils.py", line 204, in _document_symbol_range
    end = name.get_definition_end_position()
  File "/usr/local/lib/code-server-4.103.2/lib/vscode/extensions/ms-python.python-2025.12.0/python_files/lib/jedilsp/jedi/api/classes.py", line 260, in get_definition_end_position
    if self.type in ("function", "class"):
  File "/usr/local/lib/code-server-4.103.2/lib/vscode/extensions/ms-python.python-2025.12.0/python_files/lib/jedilsp/jedi/api/classes.py", line 190, in type
    for value in self._name.infer():
  File "/usr/local/lib/code-server-4.103.2/lib/vscode/extensions/ms-python.python-2025.12.0/python_files/lib/jedilsp/jedi/inference/names.py", line 281, in infer
    return tree_name_to_values(
  File "/usr/local/lib/code-server-4.103.2/lib/vscode/extensions/ms-python.python-2025.12.0/python_files/lib/jedilsp/jedi/plugins/__init__.py", line 21, in wrapper
    return built_functions[public_name](*args, **kwargs)
  File "/usr/local/lib/code-server-4.103.2/lib/vscode/extensions/ms-python.python-2025.12.0/python_files/lib/jedilsp/jedi/plugins/stdlib.py", line 878, in wrapper
    return func(inference_state, context, tree_name)
  File "/usr/local/lib/code-server-4.103.2/lib/vscode/extensions/ms-python.python-2025.12.0/python_files/lib/jedilsp/jedi/plugins/django.py", line 177, in wrapper
    result = func(inference_state, context, tree_name)
  File "/usr/local/lib/code-server-4.103.2/lib/vscode/extensions/ms-python.python-2025.12.0/python_files/lib/jedilsp/jedi/inference/syntax_tree.py", line 771, in tree_name_to_values
    types = imports.infer_import(context, tree_name)
  File "/usr/local/lib/code-server-4.103.2/lib/vscode/extensions/ms-python.python-2025.12.0/python_files/lib/jedilsp/jedi/inference/cache.py", line 44, in wrapper
    rv = function(obj, *args, **kwargs)
  File "/usr/local/lib/code-server-4.103.2/lib/vscode/extensions/ms-python.python-2025.12.0/python_files/lib/jedilsp/jedi/inference/imports.py", line 53, in infer_import
    _prepare_infer_import(module_context, tree_name)
  File "/usr/local/lib/code-server-4.103.2/lib/vscode/extensions/ms-python.python-2025.12.0/python_files/lib/jedilsp/jedi/inference/imports.py", line 116, in _prepare_infer_import
    return from_import_name, tuple(import_path), import_node.level, importer.follow()
  File "/usr/local/lib/code-server-4.103.2/lib/vscode/extensions/ms-python.python-2025.12.0/python_files/lib/jedilsp/jedi/inference/imports.py", line 296, in follow
    return import_module_by_names(
  File "/usr/local/lib/code-server-4.103.2/lib/vscode/extensions/ms-python.python-2025.12.0/python_files/lib/jedilsp/jedi/inference/imports.py", line 376, in import_module_by_names
    value_set = ValueSet.from_sets([
  File "/usr/local/lib/code-server-4.103.2/lib/vscode/extensions/ms-python.python-2025.12.0/python_files/lib/jedilsp/jedi/inference/imports.py", line 377, in <listcomp>
    import_module(
  File "/usr/local/lib/code-server-4.103.2/lib/vscode/extensions/ms-python.python-2025.12.0/python_files/lib/jedilsp/jedi/plugins/__init__.py", line 21, in wrapper
    return built_functions[public_name](*args, **kwargs)
  File "/usr/local/lib/code-server-4.103.2/lib/vscode/extensions/ms-python.python-2025.12.0/python_files/lib/jedilsp/jedi/plugins/flask.py", line 20, in wrapper
    return callback(inference_state, import_names, module_context, *args, **kwargs)
  File "/usr/local/lib/code-server-4.103.2/lib/vscode/extensions/ms-python.python-2025.12.0/python_files/lib/jedilsp/jedi/inference/gradual/typeshed.py", line 115, in wrapper
    python_value_set = ValueSet.from_sets(
  File "/usr/local/lib/code-server-4.103.2/lib/vscode/extensions/ms-python.python-2025.12.0/python_files/lib/jedilsp/jedi/inference/base_value.py", line 430, in from_sets
    for set_ in sets:
  File "/usr/local/lib/code-server-4.103.2/lib/vscode/extensions/ms-python.python-2025.12.0/python_files/lib/jedilsp/jedi/inference/gradual/typeshed.py", line 116, in <genexpr>
    func(inference_state, import_names, p, sys_path,)
  File "/usr/local/lib/code-server-4.103.2/lib/vscode/extensions/ms-python.python-2025.12.0/python_files/lib/jedilsp/jedi/inference/imports.py", line 411, in import_module
    file_io_or_ns, is_pkg = inference_state.compiled_subprocess.get_module_info(
  File "/usr/local/lib/code-server-4.103.2/lib/vscode/extensions/ms-python.python-2025.12.0/python_files/lib/jedilsp/jedi/inference/compiled/subprocess/__init__.py", line 188, in wrapper
    result = self._compiled_subprocess.run(
  File "/usr/local/lib/code-server-4.103.2/lib/vscode/extensions/ms-python.python-2025.12.0/python_files/lib/jedilsp/jedi/inference/compiled/subprocess/__init__.py", line 293, in run
    self._send(delete_id, None)
  File "/usr/local/lib/code-server-4.103.2/lib/vscode/extensions/ms-python.python-2025.12.0/python_files/lib/jedilsp/jedi/inference/compiled/subprocess/__init__.py", line 318, in _send
    is_exception, traceback, result = pickle_load(self._get_process().stdout)
  File "/usr/local/lib/code-server-4.103.2/lib/vscode/extensions/ms-python.python-2025.12.0/python_files/lib/jedilsp/jedi/_compatibility.py", line 25, in pickle_load
    return Unpickler(file).load()
_pickle.UnpicklingError: invalid load key, ' '.

2026-08-15 16:34:19.527 [info] [Error - 4:34:19 PM] Request textDocument/documentSymbol failed.
2026-08-15 16:34:19.532 [info]   Message: _pickle.UnpicklingError: invalid load key, ' '.
  Code: -32603 
[object Object]
2026-08-15 16:34:19.532 [info] WARNING:pygls.protocol.json_rpc:Cancel notification for unknown message id "181"

2026-08-15 16:34:19.684 [info] ERROR:pygls.protocol.json_rpc:Failed to handle request 182 textDocument/codeAction CodeActionParams(text_document=TextDocumentIdentifier(uri='file:///voc/work/hello_llm.py'), range=14:9-14:9, context=CodeActionContext(diagnostics=[], only=None, trigger_kind=<CodeActionTriggerKind.Automatic: 2>), work_done_token=None, partial_result_token=None)
Traceback (most recent call last):
  File "/usr/local/lib/code-server-4.103.2/lib/vscode/extensions/ms-python.python-2025.12.0/python_files/lib/jedilsp/pygls/protocol/json_rpc.py", line 266, in _handle_request
    self._execute_request(msg_id, handler, params)
  File "/usr/local/lib/code-server-4.103.2/lib/vscode/extensions/ms-python.python-2025.12.0/python_files/lib/jedilsp/pygls/protocol/json_rpc.py", line 188, in _execute_request
    self._send_response(msg_id, handler(params))
  File "/usr/local/lib/code-server-4.103.2/lib/vscode/extensions/ms-python.python-2025.12.0/python_files/lib/jedilsp/jedi_language_server/notebook_utils.py", line 373, in wrapped
    result = f(notebook_server, notebook_params)
  File "/usr/local/lib/code-server-4.103.2/lib/vscode/extensions/ms-python.python-2025.12.0/python_files/lib/jedilsp/jedi_language_server/server.py", line 717, in code_action
    extract_function_refactoring = jedi_script.extract_function(
  File "/usr/local/lib/code-server-4.103.2/lib/vscode/extensions/ms-python.python-2025.12.0/python_files/lib/jedilsp/jedi/api/helpers.py", line 487, in wrapper
    return func(self, line, column, *args, **kwargs)
  File "/usr/local/lib/code-server-4.103.2/lib/vscode/extensions/ms-python.python-2025.12.0/python_files/lib/jedilsp/jedi/api/__init__.py", line 675, in extract_function
    return extract_function(
  File "/usr/local/lib/code-server-4.103.2/lib/vscode/extensions/ms-python.python-2025.12.0/python_files/lib/jedilsp/jedi/api/refactoring/extract.py", line 216, in extract_function
    params, return_variables = list(_find_inputs_and_outputs(module_context, context, nodes))
  File "/usr/local/lib/code-server-4.103.2/lib/vscode/extensions/ms-python.python-2025.12.0/python_files/lib/jedilsp/jedi/api/refactoring/extract.py", line 332, in _find_inputs_and_outputs
    name_definitions = context.goto(name, name.start_pos)
  File "/usr/local/lib/code-server-4.103.2/lib/vscode/extensions/ms-python.python-2025.12.0/python_files/lib/jedilsp/jedi/inference/context.py", line 34, in goto
    names = finder.filter_name(filters, name_or_str)
  File "/usr/local/lib/code-server-4.103.2/lib/vscode/extensions/ms-python.python-2025.12.0/python_files/lib/jedilsp/jedi/inference/finder.py", line 35, in filter_name
    for filter in filters:
  File "/usr/local/lib/code-server-4.103.2/lib/vscode/extensions/ms-python.python-2025.12.0/python_files/lib/jedilsp/jedi/inference/context.py", line 496, in get_global_filters
    b = next(base_context.inference_state.builtins_module.get_filters(), None)
  File "/usr/local/lib/code-server-4.103.2/lib/vscode/extensions/ms-python.python-2025.12.0/python_files/lib/jedilsp/jedi/inference/cache.py", line 44, in wrapper
    rv = function(obj, *args, **kwargs)
  File "/usr/local/lib/code-server-4.103.2/lib/vscode/extensions/ms-python.python-2025.12.0/python_files/lib/jedilsp/jedi/inference/__init__.py", line 129, in builtins_module
    builtins_module, = self.import_module((module_name,), sys_path=[])
  File "/usr/local/lib/code-server-4.103.2/lib/vscode/extensions/ms-python.python-2025.12.0/python_files/lib/jedilsp/jedi/inference/__init__.py", line 112, in import_module
    return imports.import_module_by_names(
  File "/usr/local/lib/code-server-4.103.2/lib/vscode/extensions/ms-python.python-2025.12.0/python_files/lib/jedilsp/jedi/inference/imports.py", line 376, in import_module_by_names
    value_set = ValueSet.from_sets([
  File "/usr/local/lib/code-server-4.103.2/lib/vscode/extensions/ms-python.python-2025.12.0/python_files/lib/jedilsp/jedi/inference/imports.py", line 377, in <listcomp>
    import_module(
  File "/usr/local/lib/code-server-4.103.2/lib/vscode/extensions/ms-python.python-2025.12.0/python_files/lib/jedilsp/jedi/plugins/__init__.py", line 21, in wrapper
    return built_functions[public_name](*args, **kwargs)
  File "/usr/local/lib/code-server-4.103.2/lib/vscode/extensions/ms-python.python-2025.12.0/python_files/lib/jedilsp/jedi/plugins/flask.py", line 20, in wrapper
    return callback(inference_state, import_names, module_context, *args, **kwargs)
  File "/usr/local/lib/code-server-4.103.2/lib/vscode/extensions/ms-python.python-2025.12.0/python_files/lib/jedilsp/jedi/inference/gradual/typeshed.py", line 115, in wrapper
    python_value_set = ValueSet.from_sets(
  File "/usr/local/lib/code-server-4.103.2/lib/vscode/extensions/ms-python.python-2025.12.0/python_files/lib/jedilsp/jedi/inference/base_value.py", line 430, in from_sets
    for set_ in sets:
  File "/usr/local/lib/code-server-4.103.2/lib/vscode/extensions/ms-python.python-2025.12.0/python_files/lib/jedilsp/jedi/inference/gradual/typeshed.py", line 116, in <genexpr>
    func(inference_state, import_names, p, sys_path,)
  File "/usr/local/lib/code-server-4.103.2/lib/vscode/extensions/ms-python.python-2025.12.0/python_files/lib/jedilsp/jedi/inference/imports.py", line 411, in import_module
    file_io_or_ns, is_pkg = inference_state.compiled_subprocess.get_module_info(
  File "/usr/local/lib/code-server-4.103.2/lib/vscode/extensions/ms-python.python-2025.12.0/python_files/lib/jedilsp/jedi/inference/compiled/subprocess/__init__.py", line 188, in wrapper
    result = self._compiled_subprocess.run(
  File "/usr/local/lib/code-server-4.103.2/lib/vscode/extensions/ms-python.python-2025.12.0/python_files/lib/jedilsp/jedi/inference/compiled/subprocess/__init__.py", line 293, in run
    self._send(delete_id, None)
  File "/usr/local/lib/code-server-4.103.2/lib/vscode/extensions/ms-python.python-2025.12.0/python_files/lib/jedilsp/jedi/inference/compiled/subprocess/__init__.py", line 318, in _send
    is_exception, traceback, result = pickle_load(self._get_process().stdout)
  File "/usr/local/lib/code-server-4.103.2/lib/vscode/extensions/ms-python.python-2025.12.0/python_files/lib/jedilsp/jedi/_compatibility.py", line 25, in pickle_load
    return Unpickler(file).load()
_pickle.UnpicklingError: invalid load key, ' '.

2026-08-15 16:34:19.685 [info] [Error - 4:34:19 PM] Request textDocument/codeAction failed.
2026-08-15 16:34:19.690 [info]   Message: _pickle.UnpicklingError: invalid load key, ' '.
  Code: -32603 
[object Object]
2026-08-15 16:34:19.735 [info] semantic_tokens_range file:///voc/work/hello_llm.py 0:0-20:17
2026-08-15 16:34:19.736 [info] ERROR:pygls.protocol.json_rpc:Exception occurred for message "183": _pickle.UnpicklingError: invalid load key, ' '.
NoneType: None

2026-08-15 16:34:19.743 [info] [Error - 4:34:19 PM] Request textDocument/semanticTokens/range failed.
2026-08-15 16:34:19.743 [info]   Message: _pickle.UnpicklingError: invalid load key, ' '.
  Code: -32603 
[object Object]
2026-08-15 16:34:19.784 [info] ERROR:pygls.protocol.json_rpc:Failed to handle request 184 textDocument/documentSymbol DocumentSymbolParams(text_document=TextDocumentIdentifier(uri='file:///voc/work/hello_llm.py'), work_done_token=None, partial_result_token=None)
Traceback (most recent call last):
  File "/usr/local/lib/code-server-4.103.2/lib/vscode/extensions/ms-python.python-2025.12.0/python_files/lib/jedilsp/pygls/protocol/json_rpc.py", line 266, in _handle_request
    self._execute_request(msg_id, handler, params)
  File "/usr/local/lib/code-server-4.103.2/lib/vscode/extensions/ms-python.python-2025.12.0/python_files/lib/jedilsp/pygls/protocol/json_rpc.py", line 188, in _execute_request
    self._send_response(msg_id, handler(params))
  File "/usr/local/lib/code-server-4.103.2/lib/vscode/extensions/ms-python.python-2025.12.0/python_files/lib/jedilsp/jedi_language_server/server.py", line 546, in document_symbol
    document_symbols = jedi_utils.lsp_document_symbols(names)
  File "/usr/local/lib/code-server-4.103.2/lib/vscode/extensions/ms-python.python-2025.12.0/python_files/lib/jedilsp/jedi_language_server/jedi_utils.py", line 225, in lsp_document_symbols
    symbol_range = _document_symbol_range(name)
  File "/usr/local/lib/code-server-4.103.2/lib/vscode/extensions/ms-python.python-2025.12.0/python_files/lib/jedilsp/jedi_language_server/jedi_utils.py", line 204, in _document_symbol_range
    end = name.get_definition_end_position()
  File "/usr/local/lib/code-server-4.103.2/lib/vscode/extensions/ms-python.python-2025.12.0/python_files/lib/jedilsp/jedi/api/classes.py", line 260, in get_definition_end_position
    if self.type in ("function", "class"):
  File "/usr/local/lib/code-server-4.103.2/lib/vscode/extensions/ms-python.python-2025.12.0/python_files/lib/jedilsp/jedi/api/classes.py", line 190, in type
    for value in self._name.infer():
  File "/usr/local/lib/code-server-4.103.2/lib/vscode/extensions/ms-python.python-2025.12.0/python_files/lib/jedilsp/jedi/inference/names.py", line 281, in infer
    return tree_name_to_values(
  File "/usr/local/lib/code-server-4.103.2/lib/vscode/extensions/ms-python.python-2025.12.0/python_files/lib/jedilsp/jedi/plugins/__init__.py", line 21, in wrapper
    return built_functions[public_name](*args, **kwargs)
  File "/usr/local/lib/code-server-4.103.2/lib/vscode/extensions/ms-python.python-2025.12.0/python_files/lib/jedilsp/jedi/plugins/stdlib.py", line 878, in wrapper
    return func(inference_state, context, tree_name)
  File "/usr/local/lib/code-server-4.103.2/lib/vscode/extensions/ms-python.python-2025.12.0/python_files/lib/jedilsp/jedi/plugins/django.py", line 177, in wrapper
    result = func(inference_state, context, tree_name)
  File "/usr/local/lib/code-server-4.103.2/lib/vscode/extensions/ms-python.python-2025.12.0/python_files/lib/jedilsp/jedi/inference/syntax_tree.py", line 771, in tree_name_to_values
    types = imports.infer_import(context, tree_name)
  File "/usr/local/lib/code-server-4.103.2/lib/vscode/extensions/ms-python.python-2025.12.0/python_files/lib/jedilsp/jedi/inference/cache.py", line 44, in wrapper
    rv = function(obj, *args, **kwargs)
  File "/usr/local/lib/code-server-4.103.2/lib/vscode/extensions/ms-python.python-2025.12.0/python_files/lib/jedilsp/jedi/inference/imports.py", line 53, in infer_import
    _prepare_infer_import(module_context, tree_name)
  File "/usr/local/lib/code-server-4.103.2/lib/vscode/extensions/ms-python.python-2025.12.0/python_files/lib/jedilsp/jedi/inference/imports.py", line 116, in _prepare_infer_import
    return from_import_name, tuple(import_path), import_node.level, importer.follow()
  File "/usr/local/lib/code-server-4.103.2/lib/vscode/extensions/ms-python.python-2025.12.0/python_files/lib/jedilsp/jedi/inference/imports.py", line 296, in follow
    return import_module_by_names(
  File "/usr/local/lib/code-server-4.103.2/lib/vscode/extensions/ms-python.python-2025.12.0/python_files/lib/jedilsp/jedi/inference/imports.py", line 376, in import_module_by_names
    value_set = ValueSet.from_sets([
  File "/usr/local/lib/code-server-4.103.2/lib/vscode/extensions/ms-python.python-2025.12.0/python_files/lib/jedilsp/jedi/inference/imports.py", line 377, in <listcomp>
    import_module(
  File "/usr/local/lib/code-server-4.103.2/lib/vscode/extensions/ms-python.python-2025.12.0/python_files/lib/jedilsp/jedi/plugins/__init__.py", line 21, in wrapper
    return built_functions[public_name](*args, **kwargs)
  File "/usr/local/lib/code-server-4.103.2/lib/vscode/extensions/ms-python.python-2025.12.0/python_files/lib/jedilsp/jedi/plugins/flask.py", line 20, in wrapper
    return callback(inference_state, import_names, module_context, *args, **kwargs)
  File "/usr/local/lib/code-server-4.103.2/lib/vscode/extensions/ms-python.python-2025.12.0/python_files/lib/jedilsp/jedi/inference/gradual/typeshed.py", line 115, in wrapper
    python_value_set = ValueSet.from_sets(
  File "/usr/local/lib/code-server-4.103.2/lib/vscode/extensions/ms-python.python-2025.12.0/python_files/lib/jedilsp/jedi/inference/base_value.py", line 430, in from_sets
    for set_ in sets:
  File "/usr/local/lib/code-server-4.103.2/lib/vscode/extensions/ms-python.python-2025.12.0/python_files/lib/jedilsp/jedi/inference/gradual/typeshed.py", line 116, in <genexpr>
    func(inference_state, import_names, p, sys_path,)
  File "/usr/local/lib/code-server-4.103.2/lib/vscode/extensions/ms-python.python-2025.12.0/python_files/lib/jedilsp/jedi/inference/imports.py", line 411, in import_module
    file_io_or_ns, is_pkg = inference_state.compiled_subprocess.get_module_info(
  File "/usr/local/lib/code-server-4.103.2/lib/vscode/extensions/ms-python.python-2025.12.0/python_files/lib/jedilsp/jedi/inference/compiled/subprocess/__init__.py", line 188, in wrapper
    result = self._compiled_subprocess.run(
  File "/usr/local/lib/code-server-4.103.2/lib/vscode/extensions/ms-python.python-2025.12.0/python_files/lib/jedilsp/jedi/inference/compiled/subprocess/__init__.py", line 293, in run
    self._send(delete_id, None)
  File "/usr/local/lib/code-server-4.103.2/lib/vscode/extensions/ms-python.python-2025.12.0/python_files/lib/jedilsp/jedi/inference/compiled/subprocess/__init__.py", line 318, in _send
    is_exception, traceback, result = pickle_load(self._get_process().stdout)
  File "/usr/local/lib/code-server-4.103.2/lib/vscode/extensions/ms-python.python-2025.12.0/python_files/lib/jedilsp/jedi/_compatibility.py", line 25, in pickle_load
    return Unpickler(file).load()
_pickle.UnpicklingError: invalid load key, ' '.

2026-08-15 16:34:19.784 [info] [Error - 4:34:19 PM] Request textDocument/documentSymbol failed.
2026-08-15 16:34:19.792 [info]   Message: _pickle.UnpicklingError: invalid load key, ' '.
  Code: -32603 
[object Object]
2026-08-15 16:34:19.792 [info] ERROR:pygls.protocol.json_rpc:Failed to handle request 185 textDocument/documentSymbol DocumentSymbolParams(text_document=TextDocumentIdentifier(uri='file:///voc/work/hello_llm.py'), work_done_token=None, partial_result_token=None)
Traceback (most recent call last):
  File "/usr/local/lib/code-server-4.103.2/lib/vscode/extensions/ms-python.python-2025.12.0/python_files/lib/jedilsp/pygls/protocol/json_rpc.py", line 266, in _handle_request
    self._execute_request(msg_id, handler, params)
  File "/usr/local/lib/code-server-4.103.2/lib/vscode/extensions/ms-python.python-2025.12.0/python_files/lib/jedilsp/pygls/protocol/json_rpc.py", line 188, in _execute_request
    self._send_response(msg_id, handler(params))
  File "/usr/local/lib/code-server-4.103.2/lib/vscode/extensions/ms-python.python-2025.12.0/python_files/lib/jedilsp/jedi_language_server/server.py", line 546, in document_symbol
    document_symbols = jedi_utils.lsp_document_symbols(names)
  File "/usr/local/lib/code-server-4.103.2/lib/vscode/extensions/ms-python.python-2025.12.0/python_files/lib/jedilsp/jedi_language_server/jedi_utils.py", line 225, in lsp_document_symbols
    symbol_range = _document_symbol_range(name)
  File "/usr/local/lib/code-server-4.103.2/lib/vscode/extensions/ms-python.python-2025.12.0/python_files/lib/jedilsp/jedi_language_server/jedi_utils.py", line 204, in _document_symbol_range
    end = name.get_definition_end_position()
  File "/usr/local/lib/code-server-4.103.2/lib/vscode/extensions/ms-python.python-2025.12.0/python_files/lib/jedilsp/jedi/api/classes.py", line 260, in get_definition_end_position
    if self.type in ("function", "class"):
  File "/usr/local/lib/code-server-4.103.2/lib/vscode/extensions/ms-python.python-2025.12.0/python_files/lib/jedilsp/jedi/api/classes.py", line 190, in type
    for value in self._name.infer():
  File "/usr/local/lib/code-server-4.103.2/lib/vscode/extensions/ms-python.python-2025.12.0/python_files/lib/jedilsp/jedi/inference/names.py", line 281, in infer
    return tree_name_to_values(
  File "/usr/local/lib/code-server-4.103.2/lib/vscode/extensions/ms-python.python-2025.12.0/python_files/lib/jedilsp/jedi/plugins/__init__.py", line 21, in wrapper
    return built_functions[public_name](*args, **kwargs)
  File "/usr/local/lib/code-server-4.103.2/lib/vscode/extensions/ms-python.python-2025.12.0/python_files/lib/jedilsp/jedi/plugins/stdlib.py", line 878, in wrapper
    return func(inference_state, context, tree_name)
  File "/usr/local/lib/code-server-4.103.2/lib/vscode/extensions/ms-python.python-2025.12.0/python_files/lib/jedilsp/jedi/plugins/django.py", line 177, in wrapper
    result = func(inference_state, context, tree_name)
  File "/usr/local/lib/code-server-4.103.2/lib/vscode/extensions/ms-python.python-2025.12.0/python_files/lib/jedilsp/jedi/inference/syntax_tree.py", line 771, in tree_name_to_values
    types = imports.infer_import(context, tree_name)
  File "/usr/local/lib/code-server-4.103.2/lib/vscode/extensions/ms-python.python-2025.12.0/python_files/lib/jedilsp/jedi/inference/cache.py", line 44, in wrapper
    rv = function(obj, *args, **kwargs)
  File "/usr/local/lib/code-server-4.103.2/lib/vscode/extensions/ms-python.python-2025.12.0/python_files/lib/jedilsp/jedi/inference/imports.py", line 53, in infer_import
    _prepare_infer_import(module_context, tree_name)
  File "/usr/local/lib/code-server-4.103.2/lib/vscode/extensions/ms-python.python-2025.12.0/python_files/lib/jedilsp/jedi/inference/imports.py", line 116, in _prepare_infer_import
    return from_import_name, tuple(import_path), import_node.level, importer.follow()
  File "/usr/local/lib/code-server-4.103.2/lib/vscode/extensions/ms-python.python-2025.12.0/python_files/lib/jedilsp/jedi/inference/imports.py", line 296, in follow
    return import_module_by_names(
  File "/usr/local/lib/code-server-4.103.2/lib/vscode/extensions/ms-python.python-2025.12.0/python_files/lib/jedilsp/jedi/inference/imports.py", line 376, in import_module_by_names
    value_set = ValueSet.from_sets([
  File "/usr/local/lib/code-server-4.103.2/lib/vscode/extensions/ms-python.python-2025.12.0/python_files/lib/jedilsp/jedi/inference/imports.py", line 377, in <listcomp>
    import_module(
  File "/usr/local/lib/code-server-4.103.2/lib/vscode/extensions/ms-python.python-2025.12.0/python_files/lib/jedilsp/jedi/plugins/__init__.py", line 21, in wrapper
    return built_functions[public_name](*args, **kwargs)
  File "/usr/local/lib/code-server-4.103.2/lib/vscode/extensions/ms-python.python-2025.12.0/python_files/lib/jedilsp/jedi/plugins/flask.py", line 20, in wrapper
    return callback(inference_state, import_names, module_context, *args, **kwargs)
  File "/usr/local/lib/code-server-4.103.2/lib/vscode/extensions/ms-python.python-2025.12.0/python_files/lib/jedilsp/jedi/inference/gradual/typeshed.py", line 115, in wrapper
    python_value_set = ValueSet.from_sets(
  File "/usr/local/lib/code-server-4.103.2/lib/vscode/extensions/ms-python.python-2025.12.0/python_files/lib/jedilsp/jedi/inference/base_value.py", line 430, in from_sets
    for set_ in sets:
  File "/usr/local/lib/code-server-4.103.2/lib/vscode/extensions/ms-python.python-2025.12.0/python_files/lib/jedilsp/jedi/inference/gradual/typeshed.py", line 116, in <genexpr>
    func(inference_state, import_names, p, sys_path,)
  File "/usr/local/lib/code-server-4.103.2/lib/vscode/extensions/ms-python.python-2025.12.0/python_files/lib/jedilsp/jedi/inference/imports.py", line 411, in import_module
    file_io_or_ns, is_pkg = inference_state.compiled_subprocess.get_module_info(
  File "/usr/local/lib/code-server-4.103.2/lib/vscode/extensions/ms-python.python-2025.12.0/python_files/lib/jedilsp/jedi/inference/compiled/subprocess/__init__.py", line 188, in wrapper
    result = self._compiled_subprocess.run(
  File "/usr/local/lib/code-server-4.103.2/lib/vscode/extensions/ms-python.python-2025.12.0/python_files/lib/jedilsp/jedi/inference/compiled/subprocess/__init__.py", line 293, in run
    self._send(delete_id, None)
  File "/usr/local/lib/code-server-4.103.2/lib/vscode/extensions/ms-python.python-2025.12.0/python_files/lib/jedilsp/jedi/inference/compiled/subprocess/__init__.py", line 318, in _send
    is_exception, traceback, result = pickle_load(self._get_process().stdout)
  File "/usr/local/lib/code-server-4.103.2/lib/vscode/extensions/ms-python.python-2025.12.0/python_files/lib/jedilsp/jedi/_compatibility.py", line 25, in pickle_load
    return Unpickler(file).load()
_pickle.UnpicklingError: invalid load key, ' '.

2026-08-15 16:34:19.792 [info] [Error - 4:34:19 PM] Request textDocument/documentSymbol failed.
2026-08-15 16:34:19.792 [info]   Message: _pickle.UnpicklingError: invalid load key, ' '.
  Code: -32603 
[object Object]
2026-08-15 16:34:19.910 [info] semantic_tokens_full file:///voc/work/hello_llm.py 
2026-08-15 16:34:19.911 [info] ERROR:pygls.protocol.json_rpc:Exception occurred for message "186": _pickle.UnpicklingError: invalid load key, ' '.
NoneType: None

2026-08-15 16:34:19.917 [info] [Error - 4:34:19 PM] Request textDocument/semanticTokens/full failed.
2026-08-15 16:34:19.917 [info]   Message: _pickle.UnpicklingError: invalid load key, ' '.
  Code: -32603 
[object Object]
2026-08-15 16:34:21.027 [info] ERROR:pygls.protocol.json_rpc:Failed to handle request 187 textDocument/codeAction CodeActionParams(text_document=TextDocumentIdentifier(uri='file:///voc/work/hello_llm.py'), range=14:9-14:9, context=CodeActionContext(diagnostics=[], only=None, trigger_kind=<CodeActionTriggerKind.Automatic: 2>), work_done_token=None, partial_result_token=None)
Traceback (most recent call last):
  File "/usr/local/lib/code-server-4.103.2/lib/vscode/extensions/ms-python.python-2025.12.0/python_files/lib/jedilsp/pygls/protocol/json_rpc.py", line 266, in _handle_request
    self._execute_request(msg_id, handler, params)
  File "/usr/local/lib/code-server-4.103.2/lib/vscode/extensions/ms-python.python-2025.12.0/python_files/lib/jedilsp/pygls/protocol/json_rpc.py", line 188, in _execute_request
    self._send_response(msg_id, handler(params))
  File "/usr/local/lib/code-server-4.103.2/lib/vscode/extensions/ms-python.python-2025.12.0/python_files/lib/jedilsp/jedi_language_server/notebook_utils.py", line 373, in wrapped
    result = f(notebook_server, notebook_params)
  File "/usr/local/lib/code-server-4.103.2/lib/vscode/extensions/ms-python.python-2025.12.0/python_files/lib/jedilsp/jedi_language_server/server.py", line 717, in code_action
    extract_function_refactoring = jedi_script.extract_function(
  File "/usr/local/lib/code-server-4.103.2/lib/vscode/extensions/ms-python.python-2025.12.0/python_files/lib/jedilsp/jedi/api/helpers.py", line 487, in wrapper
    return func(self, line, column, *args, **kwargs)
  File "/usr/local/lib/code-server-4.103.2/lib/vscode/extensions/ms-python.python-2025.12.0/python_files/lib/jedilsp/jedi/api/__init__.py", line 675, in extract_function
    return extract_function(
  File "/usr/local/lib/code-server-4.103.2/lib/vscode/extensions/ms-python.python-2025.12.0/python_files/lib/jedilsp/jedi/api/refactoring/extract.py", line 216, in extract_function
    params, return_variables = list(_find_inputs_and_outputs(module_context, context, nodes))
  File "/usr/local/lib/code-server-4.103.2/lib/vscode/extensions/ms-python.python-2025.12.0/python_files/lib/jedilsp/jedi/api/refactoring/extract.py", line 332, in _find_inputs_and_outputs
    name_definitions = context.goto(name, name.start_pos)
  File "/usr/local/lib/code-server-4.103.2/lib/vscode/extensions/ms-python.python-2025.12.0/python_files/lib/jedilsp/jedi/inference/context.py", line 34, in goto
    names = finder.filter_name(filters, name_or_str)
  File "/usr/local/lib/code-server-4.103.2/lib/vscode/extensions/ms-python.python-2025.12.0/python_files/lib/jedilsp/jedi/inference/finder.py", line 35, in filter_name
    for filter in filters:
  File "/usr/local/lib/code-server-4.103.2/lib/vscode/extensions/ms-python.python-2025.12.0/python_files/lib/jedilsp/jedi/inference/context.py", line 496, in get_global_filters
    b = next(base_context.inference_state.builtins_module.get_filters(), None)
  File "/usr/local/lib/code-server-4.103.2/lib/vscode/extensions/ms-python.python-2025.12.0/python_files/lib/jedilsp/jedi/inference/cache.py", line 44, in wrapper
    rv = function(obj, *args, **kwargs)
  File "/usr/local/lib/code-server-4.103.2/lib/vscode/extensions/ms-python.python-2025.12.0/python_files/lib/jedilsp/jedi/inference/__init__.py", line 129, in builtins_module
    builtins_module, = self.import_module((module_name,), sys_path=[])
  File "/usr/local/lib/code-server-4.103.2/lib/vscode/extensions/ms-python.python-2025.12.0/python_files/lib/jedilsp/jedi/inference/__init__.py", line 112, in import_module
    return imports.import_module_by_names(
  File "/usr/local/lib/code-server-4.103.2/lib/vscode/extensions/ms-python.python-2025.12.0/python_files/lib/jedilsp/jedi/inference/imports.py", line 376, in import_module_by_names
    value_set = ValueSet.from_sets([
  File "/usr/local/lib/code-server-4.103.2/lib/vscode/extensions/ms-python.python-2025.12.0/python_files/lib/jedilsp/jedi/inference/imports.py", line 377, in <listcomp>
    import_module(
  File "/usr/local/lib/code-server-4.103.2/lib/vscode/extensions/ms-python.python-2025.12.0/python_files/lib/jedilsp/jedi/plugins/__init__.py", line 21, in wrapper
    return built_functions[public_name](*args, **kwargs)
  File "/usr/local/lib/code-server-4.103.2/lib/vscode/extensions/ms-python.python-2025.12.0/python_files/lib/jedilsp/jedi/plugins/flask.py", line 20, in wrapper
    return callback(inference_state, import_names, module_context, *args, **kwargs)
  File "/usr/local/lib/code-server-4.103.2/lib/vscode/extensions/ms-python.python-2025.12.0/python_files/lib/jedilsp/jedi/inference/gradual/typeshed.py", line 115, in wrapper
    python_value_set = ValueSet.from_sets(
  File "/usr/local/lib/code-server-4.103.2/lib/vscode/extensions/ms-python.python-2025.12.0/python_files/lib/jedilsp/jedi/inference/base_value.py", line 430, in from_sets
    for set_ in sets:
  File "/usr/local/lib/code-server-4.103.2/lib/vscode/extensions/ms-python.python-2025.12.0/python_files/lib/jedilsp/jedi/inference/gradual/typeshed.py", line 116, in <genexpr>
    func(inference_state, import_names, p, sys_path,)
  File "/usr/local/lib/code-server-4.103.2/lib/vscode/extensions/ms-python.python-2025.12.0/python_files/lib/jedilsp/jedi/inference/imports.py", line 411, in import_module
    file_io_or_ns, is_pkg = inference_state.compiled_subprocess.get_module_info(
  File "/usr/local/lib/code-server-4.103.2/lib/vscode/extensions/ms-python.python-2025.12.0/python_files/lib/jedilsp/jedi/inference/compiled/subprocess/__init__.py", line 188, in wrapper
    result = self._compiled_subprocess.run(
  File "/usr/local/lib/code-server-4.103.2/lib/vscode/extensions/ms-python.python-2025.12.0/python_files/lib/jedilsp/jedi/inference/compiled/subprocess/__init__.py", line 293, in run
    self._send(delete_id, None)
  File "/usr/local/lib/code-server-4.103.2/lib/vscode/extensions/ms-python.python-2025.12.0/python_files/lib/jedilsp/jedi/inference/compiled/subprocess/__init__.py", line 318, in _send
    is_exception, traceback, result = pickle_load(self._get_process().stdout)
  File "/usr/local/lib/code-server-4.103.2/lib/vscode/extensions/ms-python.python-2025.12.0/python_files/lib/jedilsp/jedi/_compatibility.py", line 25, in pickle_load
    return Unpickler(file).load()
_pickle.UnpicklingError: invalid load key, ' '.

2026-08-15 16:34:21.027 [info] [Error - 4:34:21 PM] Request textDocument/codeAction failed.
2026-08-15 16:34:21.034 [info]   Message: _pickle.UnpicklingError: invalid load key, ' '.
  Code: -32603 
[object Object]
2026-08-15 16:37:12.216 [info] semantic_tokens_range file:///voc/work/hello_llm.py 0:0-20:17
2026-08-15 16:37:12.217 [info] ERROR:pygls.protocol.json_rpc:Exception occurred for message "189": _pickle.UnpicklingError: invalid load key, ' '.
NoneType: None

2026-08-15 16:37:12.217 [info] [Error - 4:37:12 PM] Request textDocument/semanticTokens/range failed.
2026-08-15 16:37:12.217 [info]   Message: _pickle.UnpicklingError: invalid load key, ' '.
  Code: -32603 
[object Object]
2026-08-15 16:37:13.114 [info] semantic_tokens_range file:///voc/work/hello_llm.py 0:0-20:17
2026-08-15 16:37:13.115 [info] ERROR:pygls.protocol.json_rpc:Exception occurred for message "190": _pickle.UnpicklingError: invalid load key, ' '.
NoneType: None

2026-08-15 16:37:13.121 [info] [Error - 4:37:13 PM] Request textDocument/semanticTokens/range failed.
2026-08-15 16:37:13.121 [info]   Message: _pickle.UnpicklingError: invalid load key, ' '.
  Code: -32603 
[object Object]
2026-08-15 16:37:15.253 [info] ERROR:pygls.protocol.json_rpc:Failed to handle request 192 textDocument/hover HoverParams(text_document=TextDocumentIdentifier(uri='file:///voc/work/hello_llm.py'), position=18:5, work_done_token=None)
Traceback (most recent call last):
  File "/usr/local/lib/code-server-4.103.2/lib/vscode/extensions/ms-python.python-2025.12.0/python_files/lib/jedilsp/pygls/protocol/json_rpc.py", line 266, in _handle_request
    self._execute_request(msg_id, handler, params)
  File "/usr/local/lib/code-server-4.103.2/lib/vscode/extensions/ms-python.python-2025.12.0/python_files/lib/jedilsp/pygls/protocol/json_rpc.py", line 188, in _execute_request
    self._send_response(msg_id, handler(params))
  File "/usr/local/lib/code-server-4.103.2/lib/vscode/extensions/ms-python.python-2025.12.0/python_files/lib/jedilsp/jedi_language_server/notebook_utils.py", line 373, in wrapped
    result = f(notebook_server, notebook_params)
  File "/usr/local/lib/code-server-4.103.2/lib/vscode/extensions/ms-python.python-2025.12.0/python_files/lib/jedilsp/jedi_language_server/server.py", line 486, in hover
    hover_text = jedi_utils.hover_text(
  File "/usr/local/lib/code-server-4.103.2/lib/vscode/extensions/ms-python.python-2025.12.0/python_files/lib/jedilsp/jedi_language_server/jedi_utils.py", line 681, in hover_text
    header_plain = "\n".join(get_full_signatures(name))
  File "/usr/local/lib/code-server-4.103.2/lib/vscode/extensions/ms-python.python-2025.12.0/python_files/lib/jedilsp/jedi_language_server/jedi_utils.py", line 626, in get_full_signatures
    signatures = name.get_signatures()
  File "/usr/local/lib/code-server-4.103.2/lib/vscode/extensions/ms-python.python-2025.12.0/python_files/lib/jedilsp/jedi/api/classes.py", line 581, in get_signatures
    for s in self._get_signatures()
  File "/usr/local/lib/code-server-4.103.2/lib/vscode/extensions/ms-python.python-2025.12.0/python_files/lib/jedilsp/jedi/api/classes.py", line 570, in _get_signatures
    return [sig for name in names for sig in name.infer().get_signatures()]
  File "/usr/local/lib/code-server-4.103.2/lib/vscode/extensions/ms-python.python-2025.12.0/python_files/lib/jedilsp/jedi/api/classes.py", line 570, in <listcomp>
    return [sig for name in names for sig in name.infer().get_signatures()]
  File "/usr/local/lib/code-server-4.103.2/lib/vscode/extensions/ms-python.python-2025.12.0/python_files/lib/jedilsp/jedi/inference/value/module.py", line 34, in infer
    return compiled.get_string_value_set(self.parent_context.inference_state)
  File "/usr/local/lib/code-server-4.103.2/lib/vscode/extensions/ms-python.python-2025.12.0/python_files/lib/jedilsp/jedi/inference/compiled/__init__.py", line 59, in get_string_value_set
    return builtin_from_name(inference_state, 'str').execute_with_values()
  File "/usr/local/lib/code-server-4.103.2/lib/vscode/extensions/ms-python.python-2025.12.0/python_files/lib/jedilsp/jedi/inference/compiled/__init__.py", line 10, in builtin_from_name
    typing_builtins_module = inference_state.builtins_module
  File "/usr/local/lib/code-server-4.103.2/lib/vscode/extensions/ms-python.python-2025.12.0/python_files/lib/jedilsp/jedi/inference/cache.py", line 44, in wrapper
    rv = function(obj, *args, **kwargs)
  File "/usr/local/lib/code-server-4.103.2/lib/vscode/extensions/ms-python.python-2025.12.0/python_files/lib/jedilsp/jedi/inference/__init__.py", line 129, in builtins_module
    builtins_module, = self.import_module((module_name,), sys_path=[])
  File "/usr/local/lib/code-server-4.103.2/lib/vscode/extensions/ms-python.python-2025.12.0/python_files/lib/jedilsp/jedi/inference/__init__.py", line 112, in import_module
    return imports.import_module_by_names(
  File "/usr/local/lib/code-server-4.103.2/lib/vscode/extensions/ms-python.python-2025.12.0/python_files/lib/jedilsp/jedi/inference/imports.py", line 376, in import_module_by_names
    value_set = ValueSet.from_sets([
  File "/usr/local/lib/code-server-4.103.2/lib/vscode/extensions/ms-python.python-2025.12.0/python_files/lib/jedilsp/jedi/inference/imports.py", line 377, in <listcomp>
    import_module(
  File "/usr/local/lib/code-server-4.103.2/lib/vscode/extensions/ms-python.python-2025.12.0/python_files/lib/jedilsp/jedi/plugins/__init__.py", line 21, in wrapper
    return built_functions[public_name](*args, **kwargs)
  File "/usr/local/lib/code-server-4.103.2/lib/vscode/extensions/ms-python.python-2025.12.0/python_files/lib/jedilsp/jedi/plugins/flask.py", line 20, in wrapper
    return callback(inference_state, import_names, module_context, *args, **kwargs)
  File "/usr/local/lib/code-server-4.103.2/lib/vscode/extensions/ms-python.python-2025.12.0/python_files/lib/jedilsp/jedi/inference/gradual/typeshed.py", line 115, in wrapper
    python_value_set = ValueSet.from_sets(
  File "/usr/local/lib/code-server-4.103.2/lib/vscode/extensions/ms-python.python-2025.12.0/python_files/lib/jedilsp/jedi/inference/base_value.py", line 430, in from_sets
    for set_ in sets:
  File "/usr/local/lib/code-server-4.103.2/lib/vscode/extensions/ms-python.python-2025.12.0/python_files/lib/jedilsp/jedi/inference/gradual/typeshed.py", line 116, in <genexpr>
    func(inference_state, import_names, p, sys_path,)
  File "/usr/local/lib/code-server-4.103.2/lib/vscode/extensions/ms-python.python-2025.12.0/python_files/lib/jedilsp/jedi/inference/imports.py", line 411, in import_module
    file_io_or_ns, is_pkg = inference_state.compiled_subprocess.get_module_info(
  File "/usr/local/lib/code-server-4.103.2/lib/vscode/extensions/ms-python.python-2025.12.0/python_files/lib/jedilsp/jedi/inference/compiled/subprocess/__init__.py", line 188, in wrapper
    result = self._compiled_subprocess.run(
  File "/usr/local/lib/code-server-4.103.2/lib/vscode/extensions/ms-python.python-2025.12.0/python_files/lib/jedilsp/jedi/inference/compiled/subprocess/__init__.py", line 293, in run
    self._send(delete_id, None)
  File "/usr/local/lib/code-server-4.103.2/lib/vscode/extensions/ms-python.python-2025.12.0/python_files/lib/jedilsp/jedi/inference/compiled/subprocess/__init__.py", line 318, in _send
    is_exception, traceback, result = pickle_load(self._get_process().stdout)
  File "/usr/local/lib/code-server-4.103.2/lib/vscode/extensions/ms-python.python-2025.12.0/python_files/lib/jedilsp/jedi/_compatibility.py", line 25, in pickle_load
    return Unpickler(file).load()
_pickle.UnpicklingError: invalid load key, ' '.

2026-08-15 16:37:15.253 [info] [Error - 4:37:15 PM] Request textDocument/hover failed.
2026-08-15 16:37:15.259 [info]   Message: _pickle.UnpicklingError: invalid load key, ' '.
  Code: -32603 
[object Object]
2026-08-15 16:37:15.443 [info] ERROR:pygls.protocol.json_rpc:Failed to handle request 193 textDocument/hover HoverParams(text_document=TextDocumentIdentifier(uri='file:///voc/work/hello_llm.py'), position=18:4, work_done_token=None)
Traceback (most recent call last):
  File "/usr/local/lib/code-server-4.103.2/lib/vscode/extensions/ms-python.python-2025.12.0/python_files/lib/jedilsp/pygls/protocol/json_rpc.py", line 266, in _handle_request
    self._execute_request(msg_id, handler, params)
  File "/usr/local/lib/code-server-4.103.2/lib/vscode/extensions/ms-python.python-2025.12.0/python_files/lib/jedilsp/pygls/protocol/json_rpc.py", line 188, in _execute_request
    self._send_response(msg_id, handler(params))
  File "/usr/local/lib/code-server-4.103.2/lib/vscode/extensions/ms-python.python-2025.12.0/python_files/lib/jedilsp/jedi_language_server/notebook_utils.py", line 373, in wrapped
    result = f(notebook_server, notebook_params)
  File "/usr/local/lib/code-server-4.103.2/lib/vscode/extensions/ms-python.python-2025.12.0/python_files/lib/jedilsp/jedi_language_server/server.py", line 486, in hover
    hover_text = jedi_utils.hover_text(
  File "/usr/local/lib/code-server-4.103.2/lib/vscode/extensions/ms-python.python-2025.12.0/python_files/lib/jedilsp/jedi_language_server/jedi_utils.py", line 681, in hover_text
    header_plain = "\n".join(get_full_signatures(name))
  File "/usr/local/lib/code-server-4.103.2/lib/vscode/extensions/ms-python.python-2025.12.0/python_files/lib/jedilsp/jedi_language_server/jedi_utils.py", line 626, in get_full_signatures
    signatures = name.get_signatures()
  File "/usr/local/lib/code-server-4.103.2/lib/vscode/extensions/ms-python.python-2025.12.0/python_files/lib/jedilsp/jedi/api/classes.py", line 581, in get_signatures
    for s in self._get_signatures()
  File "/usr/local/lib/code-server-4.103.2/lib/vscode/extensions/ms-python.python-2025.12.0/python_files/lib/jedilsp/jedi/api/classes.py", line 570, in _get_signatures
    return [sig for name in names for sig in name.infer().get_signatures()]
  File "/usr/local/lib/code-server-4.103.2/lib/vscode/extensions/ms-python.python-2025.12.0/python_files/lib/jedilsp/jedi/api/classes.py", line 570, in <listcomp>
    return [sig for name in names for sig in name.infer().get_signatures()]
  File "/usr/local/lib/code-server-4.103.2/lib/vscode/extensions/ms-python.python-2025.12.0/python_files/lib/jedilsp/jedi/inference/value/module.py", line 34, in infer
    return compiled.get_string_value_set(self.parent_context.inference_state)
  File "/usr/local/lib/code-server-4.103.2/lib/vscode/extensions/ms-python.python-2025.12.0/python_files/lib/jedilsp/jedi/inference/compiled/__init__.py", line 59, in get_string_value_set
    return builtin_from_name(inference_state, 'str').execute_with_values()
  File "/usr/local/lib/code-server-4.103.2/lib/vscode/extensions/ms-python.python-2025.12.0/python_files/lib/jedilsp/jedi/inference/compiled/__init__.py", line 10, in builtin_from_name
    typing_builtins_module = inference_state.builtins_module
  File "/usr/local/lib/code-server-4.103.2/lib/vscode/extensions/ms-python.python-2025.12.0/python_files/lib/jedilsp/jedi/inference/cache.py", line 44, in wrapper
    rv = function(obj, *args, **kwargs)
  File "/usr/local/lib/code-server-4.103.2/lib/vscode/extensions/ms-python.python-2025.12.0/python_files/lib/jedilsp/jedi/inference/__init__.py", line 129, in builtins_module
    builtins_module, = self.import_module((module_name,), sys_path=[])
  File "/usr/local/lib/code-server-4.103.2/lib/vscode/extensions/ms-python.python-2025.12.0/python_files/lib/jedilsp/jedi/inference/__init__.py", line 112, in import_module
    return imports.import_module_by_names(
  File "/usr/local/lib/code-server-4.103.2/lib/vscode/extensions/ms-python.python-2025.12.0/python_files/lib/jedilsp/jedi/inference/imports.py", line 376, in import_module_by_names
    value_set = ValueSet.from_sets([
  File "/usr/local/lib/code-server-4.103.2/lib/vscode/extensions/ms-python.python-2025.12.0/python_files/lib/jedilsp/jedi/inference/imports.py", line 377, in <listcomp>
    import_module(
  File "/usr/local/lib/code-server-4.103.2/lib/vscode/extensions/ms-python.python-2025.12.0/python_files/lib/jedilsp/jedi/plugins/__init__.py", line 21, in wrapper
    return built_functions[public_name](*args, **kwargs)
  File "/usr/local/lib/code-server-4.103.2/lib/vscode/extensions/ms-python.python-2025.12.0/python_files/lib/jedilsp/jedi/plugins/flask.py", line 20, in wrapper
    return callback(inference_state, import_names, module_context, *args, **kwargs)
  File "/usr/local/lib/code-server-4.103.2/lib/vscode/extensions/ms-python.python-2025.12.0/python_files/lib/jedilsp/jedi/inference/gradual/typeshed.py", line 115, in wrapper
    python_value_set = ValueSet.from_sets(
  File "/usr/local/lib/code-server-4.103.2/lib/vscode/extensions/ms-python.python-2025.12.0/python_files/lib/jedilsp/jedi/inference/base_value.py", line 430, in from_sets
    for set_ in sets:
  File "/usr/local/lib/code-server-4.103.2/lib/vscode/extensions/ms-python.python-2025.12.0/python_files/lib/jedilsp/jedi/inference/gradual/typeshed.py", line 116, in <genexpr>
    func(inference_state, import_names, p, sys_path,)
  File "/usr/local/lib/code-server-4.103.2/lib/vscode/extensions/ms-python.python-2025.12.0/python_files/lib/jedilsp/jedi/inference/imports.py", line 411, in import_module
    file_io_or_ns, is_pkg = inference_state.compiled_subprocess.get_module_info(
  File "/usr/local/lib/code-server-4.103.2/lib/vscode/extensions/ms-python.python-2025.12.0/python_files/lib/jedilsp/jedi/inference/compiled/subprocess/__init__.py", line 188, in wrapper
    result = self._compiled_subprocess.run(
  File "/usr/local/lib/code-server-4.103.2/lib/vscode/extensions/ms-python.python-2025.12.0/python_files/lib/jedilsp/jedi/inference/compiled/subprocess/__init__.py", line 293, in run
    self._send(delete_id, None)
  File "/usr/local/lib/code-server-4.103.2/lib/vscode/extensions/ms-python.python-2025.12.0/python_files/lib/jedilsp/jedi/inference/compiled/subprocess/__init__.py", line 318, in _send
    is_exception, traceback, result = pickle_load(self._get_process().stdout)
  File "/usr/local/lib/code-server-4.103.2/lib/vscode/extensions/ms-python.python-2025.12.0/python_files/lib/jedilsp/jedi/_compatibility.py", line 25, in pickle_load
    return Unpickler(file).load()
_pickle.UnpicklingError: invalid load key, ' '.

2026-08-15 16:37:15.443 [info] [Error - 4:37:15 PM] Request textDocument/hover failed.
2026-08-15 16:37:15.450 [info]   Message: _pickle.UnpicklingError: invalid load key, ' '.
  Code: -32603 
[object Object]
2026-08-15 16:37:17.243 [info] ERROR:pygls.protocol.json_rpc:Failed to handle request 195 textDocument/hover HoverParams(text_document=TextDocumentIdentifier(uri='file:///voc/work/hello_llm.py'), position=19:19, work_done_token=None)
Traceback (most recent call last):
  File "/usr/local/lib/code-server-4.103.2/lib/vscode/extensions/ms-python.python-2025.12.0/python_files/lib/jedilsp/pygls/protocol/json_rpc.py", line 266, in _handle_request
    self._execute_request(msg_id, handler, params)
  File "/usr/local/lib/code-server-4.103.2/lib/vscode/extensions/ms-python.python-2025.12.0/python_files/lib/jedilsp/pygls/protocol/json_rpc.py", line 188, in _execute_request
    self._send_response(msg_id, handler(params))
  File "/usr/local/lib/code-server-4.103.2/lib/vscode/extensions/ms-python.python-2025.12.0/python_files/lib/jedilsp/jedi_language_server/notebook_utils.py", line 373, in wrapped
    result = f(notebook_server, notebook_params)
  File "/usr/local/lib/code-server-4.103.2/lib/vscode/extensions/ms-python.python-2025.12.0/python_files/lib/jedilsp/jedi_language_server/server.py", line 487, in hover
    jedi_script.help(*jedi_lines),
  File "/usr/local/lib/code-server-4.103.2/lib/vscode/extensions/ms-python.python-2025.12.0/python_files/lib/jedilsp/jedi/api/helpers.py", line 487, in wrapper
    return func(self, line, column, *args, **kwargs)
  File "/usr/local/lib/code-server-4.103.2/lib/vscode/extensions/ms-python.python-2025.12.0/python_files/lib/jedilsp/jedi/api/__init__.py", line 372, in help
    definitions = self.goto(line, column, follow_imports=True)
  File "/usr/local/lib/code-server-4.103.2/lib/vscode/extensions/ms-python.python-2025.12.0/python_files/lib/jedilsp/jedi/api/helpers.py", line 487, in wrapper
    return func(self, line, column, *args, **kwargs)
  File "/usr/local/lib/code-server-4.103.2/lib/vscode/extensions/ms-python.python-2025.12.0/python_files/lib/jedilsp/jedi/api/__init__.py", line 304, in goto
    names = convert_names(
  File "/usr/local/lib/code-server-4.103.2/lib/vscode/extensions/ms-python.python-2025.12.0/python_files/lib/jedilsp/jedi/inference/gradual/conversion.py", line 154, in convert_names
    return _try_stub_to_python_names(
  File "/usr/local/lib/code-server-4.103.2/lib/vscode/extensions/ms-python.python-2025.12.0/python_files/lib/jedilsp/jedi/inference/utils.py", line 16, in wrapper
    return list(func(*args, **kwargs))
  File "/usr/local/lib/code-server-4.103.2/lib/vscode/extensions/ms-python.python-2025.12.0/python_files/lib/jedilsp/jedi/inference/gradual/conversion.py", line 66, in _try_stub_to_python_names
    for name in names:
  File "/usr/local/lib/code-server-4.103.2/lib/vscode/extensions/ms-python.python-2025.12.0/python_files/lib/jedilsp/jedi/api/helpers.py", line 189, in filter_follow_imports
    name.goto(),
  File "/usr/local/lib/code-server-4.103.2/lib/vscode/extensions/ms-python.python-2025.12.0/python_files/lib/jedilsp/jedi/inference/names.py", line 157, in goto
    module_names = goto_import(context, name)
  File "/usr/local/lib/code-server-4.103.2/lib/vscode/extensions/ms-python.python-2025.12.0/python_files/lib/jedilsp/jedi/inference/cache.py", line 44, in wrapper
    rv = function(obj, *args, **kwargs)
  File "/usr/local/lib/code-server-4.103.2/lib/vscode/extensions/ms-python.python-2025.12.0/python_files/lib/jedilsp/jedi/inference/imports.py", line 75, in goto_import
    _prepare_infer_import(module_context, tree_name)
  File "/usr/local/lib/code-server-4.103.2/lib/vscode/extensions/ms-python.python-2025.12.0/python_files/lib/jedilsp/jedi/inference/imports.py", line 116, in _prepare_infer_import
    return from_import_name, tuple(import_path), import_node.level, importer.follow()
  File "/usr/local/lib/code-server-4.103.2/lib/vscode/extensions/ms-python.python-2025.12.0/python_files/lib/jedilsp/jedi/inference/imports.py", line 296, in follow
    return import_module_by_names(
  File "/usr/local/lib/code-server-4.103.2/lib/vscode/extensions/ms-python.python-2025.12.0/python_files/lib/jedilsp/jedi/inference/imports.py", line 376, in import_module_by_names
    value_set = ValueSet.from_sets([
  File "/usr/local/lib/code-server-4.103.2/lib/vscode/extensions/ms-python.python-2025.12.0/python_files/lib/jedilsp/jedi/inference/imports.py", line 377, in <listcomp>
    import_module(
  File "/usr/local/lib/code-server-4.103.2/lib/vscode/extensions/ms-python.python-2025.12.0/python_files/lib/jedilsp/jedi/plugins/__init__.py", line 21, in wrapper
    return built_functions[public_name](*args, **kwargs)
  File "/usr/local/lib/code-server-4.103.2/lib/vscode/extensions/ms-python.python-2025.12.0/python_files/lib/jedilsp/jedi/plugins/flask.py", line 20, in wrapper
    return callback(inference_state, import_names, module_context, *args, **kwargs)
  File "/usr/local/lib/code-server-4.103.2/lib/vscode/extensions/ms-python.python-2025.12.0/python_files/lib/jedilsp/jedi/inference/gradual/typeshed.py", line 115, in wrapper
    python_value_set = ValueSet.from_sets(
  File "/usr/local/lib/code-server-4.103.2/lib/vscode/extensions/ms-python.python-2025.12.0/python_files/lib/jedilsp/jedi/inference/base_value.py", line 430, in from_sets
    for set_ in sets:
  File "/usr/local/lib/code-server-4.103.2/lib/vscode/extensions/ms-python.python-2025.12.0/python_files/lib/jedilsp/jedi/inference/gradual/typeshed.py", line 116, in <genexpr>
    func(inference_state, import_names, p, sys_path,)
  File "/usr/local/lib/code-server-4.103.2/lib/vscode/extensions/ms-python.python-2025.12.0/python_files/lib/jedilsp/jedi/inference/imports.py", line 411, in import_module
    file_io_or_ns, is_pkg = inference_state.compiled_subprocess.get_module_info(
  File "/usr/local/lib/code-server-4.103.2/lib/vscode/extensions/ms-python.python-2025.12.0/python_files/lib/jedilsp/jedi/inference/compiled/subprocess/__init__.py", line 188, in wrapper
    result = self._compiled_subprocess.run(
  File "/usr/local/lib/code-server-4.103.2/lib/vscode/extensions/ms-python.python-2025.12.0/python_files/lib/jedilsp/jedi/inference/compiled/subprocess/__init__.py", line 293, in run
    self._send(delete_id, None)
  File "/usr/local/lib/code-server-4.103.2/lib/vscode/extensions/ms-python.python-2025.12.0/python_files/lib/jedilsp/jedi/inference/compiled/subprocess/__init__.py", line 318, in _send
    is_exception, traceback, result = pickle_load(self._get_process().stdout)
  File "/usr/local/lib/code-server-4.103.2/lib/vscode/extensions/ms-python.python-2025.12.0/python_files/lib/jedilsp/jedi/_compatibility.py", line 25, in pickle_load
    return Unpickler(file).load()
_pickle.UnpicklingError: invalid load key, ' '.

2026-08-15 16:37:17.243 [info] [Error - 4:37:17 PM] Request textDocument/hover failed.
2026-08-15 16:37:17.250 [info]   Message: _pickle.UnpicklingError: invalid load key, ' '.
  Code: -32603 
[object Object]
2026-08-15 16:37:20.790 [info] semantic_tokens_range file:///voc/work/hello_llm.py 0:0-20:17
2026-08-15 16:37:20.792 [info] ERROR:pygls.protocol.json_rpc:Exception occurred for message "196": _pickle.UnpicklingError: invalid load key, ' '.
NoneType: None

2026-08-15 16:37:20.797 [info] [Error - 4:37:20 PM] Request textDocument/semanticTokens/range failed.
2026-08-15 16:37:20.797 [info]   Message: _pickle.UnpicklingError: invalid load key, ' '.
  Code: -32603 
[object Object]
2026-08-15 16:37:21.405 [info] semantic_tokens_range file:///voc/work/hello_llm.py 0:0-20:17
2026-08-15 16:37:21.406 [info] ERROR:pygls.protocol.json_rpc:Exception occurred for message "197": _pickle.UnpicklingError: invalid load key, ' '.
NoneType: None

2026-08-15 16:37:21.412 [info] [Error - 4:37:21 PM] Request textDocument/semanticTokens/range failed.
2026-08-15 16:37:21.412 [info]   Message: _pickle.UnpicklingError: invalid load key, ' '.
  Code: -32603 
[object Object]
2026-08-15 17:11:11.646 [info] semantic_tokens_range file:///voc/work/hello_llm.py 0:0-20:17
2026-08-15 17:11:11.647 [info] ERROR:pygls.protocol.json_rpc:Exception occurred for message "198": _pickle.UnpicklingError: invalid load key, ' '.
NoneType: None

2026-08-15 17:11:11.648 [info] [Error - 5:11:11 PM] Request textDocument/semanticTokens/range failed.
2026-08-15 17:11:11.648 [info]   Message: _pickle.UnpicklingError: invalid load key, ' '.
  Code: -32603 
[object Object]
2026-08-15 17:11:21.095 [info] semantic_tokens_range file:///voc/work/hello_llm.py 0:0-20:17
2026-08-15 17:11:21.096 [info] ERROR:pygls.protocol.json_rpc:Exception occurred for message "199": _pickle.UnpicklingError: invalid load key, ' '.
NoneType: None

2026-08-15 17:11:21.103 [info] [Error - 5:11:21 PM] Request textDocument/semanticTokens/range failed.
2026-08-15 17:11:21.103 [info]   Message: _pickle.UnpicklingError: invalid load key, ' '.
  Code: -32603 
[object Object]
