2026-08-22 16:05:58.700 [info] [main] Log level: Info
2026-08-22 16:05:58.700 [info] [main] Validating found git in: "git"
2026-08-22 16:05:58.700 [info] [main] Using git "2.25.1" from "git"
2026-08-22 16:05:58.700 [info] [Model][doInitialScan] Initial repository scan started
2026-08-22 16:05:58.700 [info] > git rev-parse --show-toplevel [11ms]
2026-08-22 16:05:58.700 [info] > git rev-parse --git-dir --git-common-dir --show-superproject-working-tree [8ms]
2026-08-22 16:05:58.700 [info] [Model][openRepository] Opened repository (path): /voc/work
2026-08-22 16:05:58.700 [info] [Model][openRepository] Opened repository (real path): /voc/work
2026-08-22 16:05:58.700 [info] [Model][openRepository] Opened repository (kind): repository
2026-08-22 16:05:58.703 [info] > git config --get commit.template [6ms]
2026-08-22 16:05:58.703 [info] > git rev-parse --show-toplevel [5ms]
2026-08-22 16:05:58.703 [info] > git for-each-ref --format=%(refname)%00%(upstream:short)%00%(objectname)%00%(upstream:track)%00%(upstream:remotename)%00%(upstream:remoteref) refs/heads/master refs/remotes/master [9ms]
2026-08-22 16:05:58.703 [warning] [Git][getBranch] No such branch: master
2026-08-22 16:05:58.703 [info] > git rev-parse --show-toplevel [11ms]
2026-08-22 16:05:58.703 [info] > git rev-parse --show-toplevel [7ms]
2026-08-22 16:05:58.703 [info] > git for-each-ref --sort -committerdate --format %(refname)%00%(objectname)%00%(*objectname) [9ms]
2026-08-22 16:05:58.703 [info] > git rev-parse --show-toplevel [5ms]
2026-08-22 16:05:58.703 [info] > git rev-parse --show-toplevel [5ms]
2026-08-22 16:05:58.703 [info] > git rev-parse --show-toplevel [5ms]
2026-08-22 16:05:58.703 [info] > git rev-parse --show-toplevel [5ms]
2026-08-22 16:05:58.703 [info] > git rev-parse --show-toplevel [5ms]
2026-08-22 16:05:58.703 [info] > git rev-parse --show-toplevel [5ms]
2026-08-22 16:05:58.703 [info] > git status -z -uall [60ms]
2026-08-22 16:05:58.703 [info] > git rev-parse --show-toplevel [16ms]
2026-08-22 16:05:58.703 [info] > git config --get commit.template [42ms]
2026-08-22 16:05:58.703 [info] > git for-each-ref --format=%(refname)%00%(upstream:short)%00%(objectname)%00%(upstream:track)%00%(upstream:remotename)%00%(upstream:remoteref) refs/heads/master refs/remotes/master [46ms]
2026-08-22 16:05:58.703 [warning] [Git][getBranch] No such branch: master
2026-08-22 16:05:58.703 [error] [GitHistoryProvider][resolveHEADMergeBase] Failed to resolve merge base for master: Error: No such branch: master.
2026-08-22 16:05:58.703 [info] > git rev-parse --show-toplevel [6ms]
2026-08-22 16:05:58.703 [info] [Model][doInitialScan] Initial repository scan completed - repositories (1), closed repositories (0), parent repositories (0), unsafe repositories (0)
2026-08-22 16:05:58.703 [info] > git for-each-ref --format=%(refname)%00%(upstream:short)%00%(objectname)%00%(upstream:track)%00%(upstream:remotename)%00%(upstream:remoteref) refs/heads/master refs/remotes/master [7ms]
2026-08-22 16:05:58.703 [warning] [Git][getBranch] No such branch: master
2026-08-22 16:05:58.703 [info] > git for-each-ref --sort -committerdate --format %(refname)%00%(objectname)%00%(*objectname) [7ms]
2026-08-22 16:05:58.703 [info] > git status -z -uall [48ms]
2026-08-22 16:05:59.552 [info] > git check-ignore -v -z --stdin [22ms]
2026-08-22 16:06:00.065 [info] > git check-ignore -v -z --stdin [9ms]
2026-08-22 16:06:02.557 [info] > git config --get commit.template [4ms]
2026-08-22 16:06:02.562 [info] > git for-each-ref --format=%(refname)%00%(upstream:short)%00%(objectname)%00%(upstream:track)%00%(upstream:remotename)%00%(upstream:remoteref) refs/heads/master refs/remotes/master [7ms]
2026-08-22 16:06:02.562 [warning] [Git][getBranch] No such branch: master
2026-08-22 16:06:02.580 [info] > git for-each-ref --sort -committerdate --format %(refname)%00%(objectname)%00%(*objectname) [8ms]
2026-08-22 16:06:02.651 [info] > git status -z -uall [82ms]
2026-08-22 16:06:20.204 [info] > git config --get commit.template [7ms]
2026-08-22 16:06:20.208 [info] > git for-each-ref --format=%(refname)%00%(upstream:short)%00%(objectname)%00%(upstream:track)%00%(upstream:remotename)%00%(upstream:remoteref) refs/heads/master refs/remotes/master [7ms]
2026-08-22 16:06:20.208 [warning] [Git][getBranch] No such branch: master
2026-08-22 16:06:20.223 [info] > git for-each-ref --sort -committerdate --format %(refname)%00%(objectname)%00%(*objectname) [9ms]
2026-08-22 16:06:20.276 [info] > git status -z -uall [65ms]
2026-08-22 16:06:25.290 [info] > git config --get commit.template [5ms]
2026-08-22 16:06:25.295 [info] > git for-each-ref --format=%(refname)%00%(upstream:short)%00%(objectname)%00%(upstream:track)%00%(upstream:remotename)%00%(upstream:remoteref) refs/heads/master refs/remotes/master [7ms]
2026-08-22 16:06:25.295 [warning] [Git][getBranch] No such branch: master
2026-08-22 16:06:25.308 [info] > git for-each-ref --sort -committerdate --format %(refname)%00%(objectname)%00%(*objectname) [7ms]
2026-08-22 16:06:25.353 [info] > git status -z -uall [55ms]
2026-08-22 16:06:30.367 [info] > git config --get commit.template [6ms]
2026-08-22 16:06:30.373 [info] > git for-each-ref --format=%(refname)%00%(upstream:short)%00%(objectname)%00%(upstream:track)%00%(upstream:remotename)%00%(upstream:remoteref) refs/heads/master refs/remotes/master [9ms]
2026-08-22 16:06:30.373 [warning] [Git][getBranch] No such branch: master
2026-08-22 16:06:30.391 [info] > git for-each-ref --sort -committerdate --format %(refname)%00%(objectname)%00%(*objectname) [11ms]
2026-08-22 16:06:30.438 [info] > git status -z -uall [61ms]
2026-08-22 16:06:35.451 [info] > git config --get commit.template [5ms]
2026-08-22 16:06:35.456 [info] > git for-each-ref --format=%(refname)%00%(upstream:short)%00%(objectname)%00%(upstream:track)%00%(upstream:remotename)%00%(upstream:remoteref) refs/heads/master refs/remotes/master [7ms]
2026-08-22 16:06:35.456 [warning] [Git][getBranch] No such branch: master
2026-08-22 16:06:35.474 [info] > git for-each-ref --sort -committerdate --format %(refname)%00%(objectname)%00%(*objectname) [9ms]
2026-08-22 16:06:35.520 [info] > git status -z -uall [58ms]
2026-08-22 16:06:40.534 [info] > git config --get commit.template [7ms]
2026-08-22 16:06:40.539 [info] > git for-each-ref --format=%(refname)%00%(upstream:short)%00%(objectname)%00%(upstream:track)%00%(upstream:remotename)%00%(upstream:remoteref) refs/heads/master refs/remotes/master [9ms]
2026-08-22 16:06:40.539 [warning] [Git][getBranch] No such branch: master
2026-08-22 16:06:40.554 [info] > git for-each-ref --sort -committerdate --format %(refname)%00%(objectname)%00%(*objectname) [9ms]
2026-08-22 16:06:40.601 [info] > git status -z -uall [59ms]
2026-08-22 16:06:45.612 [info] > git config --get commit.template [5ms]
2026-08-22 16:06:45.618 [info] > git for-each-ref --format=%(refname)%00%(upstream:short)%00%(objectname)%00%(upstream:track)%00%(upstream:remotename)%00%(upstream:remoteref) refs/heads/master refs/remotes/master [8ms]
2026-08-22 16:06:45.618 [warning] [Git][getBranch] No such branch: master
2026-08-22 16:06:45.635 [info] > git for-each-ref --sort -committerdate --format %(refname)%00%(objectname)%00%(*objectname) [8ms]
2026-08-22 16:06:45.682 [info] > git status -z -uall [58ms]
2026-08-22 16:06:50.695 [info] > git config --get commit.template [6ms]
2026-08-22 16:06:50.701 [info] > git for-each-ref --format=%(refname)%00%(upstream:short)%00%(objectname)%00%(upstream:track)%00%(upstream:remotename)%00%(upstream:remoteref) refs/heads/master refs/remotes/master [8ms]
2026-08-22 16:06:50.701 [warning] [Git][getBranch] No such branch: master
2026-08-22 16:06:50.720 [info] > git for-each-ref --sort -committerdate --format %(refname)%00%(objectname)%00%(*objectname) [10ms]
2026-08-22 16:06:50.777 [info] > git status -z -uall [69ms]
2026-08-22 16:06:55.789 [info] > git config --get commit.template [6ms]
2026-08-22 16:06:55.795 [info] > git for-each-ref --format=%(refname)%00%(upstream:short)%00%(objectname)%00%(upstream:track)%00%(upstream:remotename)%00%(upstream:remoteref) refs/heads/master refs/remotes/master [8ms]
2026-08-22 16:06:55.795 [warning] [Git][getBranch] No such branch: master
2026-08-22 16:06:55.815 [info] > git for-each-ref --sort -committerdate --format %(refname)%00%(objectname)%00%(*objectname) [10ms]
2026-08-22 16:06:55.863 [info] > git status -z -uall [62ms]
2026-08-22 16:07:00.875 [info] > git config --get commit.template [4ms]
2026-08-22 16:07:00.880 [info] > git for-each-ref --format=%(refname)%00%(upstream:short)%00%(objectname)%00%(upstream:track)%00%(upstream:remotename)%00%(upstream:remoteref) refs/heads/master refs/remotes/master [7ms]
2026-08-22 16:07:00.880 [warning] [Git][getBranch] No such branch: master
2026-08-22 16:07:00.895 [info] > git for-each-ref --sort -committerdate --format %(refname)%00%(objectname)%00%(*objectname) [10ms]
2026-08-22 16:07:01.015 [info] > git status -z -uall [132ms]
2026-08-22 16:07:06.028 [info] > git config --get commit.template [5ms]
2026-08-22 16:07:06.032 [info] > git for-each-ref --format=%(refname)%00%(upstream:short)%00%(objectname)%00%(upstream:track)%00%(upstream:remotename)%00%(upstream:remoteref) refs/heads/master refs/remotes/master [7ms]
2026-08-22 16:07:06.033 [warning] [Git][getBranch] No such branch: master
2026-08-22 16:07:06.049 [info] > git for-each-ref --sort -committerdate --format %(refname)%00%(objectname)%00%(*objectname) [8ms]
2026-08-22 16:07:06.094 [info] > git status -z -uall [56ms]
2026-08-22 16:07:11.105 [info] > git config --get commit.template [4ms]
2026-08-22 16:07:11.111 [info] > git for-each-ref --format=%(refname)%00%(upstream:short)%00%(objectname)%00%(upstream:track)%00%(upstream:remotename)%00%(upstream:remoteref) refs/heads/master refs/remotes/master [7ms]
2026-08-22 16:07:11.112 [warning] [Git][getBranch] No such branch: master
2026-08-22 16:07:11.153 [info] > git for-each-ref --sort -committerdate --format %(refname)%00%(objectname)%00%(*objectname) [36ms]
2026-08-22 16:07:11.171 [info] > git status -z -uall [57ms]
2026-08-22 16:07:16.181 [info] > git config --get commit.template [4ms]
2026-08-22 16:07:16.187 [info] > git for-each-ref --format=%(refname)%00%(upstream:short)%00%(objectname)%00%(upstream:track)%00%(upstream:remotename)%00%(upstream:remoteref) refs/heads/master refs/remotes/master [7ms]
2026-08-22 16:07:16.187 [warning] [Git][getBranch] No such branch: master
2026-08-22 16:07:16.200 [info] > git for-each-ref --sort -committerdate --format %(refname)%00%(objectname)%00%(*objectname) [8ms]
2026-08-22 16:07:16.249 [info] > git status -z -uall [59ms]
2026-08-22 16:07:21.260 [info] > git config --get commit.template [5ms]
2026-08-22 16:07:21.266 [info] > git for-each-ref --format=%(refname)%00%(upstream:short)%00%(objectname)%00%(upstream:track)%00%(upstream:remotename)%00%(upstream:remoteref) refs/heads/master refs/remotes/master [7ms]
2026-08-22 16:07:21.266 [warning] [Git][getBranch] No such branch: master
2026-08-22 16:07:21.280 [info] > git for-each-ref --sort -committerdate --format %(refname)%00%(objectname)%00%(*objectname) [8ms]
2026-08-22 16:07:21.324 [info] > git status -z -uall [55ms]
2026-08-22 16:07:26.337 [info] > git config --get commit.template [4ms]
2026-08-22 16:07:26.342 [info] > git for-each-ref --format=%(refname)%00%(upstream:short)%00%(objectname)%00%(upstream:track)%00%(upstream:remotename)%00%(upstream:remoteref) refs/heads/master refs/remotes/master [7ms]
2026-08-22 16:07:26.342 [warning] [Git][getBranch] No such branch: master
2026-08-22 16:07:26.355 [info] > git for-each-ref --sort -committerdate --format %(refname)%00%(objectname)%00%(*objectname) [8ms]
2026-08-22 16:07:26.403 [info] > git status -z -uall [59ms]
2026-08-22 16:07:31.417 [info] > git config --get commit.template [5ms]
2026-08-22 16:07:31.423 [info] > git for-each-ref --format=%(refname)%00%(upstream:short)%00%(objectname)%00%(upstream:track)%00%(upstream:remotename)%00%(upstream:remoteref) refs/heads/master refs/remotes/master [9ms]
2026-08-22 16:07:31.423 [warning] [Git][getBranch] No such branch: master
2026-08-22 16:07:31.439 [info] > git for-each-ref --sort -committerdate --format %(refname)%00%(objectname)%00%(*objectname) [11ms]
2026-08-22 16:07:31.489 [info] > git status -z -uall [63ms]
2026-08-22 16:07:36.500 [info] > git config --get commit.template [5ms]
2026-08-22 16:07:36.506 [info] > git for-each-ref --format=%(refname)%00%(upstream:short)%00%(objectname)%00%(upstream:track)%00%(upstream:remotename)%00%(upstream:remoteref) refs/heads/master refs/remotes/master [8ms]
2026-08-22 16:07:36.506 [warning] [Git][getBranch] No such branch: master
2026-08-22 16:07:36.520 [info] > git for-each-ref --sort -committerdate --format %(refname)%00%(objectname)%00%(*objectname) [9ms]
2026-08-22 16:07:36.566 [info] > git status -z -uall [57ms]
2026-08-22 16:07:39.483 [info] > git check-ignore -v -z --stdin [8ms]
2026-08-22 16:07:41.579 [info] > git config --get commit.template [7ms]
2026-08-22 16:07:41.584 [info] > git for-each-ref --format=%(refname)%00%(upstream:short)%00%(objectname)%00%(upstream:track)%00%(upstream:remotename)%00%(upstream:remoteref) refs/heads/master refs/remotes/master [8ms]
2026-08-22 16:07:41.584 [warning] [Git][getBranch] No such branch: master
2026-08-22 16:07:41.599 [info] > git for-each-ref --sort -committerdate --format %(refname)%00%(objectname)%00%(*objectname) [9ms]
2026-08-22 16:07:41.647 [info] > git status -z -uall [60ms]
2026-08-22 16:07:46.659 [info] > git config --get commit.template [5ms]
2026-08-22 16:07:46.665 [info] > git for-each-ref --format=%(refname)%00%(upstream:short)%00%(objectname)%00%(upstream:track)%00%(upstream:remotename)%00%(upstream:remoteref) refs/heads/master refs/remotes/master [8ms]
2026-08-22 16:07:46.665 [warning] [Git][getBranch] No such branch: master
2026-08-22 16:07:46.679 [info] > git for-each-ref --sort -committerdate --format %(refname)%00%(objectname)%00%(*objectname) [8ms]
2026-08-22 16:07:46.724 [info] > git status -z -uall [56ms]
2026-08-22 16:07:51.737 [info] > git config --get commit.template [5ms]
2026-08-22 16:07:51.742 [info] > git for-each-ref --format=%(refname)%00%(upstream:short)%00%(objectname)%00%(upstream:track)%00%(upstream:remotename)%00%(upstream:remoteref) refs/heads/master refs/remotes/master [7ms]
2026-08-22 16:07:51.743 [warning] [Git][getBranch] No such branch: master
2026-08-22 16:07:51.756 [info] > git for-each-ref --sort -committerdate --format %(refname)%00%(objectname)%00%(*objectname) [8ms]
2026-08-22 16:07:51.801 [info] > git status -z -uall [56ms]
2026-08-22 16:07:56.815 [info] > git config --get commit.template [6ms]
2026-08-22 16:07:56.822 [info] > git for-each-ref --format=%(refname)%00%(upstream:short)%00%(objectname)%00%(upstream:track)%00%(upstream:remotename)%00%(upstream:remoteref) refs/heads/master refs/remotes/master [9ms]
2026-08-22 16:07:56.822 [warning] [Git][getBranch] No such branch: master
2026-08-22 16:07:56.838 [info] > git for-each-ref --sort -committerdate --format %(refname)%00%(objectname)%00%(*objectname) [11ms]
2026-08-22 16:07:56.891 [info] > git status -z -uall [66ms]
2026-08-22 16:07:59.549 [info] > git check-ignore -v -z --stdin [12ms]
2026-08-22 16:08:00.457 [info] > git log --format=%H%n%aN%n%aE%n%at%n%ct%n%P%n%D%n%B -z -n51 --shortstat --follow -- /voc/work/W2_Practice_Assignment_Solution_Activity/.gitignore [9ms]
2026-08-22 16:08:00.457 [info] fatal: your current branch 'master' does not have any commits yet
2026-08-22 16:08:00.467 [info] > git hash-object -t tree /dev/null [6ms]
2026-08-22 16:08:01.267 [info] > git show --textconv :W2_Practice_Assignment_Solution_Activity/.gitignore [11ms]
2026-08-22 16:08:01.268 [warning] [GitFileSystemProvider][readFile] File not found - git:/voc/work/W2_Practice_Assignment_Solution_Activity/.gitignore.git?%7B%22path%22%3A%22%2Fvoc%2Fwork%2FW2_Practice_Assignment_Solution_Activity%2F.gitignore%22%2C%22ref%22%3A%22%22%7D
2026-08-22 16:08:01.278 [info] > git ls-files --stage -- W2_Practice_Assignment_Solution_Activity/.gitignore [18ms]
2026-08-22 16:08:01.278 [warning] [GitFileSystemProvider][stat] File not found - git:/voc/work/W2_Practice_Assignment_Solution_Activity/.gitignore.git?%7B%22path%22%3A%22%2Fvoc%2Fwork%2FW2_Practice_Assignment_Solution_Activity%2F.gitignore%22%2C%22ref%22%3A%22%22%7D
2026-08-22 16:08:01.904 [info] > git config --get commit.template [6ms]
2026-08-22 16:08:01.910 [info] > git for-each-ref --format=%(refname)%00%(upstream:short)%00%(objectname)%00%(upstream:track)%00%(upstream:remotename)%00%(upstream:remoteref) refs/heads/master refs/remotes/master [8ms]
2026-08-22 16:08:01.910 [warning] [Git][getBranch] No such branch: master
2026-08-22 16:08:01.925 [info] > git for-each-ref --sort -committerdate --format %(refname)%00%(objectname)%00%(*objectname) [9ms]
2026-08-22 16:08:02.059 [info] > git status -z -uall [145ms]
2026-08-22 16:08:07.071 [info] > git config --get commit.template [5ms]
2026-08-22 16:08:07.077 [info] > git for-each-ref --format=%(refname)%00%(upstream:short)%00%(objectname)%00%(upstream:track)%00%(upstream:remotename)%00%(upstream:remoteref) refs/heads/master refs/remotes/master [7ms]
2026-08-22 16:08:07.077 [warning] [Git][getBranch] No such branch: master
2026-08-22 16:08:07.092 [info] > git for-each-ref --sort -committerdate --format %(refname)%00%(objectname)%00%(*objectname) [9ms]
2026-08-22 16:08:07.141 [info] > git status -z -uall [61ms]
2026-08-22 16:08:12.153 [info] > git config --get commit.template [5ms]
2026-08-22 16:08:12.159 [info] > git for-each-ref --format=%(refname)%00%(upstream:short)%00%(objectname)%00%(upstream:track)%00%(upstream:remotename)%00%(upstream:remoteref) refs/heads/master refs/remotes/master [8ms]
2026-08-22 16:08:12.159 [warning] [Git][getBranch] No such branch: master
2026-08-22 16:08:12.174 [info] > git for-each-ref --sort -committerdate --format %(refname)%00%(objectname)%00%(*objectname) [9ms]
2026-08-22 16:08:12.226 [info] > git status -z -uall [64ms]
2026-08-22 16:08:17.236 [info] > git config --get commit.template [4ms]
2026-08-22 16:08:17.242 [info] > git for-each-ref --format=%(refname)%00%(upstream:short)%00%(objectname)%00%(upstream:track)%00%(upstream:remotename)%00%(upstream:remoteref) refs/heads/master refs/remotes/master [7ms]
2026-08-22 16:08:17.242 [warning] [Git][getBranch] No such branch: master
2026-08-22 16:08:17.256 [info] > git for-each-ref --sort -committerdate --format %(refname)%00%(objectname)%00%(*objectname) [9ms]
2026-08-22 16:08:17.311 [info] > git status -z -uall [66ms]
2026-08-22 16:08:22.324 [info] > git config --get commit.template [5ms]
2026-08-22 16:08:22.329 [info] > git for-each-ref --format=%(refname)%00%(upstream:short)%00%(objectname)%00%(upstream:track)%00%(upstream:remotename)%00%(upstream:remoteref) refs/heads/master refs/remotes/master [7ms]
2026-08-22 16:08:22.329 [warning] [Git][getBranch] No such branch: master
2026-08-22 16:08:22.343 [info] > git for-each-ref --sort -committerdate --format %(refname)%00%(objectname)%00%(*objectname) [7ms]
2026-08-22 16:08:22.390 [info] > git status -z -uall [57ms]
2026-08-22 16:08:27.402 [info] > git config --get commit.template [5ms]
2026-08-22 16:08:27.408 [info] > git for-each-ref --format=%(refname)%00%(upstream:short)%00%(objectname)%00%(upstream:track)%00%(upstream:remotename)%00%(upstream:remoteref) refs/heads/master refs/remotes/master [7ms]
2026-08-22 16:08:27.408 [warning] [Git][getBranch] No such branch: master
2026-08-22 16:08:27.436 [info] > git for-each-ref --sort -committerdate --format %(refname)%00%(objectname)%00%(*objectname) [21ms]
2026-08-22 16:08:27.482 [info] > git status -z -uall [71ms]
2026-08-22 16:08:32.495 [info] > git config --get commit.template [6ms]
2026-08-22 16:08:32.500 [info] > git for-each-ref --format=%(refname)%00%(upstream:short)%00%(objectname)%00%(upstream:track)%00%(upstream:remotename)%00%(upstream:remoteref) refs/heads/master refs/remotes/master [8ms]
2026-08-22 16:08:32.500 [warning] [Git][getBranch] No such branch: master
2026-08-22 16:08:32.514 [info] > git for-each-ref --sort -committerdate --format %(refname)%00%(objectname)%00%(*objectname) [9ms]
2026-08-22 16:08:32.565 [info] > git status -z -uall [62ms]
2026-08-22 16:08:37.577 [info] > git config --get commit.template [5ms]
2026-08-22 16:08:37.582 [info] > git for-each-ref --format=%(refname)%00%(upstream:short)%00%(objectname)%00%(upstream:track)%00%(upstream:remotename)%00%(upstream:remoteref) refs/heads/master refs/remotes/master [7ms]
2026-08-22 16:08:37.582 [warning] [Git][getBranch] No such branch: master
2026-08-22 16:08:37.602 [info] > git for-each-ref --sort -committerdate --format %(refname)%00%(objectname)%00%(*objectname) [10ms]
2026-08-22 16:08:37.652 [info] > git status -z -uall [63ms]
2026-08-22 16:08:42.664 [info] > git config --get commit.template [5ms]
2026-08-22 16:08:42.671 [info] > git for-each-ref --format=%(refname)%00%(upstream:short)%00%(objectname)%00%(upstream:track)%00%(upstream:remotename)%00%(upstream:remoteref) refs/heads/master refs/remotes/master [8ms]
2026-08-22 16:08:42.671 [warning] [Git][getBranch] No such branch: master
2026-08-22 16:08:42.687 [info] > git for-each-ref --sort -committerdate --format %(refname)%00%(objectname)%00%(*objectname) [11ms]
2026-08-22 16:08:42.735 [info] > git status -z -uall [62ms]
2026-08-22 16:08:47.749 [info] > git config --get commit.template [6ms]
2026-08-22 16:08:47.754 [info] > git for-each-ref --format=%(refname)%00%(upstream:short)%00%(objectname)%00%(upstream:track)%00%(upstream:remotename)%00%(upstream:remoteref) refs/heads/master refs/remotes/master [8ms]
2026-08-22 16:08:47.754 [warning] [Git][getBranch] No such branch: master
2026-08-22 16:08:47.769 [info] > git for-each-ref --sort -committerdate --format %(refname)%00%(objectname)%00%(*objectname) [9ms]
2026-08-22 16:08:47.830 [info] > git status -z -uall [73ms]
2026-08-22 16:08:52.842 [info] > git config --get commit.template [4ms]
2026-08-22 16:08:52.847 [info] > git for-each-ref --format=%(refname)%00%(upstream:short)%00%(objectname)%00%(upstream:track)%00%(upstream:remotename)%00%(upstream:remoteref) refs/heads/master refs/remotes/master [7ms]
2026-08-22 16:08:52.847 [warning] [Git][getBranch] No such branch: master
2026-08-22 16:08:52.862 [info] > git for-each-ref --sort -committerdate --format %(refname)%00%(objectname)%00%(*objectname) [9ms]
2026-08-22 16:08:52.911 [info] > git status -z -uall [61ms]
2026-08-22 16:08:57.924 [info] > git config --get commit.template [5ms]
2026-08-22 16:08:57.930 [info] > git for-each-ref --format=%(refname)%00%(upstream:short)%00%(objectname)%00%(upstream:track)%00%(upstream:remotename)%00%(upstream:remoteref) refs/heads/master refs/remotes/master [8ms]
2026-08-22 16:08:57.930 [warning] [Git][getBranch] No such branch: master
2026-08-22 16:08:57.946 [info] > git for-each-ref --sort -committerdate --format %(refname)%00%(objectname)%00%(*objectname) [10ms]
2026-08-22 16:08:57.995 [info] > git status -z -uall [62ms]
2026-08-22 16:09:03.008 [info] > git config --get commit.template [6ms]
2026-08-22 16:09:03.013 [info] > git for-each-ref --format=%(refname)%00%(upstream:short)%00%(objectname)%00%(upstream:track)%00%(upstream:remotename)%00%(upstream:remoteref) refs/heads/master refs/remotes/master [8ms]
2026-08-22 16:09:03.013 [warning] [Git][getBranch] No such branch: master
2026-08-22 16:09:03.031 [info] > git for-each-ref --sort -committerdate --format %(refname)%00%(objectname)%00%(*objectname) [9ms]
2026-08-22 16:09:03.154 [info] > git status -z -uall [134ms]
2026-08-22 16:09:08.165 [info] > git config --get commit.template [4ms]
2026-08-22 16:09:08.171 [info] > git for-each-ref --format=%(refname)%00%(upstream:short)%00%(objectname)%00%(upstream:track)%00%(upstream:remotename)%00%(upstream:remoteref) refs/heads/master refs/remotes/master [7ms]
2026-08-22 16:09:08.171 [warning] [Git][getBranch] No such branch: master
2026-08-22 16:09:08.189 [info] > git for-each-ref --sort -committerdate --format %(refname)%00%(objectname)%00%(*objectname) [9ms]
2026-08-22 16:09:08.237 [info] > git status -z -uall [59ms]
2026-08-22 16:09:13.249 [info] > git config --get commit.template [5ms]
2026-08-22 16:09:13.254 [info] > git for-each-ref --format=%(refname)%00%(upstream:short)%00%(objectname)%00%(upstream:track)%00%(upstream:remotename)%00%(upstream:remoteref) refs/heads/master refs/remotes/master [7ms]
2026-08-22 16:09:13.254 [warning] [Git][getBranch] No such branch: master
2026-08-22 16:09:13.269 [info] > git for-each-ref --sort -committerdate --format %(refname)%00%(objectname)%00%(*objectname) [9ms]
2026-08-22 16:09:13.317 [info] > git status -z -uall [60ms]
2026-08-22 16:09:18.329 [info] > git config --get commit.template [6ms]
2026-08-22 16:09:18.344 [info] > git for-each-ref --format=%(refname)%00%(upstream:short)%00%(objectname)%00%(upstream:track)%00%(upstream:remotename)%00%(upstream:remoteref) refs/heads/master refs/remotes/master [17ms]
2026-08-22 16:09:18.345 [warning] [Git][getBranch] No such branch: master
2026-08-22 16:09:18.359 [info] > git for-each-ref --sort -committerdate --format %(refname)%00%(objectname)%00%(*objectname) [8ms]
2026-08-22 16:09:18.415 [info] > git status -z -uall [66ms]
2026-08-22 16:09:23.426 [info] > git config --get commit.template [5ms]
2026-08-22 16:09:23.431 [info] > git for-each-ref --format=%(refname)%00%(upstream:short)%00%(objectname)%00%(upstream:track)%00%(upstream:remotename)%00%(upstream:remoteref) refs/heads/master refs/remotes/master [7ms]
2026-08-22 16:09:23.431 [warning] [Git][getBranch] No such branch: master
2026-08-22 16:09:23.447 [info] > git for-each-ref --sort -committerdate --format %(refname)%00%(objectname)%00%(*objectname) [8ms]
2026-08-22 16:09:23.496 [info] > git status -z -uall [59ms]
2026-08-22 16:09:28.508 [info] > git config --get commit.template [5ms]
2026-08-22 16:09:28.515 [info] > git for-each-ref --format=%(refname)%00%(upstream:short)%00%(objectname)%00%(upstream:track)%00%(upstream:remotename)%00%(upstream:remoteref) refs/heads/master refs/remotes/master [9ms]
2026-08-22 16:09:28.515 [warning] [Git][getBranch] No such branch: master
2026-08-22 16:09:28.534 [info] > git for-each-ref --sort -committerdate --format %(refname)%00%(objectname)%00%(*objectname) [9ms]
2026-08-22 16:09:28.577 [info] > git status -z -uall [55ms]
2026-08-22 16:09:33.589 [info] > git config --get commit.template [5ms]
2026-08-22 16:09:33.597 [info] > git for-each-ref --format=%(refname)%00%(upstream:short)%00%(objectname)%00%(upstream:track)%00%(upstream:remotename)%00%(upstream:remoteref) refs/heads/master refs/remotes/master [10ms]
2026-08-22 16:09:33.597 [warning] [Git][getBranch] No such branch: master
2026-08-22 16:09:33.613 [info] > git for-each-ref --sort -committerdate --format %(refname)%00%(objectname)%00%(*objectname) [10ms]
2026-08-22 16:09:33.655 [info] > git status -z -uall [55ms]
2026-08-22 16:09:38.667 [info] > git config --get commit.template [5ms]
2026-08-22 16:09:38.672 [info] > git for-each-ref --format=%(refname)%00%(upstream:short)%00%(objectname)%00%(upstream:track)%00%(upstream:remotename)%00%(upstream:remoteref) refs/heads/master refs/remotes/master [6ms]
2026-08-22 16:09:38.672 [warning] [Git][getBranch] No such branch: master
2026-08-22 16:09:38.689 [info] > git for-each-ref --sort -committerdate --format %(refname)%00%(objectname)%00%(*objectname) [8ms]
2026-08-22 16:09:38.732 [info] > git status -z -uall [52ms]
2026-08-22 16:09:43.743 [info] > git config --get commit.template [5ms]
2026-08-22 16:09:43.749 [info] > git for-each-ref --format=%(refname)%00%(upstream:short)%00%(objectname)%00%(upstream:track)%00%(upstream:remotename)%00%(upstream:remoteref) refs/heads/master refs/remotes/master [8ms]
2026-08-22 16:09:43.749 [warning] [Git][getBranch] No such branch: master
2026-08-22 16:09:43.765 [info] > git for-each-ref --sort -committerdate --format %(refname)%00%(objectname)%00%(*objectname) [11ms]
2026-08-22 16:09:43.807 [info] > git status -z -uall [55ms]
2026-08-22 16:09:48.819 [info] > git config --get commit.template [4ms]
2026-08-22 16:09:48.825 [info] > git for-each-ref --format=%(refname)%00%(upstream:short)%00%(objectname)%00%(upstream:track)%00%(upstream:remotename)%00%(upstream:remoteref) refs/heads/master refs/remotes/master [7ms]
2026-08-22 16:09:48.825 [warning] [Git][getBranch] No such branch: master
2026-08-22 16:09:48.841 [info] > git for-each-ref --sort -committerdate --format %(refname)%00%(objectname)%00%(*objectname) [11ms]
2026-08-22 16:09:48.891 [info] > git status -z -uall [63ms]
2026-08-22 16:09:53.904 [info] > git config --get commit.template [6ms]
2026-08-22 16:09:53.910 [info] > git for-each-ref --format=%(refname)%00%(upstream:short)%00%(objectname)%00%(upstream:track)%00%(upstream:remotename)%00%(upstream:remoteref) refs/heads/master refs/remotes/master [8ms]
2026-08-22 16:09:53.910 [warning] [Git][getBranch] No such branch: master
2026-08-22 16:09:53.926 [info] > git for-each-ref --sort -committerdate --format %(refname)%00%(objectname)%00%(*objectname) [10ms]
2026-08-22 16:09:53.968 [info] > git status -z -uall [54ms]
2026-08-22 16:09:58.979 [info] > git config --get commit.template [5ms]
2026-08-22 16:09:58.984 [info] > git for-each-ref --format=%(refname)%00%(upstream:short)%00%(objectname)%00%(upstream:track)%00%(upstream:remotename)%00%(upstream:remoteref) refs/heads/master refs/remotes/master [7ms]
2026-08-22 16:09:58.984 [warning] [Git][getBranch] No such branch: master
2026-08-22 16:09:59.002 [info] > git for-each-ref --sort -committerdate --format %(refname)%00%(objectname)%00%(*objectname) [8ms]
2026-08-22 16:09:59.044 [info] > git status -z -uall [53ms]
2026-08-22 16:10:04.056 [info] > git config --get commit.template [6ms]
2026-08-22 16:10:04.061 [info] > git for-each-ref --format=%(refname)%00%(upstream:short)%00%(objectname)%00%(upstream:track)%00%(upstream:remotename)%00%(upstream:remoteref) refs/heads/master refs/remotes/master [7ms]
2026-08-22 16:10:04.061 [warning] [Git][getBranch] No such branch: master
2026-08-22 16:10:04.075 [info] > git for-each-ref --sort -committerdate --format %(refname)%00%(objectname)%00%(*objectname) [8ms]
2026-08-22 16:10:04.195 [info] > git status -z -uall [131ms]
2026-08-22 16:10:04.411 [info] > git check-ignore -v -z --stdin [9ms]
2026-08-22 16:10:08.384 [info] > git check-ignore -v -z --stdin [9ms]
2026-08-22 16:10:09.207 [info] > git config --get commit.template [4ms]
2026-08-22 16:10:09.212 [info] > git for-each-ref --format=%(refname)%00%(upstream:short)%00%(objectname)%00%(upstream:track)%00%(upstream:remotename)%00%(upstream:remoteref) refs/heads/master refs/remotes/master [7ms]
2026-08-22 16:10:09.212 [warning] [Git][getBranch] No such branch: master
2026-08-22 16:10:09.226 [info] > git for-each-ref --sort -committerdate --format %(refname)%00%(objectname)%00%(*objectname) [8ms]
2026-08-22 16:10:09.270 [info] > git status -z -uall [54ms]
2026-08-22 16:10:10.061 [info] > git check-ignore -v -z --stdin [9ms]
2026-08-22 16:10:12.424 [info] > git check-ignore -v -z --stdin [8ms]
2026-08-22 16:10:15.206 [info] > git check-ignore -v -z --stdin [8ms]
2026-08-22 16:10:17.901 [info] > git check-ignore -v -z --stdin [9ms]
2026-08-22 16:10:22.215 [info] > git check-ignore -v -z --stdin [9ms]
2026-08-22 16:10:24.212 [info] > git config --get commit.template [5ms]
2026-08-22 16:10:24.218 [info] > git for-each-ref --format=%(refname)%00%(upstream:short)%00%(objectname)%00%(upstream:track)%00%(upstream:remotename)%00%(upstream:remoteref) refs/heads/master refs/remotes/master [8ms]
2026-08-22 16:10:24.218 [warning] [Git][getBranch] No such branch: master
2026-08-22 16:10:24.237 [info] > git for-each-ref --sort -committerdate --format %(refname)%00%(objectname)%00%(*objectname) [9ms]
2026-08-22 16:10:24.294 [info] > git status -z -uall [68ms]
2026-08-22 16:10:29.306 [info] > git config --get commit.template [5ms]
2026-08-22 16:10:29.313 [info] > git for-each-ref --format=%(refname)%00%(upstream:short)%00%(objectname)%00%(upstream:track)%00%(upstream:remotename)%00%(upstream:remoteref) refs/heads/master refs/remotes/master [9ms]
2026-08-22 16:10:29.313 [warning] [Git][getBranch] No such branch: master
2026-08-22 16:10:29.327 [info] > git for-each-ref --sort -committerdate --format %(refname)%00%(objectname)%00%(*objectname) [9ms]
2026-08-22 16:10:29.371 [info] > git status -z -uall [56ms]
2026-08-22 16:10:34.383 [info] > git config --get commit.template [6ms]
2026-08-22 16:10:34.388 [info] > git for-each-ref --format=%(refname)%00%(upstream:short)%00%(objectname)%00%(upstream:track)%00%(upstream:remotename)%00%(upstream:remoteref) refs/heads/master refs/remotes/master [7ms]
2026-08-22 16:10:34.388 [warning] [Git][getBranch] No such branch: master
2026-08-22 16:10:34.404 [info] > git for-each-ref --sort -committerdate --format %(refname)%00%(objectname)%00%(*objectname) [9ms]
2026-08-22 16:10:34.446 [info] > git status -z -uall [55ms]
2026-08-22 16:10:35.709 [info] > git log --format=%H%n%aN%n%aE%n%at%n%ct%n%P%n%D%n%B -z -n51 --shortstat --follow -- /voc/work/W2_Practice_Assignment_Solution_Activity/.gitignore [8ms]
2026-08-22 16:10:35.709 [info] fatal: your current branch 'master' does not have any commits yet
2026-08-22 16:10:39.458 [info] > git config --get commit.template [5ms]
2026-08-22 16:10:39.464 [info] > git for-each-ref --format=%(refname)%00%(upstream:short)%00%(objectname)%00%(upstream:track)%00%(upstream:remotename)%00%(upstream:remoteref) refs/heads/master refs/remotes/master [7ms]
2026-08-22 16:10:39.464 [warning] [Git][getBranch] No such branch: master
2026-08-22 16:10:39.483 [info] > git for-each-ref --sort -committerdate --format %(refname)%00%(objectname)%00%(*objectname) [9ms]
2026-08-22 16:10:39.528 [info] > git status -z -uall [56ms]
2026-08-22 16:10:44.542 [info] > git config --get commit.template [6ms]
2026-08-22 16:10:44.548 [info] > git for-each-ref --format=%(refname)%00%(upstream:short)%00%(objectname)%00%(upstream:track)%00%(upstream:remotename)%00%(upstream:remoteref) refs/heads/master refs/remotes/master [8ms]
2026-08-22 16:10:44.548 [warning] [Git][getBranch] No such branch: master
2026-08-22 16:10:44.562 [info] > git for-each-ref --sort -committerdate --format %(refname)%00%(objectname)%00%(*objectname) [8ms]
2026-08-22 16:10:44.610 [info] > git status -z -uall [59ms]
2026-08-22 16:10:49.623 [info] > git config --get commit.template [6ms]
2026-08-22 16:10:49.629 [info] > git for-each-ref --format=%(refname)%00%(upstream:short)%00%(objectname)%00%(upstream:track)%00%(upstream:remotename)%00%(upstream:remoteref) refs/heads/master refs/remotes/master [8ms]
2026-08-22 16:10:49.629 [warning] [Git][getBranch] No such branch: master
2026-08-22 16:10:49.643 [info] > git for-each-ref --sort -committerdate --format %(refname)%00%(objectname)%00%(*objectname) [8ms]
2026-08-22 16:10:49.691 [info] > git status -z -uall [59ms]
2026-08-22 16:10:54.704 [info] > git config --get commit.template [6ms]
2026-08-22 16:10:54.713 [info] > git for-each-ref --format=%(refname)%00%(upstream:short)%00%(objectname)%00%(upstream:track)%00%(upstream:remotename)%00%(upstream:remoteref) refs/heads/master refs/remotes/master [12ms]
2026-08-22 16:10:54.713 [warning] [Git][getBranch] No such branch: master
2026-08-22 16:10:54.730 [info] > git for-each-ref --sort -committerdate --format %(refname)%00%(objectname)%00%(*objectname) [11ms]
2026-08-22 16:10:54.786 [info] > git status -z -uall [70ms]
2026-08-22 16:10:59.798 [info] > git config --get commit.template [6ms]
2026-08-22 16:10:59.804 [info] > git for-each-ref --format=%(refname)%00%(upstream:short)%00%(objectname)%00%(upstream:track)%00%(upstream:remotename)%00%(upstream:remoteref) refs/heads/master refs/remotes/master [9ms]
2026-08-22 16:10:59.804 [warning] [Git][getBranch] No such branch: master
2026-08-22 16:10:59.822 [info] > git for-each-ref --sort -committerdate --format %(refname)%00%(objectname)%00%(*objectname) [12ms]
2026-08-22 16:10:59.885 [info] > git status -z -uall [77ms]
2026-08-22 16:11:04.902 [info] > git config --get commit.template [9ms]
2026-08-22 16:11:04.907 [info] > git for-each-ref --format=%(refname)%00%(upstream:short)%00%(objectname)%00%(upstream:track)%00%(upstream:remotename)%00%(upstream:remoteref) refs/heads/master refs/remotes/master [12ms]
2026-08-22 16:11:04.908 [warning] [Git][getBranch] No such branch: master
2026-08-22 16:11:04.923 [info] > git for-each-ref --sort -committerdate --format %(refname)%00%(objectname)%00%(*objectname) [9ms]
2026-08-22 16:11:05.039 [info] > git status -z -uall [128ms]
2026-08-22 16:11:07.036 [info] > git log --format=%H%n%aN%n%aE%n%at%n%ct%n%P%n%D%n%B -z -n51 --shortstat --follow -- /voc/work/W2_Practice_Assignment_Solution_Activity/pipeline_solution.py [215ms]
2026-08-22 16:11:07.036 [info] fatal: your current branch 'master' does not have any commits yet
2026-08-22 16:11:08.039 [info] > git show --textconv HEAD:W2_Practice_Assignment_Solution_Activity/pipeline_solution.py [20ms]
2026-08-22 16:11:08.039 [warning] [GitFileSystemProvider][readFile] File not found - git:/voc/work/W2_Practice_Assignment_Solution_Activity/pipeline_solution.py.git?%7B%22path%22%3A%22%2Fvoc%2Fwork%2FW2_Practice_Assignment_Solution_Activity%2Fpipeline_solution.py%22%2C%22ref%22%3A%22HEAD%22%7D
2026-08-22 16:11:08.045 [info] > git ls-tree -l HEAD -- W2_Practice_Assignment_Solution_Activity/pipeline_solution.py [19ms]
2026-08-22 16:11:08.048 [info] fatal: Not a valid object name HEAD
2026-08-22 16:11:08.052 [warning] [GitFileSystemProvider][stat] File not found - git:/voc/work/W2_Practice_Assignment_Solution_Activity/pipeline_solution.py.git?%7B%22path%22%3A%22%2Fvoc%2Fwork%2FW2_Practice_Assignment_Solution_Activity%2Fpipeline_solution.py%22%2C%22ref%22%3A%22HEAD%22%7D
2026-08-22 16:11:08.053 [info] > git ls-files --stage -- W2_Practice_Assignment_Solution_Activity/pipeline_solution.py [31ms]
2026-08-22 16:11:08.072 [info] > git show --textconv :W2_Practice_Assignment_Solution_Activity/pipeline_solution.py [56ms]
2026-08-22 16:11:08.075 [info] > git cat-file -s cfaed44639f972bacd7d21876f386bd17dd7d7ea [16ms]
2026-08-22 16:11:10.050 [info] > git config --get commit.template [5ms]
2026-08-22 16:11:10.056 [info] > git for-each-ref --format=%(refname)%00%(upstream:short)%00%(objectname)%00%(upstream:track)%00%(upstream:remotename)%00%(upstream:remoteref) refs/heads/master refs/remotes/master [8ms]
2026-08-22 16:11:10.057 [warning] [Git][getBranch] No such branch: master
2026-08-22 16:11:10.074 [info] > git for-each-ref --sort -committerdate --format %(refname)%00%(objectname)%00%(*objectname) [8ms]
2026-08-22 16:11:10.130 [info] > git status -z -uall [67ms]
2026-08-22 16:11:16.373 [info] > git config --get commit.template [6ms]
2026-08-22 16:11:16.380 [info] > git for-each-ref --format=%(refname)%00%(upstream:short)%00%(objectname)%00%(upstream:track)%00%(upstream:remotename)%00%(upstream:remoteref) refs/heads/master refs/remotes/master [9ms]
2026-08-22 16:11:16.380 [warning] [Git][getBranch] No such branch: master
2026-08-22 16:11:16.398 [info] > git for-each-ref --sort -committerdate --format %(refname)%00%(objectname)%00%(*objectname) [11ms]
2026-08-22 16:11:16.523 [info] > git status -z -uall [139ms]
2026-08-22 16:11:21.535 [info] > git config --get commit.template [5ms]
2026-08-22 16:11:21.541 [info] > git for-each-ref --format=%(refname)%00%(upstream:short)%00%(objectname)%00%(upstream:track)%00%(upstream:remotename)%00%(upstream:remoteref) refs/heads/master refs/remotes/master [7ms]
2026-08-22 16:11:21.541 [warning] [Git][getBranch] No such branch: master
2026-08-22 16:11:21.557 [info] > git for-each-ref --sort -committerdate --format %(refname)%00%(objectname)%00%(*objectname) [9ms]
2026-08-22 16:11:21.611 [info] > git status -z -uall [65ms]
2026-08-22 16:11:22.947 [info] > git log --format=%H%n%aN%n%aE%n%at%n%ct%n%P%n%D%n%B -z -n51 --shortstat --follow -- /voc/work/W2_Practice_Assignment_Solution_Activity/sample_week2-activity.md [98ms]
2026-08-22 16:11:22.947 [info] fatal: your current branch 'master' does not have any commits yet
2026-08-22 16:11:24.521 [info] > git show --textconv :W2_Practice_Assignment_Solution_Activity/sample_week2-activity.md [32ms]
2026-08-22 16:11:24.521 [info] > git show --textconv HEAD:W2_Practice_Assignment_Solution_Activity/sample_week2-activity.md [29ms]
2026-08-22 16:11:24.522 [info] > git ls-tree -l HEAD -- W2_Practice_Assignment_Solution_Activity/sample_week2-activity.md [24ms]
2026-08-22 16:11:24.525 [info] fatal: Not a valid object name HEAD
2026-08-22 16:11:24.525 [warning] [GitFileSystemProvider][stat] File not found - git:/voc/work/W2_Practice_Assignment_Solution_Activity/sample_week2-activity.md.git?%7B%22path%22%3A%22%2Fvoc%2Fwork%2FW2_Practice_Assignment_Solution_Activity%2Fsample_week2-activity.md%22%2C%22ref%22%3A%22HEAD%22%7D
2026-08-22 16:11:24.525 [info] > git ls-files --stage -- W2_Practice_Assignment_Solution_Activity/sample_week2-activity.md [30ms]
2026-08-22 16:11:24.534 [warning] [GitFileSystemProvider][readFile] File not found - git:/voc/work/W2_Practice_Assignment_Solution_Activity/sample_week2-activity.md.git?%7B%22path%22%3A%22%2Fvoc%2Fwork%2FW2_Practice_Assignment_Solution_Activity%2Fsample_week2-activity.md%22%2C%22ref%22%3A%22HEAD%22%7D
2026-08-22 16:11:24.549 [info] > git cat-file -s 0363ba9643d8181d30d9e10d4bb7b5ee49a8b19f [16ms]
2026-08-22 16:11:28.378 [info] > git config --get commit.template [7ms]
2026-08-22 16:11:28.386 [info] > git for-each-ref --format=%(refname)%00%(upstream:short)%00%(objectname)%00%(upstream:track)%00%(upstream:remotename)%00%(upstream:remoteref) refs/heads/master refs/remotes/master [8ms]
2026-08-22 16:11:28.386 [warning] [Git][getBranch] No such branch: master
2026-08-22 16:11:28.404 [info] > git for-each-ref --sort -committerdate --format %(refname)%00%(objectname)%00%(*objectname) [9ms]
2026-08-22 16:11:28.468 [info] > git status -z -uall [78ms]
2026-08-22 16:11:31.059 [info] > git log --format=%H%n%aN%n%aE%n%at%n%ct%n%P%n%D%n%B -z -n51 --shortstat --follow -- /voc/work/W2_Practice_Assignment_Solution_Activity/W2_Activity_Solution.md [34ms]
2026-08-22 16:11:31.059 [info] fatal: your current branch 'master' does not have any commits yet
2026-08-22 16:11:31.650 [info] > git show --textconv HEAD:W2_Practice_Assignment_Solution_Activity/W2_Activity_Solution.md [11ms]
2026-08-22 16:11:31.650 [warning] [GitFileSystemProvider][readFile] File not found - git:/voc/work/W2_Practice_Assignment_Solution_Activity/W2_Activity_Solution.md.git?%7B%22path%22%3A%22%2Fvoc%2Fwork%2FW2_Practice_Assignment_Solution_Activity%2FW2_Activity_Solution.md%22%2C%22ref%22%3A%22HEAD%22%7D
2026-08-22 16:11:31.654 [info] > git ls-files --stage -- W2_Practice_Assignment_Solution_Activity/W2_Activity_Solution.md [13ms]
2026-08-22 16:11:31.658 [info] > git ls-tree -l HEAD -- W2_Practice_Assignment_Solution_Activity/W2_Activity_Solution.md [15ms]
2026-08-22 16:11:31.658 [info] fatal: Not a valid object name HEAD
2026-08-22 16:11:31.659 [warning] [GitFileSystemProvider][stat] File not found - git:/voc/work/W2_Practice_Assignment_Solution_Activity/W2_Activity_Solution.md.git?%7B%22path%22%3A%22%2Fvoc%2Fwork%2FW2_Practice_Assignment_Solution_Activity%2FW2_Activity_Solution.md%22%2C%22ref%22%3A%22HEAD%22%7D
2026-08-22 16:11:31.663 [info] > git show --textconv :W2_Practice_Assignment_Solution_Activity/W2_Activity_Solution.md [27ms]
2026-08-22 16:11:31.668 [info] > git cat-file -s 9b0f12ce85470d1e5b34482b7cf398715d25559f [10ms]
2026-08-22 16:11:33.484 [info] > git config --get commit.template [6ms]
2026-08-22 16:11:33.489 [info] > git for-each-ref --format=%(refname)%00%(upstream:short)%00%(objectname)%00%(upstream:track)%00%(upstream:remotename)%00%(upstream:remoteref) refs/heads/master refs/remotes/master [7ms]
2026-08-22 16:11:33.490 [warning] [Git][getBranch] No such branch: master
2026-08-22 16:11:33.510 [info] > git for-each-ref --sort -committerdate --format %(refname)%00%(objectname)%00%(*objectname) [10ms]
2026-08-22 16:11:33.575 [info] > git status -z -uall [78ms]
2026-08-22 16:11:38.592 [info] > git log --format=%H%n%aN%n%aE%n%at%n%ct%n%P%n%D%n%B -z -n51 --shortstat --follow -- /voc/work/AI-RAG_W2_Lab_Guide_2Day.md [41ms]
2026-08-22 16:11:38.592 [info] fatal: your current branch 'master' does not have any commits yet
2026-08-22 16:11:39.256 [info] > git log --format=%H%n%aN%n%aE%n%at%n%ct%n%P%n%D%n%B -z -n51 --shortstat --follow -- /voc/work/W2_Practice_Assignment_Solution_Activity/W2_Activity_Solution.md [19ms]
2026-08-22 16:11:39.256 [info] fatal: your current branch 'master' does not have any commits yet
2026-08-22 16:11:39.950 [info] > git show --textconv HEAD:W2_Practice_Assignment_Solution_Activity/W2_Activity_Solution.md [10ms]
2026-08-22 16:11:39.950 [warning] [GitFileSystemProvider][readFile] File not found - git:/voc/work/W2_Practice_Assignment_Solution_Activity/W2_Activity_Solution.md.git?%7B%22path%22%3A%22%2Fvoc%2Fwork%2FW2_Practice_Assignment_Solution_Activity%2FW2_Activity_Solution.md%22%2C%22ref%22%3A%22HEAD%22%7D
2026-08-22 16:11:39.954 [info] > git ls-tree -l HEAD -- W2_Practice_Assignment_Solution_Activity/W2_Activity_Solution.md [10ms]
2026-08-22 16:11:39.957 [info] fatal: Not a valid object name HEAD
2026-08-22 16:11:39.957 [warning] [GitFileSystemProvider][stat] File not found - git:/voc/work/W2_Practice_Assignment_Solution_Activity/W2_Activity_Solution.md.git?%7B%22path%22%3A%22%2Fvoc%2Fwork%2FW2_Practice_Assignment_Solution_Activity%2FW2_Activity_Solution.md%22%2C%22ref%22%3A%22HEAD%22%7D
2026-08-22 16:11:39.958 [info] > git ls-files --stage -- W2_Practice_Assignment_Solution_Activity/W2_Activity_Solution.md [16ms]
2026-08-22 16:11:39.965 [info] > git show --textconv :W2_Practice_Assignment_Solution_Activity/W2_Activity_Solution.md [28ms]
2026-08-22 16:11:39.980 [info] > git cat-file -s 9b0f12ce85470d1e5b34482b7cf398715d25559f [15ms]
2026-08-22 16:11:49.384 [info] > git config --get commit.template [5ms]
2026-08-22 16:11:49.390 [info] > git for-each-ref --format=%(refname)%00%(upstream:short)%00%(objectname)%00%(upstream:track)%00%(upstream:remotename)%00%(upstream:remoteref) refs/heads/master refs/remotes/master [8ms]
2026-08-22 16:11:49.390 [warning] [Git][getBranch] No such branch: master
2026-08-22 16:11:49.405 [info] > git for-each-ref --sort -committerdate --format %(refname)%00%(objectname)%00%(*objectname) [8ms]
2026-08-22 16:11:49.459 [info] > git status -z -uall [65ms]
2026-08-22 16:11:54.473 [info] > git config --get commit.template [6ms]
2026-08-22 16:11:54.478 [info] > git for-each-ref --format=%(refname)%00%(upstream:short)%00%(objectname)%00%(upstream:track)%00%(upstream:remotename)%00%(upstream:remoteref) refs/heads/master refs/remotes/master [7ms]
2026-08-22 16:11:54.479 [warning] [Git][getBranch] No such branch: master
2026-08-22 16:11:54.498 [info] > git for-each-ref --sort -committerdate --format %(refname)%00%(objectname)%00%(*objectname) [8ms]
2026-08-22 16:11:54.548 [info] > git status -z -uall [61ms]
2026-08-22 16:11:59.561 [info] > git config --get commit.template [5ms]
2026-08-22 16:11:59.567 [info] > git for-each-ref --format=%(refname)%00%(upstream:short)%00%(objectname)%00%(upstream:track)%00%(upstream:remotename)%00%(upstream:remoteref) refs/heads/master refs/remotes/master [7ms]
2026-08-22 16:11:59.567 [warning] [Git][getBranch] No such branch: master
2026-08-22 16:11:59.587 [info] > git for-each-ref --sort -committerdate --format %(refname)%00%(objectname)%00%(*objectname) [9ms]
2026-08-22 16:11:59.640 [info] > git status -z -uall [65ms]
2026-08-22 16:12:04.661 [info] > git config --get commit.template [14ms]
2026-08-22 16:12:04.667 [info] > git for-each-ref --format=%(refname)%00%(upstream:short)%00%(objectname)%00%(upstream:track)%00%(upstream:remotename)%00%(upstream:remoteref) refs/heads/master refs/remotes/master [7ms]
2026-08-22 16:12:04.668 [warning] [Git][getBranch] No such branch: master
2026-08-22 16:12:04.687 [info] > git for-each-ref --sort -committerdate --format %(refname)%00%(objectname)%00%(*objectname) [8ms]
2026-08-22 16:12:04.741 [info] > git status -z -uall [66ms]
2026-08-22 16:12:09.754 [info] > git config --get commit.template [5ms]
2026-08-22 16:12:09.760 [info] > git for-each-ref --format=%(refname)%00%(upstream:short)%00%(objectname)%00%(upstream:track)%00%(upstream:remotename)%00%(upstream:remoteref) refs/heads/master refs/remotes/master [7ms]
2026-08-22 16:12:09.760 [warning] [Git][getBranch] No such branch: master
2026-08-22 16:12:09.775 [info] > git for-each-ref --sort -committerdate --format %(refname)%00%(objectname)%00%(*objectname) [9ms]
2026-08-22 16:12:09.862 [info] > git status -z -uall [99ms]
2026-08-22 16:12:14.875 [info] > git config --get commit.template [5ms]
2026-08-22 16:12:14.880 [info] > git for-each-ref --format=%(refname)%00%(upstream:short)%00%(objectname)%00%(upstream:track)%00%(upstream:remotename)%00%(upstream:remoteref) refs/heads/master refs/remotes/master [7ms]
2026-08-22 16:12:14.880 [warning] [Git][getBranch] No such branch: master
2026-08-22 16:12:14.895 [info] > git for-each-ref --sort -committerdate --format %(refname)%00%(objectname)%00%(*objectname) [8ms]
2026-08-22 16:12:14.942 [info] > git status -z -uall [58ms]
2026-08-22 16:12:19.955 [info] > git config --get commit.template [5ms]
2026-08-22 16:12:19.961 [info] > git for-each-ref --format=%(refname)%00%(upstream:short)%00%(objectname)%00%(upstream:track)%00%(upstream:remotename)%00%(upstream:remoteref) refs/heads/master refs/remotes/master [8ms]
2026-08-22 16:12:19.961 [warning] [Git][getBranch] No such branch: master
2026-08-22 16:12:19.976 [info] > git for-each-ref --sort -committerdate --format %(refname)%00%(objectname)%00%(*objectname) [8ms]
2026-08-22 16:12:20.038 [info] > git status -z -uall [72ms]
2026-08-22 16:12:24.677 [info] > git log --format=%H%n%aN%n%aE%n%at%n%ct%n%P%n%D%n%B -z -n51 --shortstat --follow -- /voc/work/AI-RAG_W2_Lab_Guide_2Day.md [8ms]
2026-08-22 16:12:24.677 [info] fatal: your current branch 'master' does not have any commits yet
2026-08-22 16:12:25.051 [info] > git config --get commit.template [5ms]
2026-08-22 16:12:25.058 [info] > git for-each-ref --format=%(refname)%00%(upstream:short)%00%(objectname)%00%(upstream:track)%00%(upstream:remotename)%00%(upstream:remoteref) refs/heads/master refs/remotes/master [8ms]
2026-08-22 16:12:25.058 [warning] [Git][getBranch] No such branch: master
2026-08-22 16:12:25.073 [info] > git for-each-ref --sort -committerdate --format %(refname)%00%(objectname)%00%(*objectname) [8ms]
2026-08-22 16:12:25.127 [info] > git status -z -uall [64ms]
2026-08-22 16:12:25.595 [info] > git show --textconv HEAD:AI-RAG_W2_Lab_Guide_2Day.md [17ms]
2026-08-22 16:12:25.595 [info] > git ls-files --stage -- AI-RAG_W2_Lab_Guide_2Day.md [14ms]
2026-08-22 16:12:25.600 [warning] [GitFileSystemProvider][readFile] File not found - git:/voc/work/AI-RAG_W2_Lab_Guide_2Day.md.git?%7B%22path%22%3A%22%2Fvoc%2Fwork%2FAI-RAG_W2_Lab_Guide_2Day.md%22%2C%22ref%22%3A%22HEAD%22%7D
2026-08-22 16:12:25.600 [info] > git ls-tree -l HEAD -- AI-RAG_W2_Lab_Guide_2Day.md [17ms]
2026-08-22 16:12:25.603 [info] fatal: Not a valid object name HEAD
2026-08-22 16:12:25.603 [warning] [GitFileSystemProvider][stat] File not found - git:/voc/work/AI-RAG_W2_Lab_Guide_2Day.md.git?%7B%22path%22%3A%22%2Fvoc%2Fwork%2FAI-RAG_W2_Lab_Guide_2Day.md%22%2C%22ref%22%3A%22HEAD%22%7D
2026-08-22 16:12:25.609 [info] > git show --textconv :AI-RAG_W2_Lab_Guide_2Day.md [34ms]
2026-08-22 16:12:25.613 [info] > git cat-file -s e600167409427aad84930ca489649bf3e6270445 [14ms]
2026-08-22 16:12:30.141 [info] > git config --get commit.template [5ms]
2026-08-22 16:12:30.147 [info] > git for-each-ref --format=%(refname)%00%(upstream:short)%00%(objectname)%00%(upstream:track)%00%(upstream:remotename)%00%(upstream:remoteref) refs/heads/master refs/remotes/master [8ms]
2026-08-22 16:12:30.147 [warning] [Git][getBranch] No such branch: master
2026-08-22 16:12:30.164 [info] > git for-each-ref --sort -committerdate --format %(refname)%00%(objectname)%00%(*objectname) [10ms]
2026-08-22 16:12:30.223 [info] > git status -z -uall [71ms]
2026-08-22 16:12:30.521 [info] > git log --format=%H%n%aN%n%aE%n%at%n%ct%n%P%n%D%n%B -z -n51 --shortstat --follow -- /voc/work/AI-RAG_W2_logging_config.py [9ms]
2026-08-22 16:12:30.521 [info] fatal: your current branch 'master' does not have any commits yet
2026-08-22 16:12:31.309 [info] > git show --textconv HEAD:AI-RAG_W2_logging_config.py [14ms]
2026-08-22 16:12:31.309 [warning] [GitFileSystemProvider][readFile] File not found - git:/voc/work/AI-RAG_W2_logging_config.py.git?%7B%22path%22%3A%22%2Fvoc%2Fwork%2FAI-RAG_W2_logging_config.py%22%2C%22ref%22%3A%22HEAD%22%7D
2026-08-22 16:12:31.313 [info] > git ls-tree -l HEAD -- AI-RAG_W2_logging_config.py [13ms]
2026-08-22 16:12:31.313 [info] fatal: Not a valid object name HEAD
2026-08-22 16:12:31.314 [warning] [GitFileSystemProvider][stat] File not found - git:/voc/work/AI-RAG_W2_logging_config.py.git?%7B%22path%22%3A%22%2Fvoc%2Fwork%2FAI-RAG_W2_logging_config.py%22%2C%22ref%22%3A%22HEAD%22%7D
2026-08-22 16:12:31.317 [info] > git ls-files --stage -- AI-RAG_W2_logging_config.py [19ms]
2026-08-22 16:12:31.321 [info] > git show --textconv :AI-RAG_W2_logging_config.py [29ms]
2026-08-22 16:12:31.333 [info] > git cat-file -s 91588fca00d08d8d02e857a9b3e45d1397972ccb [13ms]
2026-08-22 16:12:34.723 [info] > git log --format=%H%n%aN%n%aE%n%at%n%ct%n%P%n%D%n%B -z -n51 --shortstat --follow -- /voc/work/AI-RAG_W2_pipeline_reference.py [8ms]
2026-08-22 16:12:34.723 [info] fatal: your current branch 'master' does not have any commits yet
2026-08-22 16:12:35.485 [info] > git show --textconv HEAD:AI-RAG_W2_pipeline_reference.py [10ms]
2026-08-22 16:12:35.485 [warning] [GitFileSystemProvider][readFile] File not found - git:/voc/work/AI-RAG_W2_pipeline_reference.py.git?%7B%22path%22%3A%22%2Fvoc%2Fwork%2FAI-RAG_W2_pipeline_reference.py%22%2C%22ref%22%3A%22HEAD%22%7D
2026-08-22 16:12:35.490 [info] > git ls-files --stage -- AI-RAG_W2_pipeline_reference.py [12ms]
2026-08-22 16:12:35.494 [info] > git show --textconv :AI-RAG_W2_pipeline_reference.py [22ms]
2026-08-22 16:12:35.494 [info] > git ls-tree -l HEAD -- AI-RAG_W2_pipeline_reference.py [13ms]
2026-08-22 16:12:35.498 [info] fatal: Not a valid object name HEAD
2026-08-22 16:12:35.498 [warning] [GitFileSystemProvider][stat] File not found - git:/voc/work/AI-RAG_W2_pipeline_reference.py.git?%7B%22path%22%3A%22%2Fvoc%2Fwork%2FAI-RAG_W2_pipeline_reference.py%22%2C%22ref%22%3A%22HEAD%22%7D
2026-08-22 16:12:35.503 [info] > git cat-file -s f0db41181560b9a02ada58c0945d8ce86fd79aba [10ms]
2026-08-22 16:12:40.681 [info] > git log --format=%H%n%aN%n%aE%n%at%n%ct%n%P%n%D%n%B -z -n51 --shortstat --follow -- /voc/work/AI-RAG_W2_Practice_Assignment.md [21ms]
2026-08-22 16:12:40.681 [info] fatal: your current branch 'master' does not have any commits yet
2026-08-22 16:12:41.509 [info] > git show --textconv HEAD:AI-RAG_W2_Practice_Assignment.md [12ms]
2026-08-22 16:12:41.510 [warning] [GitFileSystemProvider][readFile] File not found - git:/voc/work/AI-RAG_W2_Practice_Assignment.md.git?%7B%22path%22%3A%22%2Fvoc%2Fwork%2FAI-RAG_W2_Practice_Assignment.md%22%2C%22ref%22%3A%22HEAD%22%7D
2026-08-22 16:12:41.514 [info] > git ls-tree -l HEAD -- AI-RAG_W2_Practice_Assignment.md [11ms]
2026-08-22 16:12:41.518 [info] fatal: Not a valid object name HEAD
2026-08-22 16:12:41.518 [warning] [GitFileSystemProvider][stat] File not found - git:/voc/work/AI-RAG_W2_Practice_Assignment.md.git?%7B%22path%22%3A%22%2Fvoc%2Fwork%2FAI-RAG_W2_Practice_Assignment.md%22%2C%22ref%22%3A%22HEAD%22%7D
2026-08-22 16:12:41.521 [info] > git ls-files --stage -- AI-RAG_W2_Practice_Assignment.md [21ms]
2026-08-22 16:12:41.528 [info] > git show --textconv :AI-RAG_W2_Practice_Assignment.md [34ms]
2026-08-22 16:12:41.540 [info] > git cat-file -s 65744b07c5eeea0b5a22655fe318698318c728b5 [12ms]
2026-08-22 16:12:47.406 [info] > git log --format=%H%n%aN%n%aE%n%at%n%ct%n%P%n%D%n%B -z -n51 --shortstat --follow -- /voc/work/AI-RAG_W2_settings.py [8ms]
2026-08-22 16:12:47.406 [info] fatal: your current branch 'master' does not have any commits yet
2026-08-22 16:12:48.313 [info] > git log --format=%H%n%aN%n%aE%n%at%n%ct%n%P%n%D%n%B -z -n51 --shortstat --follow -- /voc/work/AI-RAG_W2_query_results.py [9ms]
2026-08-22 16:12:48.313 [info] fatal: your current branch 'master' does not have any commits yet
2026-08-22 16:12:49.188 [info] > git show --textconv HEAD:AI-RAG_W2_query_results.py [11ms]
2026-08-22 16:12:49.188 [warning] [GitFileSystemProvider][readFile] File not found - git:/voc/work/AI-RAG_W2_query_results.py.git?%7B%22path%22%3A%22%2Fvoc%2Fwork%2FAI-RAG_W2_query_results.py%22%2C%22ref%22%3A%22HEAD%22%7D
2026-08-22 16:12:49.192 [info] > git ls-tree -l HEAD -- AI-RAG_W2_query_results.py [9ms]
2026-08-22 16:12:49.196 [info] fatal: Not a valid object name HEAD
2026-08-22 16:12:49.197 [warning] [GitFileSystemProvider][stat] File not found - git:/voc/work/AI-RAG_W2_query_results.py.git?%7B%22path%22%3A%22%2Fvoc%2Fwork%2FAI-RAG_W2_query_results.py%22%2C%22ref%22%3A%22HEAD%22%7D
2026-08-22 16:12:49.201 [info] > git ls-files --stage -- AI-RAG_W2_query_results.py [20ms]
2026-08-22 16:12:49.205 [info] > git show --textconv :AI-RAG_W2_query_results.py [31ms]
2026-08-22 16:12:49.214 [info] > git cat-file -s 5278d6494ed59e9906132da49d99705d61dd3899 [9ms]
2026-08-22 16:12:55.414 [info] > git config --get commit.template [5ms]
2026-08-22 16:12:55.420 [info] > git for-each-ref --format=%(refname)%00%(upstream:short)%00%(objectname)%00%(upstream:track)%00%(upstream:remotename)%00%(upstream:remoteref) refs/heads/master refs/remotes/master [7ms]
2026-08-22 16:12:55.420 [warning] [Git][getBranch] No such branch: master
2026-08-22 16:12:55.443 [info] > git for-each-ref --sort -committerdate --format %(refname)%00%(objectname)%00%(*objectname) [10ms]
2026-08-22 16:12:55.569 [info] > git status -z -uall [137ms]
2026-08-22 16:12:59.457 [info] > git log --format=%H%n%aN%n%aE%n%at%n%ct%n%P%n%D%n%B -z -n51 --shortstat --follow -- /voc/work/AI-RAG_W2_settings.py [8ms]
2026-08-22 16:12:59.458 [info] fatal: your current branch 'master' does not have any commits yet
2026-08-22 16:13:00.294 [info] > git show --textconv HEAD:AI-RAG_W2_settings.py [9ms]
2026-08-22 16:13:00.294 [warning] [GitFileSystemProvider][readFile] File not found - git:/voc/work/AI-RAG_W2_settings.py.git?%7B%22path%22%3A%22%2Fvoc%2Fwork%2FAI-RAG_W2_settings.py%22%2C%22ref%22%3A%22HEAD%22%7D
2026-08-22 16:13:00.298 [info] > git ls-tree -l HEAD -- AI-RAG_W2_settings.py [8ms]
2026-08-22 16:13:00.302 [info] fatal: Not a valid object name HEAD
2026-08-22 16:13:00.303 [warning] [GitFileSystemProvider][stat] File not found - git:/voc/work/AI-RAG_W2_settings.py.git?%7B%22path%22%3A%22%2Fvoc%2Fwork%2FAI-RAG_W2_settings.py%22%2C%22ref%22%3A%22HEAD%22%7D
2026-08-22 16:13:00.303 [info] > git ls-files --stage -- AI-RAG_W2_settings.py [16ms]
2026-08-22 16:13:00.310 [info] > git show --textconv :AI-RAG_W2_settings.py [28ms]
2026-08-22 16:13:00.318 [info] > git cat-file -s 811f67fe43f6015f71cd879041d704c5965f515b [8ms]
2026-08-22 16:13:01.415 [info] > git config --get commit.template [5ms]
2026-08-22 16:13:01.421 [info] > git for-each-ref --format=%(refname)%00%(upstream:short)%00%(objectname)%00%(upstream:track)%00%(upstream:remotename)%00%(upstream:remoteref) refs/heads/master refs/remotes/master [7ms]
2026-08-22 16:13:01.421 [warning] [Git][getBranch] No such branch: master
2026-08-22 16:13:01.436 [info] > git for-each-ref --sort -committerdate --format %(refname)%00%(objectname)%00%(*objectname) [8ms]
2026-08-22 16:13:01.489 [info] > git status -z -uall [64ms]
2026-08-22 16:13:06.503 [info] > git config --get commit.template [4ms]
2026-08-22 16:13:06.509 [info] > git for-each-ref --format=%(refname)%00%(upstream:short)%00%(objectname)%00%(upstream:track)%00%(upstream:remotename)%00%(upstream:remoteref) refs/heads/master refs/remotes/master [7ms]
2026-08-22 16:13:06.509 [warning] [Git][getBranch] No such branch: master
2026-08-22 16:13:06.525 [info] > git for-each-ref --sort -committerdate --format %(refname)%00%(objectname)%00%(*objectname) [9ms]
2026-08-22 16:13:06.564 [info] > git log --format=%H%n%aN%n%aE%n%at%n%ct%n%P%n%D%n%B -z -n51 --shortstat --follow -- /voc/work/AI-RAG_W2_store.py [8ms]
2026-08-22 16:13:06.564 [info] fatal: your current branch 'master' does not have any commits yet
2026-08-22 16:13:06.583 [info] > git status -z -uall [70ms]
2026-08-22 16:13:07.882 [info] > git show --textconv HEAD:AI-RAG_W2_store.py [10ms]
2026-08-22 16:13:07.882 [warning] [GitFileSystemProvider][readFile] File not found - git:/voc/work/AI-RAG_W2_store.py.git?%7B%22path%22%3A%22%2Fvoc%2Fwork%2FAI-RAG_W2_store.py%22%2C%22ref%22%3A%22HEAD%22%7D
2026-08-22 16:13:07.887 [info] > git ls-files --stage -- AI-RAG_W2_store.py [12ms]
2026-08-22 16:13:07.894 [info] > git show --textconv :AI-RAG_W2_store.py [25ms]
2026-08-22 16:13:07.894 [info] > git ls-tree -l HEAD -- AI-RAG_W2_store.py [17ms]
2026-08-22 16:13:07.899 [info] fatal: Not a valid object name HEAD
2026-08-22 16:13:07.899 [warning] [GitFileSystemProvider][stat] File not found - git:/voc/work/AI-RAG_W2_store.py.git?%7B%22path%22%3A%22%2Fvoc%2Fwork%2FAI-RAG_W2_store.py%22%2C%22ref%22%3A%22HEAD%22%7D
2026-08-22 16:13:07.904 [info] > git cat-file -s 410e64c16b5c602bd3a5de96c4648722b2bd5b36 [10ms]
2026-08-22 16:13:12.056 [info] > git log --format=%H%n%aN%n%aE%n%at%n%ct%n%P%n%D%n%B -z -n51 --shortstat --follow -- /voc/work/fake_llm.py [8ms]
2026-08-22 16:13:12.056 [info] fatal: your current branch 'master' does not have any commits yet
2026-08-22 16:13:13.025 [info] > git show --textconv HEAD:fake_llm.py [14ms]
2026-08-22 16:13:13.025 [warning] [GitFileSystemProvider][readFile] File not found - git:/voc/work/fake_llm.py.git?%7B%22path%22%3A%22%2Fvoc%2Fwork%2Ffake_llm.py%22%2C%22ref%22%3A%22HEAD%22%7D
2026-08-22 16:13:13.029 [info] > git ls-tree -l HEAD -- fake_llm.py [14ms]
2026-08-22 16:13:13.032 [info] fatal: Not a valid object name HEAD
2026-08-22 16:13:13.032 [warning] [GitFileSystemProvider][stat] File not found - git:/voc/work/fake_llm.py.git?%7B%22path%22%3A%22%2Fvoc%2Fwork%2Ffake_llm.py%22%2C%22ref%22%3A%22HEAD%22%7D
2026-08-22 16:13:13.033 [info] > git ls-files --stage -- fake_llm.py [20ms]
2026-08-22 16:13:13.040 [info] > git show --textconv :fake_llm.py [33ms]
2026-08-22 16:13:13.049 [info] > git cat-file -s 4204b087d2c53dc05e03b5dd71fef073728c719c [10ms]
2026-08-22 16:13:15.419 [info] > git config --get commit.template [5ms]
2026-08-22 16:13:15.425 [info] > git for-each-ref --format=%(refname)%00%(upstream:short)%00%(objectname)%00%(upstream:track)%00%(upstream:remotename)%00%(upstream:remoteref) refs/heads/master refs/remotes/master [7ms]
2026-08-22 16:13:15.425 [warning] [Git][getBranch] No such branch: master
2026-08-22 16:13:15.445 [info] > git for-each-ref --sort -committerdate --format %(refname)%00%(objectname)%00%(*objectname) [9ms]
2026-08-22 16:13:15.531 [info] > git status -z -uall [98ms]
2026-08-22 16:13:17.508 [info] > git log --format=%H%n%aN%n%aE%n%at%n%ct%n%P%n%D%n%B -z -n51 --shortstat --follow -- /voc/work/pipeline_starter.py [8ms]
2026-08-22 16:13:17.508 [info] fatal: your current branch 'master' does not have any commits yet
2026-08-22 16:13:18.271 [info] > git show --textconv HEAD:pipeline_starter.py [13ms]
2026-08-22 16:13:18.272 [warning] [GitFileSystemProvider][readFile] File not found - git:/voc/work/pipeline_starter.py.git?%7B%22path%22%3A%22%2Fvoc%2Fwork%2Fpipeline_starter.py%22%2C%22ref%22%3A%22HEAD%22%7D
2026-08-22 16:13:18.275 [info] > git ls-tree -l HEAD -- pipeline_starter.py [12ms]
2026-08-22 16:13:18.279 [info] fatal: Not a valid object name HEAD
2026-08-22 16:13:18.279 [warning] [GitFileSystemProvider][stat] File not found - git:/voc/work/pipeline_starter.py.git?%7B%22path%22%3A%22%2Fvoc%2Fwork%2Fpipeline_starter.py%22%2C%22ref%22%3A%22HEAD%22%7D
2026-08-22 16:13:18.279 [info] > git ls-files --stage -- pipeline_starter.py [18ms]
2026-08-22 16:13:18.287 [info] > git show --textconv :pipeline_starter.py [32ms]
2026-08-22 16:13:18.296 [info] > git cat-file -s 2a73b54201ac952e7d2506e8fa08771562771b0e [9ms]
2026-08-22 16:13:20.544 [info] > git config --get commit.template [5ms]
2026-08-22 16:13:20.549 [info] > git for-each-ref --format=%(refname)%00%(upstream:short)%00%(objectname)%00%(upstream:track)%00%(upstream:remotename)%00%(upstream:remoteref) refs/heads/master refs/remotes/master [7ms]
2026-08-22 16:13:20.549 [warning] [Git][getBranch] No such branch: master
2026-08-22 16:13:20.565 [info] > git for-each-ref --sort -committerdate --format %(refname)%00%(objectname)%00%(*objectname) [9ms]
2026-08-22 16:13:20.624 [info] > git status -z -uall [71ms]
2026-08-22 16:13:24.362 [info] > git log --format=%H%n%aN%n%aE%n%at%n%ct%n%P%n%D%n%B -z -n51 --shortstat --follow -- /voc/work/pydantic_demo.py [8ms]
2026-08-22 16:13:24.362 [info] fatal: your current branch 'master' does not have any commits yet
2026-08-22 16:13:25.228 [info] > git show --textconv HEAD:pydantic_demo.py [9ms]
2026-08-22 16:13:25.229 [warning] [GitFileSystemProvider][readFile] File not found - git:/voc/work/pydantic_demo.py.git?%7B%22path%22%3A%22%2Fvoc%2Fwork%2Fpydantic_demo.py%22%2C%22ref%22%3A%22HEAD%22%7D
2026-08-22 16:13:25.233 [info] > git ls-files --stage -- pydantic_demo.py [12ms]
2026-08-22 16:13:25.240 [info] > git show --textconv :pydantic_demo.py [24ms]
2026-08-22 16:13:25.241 [info] > git ls-tree -l HEAD -- pydantic_demo.py [17ms]
2026-08-22 16:13:25.244 [info] fatal: Not a valid object name HEAD
2026-08-22 16:13:25.245 [warning] [GitFileSystemProvider][stat] File not found - git:/voc/work/pydantic_demo.py.git?%7B%22path%22%3A%22%2Fvoc%2Fwork%2Fpydantic_demo.py%22%2C%22ref%22%3A%22HEAD%22%7D
2026-08-22 16:13:25.260 [info] > git cat-file -s 56ef2c2422af5676667472e007bcf1e3a3939aa5 [20ms]
2026-08-22 16:13:25.638 [info] > git config --get commit.template [5ms]
2026-08-22 16:13:25.646 [info] > git for-each-ref --format=%(refname)%00%(upstream:short)%00%(objectname)%00%(upstream:track)%00%(upstream:remotename)%00%(upstream:remoteref) refs/heads/master refs/remotes/master [8ms]
2026-08-22 16:13:25.646 [warning] [Git][getBranch] No such branch: master
2026-08-22 16:13:25.671 [info] > git for-each-ref --sort -committerdate --format %(refname)%00%(objectname)%00%(*objectname) [11ms]
2026-08-22 16:13:25.729 [info] > git status -z -uall [72ms]
2026-08-22 16:13:29.831 [info] > git log --format=%H%n%aN%n%aE%n%at%n%ct%n%P%n%D%n%B -z -n51 --shortstat --follow -- /voc/work/questions.csv [9ms]
2026-08-22 16:13:29.831 [info] fatal: your current branch 'master' does not have any commits yet
2026-08-22 16:13:30.613 [info] > git show --textconv HEAD:questions.csv [10ms]
2026-08-22 16:13:30.614 [warning] [GitFileSystemProvider][readFile] File not found - git:/voc/work/questions.csv.git?%7B%22path%22%3A%22%2Fvoc%2Fwork%2Fquestions.csv%22%2C%22ref%22%3A%22HEAD%22%7D
2026-08-22 16:13:30.621 [info] > git show --textconv :questions.csv [21ms]
2026-08-22 16:13:30.629 [info] > git ls-tree -l HEAD -- questions.csv [21ms]
2026-08-22 16:13:30.629 [info] fatal: Not a valid object name HEAD
2026-08-22 16:13:30.629 [warning] [GitFileSystemProvider][stat] File not found - git:/voc/work/questions.csv.git?%7B%22path%22%3A%22%2Fvoc%2Fwork%2Fquestions.csv%22%2C%22ref%22%3A%22HEAD%22%7D
2026-08-22 16:13:30.636 [info] > git ls-files --stage -- questions.csv [30ms]
2026-08-22 16:13:30.649 [info] > git cat-file -s fb08fc50fa107709b01780a7f89563542ecc4ed5 [9ms]
2026-08-22 16:13:33.419 [info] > git config --get commit.template [6ms]
2026-08-22 16:13:33.426 [info] > git for-each-ref --format=%(refname)%00%(upstream:short)%00%(objectname)%00%(upstream:track)%00%(upstream:remotename)%00%(upstream:remoteref) refs/heads/master refs/remotes/master [9ms]
2026-08-22 16:13:33.426 [warning] [Git][getBranch] No such branch: master
2026-08-22 16:13:33.443 [info] > git for-each-ref --sort -committerdate --format %(refname)%00%(objectname)%00%(*objectname) [10ms]
2026-08-22 16:13:33.502 [info] > git status -z -uall [72ms]
2026-08-22 16:13:36.198 [info] > git check-ignore -v -z --stdin [9ms]
2026-08-22 16:13:38.515 [info] > git config --get commit.template [5ms]
2026-08-22 16:13:38.523 [info] > git for-each-ref --format=%(refname)%00%(upstream:short)%00%(objectname)%00%(upstream:track)%00%(upstream:remotename)%00%(upstream:remoteref) refs/heads/master refs/remotes/master [9ms]
2026-08-22 16:13:38.523 [warning] [Git][getBranch] No such branch: master
2026-08-22 16:13:38.539 [info] > git for-each-ref --sort -committerdate --format %(refname)%00%(objectname)%00%(*objectname) [9ms]
2026-08-22 16:13:38.592 [info] > git status -z -uall [65ms]
2026-08-22 16:13:42.786 [info] > git check-ignore -v -z --stdin [9ms]
2026-08-22 16:13:43.605 [info] > git config --get commit.template [5ms]
2026-08-22 16:13:43.613 [info] > git for-each-ref --format=%(refname)%00%(upstream:short)%00%(objectname)%00%(upstream:track)%00%(upstream:remotename)%00%(upstream:remoteref) refs/heads/master refs/remotes/master [10ms]
2026-08-22 16:13:43.613 [warning] [Git][getBranch] No such branch: master
2026-08-22 16:13:43.637 [info] > git for-each-ref --sort -committerdate --format %(refname)%00%(objectname)%00%(*objectname) [10ms]
2026-08-22 16:13:43.698 [info] > git status -z -uall [75ms]
2026-08-22 16:13:48.712 [info] > git config --get commit.template [5ms]
2026-08-22 16:13:48.720 [info] > git for-each-ref --format=%(refname)%00%(upstream:short)%00%(objectname)%00%(upstream:track)%00%(upstream:remotename)%00%(upstream:remoteref) refs/heads/master refs/remotes/master [9ms]
2026-08-22 16:13:48.720 [warning] [Git][getBranch] No such branch: master
2026-08-22 16:13:48.741 [info] > git for-each-ref --sort -committerdate --format %(refname)%00%(objectname)%00%(*objectname) [7ms]
2026-08-22 16:13:48.795 [info] > git status -z -uall [63ms]
2026-08-22 16:13:49.961 [info] > git log --format=%H%n%aN%n%aE%n%at%n%ct%n%P%n%D%n%B -z -n51 --shortstat --follow -- /voc/work/W2_package/RUN_W2.sh [8ms]
2026-08-22 16:13:49.961 [info] fatal: your current branch 'master' does not have any commits yet
2026-08-22 16:13:50.560 [info] > git show --textconv HEAD:W2_package/RUN_W2.sh [11ms]
2026-08-22 16:13:50.561 [warning] [GitFileSystemProvider][readFile] File not found - git:/voc/work/W2_package/RUN_W2.sh.git?%7B%22path%22%3A%22%2Fvoc%2Fwork%2FW2_package%2FRUN_W2.sh%22%2C%22ref%22%3A%22HEAD%22%7D
2026-08-22 16:13:50.568 [info] > git ls-tree -l HEAD -- W2_package/RUN_W2.sh [14ms]
2026-08-22 16:13:50.575 [info] fatal: Not a valid object name HEAD
2026-08-22 16:13:50.576 [warning] [GitFileSystemProvider][stat] File not found - git:/voc/work/W2_package/RUN_W2.sh.git?%7B%22path%22%3A%22%2Fvoc%2Fwork%2FW2_package%2FRUN_W2.sh%22%2C%22ref%22%3A%22HEAD%22%7D
2026-08-22 16:13:50.583 [info] > git ls-files --stage -- W2_package/RUN_W2.sh [31ms]
2026-08-22 16:13:50.588 [info] > git show --textconv :W2_package/RUN_W2.sh [42ms]
2026-08-22 16:13:50.600 [info] > git cat-file -s 771cdefff63a75019c5c6e3f270befc43e335ed8 [13ms]
2026-08-22 16:13:53.809 [info] > git config --get commit.template [5ms]
2026-08-22 16:13:53.817 [info] > git for-each-ref --format=%(refname)%00%(upstream:short)%00%(objectname)%00%(upstream:track)%00%(upstream:remotename)%00%(upstream:remoteref) refs/heads/master refs/remotes/master [10ms]
2026-08-22 16:13:53.817 [warning] [Git][getBranch] No such branch: master
2026-08-22 16:13:53.835 [info] > git for-each-ref --sort -committerdate --format %(refname)%00%(objectname)%00%(*objectname) [11ms]
2026-08-22 16:13:53.894 [info] > git status -z -uall [73ms]
2026-08-22 16:13:58.910 [info] > git config --get commit.template [5ms]
2026-08-22 16:13:58.919 [info] > git for-each-ref --format=%(refname)%00%(upstream:short)%00%(objectname)%00%(upstream:track)%00%(upstream:remotename)%00%(upstream:remoteref) refs/heads/master refs/remotes/master [11ms]
2026-08-22 16:13:58.920 [warning] [Git][getBranch] No such branch: master
2026-08-22 16:13:58.935 [info] > git for-each-ref --sort -committerdate --format %(refname)%00%(objectname)%00%(*objectname) [9ms]
2026-08-22 16:13:58.991 [info] > git status -z -uall [68ms]
2026-08-22 16:14:04.009 [info] > git config --get commit.template [8ms]
2026-08-22 16:14:04.016 [info] > git for-each-ref --format=%(refname)%00%(upstream:short)%00%(objectname)%00%(upstream:track)%00%(upstream:remotename)%00%(upstream:remoteref) refs/heads/master refs/remotes/master [11ms]
2026-08-22 16:14:04.016 [warning] [Git][getBranch] No such branch: master
2026-08-22 16:14:04.035 [info] > git for-each-ref --sort -committerdate --format %(refname)%00%(objectname)%00%(*objectname) [12ms]
2026-08-22 16:14:04.115 [info] > git status -z -uall [95ms]
2026-08-22 16:14:08.400 [info] > git rev-list --count index.. -- /voc/work/W2_package/RUN_W2.sh [11ms]
2026-08-22 16:14:08.400 [info] fatal: bad revision 'index..'
2026-08-22 16:14:08.413 [info] > git log --format=%H%n%aN%n%aE%n%at%n%ct%n%P%n%D%n%B -z --shortstat --follow -- /voc/work/W2_package/RUN_W2.sh [9ms]
2026-08-22 16:14:08.413 [info] fatal: your current branch 'master' does not have any commits yet
2026-08-22 16:14:09.003 [info] > git ls-files --stage -- W2_package/RUN_W2.sh [7ms]
2026-08-22 16:14:09.017 [info] > git cat-file -s 771cdefff63a75019c5c6e3f270befc43e335ed8 [10ms]
2026-08-22 16:14:09.131 [info] > git config --get commit.template [5ms]
2026-08-22 16:14:09.139 [info] > git for-each-ref --format=%(refname)%00%(upstream:short)%00%(objectname)%00%(upstream:track)%00%(upstream:remotename)%00%(upstream:remoteref) refs/heads/master refs/remotes/master [9ms]
2026-08-22 16:14:09.139 [warning] [Git][getBranch] No such branch: master
2026-08-22 16:14:09.162 [info] > git for-each-ref --sort -committerdate --format %(refname)%00%(objectname)%00%(*objectname) [8ms]
2026-08-22 16:14:09.209 [info] > git status -z -uall [58ms]
2026-08-22 16:14:09.291 [info] > git show --textconv :W2_package/RUN_W2.sh [16ms]
2026-08-22 16:14:14.223 [info] > git config --get commit.template [5ms]
2026-08-22 16:14:14.231 [info] > git for-each-ref --format=%(refname)%00%(upstream:short)%00%(objectname)%00%(upstream:track)%00%(upstream:remotename)%00%(upstream:remoteref) refs/heads/master refs/remotes/master [10ms]
2026-08-22 16:14:14.231 [warning] [Git][getBranch] No such branch: master
2026-08-22 16:14:14.245 [info] > git for-each-ref --sort -committerdate --format %(refname)%00%(objectname)%00%(*objectname) [7ms]
2026-08-22 16:14:14.296 [info] > git status -z -uall [61ms]
2026-08-22 16:14:19.310 [info] > git config --get commit.template [5ms]
2026-08-22 16:14:19.317 [info] > git for-each-ref --format=%(refname)%00%(upstream:short)%00%(objectname)%00%(upstream:track)%00%(upstream:remotename)%00%(upstream:remoteref) refs/heads/master refs/remotes/master [9ms]
2026-08-22 16:14:19.317 [warning] [Git][getBranch] No such branch: master
2026-08-22 16:14:19.340 [info] > git for-each-ref --sort -committerdate --format %(refname)%00%(objectname)%00%(*objectname) [9ms]
2026-08-22 16:14:19.421 [info] > git status -z -uall [93ms]
2026-08-22 16:14:24.434 [info] > git config --get commit.template [4ms]
2026-08-22 16:14:24.442 [info] > git for-each-ref --format=%(refname)%00%(upstream:short)%00%(objectname)%00%(upstream:track)%00%(upstream:remotename)%00%(upstream:remoteref) refs/heads/master refs/remotes/master [9ms]
2026-08-22 16:14:24.442 [warning] [Git][getBranch] No such branch: master
2026-08-22 16:14:24.455 [info] > git for-each-ref --sort -committerdate --format %(refname)%00%(objectname)%00%(*objectname) [7ms]
2026-08-22 16:14:24.508 [info] > git status -z -uall [63ms]
2026-08-22 16:14:29.523 [info] > git config --get commit.template [6ms]
2026-08-22 16:14:29.531 [info] > git for-each-ref --format=%(refname)%00%(upstream:short)%00%(objectname)%00%(upstream:track)%00%(upstream:remotename)%00%(upstream:remoteref) refs/heads/master refs/remotes/master [9ms]
2026-08-22 16:14:29.532 [warning] [Git][getBranch] No such branch: master
2026-08-22 16:14:29.548 [info] > git for-each-ref --sort -committerdate --format %(refname)%00%(objectname)%00%(*objectname) [9ms]
2026-08-22 16:14:29.602 [info] > git status -z -uall [67ms]
2026-08-22 16:14:34.615 [info] > git config --get commit.template [4ms]
2026-08-22 16:14:34.624 [info] > git for-each-ref --format=%(refname)%00%(upstream:short)%00%(objectname)%00%(upstream:track)%00%(upstream:remotename)%00%(upstream:remoteref) refs/heads/master refs/remotes/master [10ms]
2026-08-22 16:14:34.624 [warning] [Git][getBranch] No such branch: master
2026-08-22 16:14:34.647 [info] > git for-each-ref --sort -committerdate --format %(refname)%00%(objectname)%00%(*objectname) [9ms]
2026-08-22 16:14:34.703 [info] > git status -z -uall [68ms]
2026-08-22 16:14:39.716 [info] > git config --get commit.template [4ms]
2026-08-22 16:14:39.724 [info] > git for-each-ref --format=%(refname)%00%(upstream:short)%00%(objectname)%00%(upstream:track)%00%(upstream:remotename)%00%(upstream:remoteref) refs/heads/master refs/remotes/master [9ms]
2026-08-22 16:14:39.724 [warning] [Git][getBranch] No such branch: master
2026-08-22 16:14:39.738 [info] > git for-each-ref --sort -committerdate --format %(refname)%00%(objectname)%00%(*objectname) [8ms]
2026-08-22 16:14:39.789 [info] > git status -z -uall [60ms]
2026-08-22 16:14:44.801 [info] > git config --get commit.template [5ms]
2026-08-22 16:14:44.810 [info] > git for-each-ref --format=%(refname)%00%(upstream:short)%00%(objectname)%00%(upstream:track)%00%(upstream:remotename)%00%(upstream:remoteref) refs/heads/master refs/remotes/master [10ms]
2026-08-22 16:14:44.810 [warning] [Git][getBranch] No such branch: master
2026-08-22 16:14:44.825 [info] > git for-each-ref --sort -committerdate --format %(refname)%00%(objectname)%00%(*objectname) [8ms]
2026-08-22 16:14:44.880 [info] > git status -z -uall [66ms]
2026-08-22 16:14:49.895 [info] > git config --get commit.template [6ms]
2026-08-22 16:14:49.904 [info] > git for-each-ref --format=%(refname)%00%(upstream:short)%00%(objectname)%00%(upstream:track)%00%(upstream:remotename)%00%(upstream:remoteref) refs/heads/master refs/remotes/master [12ms]
2026-08-22 16:14:49.904 [warning] [Git][getBranch] No such branch: master
2026-08-22 16:14:49.919 [info] > git for-each-ref --sort -committerdate --format %(refname)%00%(objectname)%00%(*objectname) [8ms]
2026-08-22 16:14:49.980 [info] > git status -z -uall [72ms]
2026-08-22 16:14:54.993 [info] > git config --get commit.template [5ms]
2026-08-22 16:14:55.003 [info] > git for-each-ref --format=%(refname)%00%(upstream:short)%00%(objectname)%00%(upstream:track)%00%(upstream:remotename)%00%(upstream:remoteref) refs/heads/master refs/remotes/master [10ms]
2026-08-22 16:14:55.003 [warning] [Git][getBranch] No such branch: master
2026-08-22 16:14:55.017 [info] > git for-each-ref --sort -committerdate --format %(refname)%00%(objectname)%00%(*objectname) [7ms]
2026-08-22 16:14:55.069 [info] > git status -z -uall [62ms]
2026-08-22 16:15:00.083 [info] > git config --get commit.template [5ms]
2026-08-22 16:15:00.092 [info] > git for-each-ref --format=%(refname)%00%(upstream:short)%00%(objectname)%00%(upstream:track)%00%(upstream:remotename)%00%(upstream:remoteref) refs/heads/master refs/remotes/master [10ms]
2026-08-22 16:15:00.092 [warning] [Git][getBranch] No such branch: master
2026-08-22 16:15:00.107 [info] > git for-each-ref --sort -committerdate --format %(refname)%00%(objectname)%00%(*objectname) [9ms]
2026-08-22 16:15:00.164 [info] > git status -z -uall [68ms]
2026-08-22 16:15:05.177 [info] > git config --get commit.template [5ms]
2026-08-22 16:15:05.186 [info] > git for-each-ref --format=%(refname)%00%(upstream:short)%00%(objectname)%00%(upstream:track)%00%(upstream:remotename)%00%(upstream:remoteref) refs/heads/master refs/remotes/master [10ms]
2026-08-22 16:15:05.186 [warning] [Git][getBranch] No such branch: master
2026-08-22 16:15:05.200 [info] > git for-each-ref --sort -committerdate --format %(refname)%00%(objectname)%00%(*objectname) [8ms]
2026-08-22 16:15:05.270 [info] > git status -z -uall [81ms]
2026-08-22 16:15:10.283 [info] > git config --get commit.template [5ms]
2026-08-22 16:15:10.291 [info] > git for-each-ref --format=%(refname)%00%(upstream:short)%00%(objectname)%00%(upstream:track)%00%(upstream:remotename)%00%(upstream:remoteref) refs/heads/master refs/remotes/master [10ms]
2026-08-22 16:15:10.292 [warning] [Git][getBranch] No such branch: master
2026-08-22 16:15:10.307 [info] > git for-each-ref --sort -committerdate --format %(refname)%00%(objectname)%00%(*objectname) [8ms]
2026-08-22 16:15:10.368 [info] > git status -z -uall [73ms]
2026-08-22 16:15:15.381 [info] > git config --get commit.template [4ms]
2026-08-22 16:15:15.389 [info] > git for-each-ref --format=%(refname)%00%(upstream:short)%00%(objectname)%00%(upstream:track)%00%(upstream:remotename)%00%(upstream:remoteref) refs/heads/master refs/remotes/master [9ms]
2026-08-22 16:15:15.389 [warning] [Git][getBranch] No such branch: master
2026-08-22 16:15:15.404 [info] > git for-each-ref --sort -committerdate --format %(refname)%00%(objectname)%00%(*objectname) [7ms]
2026-08-22 16:15:15.460 [info] > git status -z -uall [67ms]
2026-08-22 16:15:20.474 [info] > git config --get commit.template [5ms]
2026-08-22 16:15:20.481 [info] > git for-each-ref --format=%(refname)%00%(upstream:short)%00%(objectname)%00%(upstream:track)%00%(upstream:remotename)%00%(upstream:remoteref) refs/heads/master refs/remotes/master [9ms]
2026-08-22 16:15:20.481 [warning] [Git][getBranch] No such branch: master
2026-08-22 16:15:20.497 [info] > git for-each-ref --sort -committerdate --format %(refname)%00%(objectname)%00%(*objectname) [9ms]
2026-08-22 16:15:20.578 [info] > git status -z -uall [93ms]
2026-08-22 16:15:25.592 [info] > git config --get commit.template [5ms]
2026-08-22 16:15:25.601 [info] > git for-each-ref --format=%(refname)%00%(upstream:short)%00%(objectname)%00%(upstream:track)%00%(upstream:remotename)%00%(upstream:remoteref) refs/heads/master refs/remotes/master [11ms]
2026-08-22 16:15:25.601 [warning] [Git][getBranch] No such branch: master
2026-08-22 16:15:25.616 [info] > git for-each-ref --sort -committerdate --format %(refname)%00%(objectname)%00%(*objectname) [8ms]
2026-08-22 16:15:25.669 [info] > git status -z -uall [64ms]
2026-08-22 16:15:29.589 [info] > git log --format=%H%n%aN%n%aE%n%at%n%ct%n%P%n%D%n%B -z --shortstat -n50 --skip=0 --topo-order --decorate=full --stdin [15ms]
2026-08-22 16:15:29.589 [info] fatal: bad revision 'refs/heads/master'
2026-08-22 16:15:29.590 [error] [GitHistoryProvider][provideHistoryItems] Failed to get history items with options '{"historyItemRefs":["refs/heads/master"],"limit":50,"skip":0}': Failed to execute git {
  "exitCode": 128,
  "gitCommand": "log",
  "stdout": "",
  "stderr": "fatal: bad revision 'refs/heads/master'\n"
}
2026-08-22 16:15:30.102 [info] > git check-ignore -v -z --stdin [9ms]
2026-08-22 16:15:30.626 [info] > git log --format=%H%n%aN%n%aE%n%at%n%ct%n%P%n%D%n%B -z --shortstat -n50 --skip=0 --topo-order --decorate=full --stdin [6ms]
2026-08-22 16:15:30.627 [info] fatal: bad revision 'refs/heads/master'
2026-08-22 16:15:30.627 [error] [GitHistoryProvider][provideHistoryItems] Failed to get history items with options '{"historyItemRefs":["refs/heads/master"],"limit":50,"skip":0}': Failed to execute git {
  "exitCode": 128,
  "gitCommand": "log",
  "stdout": "",
  "stderr": "fatal: bad revision 'refs/heads/master'\n"
}
2026-08-22 16:15:30.682 [info] > git config --get commit.template [5ms]
2026-08-22 16:15:30.689 [info] > git for-each-ref --format=%(refname)%00%(upstream:short)%00%(objectname)%00%(upstream:track)%00%(upstream:remotename)%00%(upstream:remoteref) refs/heads/master refs/remotes/master [9ms]
2026-08-22 16:15:30.689 [warning] [Git][getBranch] No such branch: master
2026-08-22 16:15:30.703 [info] > git for-each-ref --sort -committerdate --format %(refname)%00%(objectname)%00%(*objectname) [7ms]
2026-08-22 16:15:30.758 [info] > git status -z -uall [66ms]
2026-08-22 16:15:35.773 [info] > git config --get commit.template [6ms]
2026-08-22 16:15:35.783 [info] > git for-each-ref --format=%(refname)%00%(upstream:short)%00%(objectname)%00%(upstream:track)%00%(upstream:remotename)%00%(upstream:remoteref) refs/heads/master refs/remotes/master [11ms]
2026-08-22 16:15:35.784 [warning] [Git][getBranch] No such branch: master
2026-08-22 16:15:35.801 [info] > git for-each-ref --sort -committerdate --format %(refname)%00%(objectname)%00%(*objectname) [11ms]
2026-08-22 16:15:35.863 [info] > git status -z -uall [76ms]
2026-08-22 16:15:37.021 [info] > git check-ignore -v -z --stdin [9ms]
2026-08-22 16:15:38.790 [info] > git check-ignore -v -z --stdin [9ms]
2026-08-22 16:15:40.876 [info] > git config --get commit.template [5ms]
2026-08-22 16:15:40.883 [info] > git for-each-ref --format=%(refname)%00%(upstream:short)%00%(objectname)%00%(upstream:track)%00%(upstream:remotename)%00%(upstream:remoteref) refs/heads/master refs/remotes/master [8ms]
2026-08-22 16:15:40.883 [warning] [Git][getBranch] No such branch: master
2026-08-22 16:15:40.899 [info] > git for-each-ref --sort -committerdate --format %(refname)%00%(objectname)%00%(*objectname) [9ms]
2026-08-22 16:15:40.953 [info] > git status -z -uall [66ms]
2026-08-22 16:15:45.969 [info] > git config --get commit.template [6ms]
2026-08-22 16:15:45.977 [info] > git for-each-ref --format=%(refname)%00%(upstream:short)%00%(objectname)%00%(upstream:track)%00%(upstream:remotename)%00%(upstream:remoteref) refs/heads/master refs/remotes/master [12ms]
2026-08-22 16:15:45.977 [warning] [Git][getBranch] No such branch: master
2026-08-22 16:15:45.994 [info] > git for-each-ref --sort -committerdate --format %(refname)%00%(objectname)%00%(*objectname) [10ms]
2026-08-22 16:15:46.048 [info] > git status -z -uall [67ms]
2026-08-22 16:15:51.062 [info] > git config --get commit.template [5ms]
2026-08-22 16:15:51.070 [info] > git for-each-ref --format=%(refname)%00%(upstream:short)%00%(objectname)%00%(upstream:track)%00%(upstream:remotename)%00%(upstream:remoteref) refs/heads/master refs/remotes/master [10ms]
2026-08-22 16:15:51.070 [warning] [Git][getBranch] No such branch: master
2026-08-22 16:15:51.085 [info] > git for-each-ref --sort -committerdate --format %(refname)%00%(objectname)%00%(*objectname) [8ms]
2026-08-22 16:15:51.136 [info] > git status -z -uall [62ms]
2026-08-22 16:15:56.150 [info] > git config --get commit.template [5ms]
2026-08-22 16:15:56.158 [info] > git for-each-ref --format=%(refname)%00%(upstream:short)%00%(objectname)%00%(upstream:track)%00%(upstream:remotename)%00%(upstream:remoteref) refs/heads/master refs/remotes/master [8ms]
2026-08-22 16:15:56.158 [warning] [Git][getBranch] No such branch: master
2026-08-22 16:15:56.174 [info] > git for-each-ref --sort -committerdate --format %(refname)%00%(objectname)%00%(*objectname) [7ms]
2026-08-22 16:15:56.225 [info] > git status -z -uall [63ms]
2026-08-22 16:16:01.475 [info] > git config --get commit.template [5ms]
2026-08-22 16:16:01.484 [info] > git for-each-ref --format=%(refname)%00%(upstream:short)%00%(objectname)%00%(upstream:track)%00%(upstream:remotename)%00%(upstream:remoteref) refs/heads/master refs/remotes/master [11ms]
2026-08-22 16:16:01.484 [warning] [Git][getBranch] No such branch: master
2026-08-22 16:16:01.510 [info] > git for-each-ref --sort -committerdate --format %(refname)%00%(objectname)%00%(*objectname) [9ms]
2026-08-22 16:16:01.565 [info] > git status -z -uall [69ms]
2026-08-22 16:16:06.579 [info] > git config --get commit.template [5ms]
2026-08-22 16:16:06.586 [info] > git for-each-ref --format=%(refname)%00%(upstream:short)%00%(objectname)%00%(upstream:track)%00%(upstream:remotename)%00%(upstream:remoteref) refs/heads/master refs/remotes/master [9ms]
2026-08-22 16:16:06.586 [warning] [Git][getBranch] No such branch: master
2026-08-22 16:16:06.606 [info] > git for-each-ref --sort -committerdate --format %(refname)%00%(objectname)%00%(*objectname) [7ms]
2026-08-22 16:16:06.709 [info] > git status -z -uall [113ms]
2026-08-22 16:16:11.738 [info] > git config --get commit.template [21ms]
2026-08-22 16:16:11.746 [info] > git for-each-ref --format=%(refname)%00%(upstream:short)%00%(objectname)%00%(upstream:track)%00%(upstream:remotename)%00%(upstream:remoteref) refs/heads/master refs/remotes/master [25ms]
2026-08-22 16:16:11.747 [warning] [Git][getBranch] No such branch: master
2026-08-22 16:16:11.771 [info] > git for-each-ref --sort -committerdate --format %(refname)%00%(objectname)%00%(*objectname) [9ms]
2026-08-22 16:16:11.833 [info] > git status -z -uall [75ms]
2026-08-22 16:16:15.944 [info] > git check-ignore -v -z --stdin [9ms]
2026-08-22 16:16:16.848 [info] > git config --get commit.template [5ms]
2026-08-22 16:16:16.857 [info] > git for-each-ref --format=%(refname)%00%(upstream:short)%00%(objectname)%00%(upstream:track)%00%(upstream:remotename)%00%(upstream:remoteref) refs/heads/master refs/remotes/master [10ms]
2026-08-22 16:16:16.857 [warning] [Git][getBranch] No such branch: master
2026-08-22 16:16:16.872 [info] > git for-each-ref --sort -committerdate --format %(refname)%00%(objectname)%00%(*objectname) [9ms]
2026-08-22 16:16:16.927 [info] > git status -z -uall [67ms]
2026-08-22 16:16:21.942 [info] > git config --get commit.template [6ms]
2026-08-22 16:16:21.949 [info] > git for-each-ref --format=%(refname)%00%(upstream:short)%00%(objectname)%00%(upstream:track)%00%(upstream:remotename)%00%(upstream:remoteref) refs/heads/master refs/remotes/master [10ms]
2026-08-22 16:16:21.949 [warning] [Git][getBranch] No such branch: master
2026-08-22 16:16:21.966 [info] > git for-each-ref --sort -committerdate --format %(refname)%00%(objectname)%00%(*objectname) [10ms]
2026-08-22 16:16:22.053 [info] > git status -z -uall [100ms]
2026-08-22 16:16:27.068 [info] > git config --get commit.template [6ms]
2026-08-22 16:16:27.075 [info] > git for-each-ref --format=%(refname)%00%(upstream:short)%00%(objectname)%00%(upstream:track)%00%(upstream:remotename)%00%(upstream:remoteref) refs/heads/master refs/remotes/master [10ms]
2026-08-22 16:16:27.076 [warning] [Git][getBranch] No such branch: master
2026-08-22 16:16:27.092 [info] > git for-each-ref --sort -committerdate --format %(refname)%00%(objectname)%00%(*objectname) [10ms]
2026-08-22 16:16:27.099 [info] > git check-ignore -v -z --stdin [15ms]
2026-08-22 16:16:27.146 [info] > git status -z -uall [67ms]
2026-08-22 16:16:31.399 [info] > git check-ignore -v -z --stdin [8ms]
2026-08-22 16:16:32.159 [info] > git config --get commit.template [5ms]
2026-08-22 16:16:32.168 [info] > git for-each-ref --format=%(refname)%00%(upstream:short)%00%(objectname)%00%(upstream:track)%00%(upstream:remotename)%00%(upstream:remoteref) refs/heads/master refs/remotes/master [10ms]
2026-08-22 16:16:32.168 [warning] [Git][getBranch] No such branch: master
2026-08-22 16:16:32.182 [info] > git for-each-ref --sort -committerdate --format %(refname)%00%(objectname)%00%(*objectname) [8ms]
2026-08-22 16:16:32.236 [info] > git status -z -uall [64ms]
2026-08-22 16:16:32.672 [info] > git check-ignore -v -z --stdin [8ms]
2026-08-22 16:16:37.251 [info] > git config --get commit.template [5ms]
2026-08-22 16:16:37.260 [info] > git for-each-ref --format=%(refname)%00%(upstream:short)%00%(objectname)%00%(upstream:track)%00%(upstream:remotename)%00%(upstream:remoteref) refs/heads/master refs/remotes/master [9ms]
2026-08-22 16:16:37.260 [warning] [Git][getBranch] No such branch: master
2026-08-22 16:16:37.274 [info] > git for-each-ref --sort -committerdate --format %(refname)%00%(objectname)%00%(*objectname) [8ms]
2026-08-22 16:16:37.333 [info] > git status -z -uall [70ms]
2026-08-22 16:16:42.347 [info] > git config --get commit.template [5ms]
2026-08-22 16:16:42.355 [info] > git for-each-ref --format=%(refname)%00%(upstream:short)%00%(objectname)%00%(upstream:track)%00%(upstream:remotename)%00%(upstream:remoteref) refs/heads/master refs/remotes/master [10ms]
2026-08-22 16:16:42.356 [warning] [Git][getBranch] No such branch: master
2026-08-22 16:16:42.371 [info] > git for-each-ref --sort -committerdate --format %(refname)%00%(objectname)%00%(*objectname) [9ms]
2026-08-22 16:16:42.427 [info] > git status -z -uall [67ms]
2026-08-22 16:16:47.440 [info] > git config --get commit.template [5ms]
2026-08-22 16:16:47.449 [info] > git for-each-ref --format=%(refname)%00%(upstream:short)%00%(objectname)%00%(upstream:track)%00%(upstream:remotename)%00%(upstream:remoteref) refs/heads/master refs/remotes/master [10ms]
2026-08-22 16:16:47.449 [warning] [Git][getBranch] No such branch: master
2026-08-22 16:16:47.466 [info] > git for-each-ref --sort -committerdate --format %(refname)%00%(objectname)%00%(*objectname) [9ms]
2026-08-22 16:16:47.521 [info] > git status -z -uall [67ms]
2026-08-22 16:16:57.699 [info] > git config --get commit.template [6ms]
2026-08-22 16:16:57.707 [info] > git for-each-ref --format=%(refname)%00%(upstream:short)%00%(objectname)%00%(upstream:track)%00%(upstream:remotename)%00%(upstream:remoteref) refs/heads/master refs/remotes/master [10ms]
2026-08-22 16:16:57.708 [warning] [Git][getBranch] No such branch: master
2026-08-22 16:16:57.724 [info] > git for-each-ref --sort -committerdate --format %(refname)%00%(objectname)%00%(*objectname) [10ms]
2026-08-22 16:16:57.777 [info] > git status -z -uall [65ms]
2026-08-22 16:16:59.276 [info] > git for-each-ref --sort -committerdate --format %(refname)%00%(objectname)%00%(*objectname)%00%(parent)%00%(*parent)%00%(authorname)%00%(*authorname)%00%(committerdate:unix)%00%(*committerdate:unix)%00%(subject)%00%(*subject)%00%(upstream:track) [8ms]
2026-08-22 16:17:02.025 [info] > git for-each-ref --sort -committerdate --format %(refname)%00%(objectname)%00%(*objectname)%00%(parent)%00%(*parent)%00%(authorname)%00%(*authorname)%00%(committerdate:unix)%00%(*committerdate:unix)%00%(subject)%00%(*subject)%00%(upstream:track) [8ms]
2026-08-22 16:17:02.791 [info] > git config --get commit.template [4ms]
2026-08-22 16:17:02.798 [info] > git for-each-ref --format=%(refname)%00%(upstream:short)%00%(objectname)%00%(upstream:track)%00%(upstream:remotename)%00%(upstream:remoteref) refs/heads/master refs/remotes/master [8ms]
2026-08-22 16:17:02.798 [warning] [Git][getBranch] No such branch: master
2026-08-22 16:17:02.814 [info] > git for-each-ref --sort -committerdate --format %(refname)%00%(objectname)%00%(*objectname) [9ms]
2026-08-22 16:17:02.868 [info] > git status -z -uall [67ms]
2026-08-22 16:17:06.954 [info] > git for-each-ref --sort -committerdate --format %(refname)%00%(objectname)%00%(*objectname)%00%(parent)%00%(*parent)%00%(authorname)%00%(*authorname)%00%(committerdate:unix)%00%(*committerdate:unix)%00%(subject)%00%(*subject)%00%(upstream:track) [8ms]
2026-08-22 16:17:07.882 [info] > git config --get commit.template [6ms]
2026-08-22 16:17:07.889 [info] > git for-each-ref --format=%(refname)%00%(upstream:short)%00%(objectname)%00%(upstream:track)%00%(upstream:remotename)%00%(upstream:remoteref) refs/heads/master refs/remotes/master [8ms]
2026-08-22 16:17:07.889 [warning] [Git][getBranch] No such branch: master
2026-08-22 16:17:07.906 [info] > git for-each-ref --sort -committerdate --format %(refname)%00%(objectname)%00%(*objectname) [10ms]
2026-08-22 16:17:07.985 [info] > git status -z -uall [92ms]
2026-08-22 16:17:12.999 [info] > git config --get commit.template [5ms]
2026-08-22 16:17:13.007 [info] > git for-each-ref --format=%(refname)%00%(upstream:short)%00%(objectname)%00%(upstream:track)%00%(upstream:remotename)%00%(upstream:remoteref) refs/heads/master refs/remotes/master [10ms]
2026-08-22 16:17:13.007 [warning] [Git][getBranch] No such branch: master
2026-08-22 16:17:13.023 [info] > git for-each-ref --sort -committerdate --format %(refname)%00%(objectname)%00%(*objectname) [10ms]
2026-08-22 16:17:13.091 [info] > git status -z -uall [80ms]
2026-08-22 16:17:18.106 [info] > git config --get commit.template [5ms]
2026-08-22 16:17:18.113 [info] > git for-each-ref --format=%(refname)%00%(upstream:short)%00%(objectname)%00%(upstream:track)%00%(upstream:remotename)%00%(upstream:remoteref) refs/heads/master refs/remotes/master [8ms]
2026-08-22 16:17:18.113 [warning] [Git][getBranch] No such branch: master
2026-08-22 16:17:18.128 [info] > git for-each-ref --sort -committerdate --format %(refname)%00%(objectname)%00%(*objectname) [8ms]
2026-08-22 16:17:18.180 [info] > git status -z -uall [64ms]
2026-08-22 16:17:23.193 [info] > git config --get commit.template [5ms]
2026-08-22 16:17:23.202 [info] > git for-each-ref --format=%(refname)%00%(upstream:short)%00%(objectname)%00%(upstream:track)%00%(upstream:remotename)%00%(upstream:remoteref) refs/heads/master refs/remotes/master [10ms]
2026-08-22 16:17:23.202 [warning] [Git][getBranch] No such branch: master
2026-08-22 16:17:23.216 [info] > git for-each-ref --sort -committerdate --format %(refname)%00%(objectname)%00%(*objectname) [8ms]
2026-08-22 16:17:23.292 [info] > git status -z -uall [87ms]
2026-08-22 16:17:28.307 [info] > git config --get commit.template [4ms]
2026-08-22 16:17:28.316 [info] > git for-each-ref --format=%(refname)%00%(upstream:short)%00%(objectname)%00%(upstream:track)%00%(upstream:remotename)%00%(upstream:remoteref) refs/heads/master refs/remotes/master [10ms]
2026-08-22 16:17:28.316 [warning] [Git][getBranch] No such branch: master
2026-08-22 16:17:28.331 [info] > git for-each-ref --sort -committerdate --format %(refname)%00%(objectname)%00%(*objectname) [9ms]
2026-08-22 16:17:28.386 [info] > git status -z -uall [67ms]
2026-08-22 16:17:33.400 [info] > git config --get commit.template [4ms]
2026-08-22 16:17:33.408 [info] > git for-each-ref --format=%(refname)%00%(upstream:short)%00%(objectname)%00%(upstream:track)%00%(upstream:remotename)%00%(upstream:remoteref) refs/heads/master refs/remotes/master [10ms]
2026-08-22 16:17:33.408 [warning] [Git][getBranch] No such branch: master
2026-08-22 16:17:33.424 [info] > git for-each-ref --sort -committerdate --format %(refname)%00%(objectname)%00%(*objectname) [8ms]
2026-08-22 16:17:33.477 [info] > git status -z -uall [65ms]
2026-08-22 16:17:38.491 [info] > git config --get commit.template [5ms]
2026-08-22 16:17:38.499 [info] > git for-each-ref --format=%(refname)%00%(upstream:short)%00%(objectname)%00%(upstream:track)%00%(upstream:remotename)%00%(upstream:remoteref) refs/heads/master refs/remotes/master [9ms]
2026-08-22 16:17:38.499 [warning] [Git][getBranch] No such branch: master
2026-08-22 16:17:38.515 [info] > git for-each-ref --sort -committerdate --format %(refname)%00%(objectname)%00%(*objectname) [8ms]
2026-08-22 16:17:38.575 [info] > git status -z -uall [71ms]
2026-08-22 16:17:43.590 [info] > git config --get commit.template [6ms]
2026-08-22 16:17:43.598 [info] > git for-each-ref --format=%(refname)%00%(upstream:short)%00%(objectname)%00%(upstream:track)%00%(upstream:remotename)%00%(upstream:remoteref) refs/heads/master refs/remotes/master [9ms]
2026-08-22 16:17:43.598 [warning] [Git][getBranch] No such branch: master
2026-08-22 16:17:43.616 [info] > git for-each-ref --sort -committerdate --format %(refname)%00%(objectname)%00%(*objectname) [10ms]
2026-08-22 16:17:43.673 [info] > git status -z -uall [71ms]
2026-08-22 16:17:48.689 [info] > git config --get commit.template [7ms]
2026-08-22 16:17:48.698 [info] > git for-each-ref --format=%(refname)%00%(upstream:short)%00%(objectname)%00%(upstream:track)%00%(upstream:remotename)%00%(upstream:remoteref) refs/heads/master refs/remotes/master [10ms]
2026-08-22 16:17:48.698 [warning] [Git][getBranch] No such branch: master
2026-08-22 16:17:48.714 [info] > git for-each-ref --sort -committerdate --format %(refname)%00%(objectname)%00%(*objectname) [8ms]
2026-08-22 16:17:48.766 [info] > git status -z -uall [63ms]
2026-08-22 16:17:53.778 [info] > git config --get commit.template [5ms]
2026-08-22 16:17:53.785 [info] > git for-each-ref --format=%(refname)%00%(upstream:short)%00%(objectname)%00%(upstream:track)%00%(upstream:remotename)%00%(upstream:remoteref) refs/heads/master refs/remotes/master [8ms]
2026-08-22 16:17:53.785 [warning] [Git][getBranch] No such branch: master
2026-08-22 16:17:53.803 [info] > git for-each-ref --sort -committerdate --format %(refname)%00%(objectname)%00%(*objectname) [11ms]
2026-08-22 16:17:53.889 [info] > git status -z -uall [100ms]
2026-08-22 16:17:58.903 [info] > git config --get commit.template [5ms]
2026-08-22 16:17:58.911 [info] > git for-each-ref --format=%(refname)%00%(upstream:short)%00%(objectname)%00%(upstream:track)%00%(upstream:remotename)%00%(upstream:remoteref) refs/heads/master refs/remotes/master [9ms]
2026-08-22 16:17:58.911 [warning] [Git][getBranch] No such branch: master
2026-08-22 16:17:58.928 [info] > git for-each-ref --sort -committerdate --format %(refname)%00%(objectname)%00%(*objectname) [11ms]
2026-08-22 16:17:58.988 [info] > git status -z -uall [73ms]
2026-08-22 16:18:04.001 [info] > git config --get commit.template [5ms]
2026-08-22 16:18:04.010 [info] > git for-each-ref --format=%(refname)%00%(upstream:short)%00%(objectname)%00%(upstream:track)%00%(upstream:remotename)%00%(upstream:remoteref) refs/heads/master refs/remotes/master [10ms]
2026-08-22 16:18:04.010 [warning] [Git][getBranch] No such branch: master
2026-08-22 16:18:04.028 [info] > git for-each-ref --sort -committerdate --format %(refname)%00%(objectname)%00%(*objectname) [10ms]
2026-08-22 16:18:04.083 [info] > git status -z -uall [68ms]
2026-08-22 16:18:09.098 [info] > git config --get commit.template [5ms]
2026-08-22 16:18:09.107 [info] > git for-each-ref --format=%(refname)%00%(upstream:short)%00%(objectname)%00%(upstream:track)%00%(upstream:remotename)%00%(upstream:remoteref) refs/heads/master refs/remotes/master [11ms]
2026-08-22 16:18:09.107 [warning] [Git][getBranch] No such branch: master
2026-08-22 16:18:09.122 [info] > git for-each-ref --sort -committerdate --format %(refname)%00%(objectname)%00%(*objectname) [9ms]
2026-08-22 16:18:09.198 [info] > git status -z -uall [88ms]
2026-08-22 16:18:14.213 [info] > git config --get commit.template [7ms]
2026-08-22 16:18:14.223 [info] > git for-each-ref --format=%(refname)%00%(upstream:short)%00%(objectname)%00%(upstream:track)%00%(upstream:remotename)%00%(upstream:remoteref) refs/heads/master refs/remotes/master [13ms]
2026-08-22 16:18:14.223 [warning] [Git][getBranch] No such branch: master
2026-08-22 16:18:14.240 [info] > git for-each-ref --sort -committerdate --format %(refname)%00%(objectname)%00%(*objectname) [10ms]
2026-08-22 16:18:14.306 [info] > git status -z -uall [79ms]
2026-08-22 16:18:19.321 [info] > git config --get commit.template [5ms]
2026-08-22 16:18:19.330 [info] > git for-each-ref --format=%(refname)%00%(upstream:short)%00%(objectname)%00%(upstream:track)%00%(upstream:remotename)%00%(upstream:remoteref) refs/heads/master refs/remotes/master [10ms]
2026-08-22 16:18:19.330 [warning] [Git][getBranch] No such branch: master
2026-08-22 16:18:19.353 [info] > git for-each-ref --sort -committerdate --format %(refname)%00%(objectname)%00%(*objectname) [9ms]
2026-08-22 16:18:19.405 [info] > git status -z -uall [64ms]
2026-08-22 16:18:24.419 [info] > git config --get commit.template [4ms]
2026-08-22 16:18:24.426 [info] > git for-each-ref --format=%(refname)%00%(upstream:short)%00%(objectname)%00%(upstream:track)%00%(upstream:remotename)%00%(upstream:remoteref) refs/heads/master refs/remotes/master [9ms]
2026-08-22 16:18:24.426 [warning] [Git][getBranch] No such branch: master
2026-08-22 16:18:24.442 [info] > git for-each-ref --sort -committerdate --format %(refname)%00%(objectname)%00%(*objectname) [9ms]
2026-08-22 16:18:24.523 [info] > git status -z -uall [93ms]
2026-08-22 16:18:29.536 [info] > git config --get commit.template [5ms]
2026-08-22 16:18:29.545 [info] > git for-each-ref --format=%(refname)%00%(upstream:short)%00%(objectname)%00%(upstream:track)%00%(upstream:remotename)%00%(upstream:remoteref) refs/heads/master refs/remotes/master [9ms]
2026-08-22 16:18:29.545 [warning] [Git][getBranch] No such branch: master
2026-08-22 16:18:29.559 [info] > git for-each-ref --sort -committerdate --format %(refname)%00%(objectname)%00%(*objectname) [8ms]
2026-08-22 16:18:29.611 [info] > git status -z -uall [63ms]
2026-08-22 16:18:34.624 [info] > git config --get commit.template [4ms]
2026-08-22 16:18:34.632 [info] > git for-each-ref --format=%(refname)%00%(upstream:short)%00%(objectname)%00%(upstream:track)%00%(upstream:remotename)%00%(upstream:remoteref) refs/heads/master refs/remotes/master [9ms]
2026-08-22 16:18:34.632 [warning] [Git][getBranch] No such branch: master
2026-08-22 16:18:34.647 [info] > git for-each-ref --sort -committerdate --format %(refname)%00%(objectname)%00%(*objectname) [7ms]
2026-08-22 16:18:34.698 [info] > git status -z -uall [62ms]
2026-08-22 16:18:39.713 [info] > git config --get commit.template [7ms]
2026-08-22 16:18:39.721 [info] > git for-each-ref --format=%(refname)%00%(upstream:short)%00%(objectname)%00%(upstream:track)%00%(upstream:remotename)%00%(upstream:remoteref) refs/heads/master refs/remotes/master [11ms]
2026-08-22 16:18:39.721 [warning] [Git][getBranch] No such branch: master
2026-08-22 16:18:39.738 [info] > git for-each-ref --sort -committerdate --format %(refname)%00%(objectname)%00%(*objectname) [10ms]
2026-08-22 16:18:39.799 [info] > git status -z -uall [74ms]
2026-08-22 16:18:44.813 [info] > git config --get commit.template [5ms]
2026-08-22 16:18:44.821 [info] > git for-each-ref --format=%(refname)%00%(upstream:short)%00%(objectname)%00%(upstream:track)%00%(upstream:remotename)%00%(upstream:remoteref) refs/heads/master refs/remotes/master [9ms]
2026-08-22 16:18:44.821 [warning] [Git][getBranch] No such branch: master
2026-08-22 16:18:44.855 [info] > git for-each-ref --sort -committerdate --format %(refname)%00%(objectname)%00%(*objectname) [26ms]
2026-08-22 16:18:44.899 [info] > git status -z -uall [74ms]
2026-08-22 16:18:49.915 [info] > git config --get commit.template [6ms]
2026-08-22 16:18:49.923 [info] > git for-each-ref --format=%(refname)%00%(upstream:short)%00%(objectname)%00%(upstream:track)%00%(upstream:remotename)%00%(upstream:remoteref) refs/heads/master refs/remotes/master [10ms]
2026-08-22 16:18:49.923 [warning] [Git][getBranch] No such branch: master
2026-08-22 16:18:49.938 [info] > git for-each-ref --sort -committerdate --format %(refname)%00%(objectname)%00%(*objectname) [9ms]
2026-08-22 16:18:49.996 [info] > git status -z -uall [70ms]
2026-08-22 16:18:55.009 [info] > git config --get commit.template [5ms]
2026-08-22 16:18:55.017 [info] > git for-each-ref --format=%(refname)%00%(upstream:short)%00%(objectname)%00%(upstream:track)%00%(upstream:remotename)%00%(upstream:remoteref) refs/heads/master refs/remotes/master [9ms]
2026-08-22 16:18:55.017 [warning] [Git][getBranch] No such branch: master
2026-08-22 16:18:55.040 [info] > git for-each-ref --sort -committerdate --format %(refname)%00%(objectname)%00%(*objectname) [8ms]
2026-08-22 16:18:55.091 [info] > git status -z -uall [63ms]
2026-08-22 16:19:00.105 [info] > git config --get commit.template [5ms]
2026-08-22 16:19:00.112 [info] > git for-each-ref --format=%(refname)%00%(upstream:short)%00%(objectname)%00%(upstream:track)%00%(upstream:remotename)%00%(upstream:remoteref) refs/heads/master refs/remotes/master [9ms]
2026-08-22 16:19:00.112 [warning] [Git][getBranch] No such branch: master
2026-08-22 16:19:00.129 [info] > git for-each-ref --sort -committerdate --format %(refname)%00%(objectname)%00%(*objectname) [10ms]
2026-08-22 16:19:00.186 [info] > git status -z -uall [70ms]
2026-08-22 16:19:05.200 [info] > git config --get commit.template [5ms]
2026-08-22 16:19:05.208 [info] > git for-each-ref --format=%(refname)%00%(upstream:short)%00%(objectname)%00%(upstream:track)%00%(upstream:remotename)%00%(upstream:remoteref) refs/heads/master refs/remotes/master [9ms]
2026-08-22 16:19:05.208 [warning] [Git][getBranch] No such branch: master
2026-08-22 16:19:05.223 [info] > git for-each-ref --sort -committerdate --format %(refname)%00%(objectname)%00%(*objectname) [8ms]
2026-08-22 16:19:05.286 [info] > git status -z -uall [74ms]
2026-08-22 16:19:10.304 [info] > git config --get commit.template [5ms]
2026-08-22 16:19:10.311 [info] > git for-each-ref --format=%(refname)%00%(upstream:short)%00%(objectname)%00%(upstream:track)%00%(upstream:remotename)%00%(upstream:remoteref) refs/heads/master refs/remotes/master [9ms]
2026-08-22 16:19:10.311 [warning] [Git][getBranch] No such branch: master
2026-08-22 16:19:10.325 [info] > git for-each-ref --sort -committerdate --format %(refname)%00%(objectname)%00%(*objectname) [8ms]
2026-08-22 16:19:10.399 [info] > git status -z -uall [84ms]
2026-08-22 16:19:15.412 [info] > git config --get commit.template [5ms]
2026-08-22 16:19:15.422 [info] > git for-each-ref --format=%(refname)%00%(upstream:short)%00%(objectname)%00%(upstream:track)%00%(upstream:remotename)%00%(upstream:remoteref) refs/heads/master refs/remotes/master [11ms]
2026-08-22 16:19:15.422 [warning] [Git][getBranch] No such branch: master
2026-08-22 16:19:15.437 [info] > git for-each-ref --sort -committerdate --format %(refname)%00%(objectname)%00%(*objectname) [8ms]
2026-08-22 16:19:15.488 [info] > git status -z -uall [62ms]
2026-08-22 16:19:20.501 [info] > git config --get commit.template [5ms]
2026-08-22 16:19:20.509 [info] > git for-each-ref --format=%(refname)%00%(upstream:short)%00%(objectname)%00%(upstream:track)%00%(upstream:remotename)%00%(upstream:remoteref) refs/heads/master refs/remotes/master [9ms]
2026-08-22 16:19:20.509 [warning] [Git][getBranch] No such branch: master
2026-08-22 16:19:20.524 [info] > git for-each-ref --sort -committerdate --format %(refname)%00%(objectname)%00%(*objectname) [8ms]
2026-08-22 16:19:20.586 [info] > git status -z -uall [73ms]
2026-08-22 16:19:25.598 [info] > git config --get commit.template [4ms]
2026-08-22 16:19:25.607 [info] > git for-each-ref --format=%(refname)%00%(upstream:short)%00%(objectname)%00%(upstream:track)%00%(upstream:remotename)%00%(upstream:remoteref) refs/heads/master refs/remotes/master [10ms]
2026-08-22 16:19:25.607 [warning] [Git][getBranch] No such branch: master
2026-08-22 16:19:25.623 [info] > git for-each-ref --sort -committerdate --format %(refname)%00%(objectname)%00%(*objectname) [9ms]
2026-08-22 16:19:25.705 [info] > git status -z -uall [94ms]
2026-08-22 16:19:30.719 [info] > git config --get commit.template [5ms]
2026-08-22 16:19:30.727 [info] > git for-each-ref --format=%(refname)%00%(upstream:short)%00%(objectname)%00%(upstream:track)%00%(upstream:remotename)%00%(upstream:remoteref) refs/heads/master refs/remotes/master [9ms]
2026-08-22 16:19:30.727 [warning] [Git][getBranch] No such branch: master
2026-08-22 16:19:30.742 [info] > git for-each-ref --sort -committerdate --format %(refname)%00%(objectname)%00%(*objectname) [9ms]
2026-08-22 16:19:30.787 [info] > git status -z -uall [56ms]
2026-08-22 16:19:35.801 [info] > git config --get commit.template [5ms]
2026-08-22 16:19:35.809 [info] > git for-each-ref --format=%(refname)%00%(upstream:short)%00%(objectname)%00%(upstream:track)%00%(upstream:remotename)%00%(upstream:remoteref) refs/heads/master refs/remotes/master [10ms]
2026-08-22 16:19:35.809 [warning] [Git][getBranch] No such branch: master
2026-08-22 16:19:35.823 [info] > git for-each-ref --sort -committerdate --format %(refname)%00%(objectname)%00%(*objectname) [8ms]
2026-08-22 16:19:35.869 [info] > git status -z -uall [57ms]
2026-08-22 16:19:40.883 [info] > git config --get commit.template [6ms]
2026-08-22 16:19:40.892 [info] > git for-each-ref --format=%(refname)%00%(upstream:short)%00%(objectname)%00%(upstream:track)%00%(upstream:remotename)%00%(upstream:remoteref) refs/heads/master refs/remotes/master [10ms]
2026-08-22 16:19:40.892 [warning] [Git][getBranch] No such branch: master
2026-08-22 16:19:40.907 [info] > git for-each-ref --sort -committerdate --format %(refname)%00%(objectname)%00%(*objectname) [9ms]
2026-08-22 16:19:40.958 [info] > git status -z -uall [62ms]
2026-08-22 16:19:45.972 [info] > git config --get commit.template [5ms]
2026-08-22 16:19:45.980 [info] > git for-each-ref --format=%(refname)%00%(upstream:short)%00%(objectname)%00%(upstream:track)%00%(upstream:remotename)%00%(upstream:remoteref) refs/heads/master refs/remotes/master [10ms]
2026-08-22 16:19:45.980 [warning] [Git][getBranch] No such branch: master
2026-08-22 16:19:45.995 [info] > git for-each-ref --sort -committerdate --format %(refname)%00%(objectname)%00%(*objectname) [9ms]
2026-08-22 16:19:46.041 [info] > git status -z -uall [58ms]
2026-08-22 16:19:51.053 [info] > git config --get commit.template [5ms]
2026-08-22 16:19:51.062 [info] > git for-each-ref --format=%(refname)%00%(upstream:short)%00%(objectname)%00%(upstream:track)%00%(upstream:remotename)%00%(upstream:remoteref) refs/heads/master refs/remotes/master [10ms]
2026-08-22 16:19:51.062 [warning] [Git][getBranch] No such branch: master
2026-08-22 16:19:51.079 [info] > git for-each-ref --sort -committerdate --format %(refname)%00%(objectname)%00%(*objectname) [10ms]
2026-08-22 16:19:51.129 [info] > git status -z -uall [63ms]
2026-08-22 16:19:56.142 [info] > git config --get commit.template [5ms]
2026-08-22 16:19:56.150 [info] > git for-each-ref --format=%(refname)%00%(upstream:short)%00%(objectname)%00%(upstream:track)%00%(upstream:remotename)%00%(upstream:remoteref) refs/heads/master refs/remotes/master [9ms]
2026-08-22 16:19:56.150 [warning] [Git][getBranch] No such branch: master
2026-08-22 16:19:56.166 [info] > git for-each-ref --sort -committerdate --format %(refname)%00%(objectname)%00%(*objectname) [9ms]
2026-08-22 16:19:56.213 [info] > git status -z -uall [59ms]
2026-08-22 16:20:01.228 [info] > git config --get commit.template [6ms]
2026-08-22 16:20:01.237 [info] > git for-each-ref --format=%(refname)%00%(upstream:short)%00%(objectname)%00%(upstream:track)%00%(upstream:remotename)%00%(upstream:remoteref) refs/heads/master refs/remotes/master [10ms]
2026-08-22 16:20:01.237 [warning] [Git][getBranch] No such branch: master
2026-08-22 16:20:01.255 [info] > git for-each-ref --sort -committerdate --format %(refname)%00%(objectname)%00%(*objectname) [10ms]
2026-08-22 16:20:01.305 [info] > git status -z -uall [64ms]
2026-08-22 16:20:06.319 [info] > git config --get commit.template [5ms]
2026-08-22 16:20:06.327 [info] > git for-each-ref --format=%(refname)%00%(upstream:short)%00%(objectname)%00%(upstream:track)%00%(upstream:remotename)%00%(upstream:remoteref) refs/heads/master refs/remotes/master [10ms]
2026-08-22 16:20:06.327 [warning] [Git][getBranch] No such branch: master
2026-08-22 16:20:06.343 [info] > git for-each-ref --sort -committerdate --format %(refname)%00%(objectname)%00%(*objectname) [9ms]
2026-08-22 16:20:06.392 [info] > git status -z -uall [61ms]
2026-08-22 16:20:11.407 [info] > git config --get commit.template [6ms]
2026-08-22 16:20:11.414 [info] > git for-each-ref --format=%(refname)%00%(upstream:short)%00%(objectname)%00%(upstream:track)%00%(upstream:remotename)%00%(upstream:remoteref) refs/heads/master refs/remotes/master [9ms]
2026-08-22 16:20:11.414 [warning] [Git][getBranch] No such branch: master
2026-08-22 16:20:11.431 [info] > git for-each-ref --sort -committerdate --format %(refname)%00%(objectname)%00%(*objectname) [9ms]
2026-08-22 16:20:11.497 [info] > git status -z -uall [78ms]
2026-08-22 16:20:16.510 [info] > git config --get commit.template [5ms]
2026-08-22 16:20:16.518 [info] > git for-each-ref --format=%(refname)%00%(upstream:short)%00%(objectname)%00%(upstream:track)%00%(upstream:remotename)%00%(upstream:remoteref) refs/heads/master refs/remotes/master [9ms]
2026-08-22 16:20:16.518 [warning] [Git][getBranch] No such branch: master
2026-08-22 16:20:16.543 [info] > git for-each-ref --sort -committerdate --format %(refname)%00%(objectname)%00%(*objectname) [11ms]
2026-08-22 16:20:16.590 [info] > git status -z -uall [61ms]
2026-08-22 16:20:21.603 [info] > git config --get commit.template [5ms]
2026-08-22 16:20:21.611 [info] > git for-each-ref --format=%(refname)%00%(upstream:short)%00%(objectname)%00%(upstream:track)%00%(upstream:remotename)%00%(upstream:remoteref) refs/heads/master refs/remotes/master [9ms]
2026-08-22 16:20:21.611 [warning] [Git][getBranch] No such branch: master
2026-08-22 16:20:21.626 [info] > git for-each-ref --sort -committerdate --format %(refname)%00%(objectname)%00%(*objectname) [9ms]
2026-08-22 16:20:21.679 [info] > git status -z -uall [65ms]
2026-08-22 16:20:26.694 [info] > git config --get commit.template [4ms]
2026-08-22 16:20:26.701 [info] > git for-each-ref --format=%(refname)%00%(upstream:short)%00%(objectname)%00%(upstream:track)%00%(upstream:remotename)%00%(upstream:remoteref) refs/heads/master refs/remotes/master [9ms]
2026-08-22 16:20:26.701 [warning] [Git][getBranch] No such branch: master
2026-08-22 16:20:26.716 [info] > git for-each-ref --sort -committerdate --format %(refname)%00%(objectname)%00%(*objectname) [8ms]
2026-08-22 16:20:26.795 [info] > git status -z -uall [91ms]
2026-08-22 16:20:31.811 [info] > git config --get commit.template [5ms]
2026-08-22 16:20:31.819 [info] > git for-each-ref --format=%(refname)%00%(upstream:short)%00%(objectname)%00%(upstream:track)%00%(upstream:remotename)%00%(upstream:remoteref) refs/heads/master refs/remotes/master [9ms]
2026-08-22 16:20:31.819 [warning] [Git][getBranch] No such branch: master
2026-08-22 16:20:31.834 [info] > git for-each-ref --sort -committerdate --format %(refname)%00%(objectname)%00%(*objectname) [9ms]
2026-08-22 16:20:31.885 [info] > git status -z -uall [63ms]
2026-08-22 16:20:36.899 [info] > git config --get commit.template [4ms]
2026-08-22 16:20:36.907 [info] > git for-each-ref --format=%(refname)%00%(upstream:short)%00%(objectname)%00%(upstream:track)%00%(upstream:remotename)%00%(upstream:remoteref) refs/heads/master refs/remotes/master [9ms]
2026-08-22 16:20:36.907 [warning] [Git][getBranch] No such branch: master
2026-08-22 16:20:36.922 [info] > git for-each-ref --sort -committerdate --format %(refname)%00%(objectname)%00%(*objectname) [8ms]
2026-08-22 16:20:36.970 [info] > git status -z -uall [59ms]
2026-08-22 16:20:41.987 [info] > git config --get commit.template [5ms]
2026-08-22 16:20:41.995 [info] > git for-each-ref --format=%(refname)%00%(upstream:short)%00%(objectname)%00%(upstream:track)%00%(upstream:remotename)%00%(upstream:remoteref) refs/heads/master refs/remotes/master [9ms]
2026-08-22 16:20:41.995 [warning] [Git][getBranch] No such branch: master
2026-08-22 16:20:42.011 [info] > git for-each-ref --sort -committerdate --format %(refname)%00%(objectname)%00%(*objectname) [9ms]
2026-08-22 16:20:42.066 [info] > git status -z -uall [67ms]
2026-08-22 16:20:47.079 [info] > git config --get commit.template [5ms]
2026-08-22 16:20:47.088 [info] > git for-each-ref --format=%(refname)%00%(upstream:short)%00%(objectname)%00%(upstream:track)%00%(upstream:remotename)%00%(upstream:remoteref) refs/heads/master refs/remotes/master [10ms]
2026-08-22 16:20:47.088 [warning] [Git][getBranch] No such branch: master
2026-08-22 16:20:47.104 [info] > git for-each-ref --sort -committerdate --format %(refname)%00%(objectname)%00%(*objectname) [10ms]
2026-08-22 16:20:47.152 [info] > git status -z -uall [60ms]
2026-08-22 16:20:52.166 [info] > git config --get commit.template [5ms]
2026-08-22 16:20:52.173 [info] > git for-each-ref --format=%(refname)%00%(upstream:short)%00%(objectname)%00%(upstream:track)%00%(upstream:remotename)%00%(upstream:remoteref) refs/heads/master refs/remotes/master [8ms]
2026-08-22 16:20:52.173 [warning] [Git][getBranch] No such branch: master
2026-08-22 16:20:52.187 [info] > git for-each-ref --sort -committerdate --format %(refname)%00%(objectname)%00%(*objectname) [7ms]
2026-08-22 16:20:52.234 [info] > git status -z -uall [57ms]
2026-08-22 16:20:57.247 [info] > git config --get commit.template [5ms]
2026-08-22 16:20:57.255 [info] > git for-each-ref --format=%(refname)%00%(upstream:short)%00%(objectname)%00%(upstream:track)%00%(upstream:remotename)%00%(upstream:remoteref) refs/heads/master refs/remotes/master [9ms]
2026-08-22 16:20:57.255 [warning] [Git][getBranch] No such branch: master
2026-08-22 16:20:57.272 [info] > git for-each-ref --sort -committerdate --format %(refname)%00%(objectname)%00%(*objectname) [10ms]
2026-08-22 16:20:57.321 [info] > git status -z -uall [62ms]
2026-08-22 16:21:02.335 [info] > git config --get commit.template [5ms]
2026-08-22 16:21:02.344 [info] > git for-each-ref --format=%(refname)%00%(upstream:short)%00%(objectname)%00%(upstream:track)%00%(upstream:remotename)%00%(upstream:remoteref) refs/heads/master refs/remotes/master [11ms]
2026-08-22 16:21:02.344 [warning] [Git][getBranch] No such branch: master
2026-08-22 16:21:02.363 [info] > git for-each-ref --sort -committerdate --format %(refname)%00%(objectname)%00%(*objectname) [10ms]
2026-08-22 16:21:02.408 [info] > git status -z -uall [59ms]
2026-08-22 16:21:07.423 [info] > git config --get commit.template [6ms]
2026-08-22 16:21:07.432 [info] > git for-each-ref --format=%(refname)%00%(upstream:short)%00%(objectname)%00%(upstream:track)%00%(upstream:remotename)%00%(upstream:remoteref) refs/heads/master refs/remotes/master [11ms]
2026-08-22 16:21:07.432 [warning] [Git][getBranch] No such branch: master
2026-08-22 16:21:07.448 [info] > git for-each-ref --sort -committerdate --format %(refname)%00%(objectname)%00%(*objectname) [9ms]
2026-08-22 16:21:07.496 [info] > git status -z -uall [60ms]
2026-08-22 16:21:12.508 [info] > git config --get commit.template [6ms]
2026-08-22 16:21:12.517 [info] > git for-each-ref --format=%(refname)%00%(upstream:short)%00%(objectname)%00%(upstream:track)%00%(upstream:remotename)%00%(upstream:remoteref) refs/heads/master refs/remotes/master [9ms]
2026-08-22 16:21:12.517 [warning] [Git][getBranch] No such branch: master
2026-08-22 16:21:12.533 [info] > git for-each-ref --sort -committerdate --format %(refname)%00%(objectname)%00%(*objectname) [10ms]
2026-08-22 16:21:12.601 [info] > git status -z -uall [81ms]
2026-08-22 16:21:17.614 [info] > git config --get commit.template [5ms]
2026-08-22 16:21:17.622 [info] > git for-each-ref --format=%(refname)%00%(upstream:short)%00%(objectname)%00%(upstream:track)%00%(upstream:remotename)%00%(upstream:remoteref) refs/heads/master refs/remotes/master [10ms]
2026-08-22 16:21:17.622 [warning] [Git][getBranch] No such branch: master
2026-08-22 16:21:17.637 [info] > git for-each-ref --sort -committerdate --format %(refname)%00%(objectname)%00%(*objectname) [9ms]
2026-08-22 16:21:17.687 [info] > git status -z -uall [61ms]
2026-08-22 16:21:22.700 [info] > git config --get commit.template [5ms]
2026-08-22 16:21:22.709 [info] > git for-each-ref --format=%(refname)%00%(upstream:short)%00%(objectname)%00%(upstream:track)%00%(upstream:remotename)%00%(upstream:remoteref) refs/heads/master refs/remotes/master [10ms]
2026-08-22 16:21:22.709 [warning] [Git][getBranch] No such branch: master
2026-08-22 16:21:22.724 [info] > git for-each-ref --sort -committerdate --format %(refname)%00%(objectname)%00%(*objectname) [8ms]
2026-08-22 16:21:22.774 [info] > git status -z -uall [61ms]
2026-08-22 16:21:27.787 [info] > git config --get commit.template [5ms]
2026-08-22 16:21:27.795 [info] > git for-each-ref --format=%(refname)%00%(upstream:short)%00%(objectname)%00%(upstream:track)%00%(upstream:remotename)%00%(upstream:remoteref) refs/heads/master refs/remotes/master [9ms]
2026-08-22 16:21:27.795 [warning] [Git][getBranch] No such branch: master
2026-08-22 16:21:27.812 [info] > git for-each-ref --sort -committerdate --format %(refname)%00%(objectname)%00%(*objectname) [10ms]
2026-08-22 16:21:27.888 [info] > git status -z -uall [89ms]
2026-08-22 16:21:32.901 [info] > git config --get commit.template [5ms]
2026-08-22 16:21:32.914 [info] > git for-each-ref --format=%(refname)%00%(upstream:short)%00%(objectname)%00%(upstream:track)%00%(upstream:remotename)%00%(upstream:remoteref) refs/heads/master refs/remotes/master [14ms]
2026-08-22 16:21:32.914 [warning] [Git][getBranch] No such branch: master
2026-08-22 16:21:32.929 [info] > git for-each-ref --sort -committerdate --format %(refname)%00%(objectname)%00%(*objectname) [8ms]
2026-08-22 16:21:32.976 [info] > git status -z -uall [58ms]
2026-08-22 16:21:37.989 [info] > git config --get commit.template [5ms]
2026-08-22 16:21:37.997 [info] > git for-each-ref --format=%(refname)%00%(upstream:short)%00%(objectname)%00%(upstream:track)%00%(upstream:remotename)%00%(upstream:remoteref) refs/heads/master refs/remotes/master [9ms]
2026-08-22 16:21:37.997 [warning] [Git][getBranch] No such branch: master
2026-08-22 16:21:38.011 [info] > git for-each-ref --sort -committerdate --format %(refname)%00%(objectname)%00%(*objectname) [7ms]
2026-08-22 16:21:38.059 [info] > git status -z -uall [58ms]
2026-08-22 16:21:43.072 [info] > git config --get commit.template [5ms]
2026-08-22 16:21:43.079 [info] > git for-each-ref --format=%(refname)%00%(upstream:short)%00%(objectname)%00%(upstream:track)%00%(upstream:remotename)%00%(upstream:remoteref) refs/heads/master refs/remotes/master [8ms]
2026-08-22 16:21:43.080 [warning] [Git][getBranch] No such branch: master
2026-08-22 16:21:43.094 [info] > git for-each-ref --sort -committerdate --format %(refname)%00%(objectname)%00%(*objectname) [8ms]
2026-08-22 16:21:43.151 [info] > git status -z -uall [68ms]
2026-08-22 16:21:48.164 [info] > git config --get commit.template [5ms]
2026-08-22 16:21:48.173 [info] > git for-each-ref --format=%(refname)%00%(upstream:short)%00%(objectname)%00%(upstream:track)%00%(upstream:remotename)%00%(upstream:remoteref) refs/heads/master refs/remotes/master [11ms]
2026-08-22 16:21:48.173 [warning] [Git][getBranch] No such branch: master
2026-08-22 16:21:48.189 [info] > git for-each-ref --sort -committerdate --format %(refname)%00%(objectname)%00%(*objectname) [9ms]
2026-08-22 16:21:48.249 [info] > git status -z -uall [72ms]
2026-08-22 16:21:53.267 [info] > git config --get commit.template [9ms]
2026-08-22 16:21:53.280 [info] > git for-each-ref --format=%(refname)%00%(upstream:short)%00%(objectname)%00%(upstream:track)%00%(upstream:remotename)%00%(upstream:remoteref) refs/heads/master refs/remotes/master [19ms]
2026-08-22 16:21:53.280 [warning] [Git][getBranch] No such branch: master
2026-08-22 16:21:53.304 [info] > git for-each-ref --sort -committerdate --format %(refname)%00%(objectname)%00%(*objectname) [17ms]
2026-08-22 16:21:53.405 [info] > git status -z -uall [121ms]
2026-08-22 16:21:58.420 [info] > git config --get commit.template [5ms]
2026-08-22 16:21:58.428 [info] > git for-each-ref --format=%(refname)%00%(upstream:short)%00%(objectname)%00%(upstream:track)%00%(upstream:remotename)%00%(upstream:remoteref) refs/heads/master refs/remotes/master [10ms]
2026-08-22 16:21:58.428 [warning] [Git][getBranch] No such branch: master
2026-08-22 16:21:58.443 [info] > git for-each-ref --sort -committerdate --format %(refname)%00%(objectname)%00%(*objectname) [8ms]
2026-08-22 16:21:58.489 [info] > git status -z -uall [57ms]
2026-08-22 16:22:03.503 [info] > git config --get commit.template [5ms]
2026-08-22 16:22:03.513 [info] > git for-each-ref --format=%(refname)%00%(upstream:short)%00%(objectname)%00%(upstream:track)%00%(upstream:remotename)%00%(upstream:remoteref) refs/heads/master refs/remotes/master [11ms]
2026-08-22 16:22:03.513 [warning] [Git][getBranch] No such branch: master
2026-08-22 16:22:03.531 [info] > git for-each-ref --sort -committerdate --format %(refname)%00%(objectname)%00%(*objectname) [11ms]
2026-08-22 16:22:03.582 [info] > git status -z -uall [65ms]
2026-08-22 16:22:08.596 [info] > git config --get commit.template [6ms]
2026-08-22 16:22:08.604 [info] > git for-each-ref --format=%(refname)%00%(upstream:short)%00%(objectname)%00%(upstream:track)%00%(upstream:remotename)%00%(upstream:remoteref) refs/heads/master refs/remotes/master [10ms]
2026-08-22 16:22:08.604 [warning] [Git][getBranch] No such branch: master
2026-08-22 16:22:08.621 [info] > git for-each-ref --sort -committerdate --format %(refname)%00%(objectname)%00%(*objectname) [10ms]
2026-08-22 16:22:08.670 [info] > git status -z -uall [62ms]
2026-08-22 16:22:13.685 [info] > git config --get commit.template [5ms]
2026-08-22 16:22:13.692 [info] > git for-each-ref --format=%(refname)%00%(upstream:short)%00%(objectname)%00%(upstream:track)%00%(upstream:remotename)%00%(upstream:remoteref) refs/heads/master refs/remotes/master [9ms]
2026-08-22 16:22:13.692 [warning] [Git][getBranch] No such branch: master
2026-08-22 16:22:13.708 [info] > git for-each-ref --sort -committerdate --format %(refname)%00%(objectname)%00%(*objectname) [10ms]
2026-08-22 16:22:13.775 [info] > git status -z -uall [79ms]
2026-08-22 16:22:18.789 [info] > git config --get commit.template [5ms]
2026-08-22 16:22:18.798 [info] > git for-each-ref --format=%(refname)%00%(upstream:short)%00%(objectname)%00%(upstream:track)%00%(upstream:remotename)%00%(upstream:remoteref) refs/heads/master refs/remotes/master [10ms]
2026-08-22 16:22:18.798 [warning] [Git][getBranch] No such branch: master
2026-08-22 16:22:18.815 [info] > git for-each-ref --sort -committerdate --format %(refname)%00%(objectname)%00%(*objectname) [10ms]
2026-08-22 16:22:18.864 [info] > git status -z -uall [62ms]
2026-08-22 16:22:23.878 [info] > git config --get commit.template [5ms]
2026-08-22 16:22:23.886 [info] > git for-each-ref --format=%(refname)%00%(upstream:short)%00%(objectname)%00%(upstream:track)%00%(upstream:remotename)%00%(upstream:remoteref) refs/heads/master refs/remotes/master [9ms]
2026-08-22 16:22:23.886 [warning] [Git][getBranch] No such branch: master
2026-08-22 16:22:23.901 [info] > git for-each-ref --sort -committerdate --format %(refname)%00%(objectname)%00%(*objectname) [8ms]
2026-08-22 16:22:23.948 [info] > git status -z -uall [58ms]
2026-08-22 16:22:28.962 [info] > git config --get commit.template [5ms]
2026-08-22 16:22:28.970 [info] > git for-each-ref --format=%(refname)%00%(upstream:short)%00%(objectname)%00%(upstream:track)%00%(upstream:remotename)%00%(upstream:remoteref) refs/heads/master refs/remotes/master [10ms]
2026-08-22 16:22:28.970 [warning] [Git][getBranch] No such branch: master
2026-08-22 16:22:28.985 [info] > git for-each-ref --sort -committerdate --format %(refname)%00%(objectname)%00%(*objectname) [8ms]
2026-08-22 16:22:29.062 [info] > git status -z -uall [88ms]
2026-08-22 16:22:34.075 [info] > git config --get commit.template [5ms]
2026-08-22 16:22:34.085 [info] > git for-each-ref --format=%(refname)%00%(upstream:short)%00%(objectname)%00%(upstream:track)%00%(upstream:remotename)%00%(upstream:remoteref) refs/heads/master refs/remotes/master [12ms]
2026-08-22 16:22:34.086 [warning] [Git][getBranch] No such branch: master
2026-08-22 16:22:34.102 [info] > git for-each-ref --sort -committerdate --format %(refname)%00%(objectname)%00%(*objectname) [10ms]
2026-08-22 16:22:34.151 [info] > git status -z -uall [62ms]
2026-08-22 16:22:39.165 [info] > git config --get commit.template [5ms]
2026-08-22 16:22:39.173 [info] > git for-each-ref --format=%(refname)%00%(upstream:short)%00%(objectname)%00%(upstream:track)%00%(upstream:remotename)%00%(upstream:remoteref) refs/heads/master refs/remotes/master [10ms]
2026-08-22 16:22:39.173 [warning] [Git][getBranch] No such branch: master
2026-08-22 16:22:39.206 [info] > git for-each-ref --sort -committerdate --format %(refname)%00%(objectname)%00%(*objectname) [11ms]
2026-08-22 16:22:39.263 [info] > git status -z -uall [71ms]
2026-08-22 16:22:44.278 [info] > git config --get commit.template [5ms]
2026-08-22 16:22:44.284 [info] > git for-each-ref --format=%(refname)%00%(upstream:short)%00%(objectname)%00%(upstream:track)%00%(upstream:remotename)%00%(upstream:remoteref) refs/heads/master refs/remotes/master [8ms]
2026-08-22 16:22:44.285 [warning] [Git][getBranch] No such branch: master
2026-08-22 16:22:44.301 [info] > git for-each-ref --sort -committerdate --format %(refname)%00%(objectname)%00%(*objectname) [9ms]
2026-08-22 16:22:44.358 [info] > git status -z -uall [69ms]
2026-08-22 16:22:49.372 [info] > git config --get commit.template [5ms]
2026-08-22 16:22:49.379 [info] > git for-each-ref --format=%(refname)%00%(upstream:short)%00%(objectname)%00%(upstream:track)%00%(upstream:remotename)%00%(upstream:remoteref) refs/heads/master refs/remotes/master [9ms]
2026-08-22 16:22:49.380 [warning] [Git][getBranch] No such branch: master
2026-08-22 16:22:49.396 [info] > git for-each-ref --sort -committerdate --format %(refname)%00%(objectname)%00%(*objectname) [9ms]
2026-08-22 16:22:49.448 [info] > git status -z -uall [65ms]
2026-08-22 16:22:54.464 [info] > git config --get commit.template [7ms]
2026-08-22 16:22:54.472 [info] > git for-each-ref --format=%(refname)%00%(upstream:short)%00%(objectname)%00%(upstream:track)%00%(upstream:remotename)%00%(upstream:remoteref) refs/heads/master refs/remotes/master [11ms]
2026-08-22 16:22:54.472 [warning] [Git][getBranch] No such branch: master
2026-08-22 16:22:54.489 [info] > git for-each-ref --sort -committerdate --format %(refname)%00%(objectname)%00%(*objectname) [11ms]
2026-08-22 16:22:54.549 [info] > git status -z -uall [74ms]
2026-08-22 16:22:59.564 [info] > git config --get commit.template [5ms]
2026-08-22 16:22:59.571 [info] > git for-each-ref --format=%(refname)%00%(upstream:short)%00%(objectname)%00%(upstream:track)%00%(upstream:remotename)%00%(upstream:remoteref) refs/heads/master refs/remotes/master [9ms]
2026-08-22 16:22:59.571 [warning] [Git][getBranch] No such branch: master
2026-08-22 16:22:59.593 [info] > git for-each-ref --sort -committerdate --format %(refname)%00%(objectname)%00%(*objectname) [14ms]
2026-08-22 16:22:59.647 [info] > git status -z -uall [72ms]
2026-08-22 16:23:04.663 [info] > git config --get commit.template [6ms]
2026-08-22 16:23:04.672 [info] > git for-each-ref --format=%(refname)%00%(upstream:short)%00%(objectname)%00%(upstream:track)%00%(upstream:remotename)%00%(upstream:remoteref) refs/heads/master refs/remotes/master [11ms]
2026-08-22 16:23:04.672 [warning] [Git][getBranch] No such branch: master
2026-08-22 16:23:04.689 [info] > git for-each-ref --sort -committerdate --format %(refname)%00%(objectname)%00%(*objectname) [10ms]
2026-08-22 16:23:04.755 [info] > git status -z -uall [79ms]
2026-08-22 16:23:09.177 [info] > git for-each-ref --sort -committerdate --format %(refname)%00%(objectname)%00%(*objectname)%00%(parent)%00%(*parent)%00%(authorname)%00%(*authorname)%00%(committerdate:unix)%00%(*committerdate:unix)%00%(subject)%00%(*subject)%00%(upstream:track) [8ms]
2026-08-22 16:23:09.770 [info] > git config --get commit.template [6ms]
2026-08-22 16:23:09.777 [info] > git for-each-ref --format=%(refname)%00%(upstream:short)%00%(objectname)%00%(upstream:track)%00%(upstream:remotename)%00%(upstream:remoteref) refs/heads/master refs/remotes/master [10ms]
2026-08-22 16:23:09.777 [warning] [Git][getBranch] No such branch: master
2026-08-22 16:23:09.797 [info] > git for-each-ref --sort -committerdate --format %(refname)%00%(objectname)%00%(*objectname) [13ms]
2026-08-22 16:23:09.854 [info] > git status -z -uall [73ms]
2026-08-22 16:23:13.025 [info] > git for-each-ref --sort -committerdate --format %(refname)%00%(objectname)%00%(*objectname)%00%(parent)%00%(*parent)%00%(authorname)%00%(*authorname)%00%(committerdate:unix)%00%(*committerdate:unix)%00%(subject)%00%(*subject)%00%(upstream:track) [8ms]
2026-08-22 16:23:14.870 [info] > git config --get commit.template [7ms]
2026-08-22 16:23:14.878 [info] > git for-each-ref --format=%(refname)%00%(upstream:short)%00%(objectname)%00%(upstream:track)%00%(upstream:remotename)%00%(upstream:remoteref) refs/heads/master refs/remotes/master [11ms]
2026-08-22 16:23:14.878 [warning] [Git][getBranch] No such branch: master
2026-08-22 16:23:14.896 [info] > git for-each-ref --sort -committerdate --format %(refname)%00%(objectname)%00%(*objectname) [12ms]
2026-08-22 16:23:14.978 [info] > git status -z -uall [97ms]
2026-08-22 16:23:19.994 [info] > git config --get commit.template [6ms]
2026-08-22 16:23:20.002 [info] > git for-each-ref --format=%(refname)%00%(upstream:short)%00%(objectname)%00%(upstream:track)%00%(upstream:remotename)%00%(upstream:remoteref) refs/heads/master refs/remotes/master [9ms]
2026-08-22 16:23:20.002 [warning] [Git][getBranch] No such branch: master
2026-08-22 16:23:20.017 [info] > git for-each-ref --sort -committerdate --format %(refname)%00%(objectname)%00%(*objectname) [8ms]
2026-08-22 16:23:20.071 [info] > git status -z -uall [66ms]
2026-08-22 16:23:25.083 [info] > git config --get commit.template [5ms]
2026-08-22 16:23:25.091 [info] > git for-each-ref --format=%(refname)%00%(upstream:short)%00%(objectname)%00%(upstream:track)%00%(upstream:remotename)%00%(upstream:remoteref) refs/heads/master refs/remotes/master [9ms]
2026-08-22 16:23:25.091 [warning] [Git][getBranch] No such branch: master
2026-08-22 16:23:25.107 [info] > git for-each-ref --sort -committerdate --format %(refname)%00%(objectname)%00%(*objectname) [9ms]
2026-08-22 16:23:25.156 [info] > git status -z -uall [61ms]
2026-08-22 16:23:30.170 [info] > git config --get commit.template [5ms]
2026-08-22 16:23:30.177 [info] > git for-each-ref --format=%(refname)%00%(upstream:short)%00%(objectname)%00%(upstream:track)%00%(upstream:remotename)%00%(upstream:remoteref) refs/heads/master refs/remotes/master [9ms]
2026-08-22 16:23:30.177 [warning] [Git][getBranch] No such branch: master
2026-08-22 16:23:30.193 [info] > git for-each-ref --sort -committerdate --format %(refname)%00%(objectname)%00%(*objectname) [9ms]
2026-08-22 16:23:30.275 [info] > git status -z -uall [94ms]
2026-08-22 16:23:30.976 [info] > git push -u origin master [29ms]
2026-08-22 16:23:30.976 [info] error: src refspec master does not match any
error: failed to push some refs to 'https://github.com/jpanigra/work.git'
2026-08-22 16:23:30.989 [info] > git config --get commit.template [8ms]
2026-08-22 16:23:30.997 [info] > git for-each-ref --format=%(refname)%00%(upstream:short)%00%(objectname)%00%(upstream:track)%00%(upstream:remotename)%00%(upstream:remoteref) refs/heads/master refs/remotes/master [11ms]
2026-08-22 16:23:30.997 [warning] [Git][getBranch] No such branch: master
2026-08-22 16:23:31.014 [info] > git for-each-ref --sort -committerdate --format %(refname)%00%(objectname)%00%(*objectname) [10ms]
2026-08-22 16:23:31.075 [info] > git status -z -uall [74ms]
2026-08-22 16:23:35.289 [info] > git config --get commit.template [6ms]
2026-08-22 16:23:35.302 [info] > git for-each-ref --format=%(refname)%00%(upstream:short)%00%(objectname)%00%(upstream:track)%00%(upstream:remotename)%00%(upstream:remoteref) refs/heads/master refs/remotes/master [14ms]
2026-08-22 16:23:35.302 [warning] [Git][getBranch] No such branch: master
2026-08-22 16:23:35.319 [info] > git for-each-ref --sort -committerdate --format %(refname)%00%(objectname)%00%(*objectname) [9ms]
2026-08-22 16:23:35.413 [info] > git status -z -uall [107ms]
2026-08-22 16:23:40.430 [info] > git config --get commit.template [5ms]
2026-08-22 16:23:40.439 [info] > git for-each-ref --format=%(refname)%00%(upstream:short)%00%(objectname)%00%(upstream:track)%00%(upstream:remotename)%00%(upstream:remoteref) refs/heads/master refs/remotes/master [10ms]
2026-08-22 16:23:40.439 [warning] [Git][getBranch] No such branch: master
2026-08-22 16:23:40.455 [info] > git for-each-ref --sort -committerdate --format %(refname)%00%(objectname)%00%(*objectname) [9ms]
2026-08-22 16:23:40.506 [info] > git status -z -uall [63ms]
2026-08-22 16:23:45.520 [info] > git config --get commit.template [5ms]
2026-08-22 16:23:45.528 [info] > git for-each-ref --format=%(refname)%00%(upstream:short)%00%(objectname)%00%(upstream:track)%00%(upstream:remotename)%00%(upstream:remoteref) refs/heads/master refs/remotes/master [9ms]
2026-08-22 16:23:45.528 [warning] [Git][getBranch] No such branch: master
2026-08-22 16:23:45.546 [info] > git for-each-ref --sort -committerdate --format %(refname)%00%(objectname)%00%(*objectname) [11ms]
2026-08-22 16:23:45.622 [info] > git status -z -uall [91ms]
2026-08-22 16:24:01.147 [info] > git config --get commit.template [6ms]
2026-08-22 16:24:01.155 [info] > git for-each-ref --format=%(refname)%00%(upstream:short)%00%(objectname)%00%(upstream:track)%00%(upstream:remotename)%00%(upstream:remoteref) refs/heads/master refs/remotes/master [10ms]
2026-08-22 16:24:01.155 [warning] [Git][getBranch] No such branch: master
2026-08-22 16:24:01.171 [info] > git for-each-ref --sort -committerdate --format %(refname)%00%(objectname)%00%(*objectname) [9ms]
2026-08-22 16:24:01.222 [info] > git status -z -uall [63ms]
2026-08-22 16:24:39.976 [info] > git config --get commit.template [7ms]
2026-08-22 16:24:39.985 [info] > git for-each-ref --format=%(refname)%00%(upstream:short)%00%(objectname)%00%(upstream:track)%00%(upstream:remotename)%00%(upstream:remoteref) refs/heads/master refs/remotes/master [12ms]
2026-08-22 16:24:39.985 [warning] [Git][getBranch] No such branch: master
2026-08-22 16:24:40.003 [info] > git for-each-ref --sort -committerdate --format %(refname)%00%(objectname)%00%(*objectname) [11ms]
2026-08-22 16:24:40.119 [info] > git status -z -uall [130ms]
2026-08-22 16:24:42.360 [info] > git push -u origin master [19ms]
2026-08-22 16:24:42.360 [info] error: src refspec master does not match any
error: failed to push some refs to 'https://github.com/jpanigra/work.git'
2026-08-22 16:24:42.371 [info] > git config --get commit.template [5ms]
2026-08-22 16:24:42.378 [info] > git for-each-ref --format=%(refname)%00%(upstream:short)%00%(objectname)%00%(upstream:track)%00%(upstream:remotename)%00%(upstream:remoteref) refs/heads/master refs/remotes/master [9ms]
2026-08-22 16:24:42.378 [warning] [Git][getBranch] No such branch: master
2026-08-22 16:24:42.393 [info] > git for-each-ref --sort -committerdate --format %(refname)%00%(objectname)%00%(*objectname) [8ms]
2026-08-22 16:24:42.445 [info] > git status -z -uall [63ms]
2026-08-22 16:24:45.135 [info] > git config --get commit.template [6ms]
2026-08-22 16:24:45.143 [info] > git for-each-ref --format=%(refname)%00%(upstream:short)%00%(objectname)%00%(upstream:track)%00%(upstream:remotename)%00%(upstream:remoteref) refs/heads/master refs/remotes/master [9ms]
2026-08-22 16:24:45.144 [warning] [Git][getBranch] No such branch: master
2026-08-22 16:24:45.160 [info] > git for-each-ref --sort -committerdate --format %(refname)%00%(objectname)%00%(*objectname) [10ms]
2026-08-22 16:24:45.212 [info] > git status -z -uall [65ms]
2026-08-22 16:24:50.226 [info] > git config --get commit.template [6ms]
2026-08-22 16:24:50.234 [info] > git for-each-ref --format=%(refname)%00%(upstream:short)%00%(objectname)%00%(upstream:track)%00%(upstream:remotename)%00%(upstream:remoteref) refs/heads/master refs/remotes/master [9ms]
2026-08-22 16:24:50.234 [warning] [Git][getBranch] No such branch: master
2026-08-22 16:24:50.258 [info] > git for-each-ref --sort -committerdate --format %(refname)%00%(objectname)%00%(*objectname) [9ms]
2026-08-22 16:24:50.315 [info] > git status -z -uall [69ms]
2026-08-22 16:24:55.330 [info] > git config --get commit.template [5ms]
2026-08-22 16:24:55.338 [info] > git for-each-ref --format=%(refname)%00%(upstream:short)%00%(objectname)%00%(upstream:track)%00%(upstream:remotename)%00%(upstream:remoteref) refs/heads/master refs/remotes/master [9ms]
2026-08-22 16:24:55.339 [warning] [Git][getBranch] No such branch: master
2026-08-22 16:24:55.365 [info] > git for-each-ref --sort -committerdate --format %(refname)%00%(objectname)%00%(*objectname) [8ms]
2026-08-22 16:24:55.412 [info] > git status -z -uall [62ms]
2026-08-22 16:25:00.426 [info] > git config --get commit.template [5ms]
2026-08-22 16:25:00.434 [info] > git for-each-ref --format=%(refname)%00%(upstream:short)%00%(objectname)%00%(upstream:track)%00%(upstream:remotename)%00%(upstream:remoteref) refs/heads/master refs/remotes/master [10ms]
2026-08-22 16:25:00.434 [warning] [Git][getBranch] No such branch: master
2026-08-22 16:25:00.459 [info] > git for-each-ref --sort -committerdate --format %(refname)%00%(objectname)%00%(*objectname) [10ms]
2026-08-22 16:25:00.506 [info] > git status -z -uall [60ms]
2026-08-22 16:26:07.157 [info] > git config --get commit.template [6ms]
2026-08-22 16:26:07.164 [info] > git for-each-ref --format=%(refname)%00%(upstream:short)%00%(objectname)%00%(upstream:track)%00%(upstream:remotename)%00%(upstream:remoteref) refs/heads/master refs/remotes/master [10ms]
2026-08-22 16:26:07.164 [warning] [Git][getBranch] No such branch: master
2026-08-22 16:26:07.186 [info] > git for-each-ref --sort -committerdate --format %(refname)%00%(objectname)%00%(*objectname) [8ms]
2026-08-22 16:26:07.332 [info] > git status -z -uall [157ms]
2026-08-22 16:26:12.350 [info] > git config --get commit.template [6ms]
2026-08-22 16:26:12.358 [info] > git for-each-ref --format=%(refname)%00%(upstream:short)%00%(objectname)%00%(upstream:track)%00%(upstream:remotename)%00%(upstream:remoteref) refs/heads/master refs/remotes/master [9ms]
2026-08-22 16:26:12.358 [warning] [Git][getBranch] No such branch: master
2026-08-22 16:26:12.384 [info] > git for-each-ref --sort -committerdate --format %(refname)%00%(objectname)%00%(*objectname) [12ms]
2026-08-22 16:26:12.431 [info] > git status -z -uall [62ms]
2026-08-22 16:26:17.446 [info] > git config --get commit.template [6ms]
2026-08-22 16:26:17.455 [info] > git for-each-ref --format=%(refname)%00%(upstream:short)%00%(objectname)%00%(upstream:track)%00%(upstream:remotename)%00%(upstream:remoteref) refs/heads/master refs/remotes/master [10ms]
2026-08-22 16:26:17.455 [warning] [Git][getBranch] No such branch: master
2026-08-22 16:26:17.479 [info] > git for-each-ref --sort -committerdate --format %(refname)%00%(objectname)%00%(*objectname) [10ms]
2026-08-22 16:26:17.528 [info] > git status -z -uall [62ms]
2026-08-22 16:26:22.542 [info] > git config --get commit.template [5ms]
2026-08-22 16:26:22.550 [info] > git for-each-ref --format=%(refname)%00%(upstream:short)%00%(objectname)%00%(upstream:track)%00%(upstream:remotename)%00%(upstream:remoteref) refs/heads/master refs/remotes/master [9ms]
2026-08-22 16:26:22.551 [warning] [Git][getBranch] No such branch: master
2026-08-22 16:26:22.566 [info] > git for-each-ref --sort -committerdate --format %(refname)%00%(objectname)%00%(*objectname) [8ms]
2026-08-22 16:26:22.616 [info] > git status -z -uall [61ms]
2026-08-22 16:26:27.634 [info] > git config --get commit.template [9ms]
2026-08-22 16:26:27.643 [info] > git for-each-ref --format=%(refname)%00%(upstream:short)%00%(objectname)%00%(upstream:track)%00%(upstream:remotename)%00%(upstream:remoteref) refs/heads/master refs/remotes/master [9ms]
2026-08-22 16:26:27.643 [warning] [Git][getBranch] No such branch: master
2026-08-22 16:26:27.661 [info] > git for-each-ref --sort -committerdate --format %(refname)%00%(objectname)%00%(*objectname) [10ms]
2026-08-22 16:26:27.714 [info] > git status -z -uall [67ms]
2026-08-22 16:26:32.729 [info] > git config --get commit.template [6ms]
2026-08-22 16:26:32.736 [info] > git for-each-ref --format=%(refname)%00%(upstream:short)%00%(objectname)%00%(upstream:track)%00%(upstream:remotename)%00%(upstream:remoteref) refs/heads/master refs/remotes/master [9ms]
2026-08-22 16:26:32.737 [warning] [Git][getBranch] No such branch: master
2026-08-22 16:26:32.755 [info] > git for-each-ref --sort -committerdate --format %(refname)%00%(objectname)%00%(*objectname) [11ms]
2026-08-22 16:26:32.806 [info] > git status -z -uall [66ms]
2026-08-22 16:26:37.822 [info] > git config --get commit.template [6ms]
2026-08-22 16:26:37.830 [info] > git for-each-ref --format=%(refname)%00%(upstream:short)%00%(objectname)%00%(upstream:track)%00%(upstream:remotename)%00%(upstream:remoteref) refs/heads/master refs/remotes/master [12ms]
2026-08-22 16:26:37.830 [warning] [Git][getBranch] No such branch: master
2026-08-22 16:26:37.854 [info] > git for-each-ref --sort -committerdate --format %(refname)%00%(objectname)%00%(*objectname) [11ms]
2026-08-22 16:26:37.905 [info] > git status -z -uall [65ms]
2026-08-22 16:26:42.922 [info] > git config --get commit.template [6ms]
2026-08-22 16:26:42.932 [info] > git for-each-ref --format=%(refname)%00%(upstream:short)%00%(objectname)%00%(upstream:track)%00%(upstream:remotename)%00%(upstream:remoteref) refs/heads/master refs/remotes/master [11ms]
2026-08-22 16:26:42.932 [warning] [Git][getBranch] No such branch: master
2026-08-22 16:26:42.948 [info] > git for-each-ref --sort -committerdate --format %(refname)%00%(objectname)%00%(*objectname) [9ms]
2026-08-22 16:26:42.999 [info] > git status -z -uall [63ms]
2026-08-22 16:26:48.012 [info] > git config --get commit.template [5ms]
2026-08-22 16:26:48.020 [info] > git for-each-ref --format=%(refname)%00%(upstream:short)%00%(objectname)%00%(upstream:track)%00%(upstream:remotename)%00%(upstream:remoteref) refs/heads/master refs/remotes/master [9ms]
2026-08-22 16:26:48.020 [warning] [Git][getBranch] No such branch: master
2026-08-22 16:26:48.042 [info] > git for-each-ref --sort -committerdate --format %(refname)%00%(objectname)%00%(*objectname) [8ms]
2026-08-22 16:26:48.092 [info] > git status -z -uall [61ms]
2026-08-22 16:26:53.106 [info] > git config --get commit.template [5ms]
2026-08-22 16:26:53.113 [info] > git for-each-ref --format=%(refname)%00%(upstream:short)%00%(objectname)%00%(upstream:track)%00%(upstream:remotename)%00%(upstream:remoteref) refs/heads/master refs/remotes/master [8ms]
2026-08-22 16:26:53.114 [warning] [Git][getBranch] No such branch: master
2026-08-22 16:26:53.129 [info] > git for-each-ref --sort -committerdate --format %(refname)%00%(objectname)%00%(*objectname) [9ms]
2026-08-22 16:26:53.177 [info] > git status -z -uall [59ms]
2026-08-22 16:26:58.193 [info] > git config --get commit.template [6ms]
2026-08-22 16:26:58.201 [info] > git for-each-ref --format=%(refname)%00%(upstream:short)%00%(objectname)%00%(upstream:track)%00%(upstream:remotename)%00%(upstream:remoteref) refs/heads/master refs/remotes/master [10ms]
2026-08-22 16:26:58.201 [warning] [Git][getBranch] No such branch: master
2026-08-22 16:26:58.223 [info] > git for-each-ref --sort -committerdate --format %(refname)%00%(objectname)%00%(*objectname) [9ms]
2026-08-22 16:26:58.273 [info] > git status -z -uall [62ms]
2026-08-22 16:27:21.601 [info] > git config --get commit.template [5ms]
2026-08-22 16:27:21.610 [info] > git for-each-ref --format=%(refname)%00%(upstream:short)%00%(objectname)%00%(upstream:track)%00%(upstream:remotename)%00%(upstream:remoteref) refs/heads/master refs/remotes/master [10ms]
2026-08-22 16:27:21.611 [warning] [Git][getBranch] No such branch: master
2026-08-22 16:27:21.636 [info] > git for-each-ref --sort -committerdate --format %(refname)%00%(objectname)%00%(*objectname) [10ms]
2026-08-22 16:27:21.744 [info] > git status -z -uall [122ms]
2026-08-22 16:27:26.759 [info] > git config --get commit.template [7ms]
2026-08-22 16:27:26.767 [info] > git for-each-ref --format=%(refname)%00%(upstream:short)%00%(objectname)%00%(upstream:track)%00%(upstream:remotename)%00%(upstream:remoteref) refs/heads/master refs/remotes/master [11ms]
2026-08-22 16:27:26.768 [warning] [Git][getBranch] No such branch: master
2026-08-22 16:27:26.794 [info] > git for-each-ref --sort -committerdate --format %(refname)%00%(objectname)%00%(*objectname) [13ms]
2026-08-22 16:27:26.846 [info] > git status -z -uall [68ms]
2026-08-22 16:27:31.861 [info] > git config --get commit.template [6ms]
2026-08-22 16:27:31.869 [info] > git for-each-ref --format=%(refname)%00%(upstream:short)%00%(objectname)%00%(upstream:track)%00%(upstream:remotename)%00%(upstream:remoteref) refs/heads/master refs/remotes/master [9ms]
2026-08-22 16:27:31.869 [warning] [Git][getBranch] No such branch: master
2026-08-22 16:27:31.893 [info] > git for-each-ref --sort -committerdate --format %(refname)%00%(objectname)%00%(*objectname) [8ms]
2026-08-22 16:27:31.940 [info] > git status -z -uall [59ms]
2026-08-22 16:27:36.953 [info] > git config --get commit.template [5ms]
2026-08-22 16:27:36.961 [info] > git for-each-ref --format=%(refname)%00%(upstream:short)%00%(objectname)%00%(upstream:track)%00%(upstream:remotename)%00%(upstream:remoteref) refs/heads/master refs/remotes/master [9ms]
2026-08-22 16:27:36.961 [warning] [Git][getBranch] No such branch: master
2026-08-22 16:27:36.983 [info] > git for-each-ref --sort -committerdate --format %(refname)%00%(objectname)%00%(*objectname) [8ms]
2026-08-22 16:27:37.029 [info] > git status -z -uall [56ms]
2026-08-22 16:27:37.354 [info] > git config --get commit.template [5ms]
2026-08-22 16:27:37.361 [info] > git for-each-ref --format=%(refname)%00%(upstream:short)%00%(objectname)%00%(upstream:track)%00%(upstream:remotename)%00%(upstream:remoteref) refs/heads/master refs/remotes/master [8ms]
2026-08-22 16:27:37.361 [warning] [Git][getBranch] No such branch: master
2026-08-22 16:27:37.384 [info] > git for-each-ref --sort -committerdate --format %(refname)%00%(objectname)%00%(*objectname) [9ms]
2026-08-22 16:27:37.428 [info] > git status -z -uall [57ms]
2026-08-22 16:27:38.919 [info] > git for-each-ref --sort -committerdate --format %(refname)%00%(objectname)%00%(*objectname)%00%(parent)%00%(*parent)%00%(authorname)%00%(*authorname)%00%(committerdate:unix)%00%(*committerdate:unix)%00%(subject)%00%(*subject)%00%(upstream:track) [7ms]
2026-08-22 16:27:41.077 [info] > git push -u origin master [19ms]
2026-08-22 16:27:41.077 [info] error: src refspec master does not match any
error: failed to push some refs to 'https://github.com/jpanigra/work.git'
2026-08-22 16:27:41.087 [info] > git config --get commit.template [5ms]
2026-08-22 16:27:41.095 [info] > git for-each-ref --format=%(refname)%00%(upstream:short)%00%(objectname)%00%(upstream:track)%00%(upstream:remotename)%00%(upstream:remoteref) refs/heads/master refs/remotes/master [9ms]
2026-08-22 16:27:41.095 [warning] [Git][getBranch] No such branch: master
2026-08-22 16:27:41.119 [info] > git for-each-ref --sort -committerdate --format %(refname)%00%(objectname)%00%(*objectname) [9ms]
2026-08-22 16:27:41.166 [info] > git status -z -uall [59ms]
2026-08-22 16:27:42.044 [info] > git config --get commit.template [5ms]
2026-08-22 16:27:42.051 [info] > git for-each-ref --format=%(refname)%00%(upstream:short)%00%(objectname)%00%(upstream:track)%00%(upstream:remotename)%00%(upstream:remoteref) refs/heads/master refs/remotes/master [8ms]
2026-08-22 16:27:42.051 [warning] [Git][getBranch] No such branch: master
2026-08-22 16:27:42.069 [info] > git for-each-ref --sort -committerdate --format %(refname)%00%(objectname)%00%(*objectname) [11ms]
2026-08-22 16:27:42.119 [info] > git status -z -uall [64ms]
2026-08-22 16:27:47.133 [info] > git config --get commit.template [5ms]
2026-08-22 16:27:47.141 [info] > git for-each-ref --format=%(refname)%00%(upstream:short)%00%(objectname)%00%(upstream:track)%00%(upstream:remotename)%00%(upstream:remoteref) refs/heads/master refs/remotes/master [9ms]
2026-08-22 16:27:47.141 [warning] [Git][getBranch] No such branch: master
2026-08-22 16:27:47.167 [info] > git for-each-ref --sort -committerdate --format %(refname)%00%(objectname)%00%(*objectname) [11ms]
2026-08-22 16:27:47.218 [info] > git status -z -uall [65ms]
2026-08-22 16:27:48.020 [info] > git show --textconv HEAD:questions.csv [14ms]
2026-08-22 16:27:48.021 [warning] [GitFileSystemProvider][readFile] File not found - git:/voc/work/questions.csv.git?%7B%22path%22%3A%22%2Fvoc%2Fwork%2Fquestions.csv%22%2C%22ref%22%3A%22HEAD%22%7D
2026-08-22 16:27:48.030 [info] > git ls-tree -l HEAD -- questions.csv [18ms]
2026-08-22 16:27:48.039 [info] fatal: Not a valid object name HEAD
2026-08-22 16:27:48.039 [warning] [GitFileSystemProvider][stat] File not found - git:/voc/work/questions.csv.git?%7B%22path%22%3A%22%2Fvoc%2Fwork%2Fquestions.csv%22%2C%22ref%22%3A%22HEAD%22%7D
2026-08-22 16:27:48.039 [info] > git ls-files --stage -- questions.csv [30ms]
2026-08-22 16:27:48.052 [info] > git show --textconv :questions.csv [49ms]
2026-08-22 16:27:48.070 [info] > git cat-file -s fb08fc50fa107709b01780a7f89563542ecc4ed5 [18ms]
2026-08-22 16:27:51.985 [info] > git show --textconv HEAD:AI-RAG_W2_query_results.py [10ms]
2026-08-22 16:27:51.985 [warning] [GitFileSystemProvider][readFile] File not found - git:/voc/work/AI-RAG_W2_query_results.py.git?%7B%22path%22%3A%22%2Fvoc%2Fwork%2FAI-RAG_W2_query_results.py%22%2C%22ref%22%3A%22HEAD%22%7D
2026-08-22 16:27:51.993 [info] > git show --textconv :AI-RAG_W2_query_results.py [21ms]
2026-08-22 16:27:52.000 [info] > git ls-tree -l HEAD -- AI-RAG_W2_query_results.py [18ms]
2026-08-22 16:27:52.007 [info] fatal: Not a valid object name HEAD
2026-08-22 16:27:52.007 [warning] [GitFileSystemProvider][stat] File not found - git:/voc/work/AI-RAG_W2_query_results.py.git?%7B%22path%22%3A%22%2Fvoc%2Fwork%2FAI-RAG_W2_query_results.py%22%2C%22ref%22%3A%22HEAD%22%7D
2026-08-22 16:27:52.007 [info] > git ls-files --stage -- AI-RAG_W2_query_results.py [29ms]
2026-08-22 16:27:52.028 [info] > git cat-file -s 5278d6494ed59e9906132da49d99705d61dd3899 [10ms]
2026-08-22 16:27:52.232 [info] > git config --get commit.template [5ms]
2026-08-22 16:27:52.239 [info] > git for-each-ref --format=%(refname)%00%(upstream:short)%00%(objectname)%00%(upstream:track)%00%(upstream:remotename)%00%(upstream:remoteref) refs/heads/master refs/remotes/master [8ms]
2026-08-22 16:27:52.239 [warning] [Git][getBranch] No such branch: master
2026-08-22 16:27:52.254 [info] > git for-each-ref --sort -committerdate --format %(refname)%00%(objectname)%00%(*objectname) [7ms]
2026-08-22 16:27:52.301 [info] > git status -z -uall [58ms]
2026-08-22 16:27:57.315 [info] > git config --get commit.template [4ms]
2026-08-22 16:27:57.324 [info] > git for-each-ref --format=%(refname)%00%(upstream:short)%00%(objectname)%00%(upstream:track)%00%(upstream:remotename)%00%(upstream:remoteref) refs/heads/master refs/remotes/master [10ms]
2026-08-22 16:27:57.324 [warning] [Git][getBranch] No such branch: master
2026-08-22 16:27:57.345 [info] > git for-each-ref --sort -committerdate --format %(refname)%00%(objectname)%00%(*objectname) [8ms]
2026-08-22 16:27:57.392 [info] > git status -z -uall [58ms]
2026-08-22 16:27:57.913 [info] > git show --textconv HEAD:AI-RAG_W2_settings.py [14ms]
2026-08-22 16:27:57.913 [warning] [GitFileSystemProvider][readFile] File not found - git:/voc/work/AI-RAG_W2_settings.py.git?%7B%22path%22%3A%22%2Fvoc%2Fwork%2FAI-RAG_W2_settings.py%22%2C%22ref%22%3A%22HEAD%22%7D
2026-08-22 16:27:57.920 [info] > git show --textconv :AI-RAG_W2_settings.py [24ms]
2026-08-22 16:27:57.920 [info] > git ls-tree -l HEAD -- AI-RAG_W2_settings.py [16ms]
2026-08-22 16:27:57.927 [info] fatal: Not a valid object name HEAD
2026-08-22 16:27:57.927 [warning] [GitFileSystemProvider][stat] File not found - git:/voc/work/AI-RAG_W2_settings.py.git?%7B%22path%22%3A%22%2Fvoc%2Fwork%2FAI-RAG_W2_settings.py%22%2C%22ref%22%3A%22HEAD%22%7D
2026-08-22 16:27:57.928 [info] > git ls-files --stage -- AI-RAG_W2_settings.py [27ms]
2026-08-22 16:27:57.948 [info] > git cat-file -s 811f67fe43f6015f71cd879041d704c5965f515b [10ms]
2026-08-22 16:28:02.406 [info] > git config --get commit.template [5ms]
2026-08-22 16:28:02.414 [info] > git for-each-ref --format=%(refname)%00%(upstream:short)%00%(objectname)%00%(upstream:track)%00%(upstream:remotename)%00%(upstream:remoteref) refs/heads/master refs/remotes/master [9ms]
2026-08-22 16:28:02.414 [warning] [Git][getBranch] No such branch: master
2026-08-22 16:28:02.430 [info] > git for-each-ref --sort -committerdate --format %(refname)%00%(objectname)%00%(*objectname) [9ms]
2026-08-22 16:28:02.477 [info] > git status -z -uall [60ms]
2026-08-22 16:28:07.491 [info] > git config --get commit.template [5ms]
2026-08-22 16:28:07.498 [info] > git for-each-ref --format=%(refname)%00%(upstream:short)%00%(objectname)%00%(upstream:track)%00%(upstream:remotename)%00%(upstream:remoteref) refs/heads/master refs/remotes/master [8ms]
2026-08-22 16:28:07.498 [warning] [Git][getBranch] No such branch: master
2026-08-22 16:28:07.513 [info] > git for-each-ref --sort -committerdate --format %(refname)%00%(objectname)%00%(*objectname) [8ms]
2026-08-22 16:28:07.561 [info] > git status -z -uall [59ms]
2026-08-22 16:28:12.576 [info] > git config --get commit.template [7ms]
2026-08-22 16:28:12.584 [info] > git for-each-ref --format=%(refname)%00%(upstream:short)%00%(objectname)%00%(upstream:track)%00%(upstream:remotename)%00%(upstream:remoteref) refs/heads/master refs/remotes/master [11ms]
2026-08-22 16:28:12.584 [warning] [Git][getBranch] No such branch: master
2026-08-22 16:28:12.601 [info] > git for-each-ref --sort -committerdate --format %(refname)%00%(objectname)%00%(*objectname) [11ms]
2026-08-22 16:28:12.652 [info] > git status -z -uall [65ms]
2026-08-22 16:28:17.667 [info] > git config --get commit.template [6ms]
2026-08-22 16:28:17.674 [info] > git for-each-ref --format=%(refname)%00%(upstream:short)%00%(objectname)%00%(upstream:track)%00%(upstream:remotename)%00%(upstream:remoteref) refs/heads/master refs/remotes/master [7ms]
2026-08-22 16:28:17.674 [warning] [Git][getBranch] No such branch: master
2026-08-22 16:28:17.697 [info] > git for-each-ref --sort -committerdate --format %(refname)%00%(objectname)%00%(*objectname) [9ms]
2026-08-22 16:28:17.745 [info] > git status -z -uall [60ms]
2026-08-22 16:28:22.759 [info] > git config --get commit.template [5ms]
2026-08-22 16:28:22.767 [info] > git for-each-ref --format=%(refname)%00%(upstream:short)%00%(objectname)%00%(upstream:track)%00%(upstream:remotename)%00%(upstream:remoteref) refs/heads/master refs/remotes/master [9ms]
2026-08-22 16:28:22.767 [warning] [Git][getBranch] No such branch: master
2026-08-22 16:28:22.790 [info] > git for-each-ref --sort -committerdate --format %(refname)%00%(objectname)%00%(*objectname) [9ms]
2026-08-22 16:28:22.895 [info] > git status -z -uall [117ms]
2026-08-22 16:28:27.909 [info] > git config --get commit.template [5ms]
2026-08-22 16:28:27.916 [info] > git for-each-ref --format=%(refname)%00%(upstream:short)%00%(objectname)%00%(upstream:track)%00%(upstream:remotename)%00%(upstream:remoteref) refs/heads/master refs/remotes/master [9ms]
2026-08-22 16:28:27.916 [warning] [Git][getBranch] No such branch: master
2026-08-22 16:28:27.933 [info] > git for-each-ref --sort -committerdate --format %(refname)%00%(objectname)%00%(*objectname) [11ms]
2026-08-22 16:28:27.984 [info] > git status -z -uall [64ms]
2026-08-22 16:28:32.999 [info] > git config --get commit.template [6ms]
2026-08-22 16:28:33.008 [info] > git for-each-ref --format=%(refname)%00%(upstream:short)%00%(objectname)%00%(upstream:track)%00%(upstream:remotename)%00%(upstream:remoteref) refs/heads/master refs/remotes/master [12ms]
2026-08-22 16:28:33.008 [warning] [Git][getBranch] No such branch: master
2026-08-22 16:28:33.033 [info] > git for-each-ref --sort -committerdate --format %(refname)%00%(objectname)%00%(*objectname) [12ms]
2026-08-22 16:28:33.082 [info] > git status -z -uall [64ms]
2026-08-22 16:28:38.096 [info] > git config --get commit.template [6ms]
2026-08-22 16:28:38.105 [info] > git for-each-ref --format=%(refname)%00%(upstream:short)%00%(objectname)%00%(upstream:track)%00%(upstream:remotename)%00%(upstream:remoteref) refs/heads/master refs/remotes/master [9ms]
2026-08-22 16:28:38.105 [warning] [Git][getBranch] No such branch: master
2026-08-22 16:28:38.121 [info] > git for-each-ref --sort -committerdate --format %(refname)%00%(objectname)%00%(*objectname) [9ms]
2026-08-22 16:28:38.168 [info] > git status -z -uall [59ms]
2026-08-22 16:28:43.182 [info] > git config --get commit.template [6ms]
2026-08-22 16:28:43.194 [info] > git for-each-ref --format=%(refname)%00%(upstream:short)%00%(objectname)%00%(upstream:track)%00%(upstream:remotename)%00%(upstream:remoteref) refs/heads/master refs/remotes/master [14ms]
2026-08-22 16:28:43.194 [warning] [Git][getBranch] No such branch: master
2026-08-22 16:28:43.220 [info] > git for-each-ref --sort -committerdate --format %(refname)%00%(objectname)%00%(*objectname) [9ms]
2026-08-22 16:28:43.269 [info] > git status -z -uall [61ms]
2026-08-22 16:28:48.282 [info] > git config --get commit.template [4ms]
2026-08-22 16:28:48.293 [info] > git for-each-ref --format=%(refname)%00%(upstream:short)%00%(objectname)%00%(upstream:track)%00%(upstream:remotename)%00%(upstream:remoteref) refs/heads/master refs/remotes/master [11ms]
2026-08-22 16:28:48.293 [warning] [Git][getBranch] No such branch: master
2026-08-22 16:28:48.308 [info] > git for-each-ref --sort -committerdate --format %(refname)%00%(objectname)%00%(*objectname) [9ms]
2026-08-22 16:28:48.362 [info] > git status -z -uall [66ms]
2026-08-22 16:28:53.377 [info] > git config --get commit.template [5ms]
2026-08-22 16:28:53.386 [info] > git for-each-ref --format=%(refname)%00%(upstream:short)%00%(objectname)%00%(upstream:track)%00%(upstream:remotename)%00%(upstream:remoteref) refs/heads/master refs/remotes/master [11ms]
2026-08-22 16:28:53.386 [warning] [Git][getBranch] No such branch: master
2026-08-22 16:28:53.402 [info] > git for-each-ref --sort -committerdate --format %(refname)%00%(objectname)%00%(*objectname) [9ms]
2026-08-22 16:28:53.454 [info] > git status -z -uall [64ms]
2026-08-22 16:28:58.467 [info] > git config --get commit.template [5ms]
2026-08-22 16:28:58.475 [info] > git for-each-ref --format=%(refname)%00%(upstream:short)%00%(objectname)%00%(upstream:track)%00%(upstream:remotename)%00%(upstream:remoteref) refs/heads/master refs/remotes/master [9ms]
2026-08-22 16:28:58.475 [warning] [Git][getBranch] No such branch: master
2026-08-22 16:28:58.497 [info] > git for-each-ref --sort -committerdate --format %(refname)%00%(objectname)%00%(*objectname) [8ms]
2026-08-22 16:28:58.544 [info] > git status -z -uall [58ms]
2026-08-22 16:29:03.558 [info] > git config --get commit.template [6ms]
2026-08-22 16:29:03.565 [info] > git for-each-ref --format=%(refname)%00%(upstream:short)%00%(objectname)%00%(upstream:track)%00%(upstream:remotename)%00%(upstream:remoteref) refs/heads/master refs/remotes/master [9ms]
2026-08-22 16:29:03.565 [warning] [Git][getBranch] No such branch: master
2026-08-22 16:29:03.582 [info] > git for-each-ref --sort -committerdate --format %(refname)%00%(objectname)%00%(*objectname) [10ms]
2026-08-22 16:29:03.635 [info] > git status -z -uall [66ms]
2026-08-22 16:29:08.649 [info] > git config --get commit.template [5ms]
2026-08-22 16:29:08.657 [info] > git for-each-ref --format=%(refname)%00%(upstream:short)%00%(objectname)%00%(upstream:track)%00%(upstream:remotename)%00%(upstream:remoteref) refs/heads/master refs/remotes/master [9ms]
2026-08-22 16:29:08.658 [warning] [Git][getBranch] No such branch: master
2026-08-22 16:29:08.690 [info] > git for-each-ref --sort -committerdate --format %(refname)%00%(objectname)%00%(*objectname) [10ms]
2026-08-22 16:29:08.735 [info] > git status -z -uall [62ms]
2026-08-22 16:29:13.749 [info] > git config --get commit.template [5ms]
2026-08-22 16:29:13.757 [info] > git for-each-ref --format=%(refname)%00%(upstream:short)%00%(objectname)%00%(upstream:track)%00%(upstream:remotename)%00%(upstream:remoteref) refs/heads/master refs/remotes/master [10ms]
2026-08-22 16:29:13.758 [warning] [Git][getBranch] No such branch: master
2026-08-22 16:29:13.773 [info] > git for-each-ref --sort -committerdate --format %(refname)%00%(objectname)%00%(*objectname) [9ms]
2026-08-22 16:29:13.823 [info] > git status -z -uall [62ms]
2026-08-22 16:29:18.837 [info] > git config --get commit.template [6ms]
2026-08-22 16:29:18.844 [info] > git for-each-ref --format=%(refname)%00%(upstream:short)%00%(objectname)%00%(upstream:track)%00%(upstream:remotename)%00%(upstream:remoteref) refs/heads/master refs/remotes/master [9ms]
2026-08-22 16:29:18.845 [warning] [Git][getBranch] No such branch: master
2026-08-22 16:29:18.866 [info] > git for-each-ref --sort -committerdate --format %(refname)%00%(objectname)%00%(*objectname) [15ms]
2026-08-22 16:29:18.925 [info] > git status -z -uall [77ms]
2026-08-22 16:29:23.940 [info] > git config --get commit.template [5ms]
2026-08-22 16:29:23.948 [info] > git for-each-ref --format=%(refname)%00%(upstream:short)%00%(objectname)%00%(upstream:track)%00%(upstream:remotename)%00%(upstream:remoteref) refs/heads/master refs/remotes/master [10ms]
2026-08-22 16:29:23.948 [warning] [Git][getBranch] No such branch: master
2026-08-22 16:29:23.973 [info] > git for-each-ref --sort -committerdate --format %(refname)%00%(objectname)%00%(*objectname) [10ms]
2026-08-22 16:29:24.084 [info] > git status -z -uall [124ms]
2026-08-22 16:29:29.098 [info] > git config --get commit.template [6ms]
2026-08-22 16:29:29.104 [info] > git for-each-ref --format=%(refname)%00%(upstream:short)%00%(objectname)%00%(upstream:track)%00%(upstream:remotename)%00%(upstream:remoteref) refs/heads/master refs/remotes/master [8ms]
2026-08-22 16:29:29.104 [warning] [Git][getBranch] No such branch: master
2026-08-22 16:29:29.123 [info] > git for-each-ref --sort -committerdate --format %(refname)%00%(objectname)%00%(*objectname) [12ms]
2026-08-22 16:29:29.175 [info] > git status -z -uall [67ms]
2026-08-22 16:29:34.188 [info] > git config --get commit.template [5ms]
2026-08-22 16:29:34.196 [info] > git for-each-ref --format=%(refname)%00%(upstream:short)%00%(objectname)%00%(upstream:track)%00%(upstream:remotename)%00%(upstream:remoteref) refs/heads/master refs/remotes/master [8ms]
2026-08-22 16:29:34.196 [warning] [Git][getBranch] No such branch: master
2026-08-22 16:29:34.217 [info] > git for-each-ref --sort -committerdate --format %(refname)%00%(objectname)%00%(*objectname) [8ms]
2026-08-22 16:29:34.267 [info] > git status -z -uall [61ms]
2026-08-22 16:29:39.281 [info] > git config --get commit.template [5ms]
2026-08-22 16:29:39.289 [info] > git for-each-ref --format=%(refname)%00%(upstream:short)%00%(objectname)%00%(upstream:track)%00%(upstream:remotename)%00%(upstream:remoteref) refs/heads/master refs/remotes/master [9ms]
2026-08-22 16:29:39.289 [warning] [Git][getBranch] No such branch: master
2026-08-22 16:29:39.306 [info] > git for-each-ref --sort -committerdate --format %(refname)%00%(objectname)%00%(*objectname) [10ms]
2026-08-22 16:29:39.356 [info] > git status -z -uall [63ms]
2026-08-22 16:29:44.371 [info] > git config --get commit.template [6ms]
2026-08-22 16:29:44.380 [info] > git for-each-ref --format=%(refname)%00%(upstream:short)%00%(objectname)%00%(upstream:track)%00%(upstream:remotename)%00%(upstream:remoteref) refs/heads/master refs/remotes/master [11ms]
2026-08-22 16:29:44.380 [warning] [Git][getBranch] No such branch: master
2026-08-22 16:29:44.405 [info] > git for-each-ref --sort -committerdate --format %(refname)%00%(objectname)%00%(*objectname) [11ms]
2026-08-22 16:29:44.463 [info] > git status -z -uall [72ms]
2026-08-22 16:29:49.478 [info] > git config --get commit.template [7ms]
2026-08-22 16:29:49.485 [info] > git for-each-ref --format=%(refname)%00%(upstream:short)%00%(objectname)%00%(upstream:track)%00%(upstream:remotename)%00%(upstream:remoteref) refs/heads/master refs/remotes/master [10ms]
2026-08-22 16:29:49.485 [warning] [Git][getBranch] No such branch: master
2026-08-22 16:29:49.504 [info] > git for-each-ref --sort -committerdate --format %(refname)%00%(objectname)%00%(*objectname) [12ms]
2026-08-22 16:29:49.561 [info] > git status -z -uall [72ms]
2026-08-22 16:29:54.576 [info] > git config --get commit.template [5ms]
2026-08-22 16:29:54.584 [info] > git for-each-ref --format=%(refname)%00%(upstream:short)%00%(objectname)%00%(upstream:track)%00%(upstream:remotename)%00%(upstream:remoteref) refs/heads/master refs/remotes/master [9ms]
2026-08-22 16:29:54.584 [warning] [Git][getBranch] No such branch: master
2026-08-22 16:29:54.602 [info] > git for-each-ref --sort -committerdate --format %(refname)%00%(objectname)%00%(*objectname) [11ms]
2026-08-22 16:29:54.646 [info] > git status -z -uall [58ms]
2026-08-22 16:29:59.660 [info] > git config --get commit.template [5ms]
2026-08-22 16:29:59.668 [info] > git for-each-ref --format=%(refname)%00%(upstream:short)%00%(objectname)%00%(upstream:track)%00%(upstream:remotename)%00%(upstream:remoteref) refs/heads/master refs/remotes/master [9ms]
2026-08-22 16:29:59.668 [warning] [Git][getBranch] No such branch: master
2026-08-22 16:29:59.692 [info] > git for-each-ref --sort -committerdate --format %(refname)%00%(objectname)%00%(*objectname) [10ms]
2026-08-22 16:29:59.742 [info] > git status -z -uall [63ms]
2026-08-22 16:30:04.758 [info] > git config --get commit.template [7ms]
2026-08-22 16:30:04.765 [info] > git for-each-ref --format=%(refname)%00%(upstream:short)%00%(objectname)%00%(upstream:track)%00%(upstream:remotename)%00%(upstream:remoteref) refs/heads/master refs/remotes/master [10ms]
2026-08-22 16:30:04.765 [warning] [Git][getBranch] No such branch: master
2026-08-22 16:30:04.790 [info] > git for-each-ref --sort -committerdate --format %(refname)%00%(objectname)%00%(*objectname) [9ms]
2026-08-22 16:30:04.839 [info] > git status -z -uall [61ms]
2026-08-22 16:30:09.853 [info] > git config --get commit.template [5ms]
2026-08-22 16:30:09.860 [info] > git for-each-ref --format=%(refname)%00%(upstream:short)%00%(objectname)%00%(upstream:track)%00%(upstream:remotename)%00%(upstream:remoteref) refs/heads/master refs/remotes/master [8ms]
2026-08-22 16:30:09.860 [warning] [Git][getBranch] No such branch: master
2026-08-22 16:30:09.885 [info] > git for-each-ref --sort -committerdate --format %(refname)%00%(objectname)%00%(*objectname) [10ms]
2026-08-22 16:30:09.934 [info] > git status -z -uall [62ms]
2026-08-22 16:30:14.949 [info] > git config --get commit.template [5ms]
2026-08-22 16:30:14.957 [info] > git for-each-ref --format=%(refname)%00%(upstream:short)%00%(objectname)%00%(upstream:track)%00%(upstream:remotename)%00%(upstream:remoteref) refs/heads/master refs/remotes/master [10ms]
2026-08-22 16:30:14.957 [warning] [Git][getBranch] No such branch: master
2026-08-22 16:30:14.981 [info] > git for-each-ref --sort -committerdate --format %(refname)%00%(objectname)%00%(*objectname) [8ms]
2026-08-22 16:30:15.031 [info] > git status -z -uall [63ms]
2026-08-22 16:30:20.045 [info] > git config --get commit.template [6ms]
2026-08-22 16:30:20.057 [info] > git for-each-ref --format=%(refname)%00%(upstream:short)%00%(objectname)%00%(upstream:track)%00%(upstream:remotename)%00%(upstream:remoteref) refs/heads/master refs/remotes/master [8ms]
2026-08-22 16:30:20.057 [warning] [Git][getBranch] No such branch: master
2026-08-22 16:30:20.082 [info] > git for-each-ref --sort -committerdate --format %(refname)%00%(objectname)%00%(*objectname) [11ms]
2026-08-22 16:30:20.130 [info] > git status -z -uall [61ms]
2026-08-22 16:30:25.149 [info] > git config --get commit.template [6ms]
2026-08-22 16:30:25.157 [info] > git for-each-ref --format=%(refname)%00%(upstream:short)%00%(objectname)%00%(upstream:track)%00%(upstream:remotename)%00%(upstream:remoteref) refs/heads/master refs/remotes/master [10ms]
2026-08-22 16:30:25.157 [warning] [Git][getBranch] No such branch: master
2026-08-22 16:30:25.183 [info] > git for-each-ref --sort -committerdate --format %(refname)%00%(objectname)%00%(*objectname) [11ms]
2026-08-22 16:30:25.301 [info] > git status -z -uall [133ms]
2026-08-22 16:30:30.315 [info] > git config --get commit.template [5ms]
2026-08-22 16:30:30.322 [info] > git for-each-ref --format=%(refname)%00%(upstream:short)%00%(objectname)%00%(upstream:track)%00%(upstream:remotename)%00%(upstream:remoteref) refs/heads/master refs/remotes/master [9ms]
2026-08-22 16:30:30.323 [warning] [Git][getBranch] No such branch: master
2026-08-22 16:30:30.345 [info] > git for-each-ref --sort -committerdate --format %(refname)%00%(objectname)%00%(*objectname) [8ms]
2026-08-22 16:30:30.392 [info] > git status -z -uall [58ms]
2026-08-22 16:30:35.406 [info] > git config --get commit.template [5ms]
2026-08-22 16:30:35.414 [info] > git for-each-ref --format=%(refname)%00%(upstream:short)%00%(objectname)%00%(upstream:track)%00%(upstream:remotename)%00%(upstream:remoteref) refs/heads/master refs/remotes/master [8ms]
2026-08-22 16:30:35.414 [warning] [Git][getBranch] No such branch: master
2026-08-22 16:30:35.430 [info] > git for-each-ref --sort -committerdate --format %(refname)%00%(objectname)%00%(*objectname) [9ms]
2026-08-22 16:30:35.476 [info] > git status -z -uall [58ms]
2026-08-22 16:30:40.489 [info] > git config --get commit.template [5ms]
2026-08-22 16:30:40.497 [info] > git for-each-ref --format=%(refname)%00%(upstream:short)%00%(objectname)%00%(upstream:track)%00%(upstream:remotename)%00%(upstream:remoteref) refs/heads/master refs/remotes/master [10ms]
2026-08-22 16:30:40.497 [warning] [Git][getBranch] No such branch: master
2026-08-22 16:30:40.512 [info] > git for-each-ref --sort -committerdate --format %(refname)%00%(objectname)%00%(*objectname) [8ms]
2026-08-22 16:30:40.558 [info] > git status -z -uall [57ms]
2026-08-22 16:30:45.571 [info] > git config --get commit.template [4ms]
2026-08-22 16:30:45.579 [info] > git for-each-ref --format=%(refname)%00%(upstream:short)%00%(objectname)%00%(upstream:track)%00%(upstream:remotename)%00%(upstream:remoteref) refs/heads/master refs/remotes/master [9ms]
2026-08-22 16:30:45.579 [warning] [Git][getBranch] No such branch: master
2026-08-22 16:30:45.594 [info] > git for-each-ref --sort -committerdate --format %(refname)%00%(objectname)%00%(*objectname) [9ms]
2026-08-22 16:30:45.643 [info] > git status -z -uall [60ms]
2026-08-22 16:30:50.657 [info] > git config --get commit.template [5ms]
2026-08-22 16:30:50.665 [info] > git for-each-ref --format=%(refname)%00%(upstream:short)%00%(objectname)%00%(upstream:track)%00%(upstream:remotename)%00%(upstream:remoteref) refs/heads/master refs/remotes/master [10ms]
2026-08-22 16:30:50.665 [warning] [Git][getBranch] No such branch: master
2026-08-22 16:30:50.694 [info] > git for-each-ref --sort -committerdate --format %(refname)%00%(objectname)%00%(*objectname) [14ms]
2026-08-22 16:30:50.747 [info] > git status -z -uall [70ms]
2026-08-22 16:30:55.761 [info] > git config --get commit.template [5ms]
2026-08-22 16:30:55.768 [info] > git for-each-ref --format=%(refname)%00%(upstream:short)%00%(objectname)%00%(upstream:track)%00%(upstream:remotename)%00%(upstream:remoteref) refs/heads/master refs/remotes/master [9ms]
2026-08-22 16:30:55.768 [warning] [Git][getBranch] No such branch: master
2026-08-22 16:30:55.783 [info] > git for-each-ref --sort -committerdate --format %(refname)%00%(objectname)%00%(*objectname) [9ms]
2026-08-22 16:30:55.835 [info] > git status -z -uall [64ms]
2026-08-22 16:31:00.848 [info] > git config --get commit.template [6ms]
2026-08-22 16:31:00.856 [info] > git for-each-ref --format=%(refname)%00%(upstream:short)%00%(objectname)%00%(upstream:track)%00%(upstream:remotename)%00%(upstream:remoteref) refs/heads/master refs/remotes/master [10ms]
2026-08-22 16:31:00.856 [warning] [Git][getBranch] No such branch: master
2026-08-22 16:31:00.873 [info] > git for-each-ref --sort -committerdate --format %(refname)%00%(objectname)%00%(*objectname) [10ms]
2026-08-22 16:31:00.921 [info] > git status -z -uall [62ms]
2026-08-22 16:31:05.935 [info] > git config --get commit.template [5ms]
2026-08-22 16:31:05.942 [info] > git for-each-ref --format=%(refname)%00%(upstream:short)%00%(objectname)%00%(upstream:track)%00%(upstream:remotename)%00%(upstream:remoteref) refs/heads/master refs/remotes/master [9ms]
2026-08-22 16:31:05.942 [warning] [Git][getBranch] No such branch: master
2026-08-22 16:31:05.964 [info] > git for-each-ref --sort -committerdate --format %(refname)%00%(objectname)%00%(*objectname) [9ms]
2026-08-22 16:31:06.014 [info] > git status -z -uall [62ms]
2026-08-22 16:31:11.027 [info] > git config --get commit.template [4ms]
2026-08-22 16:31:11.035 [info] > git for-each-ref --format=%(refname)%00%(upstream:short)%00%(objectname)%00%(upstream:track)%00%(upstream:remotename)%00%(upstream:remoteref) refs/heads/master refs/remotes/master [9ms]
2026-08-22 16:31:11.035 [warning] [Git][getBranch] No such branch: master
2026-08-22 16:31:11.049 [info] > git for-each-ref --sort -committerdate --format %(refname)%00%(objectname)%00%(*objectname) [7ms]
2026-08-22 16:31:11.094 [info] > git status -z -uall [55ms]
2026-08-22 16:31:16.107 [info] > git config --get commit.template [5ms]
2026-08-22 16:31:16.114 [info] > git for-each-ref --format=%(refname)%00%(upstream:short)%00%(objectname)%00%(upstream:track)%00%(upstream:remotename)%00%(upstream:remoteref) refs/heads/master refs/remotes/master [8ms]
2026-08-22 16:31:16.115 [warning] [Git][getBranch] No such branch: master
2026-08-22 16:31:16.133 [info] > git for-each-ref --sort -committerdate --format %(refname)%00%(objectname)%00%(*objectname) [12ms]
2026-08-22 16:31:16.181 [info] > git status -z -uall [63ms]
2026-08-22 16:31:56.947 [info] > git config --get commit.template [7ms]
2026-08-22 16:31:56.955 [info] > git for-each-ref --format=%(refname)%00%(upstream:short)%00%(objectname)%00%(upstream:track)%00%(upstream:remotename)%00%(upstream:remoteref) refs/heads/master refs/remotes/master [11ms]
2026-08-22 16:31:56.955 [warning] [Git][getBranch] No such branch: master
2026-08-22 16:31:56.971 [info] > git for-each-ref --sort -committerdate --format %(refname)%00%(objectname)%00%(*objectname) [9ms]
2026-08-22 16:31:57.083 [info] > git status -z -uall [124ms]
2026-08-22 16:32:09.927 [info] > git config --get commit.template [6ms]
2026-08-22 16:32:09.935 [info] > git for-each-ref --format=%(refname)%00%(upstream:short)%00%(objectname)%00%(upstream:track)%00%(upstream:remotename)%00%(upstream:remoteref) refs/heads/master refs/remotes/master [9ms]
2026-08-22 16:32:09.935 [warning] [Git][getBranch] No such branch: master
2026-08-22 16:32:09.953 [info] > git for-each-ref --sort -committerdate --format %(refname)%00%(objectname)%00%(*objectname) [10ms]
2026-08-22 16:32:10.002 [info] > git status -z -uall [63ms]
2026-08-22 16:32:15.017 [info] > git config --get commit.template [6ms]
2026-08-22 16:32:15.025 [info] > git for-each-ref --format=%(refname)%00%(upstream:short)%00%(objectname)%00%(upstream:track)%00%(upstream:remotename)%00%(upstream:remoteref) refs/heads/master refs/remotes/master [9ms]
2026-08-22 16:32:15.025 [warning] [Git][getBranch] No such branch: master
2026-08-22 16:32:15.049 [info] > git for-each-ref --sort -committerdate --format %(refname)%00%(objectname)%00%(*objectname) [8ms]
2026-08-22 16:32:15.096 [info] > git status -z -uall [58ms]
2026-08-22 16:32:20.108 [info] > git config --get commit.template [4ms]
2026-08-22 16:32:20.117 [info] > git for-each-ref --format=%(refname)%00%(upstream:short)%00%(objectname)%00%(upstream:track)%00%(upstream:remotename)%00%(upstream:remoteref) refs/heads/master refs/remotes/master [10ms]
2026-08-22 16:32:20.117 [warning] [Git][getBranch] No such branch: master
2026-08-22 16:32:20.132 [info] > git for-each-ref --sort -committerdate --format %(refname)%00%(objectname)%00%(*objectname) [8ms]
2026-08-22 16:32:20.182 [info] > git status -z -uall [61ms]
2026-08-22 16:32:25.196 [info] > git config --get commit.template [5ms]
2026-08-22 16:32:25.206 [info] > git for-each-ref --format=%(refname)%00%(upstream:short)%00%(objectname)%00%(upstream:track)%00%(upstream:remotename)%00%(upstream:remoteref) refs/heads/master refs/remotes/master [11ms]
2026-08-22 16:32:25.206 [warning] [Git][getBranch] No such branch: master
2026-08-22 16:32:25.224 [info] > git for-each-ref --sort -committerdate --format %(refname)%00%(objectname)%00%(*objectname) [11ms]
2026-08-22 16:32:25.272 [info] > git status -z -uall [62ms]
2026-08-22 16:32:32.619 [info] > git config --get commit.template [5ms]
2026-08-22 16:32:32.627 [info] > git for-each-ref --format=%(refname)%00%(upstream:short)%00%(objectname)%00%(upstream:track)%00%(upstream:remotename)%00%(upstream:remoteref) refs/heads/master refs/remotes/master [9ms]
2026-08-22 16:32:32.627 [warning] [Git][getBranch] No such branch: master
2026-08-22 16:32:32.642 [info] > git for-each-ref --sort -committerdate --format %(refname)%00%(objectname)%00%(*objectname) [9ms]
2026-08-22 16:32:32.700 [info] > git status -z -uall [70ms]
2026-08-22 16:32:37.713 [info] > git config --get commit.template [4ms]
2026-08-22 16:32:37.722 [info] > git for-each-ref --format=%(refname)%00%(upstream:short)%00%(objectname)%00%(upstream:track)%00%(upstream:remotename)%00%(upstream:remoteref) refs/heads/master refs/remotes/master [10ms]
2026-08-22 16:32:37.722 [warning] [Git][getBranch] No such branch: master
2026-08-22 16:32:37.738 [info] > git for-each-ref --sort -committerdate --format %(refname)%00%(objectname)%00%(*objectname) [10ms]
2026-08-22 16:32:37.784 [info] > git status -z -uall [59ms]
2026-08-22 16:32:42.800 [info] > git config --get commit.template [5ms]
2026-08-22 16:32:42.808 [info] > git for-each-ref --format=%(refname)%00%(upstream:short)%00%(objectname)%00%(upstream:track)%00%(upstream:remotename)%00%(upstream:remoteref) refs/heads/master refs/remotes/master [10ms]
2026-08-22 16:32:42.808 [warning] [Git][getBranch] No such branch: master
2026-08-22 16:32:42.824 [info] > git for-each-ref --sort -committerdate --format %(refname)%00%(objectname)%00%(*objectname) [9ms]
2026-08-22 16:32:42.873 [info] > git status -z -uall [61ms]
2026-08-22 16:32:47.887 [info] > git config --get commit.template [5ms]
2026-08-22 16:32:47.895 [info] > git for-each-ref --format=%(refname)%00%(upstream:short)%00%(objectname)%00%(upstream:track)%00%(upstream:remotename)%00%(upstream:remoteref) refs/heads/master refs/remotes/master [8ms]
2026-08-22 16:32:47.895 [warning] [Git][getBranch] No such branch: master
2026-08-22 16:32:47.912 [info] > git for-each-ref --sort -committerdate --format %(refname)%00%(objectname)%00%(*objectname) [10ms]
2026-08-22 16:32:47.965 [info] > git status -z -uall [66ms]
2026-08-22 16:32:52.980 [info] > git config --get commit.template [6ms]
2026-08-22 16:32:52.988 [info] > git for-each-ref --format=%(refname)%00%(upstream:short)%00%(objectname)%00%(upstream:track)%00%(upstream:remotename)%00%(upstream:remoteref) refs/heads/master refs/remotes/master [10ms]
2026-08-22 16:32:52.988 [warning] [Git][getBranch] No such branch: master
2026-08-22 16:32:53.002 [info] > git for-each-ref --sort -committerdate --format %(refname)%00%(objectname)%00%(*objectname) [7ms]
2026-08-22 16:32:53.051 [info] > git status -z -uall [60ms]
2026-08-22 16:32:58.064 [info] > git config --get commit.template [5ms]
2026-08-22 16:32:58.072 [info] > git for-each-ref --format=%(refname)%00%(upstream:short)%00%(objectname)%00%(upstream:track)%00%(upstream:remotename)%00%(upstream:remoteref) refs/heads/master refs/remotes/master [10ms]
2026-08-22 16:32:58.072 [warning] [Git][getBranch] No such branch: master
2026-08-22 16:32:58.086 [info] > git for-each-ref --sort -committerdate --format %(refname)%00%(objectname)%00%(*objectname) [8ms]
2026-08-22 16:32:58.197 [info] > git status -z -uall [122ms]
2026-08-22 16:33:03.211 [info] > git config --get commit.template [5ms]
2026-08-22 16:33:03.218 [info] > git for-each-ref --format=%(refname)%00%(upstream:short)%00%(objectname)%00%(upstream:track)%00%(upstream:remotename)%00%(upstream:remoteref) refs/heads/master refs/remotes/master [9ms]
2026-08-22 16:33:03.219 [warning] [Git][getBranch] No such branch: master
2026-08-22 16:33:03.233 [info] > git for-each-ref --sort -committerdate --format %(refname)%00%(objectname)%00%(*objectname) [8ms]
2026-08-22 16:33:03.282 [info] > git status -z -uall [60ms]
2026-08-22 16:33:08.296 [info] > git config --get commit.template [6ms]
2026-08-22 16:33:08.304 [info] > git for-each-ref --format=%(refname)%00%(upstream:short)%00%(objectname)%00%(upstream:track)%00%(upstream:remotename)%00%(upstream:remoteref) refs/heads/master refs/remotes/master [9ms]
2026-08-22 16:33:08.305 [warning] [Git][getBranch] No such branch: master
2026-08-22 16:33:08.320 [info] > git for-each-ref --sort -committerdate --format %(refname)%00%(objectname)%00%(*objectname) [8ms]
2026-08-22 16:33:08.367 [info] > git status -z -uall [59ms]
2026-08-22 16:33:13.382 [info] > git config --get commit.template [5ms]
2026-08-22 16:33:13.391 [info] > git for-each-ref --format=%(refname)%00%(upstream:short)%00%(objectname)%00%(upstream:track)%00%(upstream:remotename)%00%(upstream:remoteref) refs/heads/master refs/remotes/master [9ms]
2026-08-22 16:33:13.391 [warning] [Git][getBranch] No such branch: master
2026-08-22 16:33:13.409 [info] > git for-each-ref --sort -committerdate --format %(refname)%00%(objectname)%00%(*objectname) [10ms]
2026-08-22 16:33:13.453 [info] > git status -z -uall [58ms]
2026-08-22 16:33:18.465 [info] > git config --get commit.template [5ms]
2026-08-22 16:33:18.473 [info] > git for-each-ref --format=%(refname)%00%(upstream:short)%00%(objectname)%00%(upstream:track)%00%(upstream:remotename)%00%(upstream:remoteref) refs/heads/master refs/remotes/master [10ms]
2026-08-22 16:33:18.473 [warning] [Git][getBranch] No such branch: master
2026-08-22 16:33:18.489 [info] > git for-each-ref --sort -committerdate --format %(refname)%00%(objectname)%00%(*objectname) [10ms]
2026-08-22 16:33:18.539 [info] > git status -z -uall [63ms]
2026-08-22 16:33:23.554 [info] > git config --get commit.template [5ms]
2026-08-22 16:33:23.562 [info] > git for-each-ref --format=%(refname)%00%(upstream:short)%00%(objectname)%00%(upstream:track)%00%(upstream:remotename)%00%(upstream:remoteref) refs/heads/master refs/remotes/master [9ms]
2026-08-22 16:33:23.562 [warning] [Git][getBranch] No such branch: master
2026-08-22 16:33:23.577 [info] > git for-each-ref --sort -committerdate --format %(refname)%00%(objectname)%00%(*objectname) [9ms]
2026-08-22 16:33:23.626 [info] > git status -z -uall [60ms]
2026-08-22 16:33:28.640 [info] > git config --get commit.template [4ms]
2026-08-22 16:33:28.647 [info] > git for-each-ref --format=%(refname)%00%(upstream:short)%00%(objectname)%00%(upstream:track)%00%(upstream:remotename)%00%(upstream:remoteref) refs/heads/master refs/remotes/master [9ms]
2026-08-22 16:33:28.647 [warning] [Git][getBranch] No such branch: master
2026-08-22 16:33:28.664 [info] > git for-each-ref --sort -committerdate --format %(refname)%00%(objectname)%00%(*objectname) [11ms]
2026-08-22 16:33:28.710 [info] > git status -z -uall [60ms]
2026-08-22 16:33:33.725 [info] > git config --get commit.template [6ms]
2026-08-22 16:33:33.732 [info] > git for-each-ref --format=%(refname)%00%(upstream:short)%00%(objectname)%00%(upstream:track)%00%(upstream:remotename)%00%(upstream:remoteref) refs/heads/master refs/remotes/master [9ms]
2026-08-22 16:33:33.732 [warning] [Git][getBranch] No such branch: master
2026-08-22 16:33:33.750 [info] > git for-each-ref --sort -committerdate --format %(refname)%00%(objectname)%00%(*objectname) [11ms]
2026-08-22 16:33:33.797 [info] > git status -z -uall [61ms]
2026-08-22 16:33:38.811 [info] > git config --get commit.template [5ms]
2026-08-22 16:33:38.819 [info] > git for-each-ref --format=%(refname)%00%(upstream:short)%00%(objectname)%00%(upstream:track)%00%(upstream:remotename)%00%(upstream:remoteref) refs/heads/master refs/remotes/master [9ms]
2026-08-22 16:33:38.819 [warning] [Git][getBranch] No such branch: master
2026-08-22 16:33:38.832 [info] > git for-each-ref --sort -committerdate --format %(refname)%00%(objectname)%00%(*objectname) [8ms]
2026-08-22 16:33:38.884 [info] > git status -z -uall [63ms]
2026-08-22 16:33:43.897 [info] > git config --get commit.template [5ms]
2026-08-22 16:33:43.904 [info] > git for-each-ref --format=%(refname)%00%(upstream:short)%00%(objectname)%00%(upstream:track)%00%(upstream:remotename)%00%(upstream:remoteref) refs/heads/master refs/remotes/master [8ms]
2026-08-22 16:33:43.904 [warning] [Git][getBranch] No such branch: master
2026-08-22 16:33:43.920 [info] > git for-each-ref --sort -committerdate --format %(refname)%00%(objectname)%00%(*objectname) [9ms]
2026-08-22 16:33:43.964 [info] > git status -z -uall [56ms]
2026-08-22 16:33:48.976 [info] > git config --get commit.template [5ms]
2026-08-22 16:33:48.984 [info] > git for-each-ref --format=%(refname)%00%(upstream:short)%00%(objectname)%00%(upstream:track)%00%(upstream:remotename)%00%(upstream:remoteref) refs/heads/master refs/remotes/master [10ms]
2026-08-22 16:33:48.984 [warning] [Git][getBranch] No such branch: master
2026-08-22 16:33:49.000 [info] > git for-each-ref --sort -committerdate --format %(refname)%00%(objectname)%00%(*objectname) [10ms]
2026-08-22 16:33:49.049 [info] > git status -z -uall [61ms]
2026-08-22 16:33:54.062 [info] > git config --get commit.template [5ms]
2026-08-22 16:33:54.069 [info] > git for-each-ref --format=%(refname)%00%(upstream:short)%00%(objectname)%00%(upstream:track)%00%(upstream:remotename)%00%(upstream:remoteref) refs/heads/master refs/remotes/master [9ms]
2026-08-22 16:33:54.069 [warning] [Git][getBranch] No such branch: master
2026-08-22 16:33:54.091 [info] > git for-each-ref --sort -committerdate --format %(refname)%00%(objectname)%00%(*objectname) [8ms]
2026-08-22 16:33:54.137 [info] > git status -z -uall [57ms]
2026-08-22 16:33:59.151 [info] > git config --get commit.template [6ms]
2026-08-22 16:33:59.158 [info] > git for-each-ref --format=%(refname)%00%(upstream:short)%00%(objectname)%00%(upstream:track)%00%(upstream:remotename)%00%(upstream:remoteref) refs/heads/master refs/remotes/master [10ms]
2026-08-22 16:33:59.158 [warning] [Git][getBranch] No such branch: master
2026-08-22 16:33:59.173 [info] > git for-each-ref --sort -committerdate --format %(refname)%00%(objectname)%00%(*objectname) [10ms]
2026-08-22 16:33:59.282 [info] > git status -z -uall [121ms]
2026-08-22 16:34:04.296 [info] > git config --get commit.template [6ms]
2026-08-22 16:34:04.308 [info] > git for-each-ref --format=%(refname)%00%(upstream:short)%00%(objectname)%00%(upstream:track)%00%(upstream:remotename)%00%(upstream:remoteref) refs/heads/master refs/remotes/master [14ms]
2026-08-22 16:34:04.308 [warning] [Git][getBranch] No such branch: master
2026-08-22 16:34:04.327 [info] > git for-each-ref --sort -committerdate --format %(refname)%00%(objectname)%00%(*objectname) [12ms]
2026-08-22 16:34:04.388 [info] > git status -z -uall [76ms]
2026-08-22 16:34:13.100 [info] > git config --get commit.template [4ms]
2026-08-22 16:34:13.107 [info] > git for-each-ref --format=%(refname)%00%(upstream:short)%00%(objectname)%00%(upstream:track)%00%(upstream:remotename)%00%(upstream:remoteref) refs/heads/master refs/remotes/master [9ms]
2026-08-22 16:34:13.107 [warning] [Git][getBranch] No such branch: master
2026-08-22 16:34:13.122 [info] > git for-each-ref --sort -committerdate --format %(refname)%00%(objectname)%00%(*objectname) [9ms]
2026-08-22 16:34:13.169 [info] > git status -z -uall [58ms]
2026-08-22 16:34:18.182 [info] > git config --get commit.template [5ms]
2026-08-22 16:34:18.190 [info] > git for-each-ref --format=%(refname)%00%(upstream:short)%00%(objectname)%00%(upstream:track)%00%(upstream:remotename)%00%(upstream:remoteref) refs/heads/master refs/remotes/master [10ms]
2026-08-22 16:34:18.190 [warning] [Git][getBranch] No such branch: master
2026-08-22 16:34:18.205 [info] > git for-each-ref --sort -committerdate --format %(refname)%00%(objectname)%00%(*objectname) [9ms]
2026-08-22 16:34:18.252 [info] > git status -z -uall [59ms]
2026-08-22 16:34:23.264 [info] > git config --get commit.template [5ms]
2026-08-22 16:34:23.272 [info] > git for-each-ref --format=%(refname)%00%(upstream:short)%00%(objectname)%00%(upstream:track)%00%(upstream:remotename)%00%(upstream:remoteref) refs/heads/master refs/remotes/master [10ms]
2026-08-22 16:34:23.272 [warning] [Git][getBranch] No such branch: master
2026-08-22 16:34:23.287 [info] > git for-each-ref --sort -committerdate --format %(refname)%00%(objectname)%00%(*objectname) [9ms]
2026-08-22 16:34:23.333 [info] > git status -z -uall [57ms]
2026-08-22 16:34:28.348 [info] > git config --get commit.template [6ms]
2026-08-22 16:34:28.356 [info] > git for-each-ref --format=%(refname)%00%(upstream:short)%00%(objectname)%00%(upstream:track)%00%(upstream:remotename)%00%(upstream:remoteref) refs/heads/master refs/remotes/master [11ms]
2026-08-22 16:34:28.356 [warning] [Git][getBranch] No such branch: master
2026-08-22 16:34:28.373 [info] > git for-each-ref --sort -committerdate --format %(refname)%00%(objectname)%00%(*objectname) [11ms]
2026-08-22 16:34:28.419 [info] > git status -z -uall [60ms]
2026-08-22 16:34:33.432 [info] > git config --get commit.template [4ms]
2026-08-22 16:34:33.439 [info] > git for-each-ref --format=%(refname)%00%(upstream:short)%00%(objectname)%00%(upstream:track)%00%(upstream:remotename)%00%(upstream:remoteref) refs/heads/master refs/remotes/master [9ms]
2026-08-22 16:34:33.440 [warning] [Git][getBranch] No such branch: master
2026-08-22 16:34:33.454 [info] > git for-each-ref --sort -committerdate --format %(refname)%00%(objectname)%00%(*objectname) [7ms]
2026-08-22 16:34:33.497 [info] > git status -z -uall [54ms]
2026-08-22 16:34:38.512 [info] > git config --get commit.template [5ms]
2026-08-22 16:34:38.520 [info] > git for-each-ref --format=%(refname)%00%(upstream:short)%00%(objectname)%00%(upstream:track)%00%(upstream:remotename)%00%(upstream:remoteref) refs/heads/master refs/remotes/master [9ms]
2026-08-22 16:34:38.520 [warning] [Git][getBranch] No such branch: master
2026-08-22 16:34:38.534 [info] > git for-each-ref --sort -committerdate --format %(refname)%00%(objectname)%00%(*objectname) [8ms]
2026-08-22 16:34:38.581 [info] > git status -z -uall [58ms]
2026-08-22 16:34:43.595 [info] > git config --get commit.template [5ms]
2026-08-22 16:34:43.603 [info] > git for-each-ref --format=%(refname)%00%(upstream:short)%00%(objectname)%00%(upstream:track)%00%(upstream:remotename)%00%(upstream:remoteref) refs/heads/master refs/remotes/master [10ms]
2026-08-22 16:34:43.603 [warning] [Git][getBranch] No such branch: master
2026-08-22 16:34:43.618 [info] > git for-each-ref --sort -committerdate --format %(refname)%00%(objectname)%00%(*objectname) [9ms]
2026-08-22 16:34:43.671 [info] > git status -z -uall [65ms]
2026-08-22 16:34:48.684 [info] > git config --get commit.template [5ms]
2026-08-22 16:34:48.692 [info] > git for-each-ref --format=%(refname)%00%(upstream:short)%00%(objectname)%00%(upstream:track)%00%(upstream:remotename)%00%(upstream:remoteref) refs/heads/master refs/remotes/master [9ms]
2026-08-22 16:34:48.692 [warning] [Git][getBranch] No such branch: master
2026-08-22 16:34:48.714 [info] > git for-each-ref --sort -committerdate --format %(refname)%00%(objectname)%00%(*objectname) [8ms]
2026-08-22 16:34:48.762 [info] > git status -z -uall [59ms]
2026-08-22 16:34:53.777 [info] > git config --get commit.template [5ms]
2026-08-22 16:34:53.785 [info] > git for-each-ref --format=%(refname)%00%(upstream:short)%00%(objectname)%00%(upstream:track)%00%(upstream:remotename)%00%(upstream:remoteref) refs/heads/master refs/remotes/master [9ms]
2026-08-22 16:34:53.785 [warning] [Git][getBranch] No such branch: master
2026-08-22 16:34:53.797 [info] > git for-each-ref --sort -committerdate --format %(refname)%00%(objectname)%00%(*objectname) [7ms]
2026-08-22 16:34:53.845 [info] > git status -z -uall [58ms]
2026-08-22 16:34:58.859 [info] > git config --get commit.template [5ms]
2026-08-22 16:34:58.868 [info] > git for-each-ref --format=%(refname)%00%(upstream:short)%00%(objectname)%00%(upstream:track)%00%(upstream:remotename)%00%(upstream:remoteref) refs/heads/master refs/remotes/master [10ms]
2026-08-22 16:34:58.868 [warning] [Git][getBranch] No such branch: master
2026-08-22 16:34:58.883 [info] > git for-each-ref --sort -committerdate --format %(refname)%00%(objectname)%00%(*objectname) [8ms]
2026-08-22 16:34:58.928 [info] > git status -z -uall [55ms]
2026-08-22 16:35:03.942 [info] > git config --get commit.template [6ms]
2026-08-22 16:35:03.954 [info] > git for-each-ref --format=%(refname)%00%(upstream:short)%00%(objectname)%00%(upstream:track)%00%(upstream:remotename)%00%(upstream:remoteref) refs/heads/master refs/remotes/master [13ms]
2026-08-22 16:35:03.954 [warning] [Git][getBranch] No such branch: master
2026-08-22 16:35:03.970 [info] > git for-each-ref --sort -committerdate --format %(refname)%00%(objectname)%00%(*objectname) [9ms]
2026-08-22 16:35:04.094 [info] > git status -z -uall [136ms]
2026-08-22 16:35:09.109 [info] > git config --get commit.template [5ms]
2026-08-22 16:35:09.116 [info] > git for-each-ref --format=%(refname)%00%(upstream:short)%00%(objectname)%00%(upstream:track)%00%(upstream:remotename)%00%(upstream:remoteref) refs/heads/master refs/remotes/master [9ms]
2026-08-22 16:35:09.116 [warning] [Git][getBranch] No such branch: master
2026-08-22 16:35:09.140 [info] > git for-each-ref --sort -committerdate --format %(refname)%00%(objectname)%00%(*objectname) [10ms]
2026-08-22 16:35:09.197 [info] > git status -z -uall [69ms]
2026-08-22 16:35:14.213 [info] > git config --get commit.template [5ms]
2026-08-22 16:35:14.221 [info] > git for-each-ref --format=%(refname)%00%(upstream:short)%00%(objectname)%00%(upstream:track)%00%(upstream:remotename)%00%(upstream:remoteref) refs/heads/master refs/remotes/master [9ms]
2026-08-22 16:35:14.221 [warning] [Git][getBranch] No such branch: master
2026-08-22 16:35:14.235 [info] > git for-each-ref --sort -committerdate --format %(refname)%00%(objectname)%00%(*objectname) [7ms]
2026-08-22 16:35:14.281 [info] > git status -z -uall [57ms]
2026-08-22 16:35:19.295 [info] > git config --get commit.template [5ms]
2026-08-22 16:35:19.303 [info] > git for-each-ref --format=%(refname)%00%(upstream:short)%00%(objectname)%00%(upstream:track)%00%(upstream:remotename)%00%(upstream:remoteref) refs/heads/master refs/remotes/master [9ms]
2026-08-22 16:35:19.303 [warning] [Git][getBranch] No such branch: master
2026-08-22 16:35:19.318 [info] > git for-each-ref --sort -committerdate --format %(refname)%00%(objectname)%00%(*objectname) [9ms]
2026-08-22 16:35:19.365 [info] > git status -z -uall [59ms]
2026-08-22 16:35:24.379 [info] > git config --get commit.template [6ms]
2026-08-22 16:35:24.387 [info] > git for-each-ref --format=%(refname)%00%(upstream:short)%00%(objectname)%00%(upstream:track)%00%(upstream:remotename)%00%(upstream:remoteref) refs/heads/master refs/remotes/master [10ms]
2026-08-22 16:35:24.387 [warning] [Git][getBranch] No such branch: master
2026-08-22 16:35:24.406 [info] > git for-each-ref --sort -committerdate --format %(refname)%00%(objectname)%00%(*objectname) [11ms]
2026-08-22 16:35:24.484 [info] > git status -z -uall [93ms]
2026-08-22 16:35:29.497 [info] > git config --get commit.template [4ms]
2026-08-22 16:35:29.505 [info] > git for-each-ref --format=%(refname)%00%(upstream:short)%00%(objectname)%00%(upstream:track)%00%(upstream:remotename)%00%(upstream:remoteref) refs/heads/master refs/remotes/master [9ms]
2026-08-22 16:35:29.506 [warning] [Git][getBranch] No such branch: master
2026-08-22 16:35:29.521 [info] > git for-each-ref --sort -committerdate --format %(refname)%00%(objectname)%00%(*objectname) [9ms]
2026-08-22 16:35:29.566 [info] > git status -z -uall [57ms]
2026-08-22 16:35:34.580 [info] > git config --get commit.template [5ms]
2026-08-22 16:35:34.588 [info] > git for-each-ref --format=%(refname)%00%(upstream:short)%00%(objectname)%00%(upstream:track)%00%(upstream:remotename)%00%(upstream:remoteref) refs/heads/master refs/remotes/master [8ms]
2026-08-22 16:35:34.588 [warning] [Git][getBranch] No such branch: master
2026-08-22 16:35:34.603 [info] > git for-each-ref --sort -committerdate --format %(refname)%00%(objectname)%00%(*objectname) [8ms]
2026-08-22 16:35:34.651 [info] > git status -z -uall [60ms]
2026-08-22 16:35:39.666 [info] > git config --get commit.template [5ms]
2026-08-22 16:35:39.674 [info] > git for-each-ref --format=%(refname)%00%(upstream:short)%00%(objectname)%00%(upstream:track)%00%(upstream:remotename)%00%(upstream:remoteref) refs/heads/master refs/remotes/master [8ms]
2026-08-22 16:35:39.674 [warning] [Git][getBranch] No such branch: master
2026-08-22 16:35:39.691 [info] > git for-each-ref --sort -committerdate --format %(refname)%00%(objectname)%00%(*objectname) [11ms]
2026-08-22 16:35:39.743 [info] > git status -z -uall [65ms]
2026-08-22 16:35:46.757 [info] > git config --get commit.template [5ms]
2026-08-22 16:35:46.765 [info] > git for-each-ref --format=%(refname)%00%(upstream:short)%00%(objectname)%00%(upstream:track)%00%(upstream:remotename)%00%(upstream:remoteref) refs/heads/master refs/remotes/master [9ms]
2026-08-22 16:35:46.765 [warning] [Git][getBranch] No such branch: master
2026-08-22 16:35:46.780 [info] > git for-each-ref --sort -committerdate --format %(refname)%00%(objectname)%00%(*objectname) [9ms]
2026-08-22 16:35:46.826 [info] > git status -z -uall [58ms]
2026-08-22 16:35:51.839 [info] > git config --get commit.template [5ms]
2026-08-22 16:35:51.848 [info] > git for-each-ref --format=%(refname)%00%(upstream:short)%00%(objectname)%00%(upstream:track)%00%(upstream:remotename)%00%(upstream:remoteref) refs/heads/master refs/remotes/master [10ms]
2026-08-22 16:35:51.848 [warning] [Git][getBranch] No such branch: master
2026-08-22 16:35:51.863 [info] > git for-each-ref --sort -committerdate --format %(refname)%00%(objectname)%00%(*objectname) [8ms]
2026-08-22 16:35:51.914 [info] > git status -z -uall [62ms]
2026-08-22 16:35:56.927 [info] > git config --get commit.template [5ms]
2026-08-22 16:35:56.935 [info] > git for-each-ref --format=%(refname)%00%(upstream:short)%00%(objectname)%00%(upstream:track)%00%(upstream:remotename)%00%(upstream:remoteref) refs/heads/master refs/remotes/master [8ms]
2026-08-22 16:35:56.935 [warning] [Git][getBranch] No such branch: master
2026-08-22 16:35:56.951 [info] > git for-each-ref --sort -committerdate --format %(refname)%00%(objectname)%00%(*objectname) [9ms]
2026-08-22 16:35:56.999 [info] > git status -z -uall [60ms]
2026-08-22 16:36:02.011 [info] > git config --get commit.template [5ms]
2026-08-22 16:36:02.020 [info] > git for-each-ref --format=%(refname)%00%(upstream:short)%00%(objectname)%00%(upstream:track)%00%(upstream:remotename)%00%(upstream:remoteref) refs/heads/master refs/remotes/master [11ms]
2026-08-22 16:36:02.020 [warning] [Git][getBranch] No such branch: master
2026-08-22 16:36:02.034 [info] > git for-each-ref --sort -committerdate --format %(refname)%00%(objectname)%00%(*objectname) [8ms]
2026-08-22 16:36:02.086 [info] > git status -z -uall [62ms]
2026-08-22 16:36:07.103 [info] > git config --get commit.template [6ms]
2026-08-22 16:36:07.112 [info] > git for-each-ref --format=%(refname)%00%(upstream:short)%00%(objectname)%00%(upstream:track)%00%(upstream:remotename)%00%(upstream:remoteref) refs/heads/master refs/remotes/master [12ms]
2026-08-22 16:36:07.112 [warning] [Git][getBranch] No such branch: master
2026-08-22 16:36:07.127 [info] > git for-each-ref --sort -committerdate --format %(refname)%00%(objectname)%00%(*objectname) [9ms]
2026-08-22 16:36:07.240 [info] > git status -z -uall [125ms]
2026-08-22 16:36:12.254 [info] > git config --get commit.template [4ms]
2026-08-22 16:36:12.262 [info] > git for-each-ref --format=%(refname)%00%(upstream:short)%00%(objectname)%00%(upstream:track)%00%(upstream:remotename)%00%(upstream:remoteref) refs/heads/master refs/remotes/master [9ms]
2026-08-22 16:36:12.262 [warning] [Git][getBranch] No such branch: master
2026-08-22 16:36:12.278 [info] > git for-each-ref --sort -committerdate --format %(refname)%00%(objectname)%00%(*objectname) [10ms]
2026-08-22 16:36:12.329 [info] > git status -z -uall [63ms]
2026-08-22 16:36:17.344 [info] > git config --get commit.template [5ms]
2026-08-22 16:36:17.352 [info] > git for-each-ref --format=%(refname)%00%(upstream:short)%00%(objectname)%00%(upstream:track)%00%(upstream:remotename)%00%(upstream:remoteref) refs/heads/master refs/remotes/master [10ms]
2026-08-22 16:36:17.352 [warning] [Git][getBranch] No such branch: master
2026-08-22 16:36:17.368 [info] > git for-each-ref --sort -committerdate --format %(refname)%00%(objectname)%00%(*objectname) [9ms]
2026-08-22 16:36:17.417 [info] > git status -z -uall [61ms]
2026-08-22 16:36:22.429 [info] > git config --get commit.template [5ms]
2026-08-22 16:36:22.436 [info] > git for-each-ref --format=%(refname)%00%(upstream:short)%00%(objectname)%00%(upstream:track)%00%(upstream:remotename)%00%(upstream:remoteref) refs/heads/master refs/remotes/master [8ms]
2026-08-22 16:36:22.436 [warning] [Git][getBranch] No such branch: master
2026-08-22 16:36:22.452 [info] > git for-each-ref --sort -committerdate --format %(refname)%00%(objectname)%00%(*objectname) [8ms]
2026-08-22 16:36:22.499 [info] > git status -z -uall [58ms]
2026-08-22 16:36:27.513 [info] > git config --get commit.template [4ms]
2026-08-22 16:36:27.520 [info] > git for-each-ref --format=%(refname)%00%(upstream:short)%00%(objectname)%00%(upstream:track)%00%(upstream:remotename)%00%(upstream:remoteref) refs/heads/master refs/remotes/master [9ms]
2026-08-22 16:36:27.521 [warning] [Git][getBranch] No such branch: master
2026-08-22 16:36:27.535 [info] > git for-each-ref --sort -committerdate --format %(refname)%00%(objectname)%00%(*objectname) [8ms]
2026-08-22 16:36:27.581 [info] > git status -z -uall [57ms]
2026-08-22 16:36:38.441 [info] > git config --get commit.template [6ms]
2026-08-22 16:36:38.448 [info] > git for-each-ref --format=%(refname)%00%(upstream:short)%00%(objectname)%00%(upstream:track)%00%(upstream:remotename)%00%(upstream:remoteref) refs/heads/master refs/remotes/master [9ms]
2026-08-22 16:36:38.448 [warning] [Git][getBranch] No such branch: master
2026-08-22 16:36:38.465 [info] > git for-each-ref --sort -committerdate --format %(refname)%00%(objectname)%00%(*objectname) [10ms]
2026-08-22 16:36:38.511 [info] > git status -z -uall [59ms]
2026-08-22 16:36:43.523 [info] > git config --get commit.template [5ms]
2026-08-22 16:36:43.531 [info] > git for-each-ref --format=%(refname)%00%(upstream:short)%00%(objectname)%00%(upstream:track)%00%(upstream:remotename)%00%(upstream:remoteref) refs/heads/master refs/remotes/master [10ms]
2026-08-22 16:36:43.531 [warning] [Git][getBranch] No such branch: master
2026-08-22 16:36:43.546 [info] > git for-each-ref --sort -committerdate --format %(refname)%00%(objectname)%00%(*objectname) [9ms]
2026-08-22 16:36:43.594 [info] > git status -z -uall [60ms]
2026-08-22 16:36:48.606 [info] > git config --get commit.template [5ms]
2026-08-22 16:36:48.613 [info] > git for-each-ref --format=%(refname)%00%(upstream:short)%00%(objectname)%00%(upstream:track)%00%(upstream:remotename)%00%(upstream:remoteref) refs/heads/master refs/remotes/master [8ms]
2026-08-22 16:36:48.614 [warning] [Git][getBranch] No such branch: master
2026-08-22 16:36:48.628 [info] > git for-each-ref --sort -committerdate --format %(refname)%00%(objectname)%00%(*objectname) [8ms]
2026-08-22 16:36:48.674 [info] > git status -z -uall [57ms]
2026-08-22 16:36:53.688 [info] > git config --get commit.template [4ms]
2026-08-22 16:36:53.696 [info] > git for-each-ref --format=%(refname)%00%(upstream:short)%00%(objectname)%00%(upstream:track)%00%(upstream:remotename)%00%(upstream:remoteref) refs/heads/master refs/remotes/master [10ms]
2026-08-22 16:36:53.696 [warning] [Git][getBranch] No such branch: master
2026-08-22 16:36:53.710 [info] > git for-each-ref --sort -committerdate --format %(refname)%00%(objectname)%00%(*objectname) [7ms]
2026-08-22 16:36:53.758 [info] > git status -z -uall [58ms]
2026-08-22 16:36:58.770 [info] > git config --get commit.template [4ms]
2026-08-22 16:36:58.777 [info] > git for-each-ref --format=%(refname)%00%(upstream:short)%00%(objectname)%00%(upstream:track)%00%(upstream:remotename)%00%(upstream:remoteref) refs/heads/master refs/remotes/master [8ms]
2026-08-22 16:36:58.777 [warning] [Git][getBranch] No such branch: master
2026-08-22 16:36:58.792 [info] > git for-each-ref --sort -committerdate --format %(refname)%00%(objectname)%00%(*objectname) [8ms]
2026-08-22 16:36:58.837 [info] > git status -z -uall [56ms]
2026-08-22 16:37:03.851 [info] > git config --get commit.template [6ms]
2026-08-22 16:37:03.858 [info] > git for-each-ref --format=%(refname)%00%(upstream:short)%00%(objectname)%00%(upstream:track)%00%(upstream:remotename)%00%(upstream:remoteref) refs/heads/master refs/remotes/master [9ms]
2026-08-22 16:37:03.858 [warning] [Git][getBranch] No such branch: master
2026-08-22 16:37:03.873 [info] > git for-each-ref --sort -committerdate --format %(refname)%00%(objectname)%00%(*objectname) [7ms]
2026-08-22 16:37:03.921 [info] > git status -z -uall [59ms]
2026-08-22 16:37:08.936 [info] > git config --get commit.template [6ms]
2026-08-22 16:37:08.943 [info] > git for-each-ref --format=%(refname)%00%(upstream:short)%00%(objectname)%00%(upstream:track)%00%(upstream:remotename)%00%(upstream:remoteref) refs/heads/master refs/remotes/master [9ms]
2026-08-22 16:37:08.943 [warning] [Git][getBranch] No such branch: master
2026-08-22 16:37:08.958 [info] > git for-each-ref --sort -committerdate --format %(refname)%00%(objectname)%00%(*objectname) [7ms]
2026-08-22 16:37:09.081 [info] > git status -z -uall [134ms]
2026-08-22 16:37:14.095 [info] > git config --get commit.template [6ms]
2026-08-22 16:37:14.103 [info] > git for-each-ref --format=%(refname)%00%(upstream:short)%00%(objectname)%00%(upstream:track)%00%(upstream:remotename)%00%(upstream:remoteref) refs/heads/master refs/remotes/master [10ms]
2026-08-22 16:37:14.104 [warning] [Git][getBranch] No such branch: master
2026-08-22 16:37:14.119 [info] > git for-each-ref --sort -committerdate --format %(refname)%00%(objectname)%00%(*objectname) [9ms]
2026-08-22 16:37:14.171 [info] > git status -z -uall [64ms]
2026-08-22 16:37:19.185 [info] > git config --get commit.template [5ms]
2026-08-22 16:37:19.192 [info] > git for-each-ref --format=%(refname)%00%(upstream:short)%00%(objectname)%00%(upstream:track)%00%(upstream:remotename)%00%(upstream:remoteref) refs/heads/master refs/remotes/master [8ms]
2026-08-22 16:37:19.192 [warning] [Git][getBranch] No such branch: master
2026-08-22 16:37:19.207 [info] > git for-each-ref --sort -committerdate --format %(refname)%00%(objectname)%00%(*objectname) [9ms]
2026-08-22 16:37:19.257 [info] > git status -z -uall [62ms]
2026-08-22 16:37:24.271 [info] > git config --get commit.template [5ms]
2026-08-22 16:37:24.279 [info] > git for-each-ref --format=%(refname)%00%(upstream:short)%00%(objectname)%00%(upstream:track)%00%(upstream:remotename)%00%(upstream:remoteref) refs/heads/master refs/remotes/master [9ms]
2026-08-22 16:37:24.279 [warning] [Git][getBranch] No such branch: master
2026-08-22 16:37:24.296 [info] > git for-each-ref --sort -committerdate --format %(refname)%00%(objectname)%00%(*objectname) [11ms]
2026-08-22 16:37:24.352 [info] > git status -z -uall [69ms]
2026-08-22 16:37:29.366 [info] > git config --get commit.template [5ms]
2026-08-22 16:37:29.373 [info] > git for-each-ref --format=%(refname)%00%(upstream:short)%00%(objectname)%00%(upstream:track)%00%(upstream:remotename)%00%(upstream:remoteref) refs/heads/master refs/remotes/master [8ms]
2026-08-22 16:37:29.373 [warning] [Git][getBranch] No such branch: master
2026-08-22 16:37:29.388 [info] > git for-each-ref --sort -committerdate --format %(refname)%00%(objectname)%00%(*objectname) [8ms]
2026-08-22 16:37:29.432 [info] > git status -z -uall [55ms]
2026-08-22 16:37:34.445 [info] > git config --get commit.template [5ms]
2026-08-22 16:37:34.454 [info] > git for-each-ref --format=%(refname)%00%(upstream:short)%00%(objectname)%00%(upstream:track)%00%(upstream:remotename)%00%(upstream:remoteref) refs/heads/master refs/remotes/master [10ms]
2026-08-22 16:37:34.454 [warning] [Git][getBranch] No such branch: master
2026-08-22 16:37:34.471 [info] > git for-each-ref --sort -committerdate --format %(refname)%00%(objectname)%00%(*objectname) [9ms]
2026-08-22 16:37:34.517 [info] > git status -z -uall [59ms]
2026-08-22 16:37:39.530 [info] > git config --get commit.template [6ms]
2026-08-22 16:37:39.539 [info] > git for-each-ref --format=%(refname)%00%(upstream:short)%00%(objectname)%00%(upstream:track)%00%(upstream:remotename)%00%(upstream:remoteref) refs/heads/master refs/remotes/master [9ms]
2026-08-22 16:37:39.539 [warning] [Git][getBranch] No such branch: master
2026-08-22 16:37:39.554 [info] > git for-each-ref --sort -committerdate --format %(refname)%00%(objectname)%00%(*objectname) [8ms]
2026-08-22 16:37:39.604 [info] > git status -z -uall [61ms]
2026-08-22 16:37:44.619 [info] > git config --get commit.template [5ms]
2026-08-22 16:37:44.627 [info] > git for-each-ref --format=%(refname)%00%(upstream:short)%00%(objectname)%00%(upstream:track)%00%(upstream:remotename)%00%(upstream:remoteref) refs/heads/master refs/remotes/master [10ms]
2026-08-22 16:37:44.627 [warning] [Git][getBranch] No such branch: master
2026-08-22 16:37:44.643 [info] > git for-each-ref --sort -committerdate --format %(refname)%00%(objectname)%00%(*objectname) [9ms]
2026-08-22 16:37:44.692 [info] > git status -z -uall [61ms]
2026-08-22 16:37:49.705 [info] > git config --get commit.template [5ms]
2026-08-22 16:37:49.713 [info] > git for-each-ref --format=%(refname)%00%(upstream:short)%00%(objectname)%00%(upstream:track)%00%(upstream:remotename)%00%(upstream:remoteref) refs/heads/master refs/remotes/master [8ms]
2026-08-22 16:37:49.713 [warning] [Git][getBranch] No such branch: master
2026-08-22 16:37:49.730 [info] > git for-each-ref --sort -committerdate --format %(refname)%00%(objectname)%00%(*objectname) [10ms]
2026-08-22 16:37:49.780 [info] > git status -z -uall [63ms]
2026-08-22 16:37:54.795 [info] > git config --get commit.template [6ms]
2026-08-22 16:37:54.802 [info] > git for-each-ref --format=%(refname)%00%(upstream:short)%00%(objectname)%00%(upstream:track)%00%(upstream:remotename)%00%(upstream:remoteref) refs/heads/master refs/remotes/master [8ms]
2026-08-22 16:37:54.802 [warning] [Git][getBranch] No such branch: master
2026-08-22 16:37:54.818 [info] > git for-each-ref --sort -committerdate --format %(refname)%00%(objectname)%00%(*objectname) [10ms]
2026-08-22 16:37:54.874 [info] > git status -z -uall [68ms]
2026-08-22 16:37:59.886 [info] > git config --get commit.template [5ms]
2026-08-22 16:37:59.894 [info] > git for-each-ref --format=%(refname)%00%(upstream:short)%00%(objectname)%00%(upstream:track)%00%(upstream:remotename)%00%(upstream:remoteref) refs/heads/master refs/remotes/master [9ms]
2026-08-22 16:37:59.894 [warning] [Git][getBranch] No such branch: master
2026-08-22 16:37:59.911 [info] > git for-each-ref --sort -committerdate --format %(refname)%00%(objectname)%00%(*objectname) [9ms]
2026-08-22 16:37:59.957 [info] > git status -z -uall [59ms]
2026-08-22 16:38:04.970 [info] > git config --get commit.template [5ms]
2026-08-22 16:38:04.977 [info] > git for-each-ref --format=%(refname)%00%(upstream:short)%00%(objectname)%00%(upstream:track)%00%(upstream:remotename)%00%(upstream:remoteref) refs/heads/master refs/remotes/master [8ms]
2026-08-22 16:38:04.977 [warning] [Git][getBranch] No such branch: master
2026-08-22 16:38:04.994 [info] > git for-each-ref --sort -committerdate --format %(refname)%00%(objectname)%00%(*objectname) [9ms]
2026-08-22 16:38:05.044 [info] > git status -z -uall [62ms]
2026-08-22 16:38:10.060 [info] > git config --get commit.template [6ms]
2026-08-22 16:38:10.068 [info] > git for-each-ref --format=%(refname)%00%(upstream:short)%00%(objectname)%00%(upstream:track)%00%(upstream:remotename)%00%(upstream:remoteref) refs/heads/master refs/remotes/master [10ms]
2026-08-22 16:38:10.068 [warning] [Git][getBranch] No such branch: master
2026-08-22 16:38:10.083 [info] > git for-each-ref --sort -committerdate --format %(refname)%00%(objectname)%00%(*objectname) [8ms]
2026-08-22 16:38:10.201 [info] > git status -z -uall [128ms]
2026-08-22 16:38:15.217 [info] > git config --get commit.template [5ms]
2026-08-22 16:38:15.224 [info] > git for-each-ref --format=%(refname)%00%(upstream:short)%00%(objectname)%00%(upstream:track)%00%(upstream:remotename)%00%(upstream:remoteref) refs/heads/master refs/remotes/master [8ms]
2026-08-22 16:38:15.225 [warning] [Git][getBranch] No such branch: master
2026-08-22 16:38:15.240 [info] > git for-each-ref --sort -committerdate --format %(refname)%00%(objectname)%00%(*objectname) [7ms]
2026-08-22 16:38:15.286 [info] > git status -z -uall [58ms]
2026-08-22 16:38:46.460 [info] > git config --get commit.template [5ms]
2026-08-22 16:38:46.471 [info] > git for-each-ref --format=%(refname)%00%(upstream:short)%00%(objectname)%00%(upstream:track)%00%(upstream:remotename)%00%(upstream:remoteref) refs/heads/master refs/remotes/master [12ms]
2026-08-22 16:38:46.471 [warning] [Git][getBranch] No such branch: master
2026-08-22 16:38:46.488 [info] > git for-each-ref --sort -committerdate --format %(refname)%00%(objectname)%00%(*objectname) [9ms]
2026-08-22 16:38:46.537 [info] > git status -z -uall [61ms]
2026-08-22 16:38:51.554 [info] > git config --get commit.template [6ms]
2026-08-22 16:38:51.561 [info] > git for-each-ref --format=%(refname)%00%(upstream:short)%00%(objectname)%00%(upstream:track)%00%(upstream:remotename)%00%(upstream:remoteref) refs/heads/master refs/remotes/master [9ms]
2026-08-22 16:38:51.561 [warning] [Git][getBranch] No such branch: master
2026-08-22 16:38:51.577 [info] > git for-each-ref --sort -committerdate --format %(refname)%00%(objectname)%00%(*objectname) [9ms]
2026-08-22 16:38:51.624 [info] > git status -z -uall [59ms]
2026-08-22 16:38:56.639 [info] > git config --get commit.template [5ms]
2026-08-22 16:38:56.647 [info] > git for-each-ref --format=%(refname)%00%(upstream:short)%00%(objectname)%00%(upstream:track)%00%(upstream:remotename)%00%(upstream:remoteref) refs/heads/master refs/remotes/master [9ms]
2026-08-22 16:38:56.647 [warning] [Git][getBranch] No such branch: master
2026-08-22 16:38:56.665 [info] > git for-each-ref --sort -committerdate --format %(refname)%00%(objectname)%00%(*objectname) [11ms]
2026-08-22 16:38:56.712 [info] > git status -z -uall [61ms]
2026-08-22 16:39:01.792 [info] > git config --get commit.template [6ms]
2026-08-22 16:39:01.800 [info] > git for-each-ref --format=%(refname)%00%(upstream:short)%00%(objectname)%00%(upstream:track)%00%(upstream:remotename)%00%(upstream:remoteref) refs/heads/master refs/remotes/master [9ms]
2026-08-22 16:39:01.800 [warning] [Git][getBranch] No such branch: master
2026-08-22 16:39:01.819 [info] > git for-each-ref --sort -committerdate --format %(refname)%00%(objectname)%00%(*objectname) [11ms]
2026-08-22 16:39:01.869 [info] > git status -z -uall [64ms]
2026-08-22 16:39:06.882 [info] > git config --get commit.template [5ms]
2026-08-22 16:39:06.890 [info] > git for-each-ref --format=%(refname)%00%(upstream:short)%00%(objectname)%00%(upstream:track)%00%(upstream:remotename)%00%(upstream:remoteref) refs/heads/master refs/remotes/master [9ms]
2026-08-22 16:39:06.890 [warning] [Git][getBranch] No such branch: master
2026-08-22 16:39:06.908 [info] > git for-each-ref --sort -committerdate --format %(refname)%00%(objectname)%00%(*objectname) [10ms]
2026-08-22 16:39:06.956 [info] > git status -z -uall [62ms]
2026-08-22 16:39:11.972 [info] > git config --get commit.template [5ms]
2026-08-22 16:39:11.981 [info] > git for-each-ref --format=%(refname)%00%(upstream:short)%00%(objectname)%00%(upstream:track)%00%(upstream:remotename)%00%(upstream:remoteref) refs/heads/master refs/remotes/master [10ms]
2026-08-22 16:39:11.981 [warning] [Git][getBranch] No such branch: master
2026-08-22 16:39:11.997 [info] > git for-each-ref --sort -committerdate --format %(refname)%00%(objectname)%00%(*objectname) [9ms]
2026-08-22 16:39:12.111 [info] > git status -z -uall [127ms]
2026-08-22 16:39:17.124 [info] > git config --get commit.template [5ms]
2026-08-22 16:39:17.131 [info] > git for-each-ref --format=%(refname)%00%(upstream:short)%00%(objectname)%00%(upstream:track)%00%(upstream:remotename)%00%(upstream:remoteref) refs/heads/master refs/remotes/master [9ms]
2026-08-22 16:39:17.131 [warning] [Git][getBranch] No such branch: master
2026-08-22 16:39:17.154 [info] > git for-each-ref --sort -committerdate --format %(refname)%00%(objectname)%00%(*objectname) [10ms]
2026-08-22 16:39:17.203 [info] > git status -z -uall [61ms]
2026-08-22 16:39:22.216 [info] > git config --get commit.template [5ms]
2026-08-22 16:39:22.224 [info] > git for-each-ref --format=%(refname)%00%(upstream:short)%00%(objectname)%00%(upstream:track)%00%(upstream:remotename)%00%(upstream:remoteref) refs/heads/master refs/remotes/master [9ms]
2026-08-22 16:39:22.224 [warning] [Git][getBranch] No such branch: master
2026-08-22 16:39:22.238 [info] > git for-each-ref --sort -committerdate --format %(refname)%00%(objectname)%00%(*objectname) [8ms]
2026-08-22 16:39:22.284 [info] > git status -z -uall [57ms]
2026-08-22 16:39:27.297 [info] > git config --get commit.template [5ms]
2026-08-22 16:39:27.305 [info] > git for-each-ref --format=%(refname)%00%(upstream:short)%00%(objectname)%00%(upstream:track)%00%(upstream:remotename)%00%(upstream:remoteref) refs/heads/master refs/remotes/master [8ms]
2026-08-22 16:39:27.305 [warning] [Git][getBranch] No such branch: master
2026-08-22 16:39:27.321 [info] > git for-each-ref --sort -committerdate --format %(refname)%00%(objectname)%00%(*objectname) [8ms]
2026-08-22 16:39:27.366 [info] > git status -z -uall [56ms]
2026-08-22 16:39:32.380 [info] > git config --get commit.template [5ms]
2026-08-22 16:39:32.387 [info] > git for-each-ref --format=%(refname)%00%(upstream:short)%00%(objectname)%00%(upstream:track)%00%(upstream:remotename)%00%(upstream:remoteref) refs/heads/master refs/remotes/master [9ms]
2026-08-22 16:39:32.387 [warning] [Git][getBranch] No such branch: master
2026-08-22 16:39:32.403 [info] > git for-each-ref --sort -committerdate --format %(refname)%00%(objectname)%00%(*objectname) [9ms]
2026-08-22 16:39:32.447 [info] > git status -z -uall [56ms]
2026-08-22 16:39:37.462 [info] > git config --get commit.template [5ms]
2026-08-22 16:39:37.470 [info] > git for-each-ref --format=%(refname)%00%(upstream:short)%00%(objectname)%00%(upstream:track)%00%(upstream:remotename)%00%(upstream:remoteref) refs/heads/master refs/remotes/master [11ms]
2026-08-22 16:39:37.470 [warning] [Git][getBranch] No such branch: master
2026-08-22 16:39:37.488 [info] > git for-each-ref --sort -committerdate --format %(refname)%00%(objectname)%00%(*objectname) [12ms]
2026-08-22 16:39:37.536 [info] > git status -z -uall [62ms]
2026-08-22 16:39:59.406 [info] > git config --get commit.template [6ms]
2026-08-22 16:39:59.413 [info] > git for-each-ref --format=%(refname)%00%(upstream:short)%00%(objectname)%00%(upstream:track)%00%(upstream:remotename)%00%(upstream:remoteref) refs/heads/master refs/remotes/master [9ms]
2026-08-22 16:39:59.413 [warning] [Git][getBranch] No such branch: master
2026-08-22 16:39:59.430 [info] > git for-each-ref --sort -committerdate --format %(refname)%00%(objectname)%00%(*objectname) [10ms]
2026-08-22 16:39:59.483 [info] > git status -z -uall [66ms]
2026-08-22 16:40:04.497 [info] > git config --get commit.template [6ms]
2026-08-22 16:40:04.505 [info] > git for-each-ref --format=%(refname)%00%(upstream:short)%00%(objectname)%00%(upstream:track)%00%(upstream:remotename)%00%(upstream:remoteref) refs/heads/master refs/remotes/master [9ms]
2026-08-22 16:40:04.505 [warning] [Git][getBranch] No such branch: master
2026-08-22 16:40:04.521 [info] > git for-each-ref --sort -committerdate --format %(refname)%00%(objectname)%00%(*objectname) [9ms]
2026-08-22 16:40:04.569 [info] > git status -z -uall [60ms]
2026-08-22 16:40:09.587 [info] > git config --get commit.template [7ms]
2026-08-22 16:40:09.595 [info] > git for-each-ref --format=%(refname)%00%(upstream:short)%00%(objectname)%00%(upstream:track)%00%(upstream:remotename)%00%(upstream:remoteref) refs/heads/master refs/remotes/master [8ms]
2026-08-22 16:40:09.596 [warning] [Git][getBranch] No such branch: master
2026-08-22 16:40:09.619 [info] > git for-each-ref --sort -committerdate --format %(refname)%00%(objectname)%00%(*objectname) [9ms]
2026-08-22 16:40:09.666 [info] > git status -z -uall [60ms]
2026-08-22 16:40:14.681 [info] > git config --get commit.template [6ms]
2026-08-22 16:40:14.690 [info] > git for-each-ref --format=%(refname)%00%(upstream:short)%00%(objectname)%00%(upstream:track)%00%(upstream:remotename)%00%(upstream:remoteref) refs/heads/master refs/remotes/master [10ms]
2026-08-22 16:40:14.690 [warning] [Git][getBranch] No such branch: master
2026-08-22 16:40:14.707 [info] > git for-each-ref --sort -committerdate --format %(refname)%00%(objectname)%00%(*objectname) [11ms]
2026-08-22 16:40:14.825 [info] > git status -z -uall [132ms]
2026-08-22 16:40:19.838 [info] > git config --get commit.template [4ms]
2026-08-22 16:40:19.845 [info] > git for-each-ref --format=%(refname)%00%(upstream:short)%00%(objectname)%00%(upstream:track)%00%(upstream:remotename)%00%(upstream:remoteref) refs/heads/master refs/remotes/master [8ms]
2026-08-22 16:40:19.845 [warning] [Git][getBranch] No such branch: master
2026-08-22 16:40:19.860 [info] > git for-each-ref --sort -committerdate --format %(refname)%00%(objectname)%00%(*objectname) [7ms]
2026-08-22 16:40:19.918 [info] > git status -z -uall [69ms]
2026-08-22 16:40:24.932 [info] > git config --get commit.template [6ms]
2026-08-22 16:40:24.941 [info] > git for-each-ref --format=%(refname)%00%(upstream:short)%00%(objectname)%00%(upstream:track)%00%(upstream:remotename)%00%(upstream:remoteref) refs/heads/master refs/remotes/master [10ms]
2026-08-22 16:40:24.941 [warning] [Git][getBranch] No such branch: master
2026-08-22 16:40:24.958 [info] > git for-each-ref --sort -committerdate --format %(refname)%00%(objectname)%00%(*objectname) [11ms]
2026-08-22 16:40:25.009 [info] > git status -z -uall [65ms]
2026-08-22 16:40:30.021 [info] > git config --get commit.template [5ms]
2026-08-22 16:40:30.029 [info] > git for-each-ref --format=%(refname)%00%(upstream:short)%00%(objectname)%00%(upstream:track)%00%(upstream:remotename)%00%(upstream:remoteref) refs/heads/master refs/remotes/master [9ms]
2026-08-22 16:40:30.029 [warning] [Git][getBranch] No such branch: master
2026-08-22 16:40:30.044 [info] > git for-each-ref --sort -committerdate --format %(refname)%00%(objectname)%00%(*objectname) [8ms]
2026-08-22 16:40:30.094 [info] > git status -z -uall [62ms]
2026-08-22 16:40:35.108 [info] > git config --get commit.template [5ms]
2026-08-22 16:40:35.116 [info] > git for-each-ref --format=%(refname)%00%(upstream:short)%00%(objectname)%00%(upstream:track)%00%(upstream:remotename)%00%(upstream:remoteref) refs/heads/master refs/remotes/master [10ms]
2026-08-22 16:40:35.116 [warning] [Git][getBranch] No such branch: master
2026-08-22 16:40:35.131 [info] > git for-each-ref --sort -committerdate --format %(refname)%00%(objectname)%00%(*objectname) [9ms]
2026-08-22 16:40:35.180 [info] > git status -z -uall [60ms]
2026-08-22 16:40:40.195 [info] > git config --get commit.template [5ms]
2026-08-22 16:40:40.206 [info] > git for-each-ref --format=%(refname)%00%(upstream:short)%00%(objectname)%00%(upstream:track)%00%(upstream:remotename)%00%(upstream:remoteref) refs/heads/master refs/remotes/master [13ms]
2026-08-22 16:40:40.206 [warning] [Git][getBranch] No such branch: master
2026-08-22 16:40:40.223 [info] > git for-each-ref --sort -committerdate --format %(refname)%00%(objectname)%00%(*objectname) [10ms]
2026-08-22 16:40:40.274 [info] > git status -z -uall [64ms]
2026-08-22 16:40:45.290 [info] > git config --get commit.template [7ms]
2026-08-22 16:40:45.300 [info] > git for-each-ref --format=%(refname)%00%(upstream:short)%00%(objectname)%00%(upstream:track)%00%(upstream:remotename)%00%(upstream:remoteref) refs/heads/master refs/remotes/master [11ms]
2026-08-22 16:40:45.301 [warning] [Git][getBranch] No such branch: master
2026-08-22 16:40:45.321 [info] > git for-each-ref --sort -committerdate --format %(refname)%00%(objectname)%00%(*objectname) [12ms]
2026-08-22 16:40:45.383 [info] > git status -z -uall [77ms]
2026-08-22 16:40:50.397 [info] > git config --get commit.template [6ms]
2026-08-22 16:40:50.406 [info] > git for-each-ref --format=%(refname)%00%(upstream:short)%00%(objectname)%00%(upstream:track)%00%(upstream:remotename)%00%(upstream:remoteref) refs/heads/master refs/remotes/master [11ms]
2026-08-22 16:40:50.406 [warning] [Git][getBranch] No such branch: master
2026-08-22 16:40:50.421 [info] > git for-each-ref --sort -committerdate --format %(refname)%00%(objectname)%00%(*objectname) [8ms]
2026-08-22 16:40:50.471 [info] > git status -z -uall [62ms]
2026-08-22 16:40:55.484 [info] > git config --get commit.template [5ms]
2026-08-22 16:40:55.492 [info] > git for-each-ref --format=%(refname)%00%(upstream:short)%00%(objectname)%00%(upstream:track)%00%(upstream:remotename)%00%(upstream:remoteref) refs/heads/master refs/remotes/master [8ms]
2026-08-22 16:40:55.492 [warning] [Git][getBranch] No such branch: master
2026-08-22 16:40:55.506 [info] > git for-each-ref --sort -committerdate --format %(refname)%00%(objectname)%00%(*objectname) [8ms]
2026-08-22 16:40:55.547 [info] > git status -z -uall [52ms]
2026-08-22 16:41:00.559 [info] > git config --get commit.template [5ms]
2026-08-22 16:41:00.566 [info] > git for-each-ref --format=%(refname)%00%(upstream:short)%00%(objectname)%00%(upstream:track)%00%(upstream:remotename)%00%(upstream:remoteref) refs/heads/master refs/remotes/master [8ms]
2026-08-22 16:41:00.567 [warning] [Git][getBranch] No such branch: master
2026-08-22 16:41:00.583 [info] > git for-each-ref --sort -committerdate --format %(refname)%00%(objectname)%00%(*objectname) [9ms]
2026-08-22 16:41:00.638 [info] > git status -z -uall [67ms]
2026-08-22 16:41:05.652 [info] > git config --get commit.template [5ms]
2026-08-22 16:41:05.661 [info] > git for-each-ref --format=%(refname)%00%(upstream:short)%00%(objectname)%00%(upstream:track)%00%(upstream:remotename)%00%(upstream:remoteref) refs/heads/master refs/remotes/master [9ms]
2026-08-22 16:41:05.661 [warning] [Git][getBranch] No such branch: master
2026-08-22 16:41:05.676 [info] > git for-each-ref --sort -committerdate --format %(refname)%00%(objectname)%00%(*objectname) [8ms]
2026-08-22 16:41:05.723 [info] > git status -z -uall [58ms]
2026-08-22 16:41:10.737 [info] > git config --get commit.template [6ms]
2026-08-22 16:41:10.752 [info] > git for-each-ref --format=%(refname)%00%(upstream:short)%00%(objectname)%00%(upstream:track)%00%(upstream:remotename)%00%(upstream:remoteref) refs/heads/master refs/remotes/master [15ms]
2026-08-22 16:41:10.752 [warning] [Git][getBranch] No such branch: master
2026-08-22 16:41:10.767 [info] > git for-each-ref --sort -committerdate --format %(refname)%00%(objectname)%00%(*objectname) [8ms]
2026-08-22 16:41:10.813 [info] > git status -z -uall [57ms]
2026-08-22 16:41:15.828 [info] > git config --get commit.template [7ms]
2026-08-22 16:41:15.837 [info] > git for-each-ref --format=%(refname)%00%(upstream:short)%00%(objectname)%00%(upstream:track)%00%(upstream:remotename)%00%(upstream:remoteref) refs/heads/master refs/remotes/master [9ms]
2026-08-22 16:41:15.837 [warning] [Git][getBranch] No such branch: master
2026-08-22 16:41:15.853 [info] > git for-each-ref --sort -committerdate --format %(refname)%00%(objectname)%00%(*objectname) [9ms]
2026-08-22 16:41:15.962 [info] > git status -z -uall [121ms]
2026-08-22 16:41:20.977 [info] > git config --get commit.template [6ms]
2026-08-22 16:41:20.987 [info] > git for-each-ref --format=%(refname)%00%(upstream:short)%00%(objectname)%00%(upstream:track)%00%(upstream:remotename)%00%(upstream:remoteref) refs/heads/master refs/remotes/master [12ms]
2026-08-22 16:41:20.987 [warning] [Git][getBranch] No such branch: master
2026-08-22 16:41:21.001 [info] > git for-each-ref --sort -committerdate --format %(refname)%00%(objectname)%00%(*objectname) [8ms]
2026-08-22 16:41:21.049 [info] > git status -z -uall [59ms]
2026-08-22 16:41:26.064 [info] > git config --get commit.template [5ms]
2026-08-22 16:41:26.072 [info] > git for-each-ref --format=%(refname)%00%(upstream:short)%00%(objectname)%00%(upstream:track)%00%(upstream:remotename)%00%(upstream:remoteref) refs/heads/master refs/remotes/master [8ms]
2026-08-22 16:41:26.072 [warning] [Git][getBranch] No such branch: master
2026-08-22 16:41:26.090 [info] > git for-each-ref --sort -committerdate --format %(refname)%00%(objectname)%00%(*objectname) [10ms]
2026-08-22 16:41:26.137 [info] > git status -z -uall [61ms]
2026-08-22 16:41:31.150 [info] > git config --get commit.template [5ms]
2026-08-22 16:41:31.159 [info] > git for-each-ref --format=%(refname)%00%(upstream:short)%00%(objectname)%00%(upstream:track)%00%(upstream:remotename)%00%(upstream:remoteref) refs/heads/master refs/remotes/master [10ms]
2026-08-22 16:41:31.159 [warning] [Git][getBranch] No such branch: master
2026-08-22 16:41:31.174 [info] > git for-each-ref --sort -committerdate --format %(refname)%00%(objectname)%00%(*objectname) [9ms]
2026-08-22 16:41:31.223 [info] > git status -z -uall [61ms]
2026-08-22 16:41:36.235 [info] > git config --get commit.template [5ms]
2026-08-22 16:41:36.242 [info] > git for-each-ref --format=%(refname)%00%(upstream:short)%00%(objectname)%00%(upstream:track)%00%(upstream:remotename)%00%(upstream:remoteref) refs/heads/master refs/remotes/master [8ms]
2026-08-22 16:41:36.242 [warning] [Git][getBranch] No such branch: master
2026-08-22 16:41:36.257 [info] > git for-each-ref --sort -committerdate --format %(refname)%00%(objectname)%00%(*objectname) [8ms]
2026-08-22 16:41:36.308 [info] > git status -z -uall [62ms]
2026-08-22 16:41:41.322 [info] > git config --get commit.template [4ms]
2026-08-22 16:41:41.330 [info] > git for-each-ref --format=%(refname)%00%(upstream:short)%00%(objectname)%00%(upstream:track)%00%(upstream:remotename)%00%(upstream:remoteref) refs/heads/master refs/remotes/master [9ms]
2026-08-22 16:41:41.330 [warning] [Git][getBranch] No such branch: master
2026-08-22 16:41:41.345 [info] > git for-each-ref --sort -committerdate --format %(refname)%00%(objectname)%00%(*objectname) [9ms]
2026-08-22 16:41:41.390 [info] > git status -z -uall [57ms]
2026-08-22 16:41:46.402 [info] > git config --get commit.template [5ms]
2026-08-22 16:41:46.411 [info] > git for-each-ref --format=%(refname)%00%(upstream:short)%00%(objectname)%00%(upstream:track)%00%(upstream:remotename)%00%(upstream:remoteref) refs/heads/master refs/remotes/master [10ms]
2026-08-22 16:41:46.411 [warning] [Git][getBranch] No such branch: master
2026-08-22 16:41:46.427 [info] > git for-each-ref --sort -committerdate --format %(refname)%00%(objectname)%00%(*objectname) [10ms]
2026-08-22 16:41:46.473 [info] > git status -z -uall [59ms]
2026-08-22 16:41:51.486 [info] > git config --get commit.template [5ms]
2026-08-22 16:41:51.494 [info] > git for-each-ref --format=%(refname)%00%(upstream:short)%00%(objectname)%00%(upstream:track)%00%(upstream:remotename)%00%(upstream:remoteref) refs/heads/master refs/remotes/master [8ms]
2026-08-22 16:41:51.494 [warning] [Git][getBranch] No such branch: master
2026-08-22 16:41:51.508 [info] > git for-each-ref --sort -committerdate --format %(refname)%00%(objectname)%00%(*objectname) [8ms]
2026-08-22 16:41:51.557 [info] > git status -z -uall [60ms]
2026-08-22 16:41:56.570 [info] > git config --get commit.template [5ms]
2026-08-22 16:41:56.577 [info] > git for-each-ref --format=%(refname)%00%(upstream:short)%00%(objectname)%00%(upstream:track)%00%(upstream:remotename)%00%(upstream:remoteref) refs/heads/master refs/remotes/master [9ms]
2026-08-22 16:41:56.577 [warning] [Git][getBranch] No such branch: master
2026-08-22 16:41:56.594 [info] > git for-each-ref --sort -committerdate --format %(refname)%00%(objectname)%00%(*objectname) [10ms]
2026-08-22 16:41:56.644 [info] > git status -z -uall [64ms]
2026-08-22 16:42:01.659 [info] > git config --get commit.template [5ms]
2026-08-22 16:42:01.668 [info] > git for-each-ref --format=%(refname)%00%(upstream:short)%00%(objectname)%00%(upstream:track)%00%(upstream:remotename)%00%(upstream:remoteref) refs/heads/master refs/remotes/master [9ms]
2026-08-22 16:42:01.668 [warning] [Git][getBranch] No such branch: master
2026-08-22 16:42:01.685 [info] > git for-each-ref --sort -committerdate --format %(refname)%00%(objectname)%00%(*objectname) [8ms]
2026-08-22 16:42:01.731 [info] > git status -z -uall [59ms]
2026-08-22 16:42:06.744 [info] > git config --get commit.template [4ms]
2026-08-22 16:42:06.752 [info] > git for-each-ref --format=%(refname)%00%(upstream:short)%00%(objectname)%00%(upstream:track)%00%(upstream:remotename)%00%(upstream:remoteref) refs/heads/master refs/remotes/master [9ms]
2026-08-22 16:42:06.752 [warning] [Git][getBranch] No such branch: master
2026-08-22 16:42:06.767 [info] > git for-each-ref --sort -committerdate --format %(refname)%00%(objectname)%00%(*objectname) [8ms]
2026-08-22 16:42:06.814 [info] > git status -z -uall [58ms]
2026-08-22 16:42:11.826 [info] > git config --get commit.template [5ms]
2026-08-22 16:42:11.838 [info] > git for-each-ref --format=%(refname)%00%(upstream:short)%00%(objectname)%00%(upstream:track)%00%(upstream:remotename)%00%(upstream:remoteref) refs/heads/master refs/remotes/master [13ms]
2026-08-22 16:42:11.838 [warning] [Git][getBranch] No such branch: master
2026-08-22 16:42:11.854 [info] > git for-each-ref --sort -committerdate --format %(refname)%00%(objectname)%00%(*objectname) [9ms]
2026-08-22 16:42:11.900 [info] > git status -z -uall [58ms]
2026-08-22 16:42:16.915 [info] > git config --get commit.template [6ms]
2026-08-22 16:42:16.922 [info] > git for-each-ref --format=%(refname)%00%(upstream:short)%00%(objectname)%00%(upstream:track)%00%(upstream:remotename)%00%(upstream:remoteref) refs/heads/master refs/remotes/master [9ms]
2026-08-22 16:42:16.922 [warning] [Git][getBranch] No such branch: master
2026-08-22 16:42:16.936 [info] > git for-each-ref --sort -committerdate --format %(refname)%00%(objectname)%00%(*objectname) [7ms]
2026-08-22 16:42:17.041 [info] > git status -z -uall [115ms]
2026-08-22 16:42:22.055 [info] > git config --get commit.template [5ms]
2026-08-22 16:42:22.063 [info] > git for-each-ref --format=%(refname)%00%(upstream:short)%00%(objectname)%00%(upstream:track)%00%(upstream:remotename)%00%(upstream:remoteref) refs/heads/master refs/remotes/master [9ms]
2026-08-22 16:42:22.063 [warning] [Git][getBranch] No such branch: master
2026-08-22 16:42:22.080 [info] > git for-each-ref --sort -committerdate --format %(refname)%00%(objectname)%00%(*objectname) [9ms]
2026-08-22 16:42:22.131 [info] > git status -z -uall [64ms]
2026-08-22 16:42:27.144 [info] > git config --get commit.template [5ms]
2026-08-22 16:42:27.152 [info] > git for-each-ref --format=%(refname)%00%(upstream:short)%00%(objectname)%00%(upstream:track)%00%(upstream:remotename)%00%(upstream:remoteref) refs/heads/master refs/remotes/master [9ms]
2026-08-22 16:42:27.153 [warning] [Git][getBranch] No such branch: master
2026-08-22 16:42:27.169 [info] > git for-each-ref --sort -committerdate --format %(refname)%00%(objectname)%00%(*objectname) [8ms]
2026-08-22 16:42:27.215 [info] > git status -z -uall [59ms]
2026-08-22 16:42:32.228 [info] > git config --get commit.template [5ms]
2026-08-22 16:42:32.238 [info] > git for-each-ref --format=%(refname)%00%(upstream:short)%00%(objectname)%00%(upstream:track)%00%(upstream:remotename)%00%(upstream:remoteref) refs/heads/master refs/remotes/master [10ms]
2026-08-22 16:42:32.238 [warning] [Git][getBranch] No such branch: master
2026-08-22 16:42:32.256 [info] > git for-each-ref --sort -committerdate --format %(refname)%00%(objectname)%00%(*objectname) [10ms]
2026-08-22 16:42:32.304 [info] > git status -z -uall [61ms]
2026-08-22 16:42:37.317 [info] > git config --get commit.template [5ms]
2026-08-22 16:42:37.325 [info] > git for-each-ref --format=%(refname)%00%(upstream:short)%00%(objectname)%00%(upstream:track)%00%(upstream:remotename)%00%(upstream:remoteref) refs/heads/master refs/remotes/master [10ms]
2026-08-22 16:42:37.325 [warning] [Git][getBranch] No such branch: master
2026-08-22 16:42:37.349 [info] > git for-each-ref --sort -committerdate --format %(refname)%00%(objectname)%00%(*objectname) [9ms]
2026-08-22 16:42:37.399 [info] > git status -z -uall [62ms]
2026-08-22 16:42:42.414 [info] > git config --get commit.template [6ms]
2026-08-22 16:42:42.422 [info] > git for-each-ref --format=%(refname)%00%(upstream:short)%00%(objectname)%00%(upstream:track)%00%(upstream:remotename)%00%(upstream:remoteref) refs/heads/master refs/remotes/master [10ms]
2026-08-22 16:42:42.422 [warning] [Git][getBranch] No such branch: master
2026-08-22 16:42:42.439 [info] > git for-each-ref --sort -committerdate --format %(refname)%00%(objectname)%00%(*objectname) [10ms]
2026-08-22 16:42:42.493 [info] > git status -z -uall [67ms]
2026-08-22 16:42:47.506 [info] > git config --get commit.template [5ms]
2026-08-22 16:42:47.515 [info] > git for-each-ref --format=%(refname)%00%(upstream:short)%00%(objectname)%00%(upstream:track)%00%(upstream:remotename)%00%(upstream:remoteref) refs/heads/master refs/remotes/master [11ms]
2026-08-22 16:42:47.515 [warning] [Git][getBranch] No such branch: master
2026-08-22 16:42:47.534 [info] > git for-each-ref --sort -committerdate --format %(refname)%00%(objectname)%00%(*objectname) [11ms]
2026-08-22 16:42:47.583 [info] > git status -z -uall [64ms]
2026-08-22 16:42:52.596 [info] > git config --get commit.template [5ms]
2026-08-22 16:42:52.604 [info] > git for-each-ref --format=%(refname)%00%(upstream:short)%00%(objectname)%00%(upstream:track)%00%(upstream:remotename)%00%(upstream:remoteref) refs/heads/master refs/remotes/master [9ms]
2026-08-22 16:42:52.604 [warning] [Git][getBranch] No such branch: master
2026-08-22 16:42:52.621 [info] > git for-each-ref --sort -committerdate --format %(refname)%00%(objectname)%00%(*objectname) [11ms]
2026-08-22 16:42:52.669 [info] > git status -z -uall [62ms]
2026-08-22 16:42:57.682 [info] > git config --get commit.template [6ms]
2026-08-22 16:42:57.689 [info] > git for-each-ref --format=%(refname)%00%(upstream:short)%00%(objectname)%00%(upstream:track)%00%(upstream:remotename)%00%(upstream:remoteref) refs/heads/master refs/remotes/master [10ms]
2026-08-22 16:42:57.689 [warning] [Git][getBranch] No such branch: master
2026-08-22 16:42:57.706 [info] > git for-each-ref --sort -committerdate --format %(refname)%00%(objectname)%00%(*objectname) [10ms]
2026-08-22 16:42:57.756 [info] > git status -z -uall [63ms]
2026-08-22 16:43:02.771 [info] > git config --get commit.template [6ms]
2026-08-22 16:43:02.779 [info] > git for-each-ref --format=%(refname)%00%(upstream:short)%00%(objectname)%00%(upstream:track)%00%(upstream:remotename)%00%(upstream:remoteref) refs/heads/master refs/remotes/master [11ms]
2026-08-22 16:43:02.779 [warning] [Git][getBranch] No such branch: master
2026-08-22 16:43:02.798 [info] > git for-each-ref --sort -committerdate --format %(refname)%00%(objectname)%00%(*objectname) [11ms]
2026-08-22 16:43:02.847 [info] > git status -z -uall [64ms]
2026-08-22 16:43:07.861 [info] > git config --get commit.template [6ms]
2026-08-22 16:43:07.869 [info] > git for-each-ref --format=%(refname)%00%(upstream:short)%00%(objectname)%00%(upstream:track)%00%(upstream:remotename)%00%(upstream:remoteref) refs/heads/master refs/remotes/master [10ms]
2026-08-22 16:43:07.869 [warning] [Git][getBranch] No such branch: master
2026-08-22 16:43:07.886 [info] > git for-each-ref --sort -committerdate --format %(refname)%00%(objectname)%00%(*objectname) [10ms]
2026-08-22 16:43:07.937 [info] > git status -z -uall [65ms]
2026-08-22 16:43:12.952 [info] > git config --get commit.template [7ms]
2026-08-22 16:43:12.960 [info] > git for-each-ref --format=%(refname)%00%(upstream:short)%00%(objectname)%00%(upstream:track)%00%(upstream:remotename)%00%(upstream:remoteref) refs/heads/master refs/remotes/master [10ms]
2026-08-22 16:43:12.960 [warning] [Git][getBranch] No such branch: master
2026-08-22 16:43:12.977 [info] > git for-each-ref --sort -committerdate --format %(refname)%00%(objectname)%00%(*objectname) [11ms]
2026-08-22 16:43:13.027 [info] > git status -z -uall [64ms]
2026-08-22 16:43:18.042 [info] > git config --get commit.template [7ms]
2026-08-22 16:43:18.052 [info] > git for-each-ref --format=%(refname)%00%(upstream:short)%00%(objectname)%00%(upstream:track)%00%(upstream:remotename)%00%(upstream:remoteref) refs/heads/master refs/remotes/master [14ms]
2026-08-22 16:43:18.052 [warning] [Git][getBranch] No such branch: master
2026-08-22 16:43:18.073 [info] > git for-each-ref --sort -committerdate --format %(refname)%00%(objectname)%00%(*objectname) [14ms]
2026-08-22 16:43:18.195 [info] > git status -z -uall [139ms]
2026-08-22 16:43:23.210 [info] > git config --get commit.template [8ms]
2026-08-22 16:43:23.219 [info] > git for-each-ref --format=%(refname)%00%(upstream:short)%00%(objectname)%00%(upstream:track)%00%(upstream:remotename)%00%(upstream:remoteref) refs/heads/master refs/remotes/master [13ms]
2026-08-22 16:43:23.220 [warning] [Git][getBranch] No such branch: master
2026-08-22 16:43:23.237 [info] > git for-each-ref --sort -committerdate --format %(refname)%00%(objectname)%00%(*objectname) [11ms]
2026-08-22 16:43:23.287 [info] > git status -z -uall [64ms]
2026-08-22 16:43:28.303 [info] > git config --get commit.template [8ms]
2026-08-22 16:43:28.313 [info] > git for-each-ref --format=%(refname)%00%(upstream:short)%00%(objectname)%00%(upstream:track)%00%(upstream:remotename)%00%(upstream:remoteref) refs/heads/master refs/remotes/master [14ms]
2026-08-22 16:43:28.313 [warning] [Git][getBranch] No such branch: master
2026-08-22 16:43:28.333 [info] > git for-each-ref --sort -committerdate --format %(refname)%00%(objectname)%00%(*objectname) [13ms]
2026-08-22 16:43:28.379 [info] > git status -z -uall [62ms]
2026-08-22 16:43:28.925 [info] > git log --format=%H%n%aN%n%aE%n%at%n%ct%n%P%n%D%n%B -z --shortstat -n50 --skip=0 --topo-order --decorate=full --stdin [8ms]
2026-08-22 16:43:28.925 [info] fatal: bad revision 'refs/heads/master'
2026-08-22 16:43:28.926 [error] [GitHistoryProvider][provideHistoryItems] Failed to get history items with options '{"historyItemRefs":["refs/heads/master"],"limit":50,"skip":0}': Failed to execute git {
  "exitCode": 128,
  "gitCommand": "log",
  "stdout": "",
  "stderr": "fatal: bad revision 'refs/heads/master'\n"
}
2026-08-22 16:43:30.579 [info] > git for-each-ref --sort -committerdate --format %(refname)%00%(objectname)%00%(*objectname)%00%(parent)%00%(*parent)%00%(authorname)%00%(*authorname)%00%(committerdate:unix)%00%(*committerdate:unix)%00%(subject)%00%(*subject)%00%(upstream:track) [9ms]
2026-08-22 16:43:33.393 [info] > git config --get commit.template [6ms]
2026-08-22 16:43:33.402 [info] > git for-each-ref --format=%(refname)%00%(upstream:short)%00%(objectname)%00%(upstream:track)%00%(upstream:remotename)%00%(upstream:remoteref) refs/heads/master refs/remotes/master [11ms]
2026-08-22 16:43:33.402 [warning] [Git][getBranch] No such branch: master
2026-08-22 16:43:33.422 [info] > git for-each-ref --sort -committerdate --format %(refname)%00%(objectname)%00%(*objectname) [13ms]
2026-08-22 16:43:33.469 [info] > git status -z -uall [63ms]
2026-08-22 16:43:35.574 [info] > git push -u origin master [22ms]
2026-08-22 16:43:35.574 [info] error: src refspec master does not match any
error: failed to push some refs to 'https://github.com/jpanigra/agenticAI_IITParvatak.git'
2026-08-22 16:43:35.585 [info] > git config --get commit.template [6ms]
2026-08-22 16:43:35.593 [info] > git for-each-ref --format=%(refname)%00%(upstream:short)%00%(objectname)%00%(upstream:track)%00%(upstream:remotename)%00%(upstream:remoteref) refs/heads/master refs/remotes/master [8ms]
2026-08-22 16:43:35.594 [warning] [Git][getBranch] No such branch: master
2026-08-22 16:43:35.611 [info] > git for-each-ref --sort -committerdate --format %(refname)%00%(objectname)%00%(*objectname) [11ms]
2026-08-22 16:43:35.657 [info] > git status -z -uall [60ms]
2026-08-22 16:43:38.484 [info] > git config --get commit.template [7ms]
2026-08-22 16:43:38.492 [info] > git for-each-ref --format=%(refname)%00%(upstream:short)%00%(objectname)%00%(upstream:track)%00%(upstream:remotename)%00%(upstream:remoteref) refs/heads/master refs/remotes/master [11ms]
2026-08-22 16:43:38.492 [warning] [Git][getBranch] No such branch: master
2026-08-22 16:43:38.509 [info] > git for-each-ref --sort -committerdate --format %(refname)%00%(objectname)%00%(*objectname) [11ms]
2026-08-22 16:43:38.567 [info] > git status -z -uall [71ms]
2026-08-22 16:43:41.906 [info] > git for-each-ref --sort -committerdate --format %(refname)%00%(objectname)%00%(*objectname)%00%(parent)%00%(*parent)%00%(authorname)%00%(*authorname)%00%(committerdate:unix)%00%(*committerdate:unix)%00%(subject)%00%(*subject)%00%(upstream:track) [11ms]
2026-08-22 16:43:43.583 [info] > git config --get commit.template [7ms]
2026-08-22 16:43:43.591 [info] > git for-each-ref --format=%(refname)%00%(upstream:short)%00%(objectname)%00%(upstream:track)%00%(upstream:remotename)%00%(upstream:remoteref) refs/heads/master refs/remotes/master [11ms]
2026-08-22 16:43:43.591 [warning] [Git][getBranch] No such branch: master
2026-08-22 16:43:43.610 [info] > git for-each-ref --sort -committerdate --format %(refname)%00%(objectname)%00%(*objectname) [13ms]
2026-08-22 16:43:43.659 [info] > git status -z -uall [64ms]
2026-08-22 16:43:44.524 [info] > git log --format=%H%n%aN%n%aE%n%at%n%ct%n%P%n%D%n%B -z --shortstat -n50 --skip=0 --topo-order --decorate=full --stdin [9ms]
2026-08-22 16:43:44.524 [info] fatal: bad revision 'refs/heads/master'
2026-08-22 16:43:44.524 [error] [GitHistoryProvider][provideHistoryItems] Failed to get history items with options '{"historyItemRefs":["refs/heads/master"],"limit":50,"skip":0}': Failed to execute git {
  "exitCode": 128,
  "gitCommand": "log",
  "stdout": "",
  "stderr": "fatal: bad revision 'refs/heads/master'\n"
}
2026-08-22 16:43:45.644 [info] > git log --format=%H%n%aN%n%aE%n%at%n%ct%n%P%n%D%n%B -z --shortstat -n50 --skip=0 --topo-order --decorate=full --stdin [8ms]
2026-08-22 16:43:45.644 [info] fatal: bad revision 'refs/heads/master'
2026-08-22 16:43:45.645 [error] [GitHistoryProvider][provideHistoryItems] Failed to get history items with options '{"historyItemRefs":["refs/heads/master"],"limit":50,"skip":0}': Failed to execute git {
  "exitCode": 128,
  "gitCommand": "log",
  "stdout": "",
  "stderr": "fatal: bad revision 'refs/heads/master'\n"
}
2026-08-22 16:43:46.009 [info] > git log --format=%H%n%aN%n%aE%n%at%n%ct%n%P%n%D%n%B -z --shortstat -n50 --skip=0 --topo-order --decorate=full --stdin [8ms]
2026-08-22 16:43:46.009 [info] fatal: bad revision 'refs/heads/master'
2026-08-22 16:43:46.009 [error] [GitHistoryProvider][provideHistoryItems] Failed to get history items with options '{"historyItemRefs":["refs/heads/master"],"limit":50,"skip":0}': Failed to execute git {
  "exitCode": 128,
  "gitCommand": "log",
  "stdout": "",
  "stderr": "fatal: bad revision 'refs/heads/master'\n"
}
2026-08-22 16:43:47.219 [info] > git log --format=%H%n%aN%n%aE%n%at%n%ct%n%P%n%D%n%B -z --shortstat -n50 --skip=0 --topo-order --decorate=full --stdin [8ms]
2026-08-22 16:43:47.219 [info] fatal: bad revision 'refs/heads/master'
2026-08-22 16:43:47.220 [error] [GitHistoryProvider][provideHistoryItems] Failed to get history items with options '{"historyItemRefs":["refs/heads/master"],"limit":50,"skip":0}': Failed to execute git {
  "exitCode": 128,
  "gitCommand": "log",
  "stdout": "",
  "stderr": "fatal: bad revision 'refs/heads/master'\n"
}
2026-08-22 16:43:48.673 [info] > git config --get commit.template [6ms]
2026-08-22 16:43:48.680 [info] > git for-each-ref --format=%(refname)%00%(upstream:short)%00%(objectname)%00%(upstream:track)%00%(upstream:remotename)%00%(upstream:remoteref) refs/heads/master refs/remotes/master [10ms]
2026-08-22 16:43:48.681 [warning] [Git][getBranch] No such branch: master
2026-08-22 16:43:48.697 [info] > git for-each-ref --sort -committerdate --format %(refname)%00%(objectname)%00%(*objectname) [10ms]
2026-08-22 16:43:48.744 [info] > git status -z -uall [60ms]
2026-08-22 16:43:51.685 [info] > git push -u origin master [24ms]
2026-08-22 16:43:51.685 [info] error: src refspec master does not match any
error: failed to push some refs to 'https://github.com/jpanigra/agenticAI_IITParvatak.git'
2026-08-22 16:43:51.696 [info] > git config --get commit.template [7ms]
2026-08-22 16:43:51.704 [info] > git for-each-ref --format=%(refname)%00%(upstream:short)%00%(objectname)%00%(upstream:track)%00%(upstream:remotename)%00%(upstream:remoteref) refs/heads/master refs/remotes/master [11ms]
2026-08-22 16:43:51.704 [warning] [Git][getBranch] No such branch: master
2026-08-22 16:43:51.721 [info] > git for-each-ref --sort -committerdate --format %(refname)%00%(objectname)%00%(*objectname) [10ms]
2026-08-22 16:43:51.770 [info] > git status -z -uall [62ms]
2026-08-22 16:43:53.757 [info] > git config --get commit.template [6ms]
2026-08-22 16:43:53.765 [info] > git for-each-ref --format=%(refname)%00%(upstream:short)%00%(objectname)%00%(upstream:track)%00%(upstream:remotename)%00%(upstream:remoteref) refs/heads/master refs/remotes/master [10ms]
2026-08-22 16:43:53.765 [warning] [Git][getBranch] No such branch: master
2026-08-22 16:43:53.781 [info] > git for-each-ref --sort -committerdate --format %(refname)%00%(objectname)%00%(*objectname) [9ms]
2026-08-22 16:43:53.830 [info] > git status -z -uall [61ms]
2026-08-22 16:43:58.845 [info] > git config --get commit.template [6ms]
2026-08-22 16:43:58.854 [info] > git for-each-ref --format=%(refname)%00%(upstream:short)%00%(objectname)%00%(upstream:track)%00%(upstream:remotename)%00%(upstream:remoteref) refs/heads/master refs/remotes/master [11ms]
2026-08-22 16:43:58.854 [warning] [Git][getBranch] No such branch: master
2026-08-22 16:43:58.870 [info] > git for-each-ref --sort -committerdate --format %(refname)%00%(objectname)%00%(*objectname) [10ms]
2026-08-22 16:43:58.920 [info] > git status -z -uall [63ms]
2026-08-22 16:44:03.936 [info] > git config --get commit.template [8ms]
2026-08-22 16:44:03.945 [info] > git for-each-ref --format=%(refname)%00%(upstream:short)%00%(objectname)%00%(upstream:track)%00%(upstream:remotename)%00%(upstream:remoteref) refs/heads/master refs/remotes/master [13ms]
2026-08-22 16:44:03.945 [warning] [Git][getBranch] No such branch: master
2026-08-22 16:44:03.965 [info] > git for-each-ref --sort -committerdate --format %(refname)%00%(objectname)%00%(*objectname) [13ms]
2026-08-22 16:44:04.019 [info] > git status -z -uall [71ms]
2026-08-22 16:44:12.993 [info] > git config --get commit.template [6ms]
2026-08-22 16:44:13.003 [info] > git for-each-ref --format=%(refname)%00%(upstream:short)%00%(objectname)%00%(upstream:track)%00%(upstream:remotename)%00%(upstream:remoteref) refs/heads/master refs/remotes/master [11ms]
2026-08-22 16:44:13.003 [warning] [Git][getBranch] No such branch: master
2026-08-22 16:44:13.021 [info] > git for-each-ref --sort -committerdate --format %(refname)%00%(objectname)%00%(*objectname) [12ms]
2026-08-22 16:44:13.067 [info] > git status -z -uall [61ms]
2026-08-22 16:44:18.080 [info] > git config --get commit.template [6ms]
2026-08-22 16:44:18.088 [info] > git for-each-ref --format=%(refname)%00%(upstream:short)%00%(objectname)%00%(upstream:track)%00%(upstream:remotename)%00%(upstream:remoteref) refs/heads/master refs/remotes/master [10ms]
2026-08-22 16:44:18.088 [warning] [Git][getBranch] No such branch: master
2026-08-22 16:44:18.104 [info] > git for-each-ref --sort -committerdate --format %(refname)%00%(objectname)%00%(*objectname) [10ms]
2026-08-22 16:44:18.211 [info] > git status -z -uall [120ms]
2026-08-22 16:44:23.224 [info] > git config --get commit.template [6ms]
2026-08-22 16:44:23.232 [info] > git for-each-ref --format=%(refname)%00%(upstream:short)%00%(objectname)%00%(upstream:track)%00%(upstream:remotename)%00%(upstream:remoteref) refs/heads/master refs/remotes/master [11ms]
2026-08-22 16:44:23.232 [warning] [Git][getBranch] No such branch: master
2026-08-22 16:44:23.248 [info] > git for-each-ref --sort -committerdate --format %(refname)%00%(objectname)%00%(*objectname) [10ms]
2026-08-22 16:44:23.297 [info] > git status -z -uall [62ms]
2026-08-22 16:44:28.311 [info] > git config --get commit.template [6ms]
2026-08-22 16:44:28.320 [info] > git for-each-ref --format=%(refname)%00%(upstream:short)%00%(objectname)%00%(upstream:track)%00%(upstream:remotename)%00%(upstream:remoteref) refs/heads/master refs/remotes/master [11ms]
2026-08-22 16:44:28.320 [warning] [Git][getBranch] No such branch: master
2026-08-22 16:44:28.339 [info] > git for-each-ref --sort -committerdate --format %(refname)%00%(objectname)%00%(*objectname) [12ms]
2026-08-22 16:44:28.389 [info] > git status -z -uall [65ms]
2026-08-22 16:44:33.405 [info] > git config --get commit.template [8ms]
2026-08-22 16:44:33.412 [info] > git for-each-ref --format=%(refname)%00%(upstream:short)%00%(objectname)%00%(upstream:track)%00%(upstream:remotename)%00%(upstream:remoteref) refs/heads/master refs/remotes/master [11ms]
2026-08-22 16:44:33.412 [warning] [Git][getBranch] No such branch: master
2026-08-22 16:44:33.429 [info] > git for-each-ref --sort -committerdate --format %(refname)%00%(objectname)%00%(*objectname) [10ms]
2026-08-22 16:44:33.481 [info] > git status -z -uall [65ms]
2026-08-22 16:44:38.495 [info] > git config --get commit.template [7ms]
2026-08-22 16:44:38.504 [info] > git for-each-ref --format=%(refname)%00%(upstream:short)%00%(objectname)%00%(upstream:track)%00%(upstream:remotename)%00%(upstream:remoteref) refs/heads/master refs/remotes/master [12ms]
2026-08-22 16:44:38.504 [warning] [Git][getBranch] No such branch: master
2026-08-22 16:44:38.520 [info] > git for-each-ref --sort -committerdate --format %(refname)%00%(objectname)%00%(*objectname) [10ms]
2026-08-22 16:44:38.567 [info] > git status -z -uall [59ms]
2026-08-22 16:44:43.581 [info] > git config --get commit.template [5ms]
2026-08-22 16:44:43.595 [info] > git for-each-ref --format=%(refname)%00%(upstream:short)%00%(objectname)%00%(upstream:track)%00%(upstream:remotename)%00%(upstream:remoteref) refs/heads/master refs/remotes/master [16ms]
2026-08-22 16:44:43.595 [warning] [Git][getBranch] No such branch: master
2026-08-22 16:44:43.612 [info] > git for-each-ref --sort -committerdate --format %(refname)%00%(objectname)%00%(*objectname) [11ms]
2026-08-22 16:44:43.661 [info] > git status -z -uall [63ms]
2026-08-22 16:44:48.674 [info] > git config --get commit.template [6ms]
2026-08-22 16:44:48.682 [info] > git for-each-ref --format=%(refname)%00%(upstream:short)%00%(objectname)%00%(upstream:track)%00%(upstream:remotename)%00%(upstream:remoteref) refs/heads/master refs/remotes/master [10ms]
2026-08-22 16:44:48.682 [warning] [Git][getBranch] No such branch: master
2026-08-22 16:44:48.699 [info] > git for-each-ref --sort -committerdate --format %(refname)%00%(objectname)%00%(*objectname) [10ms]
2026-08-22 16:44:48.747 [info] > git status -z -uall [61ms]
2026-08-22 16:44:53.761 [info] > git config --get commit.template [6ms]
2026-08-22 16:44:53.769 [info] > git for-each-ref --format=%(refname)%00%(upstream:short)%00%(objectname)%00%(upstream:track)%00%(upstream:remotename)%00%(upstream:remoteref) refs/heads/master refs/remotes/master [10ms]
2026-08-22 16:44:53.769 [warning] [Git][getBranch] No such branch: master
2026-08-22 16:44:53.784 [info] > git for-each-ref --sort -committerdate --format %(refname)%00%(objectname)%00%(*objectname) [10ms]
2026-08-22 16:44:53.833 [info] > git status -z -uall [61ms]
2026-08-22 16:47:04.829 [info] > git config --get commit.template [9ms]
2026-08-22 16:47:04.840 [info] > git for-each-ref --format=%(refname)%00%(upstream:short)%00%(objectname)%00%(upstream:track)%00%(upstream:remotename)%00%(upstream:remoteref) refs/heads/master refs/remotes/master [15ms]
2026-08-22 16:47:04.840 [warning] [Git][getBranch] No such branch: master
2026-08-22 16:47:04.860 [info] > git for-each-ref --sort -committerdate --format %(refname)%00%(objectname)%00%(*objectname) [13ms]
2026-08-22 16:47:05.021 [info] > git status -z -uall [177ms]
2026-08-22 16:47:10.038 [info] > git config --get commit.template [6ms]
2026-08-22 16:47:10.045 [info] > git for-each-ref --format=%(refname)%00%(upstream:short)%00%(objectname)%00%(upstream:track)%00%(upstream:remotename)%00%(upstream:remoteref) refs/heads/master refs/remotes/master [10ms]
2026-08-22 16:47:10.045 [warning] [Git][getBranch] No such branch: master
2026-08-22 16:47:10.063 [info] > git for-each-ref --sort -committerdate --format %(refname)%00%(objectname)%00%(*objectname) [11ms]
2026-08-22 16:47:10.114 [info] > git status -z -uall [65ms]
2026-08-22 16:47:15.130 [info] > git config --get commit.template [6ms]
2026-08-22 16:47:15.138 [info] > git for-each-ref --format=%(refname)%00%(upstream:short)%00%(objectname)%00%(upstream:track)%00%(upstream:remotename)%00%(upstream:remoteref) refs/heads/master refs/remotes/master [11ms]
2026-08-22 16:47:15.138 [warning] [Git][getBranch] No such branch: master
2026-08-22 16:47:15.155 [info] > git for-each-ref --sort -committerdate --format %(refname)%00%(objectname)%00%(*objectname) [10ms]
2026-08-22 16:47:15.204 [info] > git status -z -uall [63ms]
2026-08-22 16:47:18.733 [info] > git log --format=%H%n%aN%n%aE%n%at%n%ct%n%P%n%D%n%B -z --shortstat -n50 --skip=0 --topo-order --decorate=full --stdin [8ms]
2026-08-22 16:47:18.733 [info] fatal: bad revision 'refs/heads/master'
2026-08-22 16:47:18.733 [error] [GitHistoryProvider][provideHistoryItems] Failed to get history items with options '{"historyItemRefs":["refs/heads/master"],"limit":50,"skip":0}': Failed to execute git {
  "exitCode": 128,
  "gitCommand": "log",
  "stdout": "",
  "stderr": "fatal: bad revision 'refs/heads/master'\n"
}
2026-08-22 16:47:20.221 [info] > git config --get commit.template [9ms]
2026-08-22 16:47:20.231 [info] > git for-each-ref --format=%(refname)%00%(upstream:short)%00%(objectname)%00%(upstream:track)%00%(upstream:remotename)%00%(upstream:remoteref) refs/heads/master refs/remotes/master [11ms]
2026-08-22 16:47:20.231 [warning] [Git][getBranch] No such branch: master
2026-08-22 16:47:20.253 [info] > git for-each-ref --sort -committerdate --format %(refname)%00%(objectname)%00%(*objectname) [12ms]
2026-08-22 16:47:20.312 [info] > git status -z -uall [76ms]
2026-08-22 16:47:24.551 [info] > git log --format=%H%n%aN%n%aE%n%at%n%ct%n%P%n%D%n%B -z --shortstat -n50 --skip=0 --topo-order --decorate=full --stdin [8ms]
2026-08-22 16:47:24.551 [info] fatal: bad revision 'refs/heads/master'
2026-08-22 16:47:24.552 [error] [GitHistoryProvider][provideHistoryItems] Failed to get history items with options '{"historyItemRefs":["refs/heads/master"],"limit":50,"skip":0}': Failed to execute git {
  "exitCode": 128,
  "gitCommand": "log",
  "stdout": "",
  "stderr": "fatal: bad revision 'refs/heads/master'\n"
}
2026-08-22 16:47:25.328 [info] > git config --get commit.template [7ms]
2026-08-22 16:47:25.339 [info] > git for-each-ref --format=%(refname)%00%(upstream:short)%00%(objectname)%00%(upstream:track)%00%(upstream:remotename)%00%(upstream:remoteref) refs/heads/master refs/remotes/master [14ms]
2026-08-22 16:47:25.339 [warning] [Git][getBranch] No such branch: master
2026-08-22 16:47:25.357 [info] > git for-each-ref --sort -committerdate --format %(refname)%00%(objectname)%00%(*objectname) [11ms]
2026-08-22 16:47:25.402 [info] > git status -z -uall [59ms]
2026-08-22 16:47:27.221 [info] > git check-ignore -v -z --stdin [10ms]
2026-08-22 16:47:30.417 [info] > git config --get commit.template [6ms]
2026-08-22 16:47:30.425 [info] > git for-each-ref --format=%(refname)%00%(upstream:short)%00%(objectname)%00%(upstream:track)%00%(upstream:remotename)%00%(upstream:remoteref) refs/heads/master refs/remotes/master [9ms]
2026-08-22 16:47:30.425 [warning] [Git][getBranch] No such branch: master
2026-08-22 16:47:30.443 [info] > git for-each-ref --sort -committerdate --format %(refname)%00%(objectname)%00%(*objectname) [10ms]
2026-08-22 16:47:30.490 [info] > git status -z -uall [61ms]
2026-08-22 16:47:35.506 [info] > git config --get commit.template [6ms]
2026-08-22 16:47:35.513 [info] > git for-each-ref --format=%(refname)%00%(upstream:short)%00%(objectname)%00%(upstream:track)%00%(upstream:remotename)%00%(upstream:remoteref) refs/heads/master refs/remotes/master [10ms]
2026-08-22 16:47:35.513 [warning] [Git][getBranch] No such branch: master
2026-08-22 16:47:35.535 [info] > git for-each-ref --sort -committerdate --format %(refname)%00%(objectname)%00%(*objectname) [11ms]
2026-08-22 16:47:35.583 [info] > git status -z -uall [64ms]
2026-08-22 16:47:40.598 [info] > git config --get commit.template [6ms]
2026-08-22 16:47:40.605 [info] > git for-each-ref --format=%(refname)%00%(upstream:short)%00%(objectname)%00%(upstream:track)%00%(upstream:remotename)%00%(upstream:remoteref) refs/heads/master refs/remotes/master [9ms]
2026-08-22 16:47:40.605 [warning] [Git][getBranch] No such branch: master
2026-08-22 16:47:40.623 [info] > git for-each-ref --sort -committerdate --format %(refname)%00%(objectname)%00%(*objectname) [11ms]
2026-08-22 16:47:40.669 [info] > git status -z -uall [60ms]
2026-08-22 16:47:42.273 [info] > git push [9ms]
2026-08-22 16:47:42.273 [info] fatal: The current branch master has no upstream branch.
To push the current branch and set the remote as upstream, use

    git push --set-upstream origin master
2026-08-22 16:47:42.284 [info] > git config --get commit.template [6ms]
2026-08-22 16:47:42.290 [info] > git for-each-ref --format=%(refname)%00%(upstream:short)%00%(objectname)%00%(upstream:track)%00%(upstream:remotename)%00%(upstream:remoteref) refs/heads/master refs/remotes/master [8ms]
2026-08-22 16:47:42.290 [warning] [Git][getBranch] No such branch: master
2026-08-22 16:47:42.307 [info] > git for-each-ref --sort -committerdate --format %(refname)%00%(objectname)%00%(*objectname) [10ms]
2026-08-22 16:47:42.353 [info] > git status -z -uall [59ms]
2026-08-22 16:47:45.684 [info] > git config --get commit.template [6ms]
2026-08-22 16:47:45.691 [info] > git for-each-ref --format=%(refname)%00%(upstream:short)%00%(objectname)%00%(upstream:track)%00%(upstream:remotename)%00%(upstream:remoteref) refs/heads/master refs/remotes/master [9ms]
2026-08-22 16:47:45.692 [warning] [Git][getBranch] No such branch: master
2026-08-22 16:47:45.709 [info] > git for-each-ref --sort -committerdate --format %(refname)%00%(objectname)%00%(*objectname) [11ms]
2026-08-22 16:47:45.755 [info] > git status -z -uall [60ms]
2026-08-22 16:47:48.867 [info] > git push -u origin master [23ms]
2026-08-22 16:47:48.867 [info] error: src refspec master does not match any
error: failed to push some refs to 'https://github.com/jpanigra/agenticAI_IITParvatak.git'
2026-08-22 16:47:48.879 [info] > git config --get commit.template [7ms]
2026-08-22 16:47:48.887 [info] > git for-each-ref --format=%(refname)%00%(upstream:short)%00%(objectname)%00%(upstream:track)%00%(upstream:remotename)%00%(upstream:remoteref) refs/heads/master refs/remotes/master [11ms]
2026-08-22 16:47:48.887 [warning] [Git][getBranch] No such branch: master
2026-08-22 16:47:48.905 [info] > git for-each-ref --sort -committerdate --format %(refname)%00%(objectname)%00%(*objectname) [10ms]
2026-08-22 16:47:48.961 [info] > git status -z -uall [70ms]
2026-08-22 16:47:50.773 [info] > git config --get commit.template [8ms]
2026-08-22 16:47:50.779 [info] > git for-each-ref --format=%(refname)%00%(upstream:short)%00%(objectname)%00%(upstream:track)%00%(upstream:remotename)%00%(upstream:remoteref) refs/heads/master refs/remotes/master [10ms]
2026-08-22 16:47:50.779 [warning] [Git][getBranch] No such branch: master
2026-08-22 16:47:50.805 [info] > git for-each-ref --sort -committerdate --format %(refname)%00%(objectname)%00%(*objectname) [12ms]
2026-08-22 16:47:50.855 [info] > git status -z -uall [65ms]
2026-08-22 16:47:55.869 [info] > git config --get commit.template [5ms]
2026-08-22 16:47:55.876 [info] > git for-each-ref --format=%(refname)%00%(upstream:short)%00%(objectname)%00%(upstream:track)%00%(upstream:remotename)%00%(upstream:remoteref) refs/heads/master refs/remotes/master [9ms]
2026-08-22 16:47:55.876 [warning] [Git][getBranch] No such branch: master
2026-08-22 16:47:55.895 [info] > git for-each-ref --sort -committerdate --format %(refname)%00%(objectname)%00%(*objectname) [12ms]
2026-08-22 16:47:55.948 [info] > git status -z -uall [68ms]
2026-08-22 16:47:58.655 [info] > git for-each-ref --sort -committerdate --format %(refname)%00%(objectname)%00%(*objectname)%00%(parent)%00%(*parent)%00%(authorname)%00%(*authorname)%00%(committerdate:unix)%00%(*committerdate:unix)%00%(subject)%00%(*subject)%00%(upstream:track) [9ms]
2026-08-22 16:47:59.453 [info] > git for-each-ref --sort -committerdate --format %(refname)%00%(objectname)%00%(*objectname)%00%(parent)%00%(*parent)%00%(authorname)%00%(*authorname)%00%(committerdate:unix)%00%(*committerdate:unix)%00%(subject)%00%(*subject)%00%(upstream:track) [10ms]
2026-08-22 16:47:59.793 [info] > git for-each-ref --sort -committerdate --format %(refname)%00%(objectname)%00%(*objectname)%00%(parent)%00%(*parent)%00%(authorname)%00%(*authorname)%00%(committerdate:unix)%00%(*committerdate:unix)%00%(subject)%00%(*subject)%00%(upstream:track) [10ms]
2026-08-22 16:47:59.952 [info] > git for-each-ref --sort -committerdate --format %(refname)%00%(objectname)%00%(*objectname)%00%(parent)%00%(*parent)%00%(authorname)%00%(*authorname)%00%(committerdate:unix)%00%(*committerdate:unix)%00%(subject)%00%(*subject)%00%(upstream:track) [9ms]
2026-08-22 16:48:00.454 [info] > git config --get commit.template [8ms]
2026-08-22 16:48:00.460 [info] > git for-each-ref --format=%(refname)%00%(upstream:short)%00%(objectname)%00%(upstream:track)%00%(upstream:remotename)%00%(upstream:remoteref) refs/heads/master refs/remotes/master [11ms]
2026-08-22 16:48:00.460 [warning] [Git][getBranch] No such branch: master
2026-08-22 16:48:00.478 [info] > git for-each-ref --sort -committerdate --format %(refname)%00%(objectname)%00%(*objectname) [12ms]
2026-08-22 16:48:00.532 [info] > git status -z -uall [68ms]
2026-08-22 16:48:00.962 [info] > git config --get commit.template [6ms]
2026-08-22 16:48:00.970 [info] > git for-each-ref --format=%(refname)%00%(upstream:short)%00%(objectname)%00%(upstream:track)%00%(upstream:remotename)%00%(upstream:remoteref) refs/heads/master refs/remotes/master [8ms]
2026-08-22 16:48:00.970 [warning] [Git][getBranch] No such branch: master
2026-08-22 16:48:00.986 [info] > git for-each-ref --sort -committerdate --format %(refname)%00%(objectname)%00%(*objectname) [10ms]
2026-08-22 16:48:01.038 [info] > git status -z -uall [64ms]
2026-08-22 16:48:01.070 [info] > git config --get commit.template [7ms]
2026-08-22 16:48:01.078 [info] > git for-each-ref --format=%(refname)%00%(upstream:short)%00%(objectname)%00%(upstream:track)%00%(upstream:remotename)%00%(upstream:remoteref) refs/heads/master refs/remotes/master [12ms]
2026-08-22 16:48:01.078 [warning] [Git][getBranch] No such branch: master
2026-08-22 16:48:01.098 [info] > git for-each-ref --sort -committerdate --format %(refname)%00%(objectname)%00%(*objectname) [13ms]
2026-08-22 16:48:01.172 [info] > git status -z -uall [91ms]
2026-08-22 16:48:01.317 [info] > git config --get commit.template [6ms]
2026-08-22 16:48:01.326 [info] > git for-each-ref --format=%(refname)%00%(upstream:short)%00%(objectname)%00%(upstream:track)%00%(upstream:remotename)%00%(upstream:remoteref) refs/heads/master refs/remotes/master [10ms]
2026-08-22 16:48:01.326 [warning] [Git][getBranch] No such branch: master
2026-08-22 16:48:01.344 [info] > git for-each-ref --sort -committerdate --format %(refname)%00%(objectname)%00%(*objectname) [12ms]
2026-08-22 16:48:01.393 [info] > git status -z -uall [64ms]
2026-08-22 16:48:02.247 [info] > git config --get commit.template [6ms]
2026-08-22 16:48:02.255 [info] > git for-each-ref --format=%(refname)%00%(upstream:short)%00%(objectname)%00%(upstream:track)%00%(upstream:remotename)%00%(upstream:remoteref) refs/heads/master refs/remotes/master [9ms]
2026-08-22 16:48:02.255 [warning] [Git][getBranch] No such branch: master
2026-08-22 16:48:02.271 [info] > git for-each-ref --sort -committerdate --format %(refname)%00%(objectname)%00%(*objectname) [9ms]
2026-08-22 16:48:02.319 [info] > git status -z -uall [60ms]
2026-08-22 16:48:02.876 [info] > git config --get commit.template [6ms]
2026-08-22 16:48:02.883 [info] > git for-each-ref --format=%(refname)%00%(upstream:short)%00%(objectname)%00%(upstream:track)%00%(upstream:remotename)%00%(upstream:remoteref) refs/heads/master refs/remotes/master [10ms]
2026-08-22 16:48:02.883 [warning] [Git][getBranch] No such branch: master
2026-08-22 16:48:02.901 [info] > git for-each-ref --sort -committerdate --format %(refname)%00%(objectname)%00%(*objectname) [11ms]
2026-08-22 16:48:02.957 [info] > git status -z -uall [70ms]
2026-08-22 16:48:03.096 [info] > git for-each-ref --format=%(refname)%00%(upstream:short)%00%(objectname)%00%(upstream:track)%00%(upstream:remotename)%00%(upstream:remoteref) refs/heads/master refs/remotes/master [39ms]
2026-08-22 16:48:03.096 [warning] [Git][getBranch] No such branch: master
2026-08-22 16:48:03.096 [info] > git config --get commit.template [43ms]
2026-08-22 16:48:03.121 [info] > git for-each-ref --sort -committerdate --format %(refname)%00%(objectname)%00%(*objectname) [12ms]
2026-08-22 16:48:03.177 [info] > git status -z -uall [71ms]
2026-08-22 16:48:03.251 [info] > git config --get commit.template [6ms]
2026-08-22 16:48:03.259 [info] > git for-each-ref --format=%(refname)%00%(upstream:short)%00%(objectname)%00%(upstream:track)%00%(upstream:remotename)%00%(upstream:remoteref) refs/heads/master refs/remotes/master [10ms]
2026-08-22 16:48:03.259 [warning] [Git][getBranch] No such branch: master
2026-08-22 16:48:03.277 [info] > git for-each-ref --sort -committerdate --format %(refname)%00%(objectname)%00%(*objectname) [11ms]
2026-08-22 16:48:03.331 [info] > git status -z -uall [68ms]
2026-08-22 16:48:03.413 [info] > git config --get commit.template [7ms]
2026-08-22 16:48:03.421 [info] > git for-each-ref --format=%(refname)%00%(upstream:short)%00%(objectname)%00%(upstream:track)%00%(upstream:remotename)%00%(upstream:remoteref) refs/heads/master refs/remotes/master [10ms]
2026-08-22 16:48:03.421 [warning] [Git][getBranch] No such branch: master
2026-08-22 16:48:03.484 [info] > git for-each-ref --sort -committerdate --format %(refname)%00%(objectname)%00%(*objectname) [56ms]
2026-08-22 16:48:03.491 [info] > git status -z -uall [66ms]
2026-08-22 16:48:03.670 [info] > git config --get commit.template [13ms]
2026-08-22 16:48:03.678 [info] > git for-each-ref --format=%(refname)%00%(upstream:short)%00%(objectname)%00%(upstream:track)%00%(upstream:remotename)%00%(upstream:remoteref) refs/heads/master refs/remotes/master [18ms]
2026-08-22 16:48:03.678 [warning] [Git][getBranch] No such branch: master
2026-08-22 16:48:03.696 [info] > git for-each-ref --sort -committerdate --format %(refname)%00%(objectname)%00%(*objectname) [11ms]
2026-08-22 16:48:03.748 [info] > git status -z -uall [67ms]
2026-08-22 16:48:06.056 [info] > git config --get commit.template [7ms]
2026-08-22 16:48:06.063 [info] > git for-each-ref --format=%(refname)%00%(upstream:short)%00%(objectname)%00%(upstream:track)%00%(upstream:remotename)%00%(upstream:remoteref) refs/heads/master refs/remotes/master [11ms]
2026-08-22 16:48:06.063 [warning] [Git][getBranch] No such branch: master
2026-08-22 16:48:06.090 [info] > git for-each-ref --sort -committerdate --format %(refname)%00%(objectname)%00%(*objectname) [14ms]
2026-08-22 16:48:06.210 [info] > git status -z -uall [137ms]
2026-08-22 16:48:08.167 [info] > git check-ignore -v -z --stdin [11ms]
2026-08-22 16:48:08.298 [info] > git show --textconv :.git/COMMIT_EDITMSG [10ms]
2026-08-22 16:48:08.299 [warning] [GitFileSystemProvider][readFile] File not found - git:/voc/work/.git/COMMIT_EDITMSG.git?%7B%22path%22%3A%22%2Fvoc%2Fwork%2F.git%2FCOMMIT_EDITMSG%22%2C%22ref%22%3A%22%22%7D
2026-08-22 16:48:08.306 [info] > git ls-files --stage -- .git/COMMIT_EDITMSG [15ms]
2026-08-22 16:48:08.312 [warning] [GitFileSystemProvider][stat] File not found - git:/voc/work/.git/COMMIT_EDITMSG.git?%7B%22path%22%3A%22%2Fvoc%2Fwork%2F.git%2FCOMMIT_EDITMSG%22%2C%22ref%22%3A%22%22%7D
2026-08-22 16:48:36.798 [info] > git log --format=%H%n%aN%n%aE%n%at%n%ct%n%P%n%D%n%B -z --shortstat -n50 --skip=0 --topo-order --decorate=full --stdin [8ms]
2026-08-22 16:48:36.798 [info] fatal: bad revision 'refs/heads/master'
2026-08-22 16:48:36.798 [error] [GitHistoryProvider][provideHistoryItems] Failed to get history items with options '{"historyItemRefs":["refs/heads/master"],"limit":50,"skip":0}': Failed to execute git {
  "exitCode": 128,
  "gitCommand": "log",
  "stdout": "",
  "stderr": "fatal: bad revision 'refs/heads/master'\n"
}
2026-08-22 16:48:48.347 [info] > git -c user.useConfigOnly=true commit --quiet [41726ms]
2026-08-22 16:48:48.347 [info] Aborting commit due to empty commit message.
2026-08-22 16:48:48.358 [info] > git config --get commit.template [7ms]
2026-08-22 16:48:48.365 [info] > git for-each-ref --format=%(refname)%00%(upstream:short)%00%(objectname)%00%(upstream:track)%00%(upstream:remotename)%00%(upstream:remoteref) refs/heads/master refs/remotes/master [9ms]
2026-08-22 16:48:48.365 [warning] [Git][getBranch] No such branch: master
2026-08-22 16:48:48.382 [info] > git for-each-ref --sort -committerdate --format %(refname)%00%(objectname)%00%(*objectname) [11ms]
2026-08-22 16:48:48.426 [info] > git status -z -uall [58ms]
2026-08-22 16:48:48.442 [info] > git config --get commit.template [6ms]
2026-08-22 16:48:48.449 [info] > git for-each-ref --format=%(refname)%00%(upstream:short)%00%(objectname)%00%(upstream:track)%00%(upstream:remotename)%00%(upstream:remoteref) refs/heads/master refs/remotes/master [9ms]
2026-08-22 16:48:48.449 [warning] [Git][getBranch] No such branch: master
2026-08-22 16:48:48.465 [info] > git for-each-ref --sort -committerdate --format %(refname)%00%(objectname)%00%(*objectname) [10ms]
2026-08-22 16:48:48.509 [info] > git status -z -uall [56ms]
2026-08-22 16:48:53.524 [info] > git config --get commit.template [5ms]
2026-08-22 16:48:53.533 [info] > git for-each-ref --format=%(refname)%00%(upstream:short)%00%(objectname)%00%(upstream:track)%00%(upstream:remotename)%00%(upstream:remoteref) refs/heads/master refs/remotes/master [11ms]
2026-08-22 16:48:53.533 [warning] [Git][getBranch] No such branch: master
2026-08-22 16:48:53.558 [info] > git for-each-ref --sort -committerdate --format %(refname)%00%(objectname)%00%(*objectname) [10ms]
2026-08-22 16:48:53.605 [info] > git status -z -uall [60ms]
2026-08-22 16:48:58.621 [info] > git config --get commit.template [6ms]
2026-08-22 16:48:58.629 [info] > git for-each-ref --format=%(refname)%00%(upstream:short)%00%(objectname)%00%(upstream:track)%00%(upstream:remotename)%00%(upstream:remoteref) refs/heads/master refs/remotes/master [11ms]
2026-08-22 16:48:58.629 [warning] [Git][getBranch] No such branch: master
2026-08-22 16:48:58.645 [info] > git for-each-ref --sort -committerdate --format %(refname)%00%(objectname)%00%(*objectname) [10ms]
2026-08-22 16:48:58.691 [info] > git status -z -uall [59ms]
2026-08-22 16:49:03.705 [info] > git config --get commit.template [5ms]
2026-08-22 16:49:03.713 [info] > git for-each-ref --format=%(refname)%00%(upstream:short)%00%(objectname)%00%(upstream:track)%00%(upstream:remotename)%00%(upstream:remoteref) refs/heads/master refs/remotes/master [9ms]
2026-08-22 16:49:03.713 [warning] [Git][getBranch] No such branch: master
2026-08-22 16:49:03.738 [info] > git for-each-ref --sort -committerdate --format %(refname)%00%(objectname)%00%(*objectname) [11ms]
2026-08-22 16:49:03.783 [info] > git status -z -uall [59ms]
2026-08-22 16:49:08.798 [info] > git config --get commit.template [6ms]
2026-08-22 16:49:08.806 [info] > git for-each-ref --format=%(refname)%00%(upstream:short)%00%(objectname)%00%(upstream:track)%00%(upstream:remotename)%00%(upstream:remoteref) refs/heads/master refs/remotes/master [10ms]
2026-08-22 16:49:08.807 [warning] [Git][getBranch] No such branch: master
2026-08-22 16:49:08.824 [info] > git for-each-ref --sort -committerdate --format %(refname)%00%(objectname)%00%(*objectname) [10ms]
2026-08-22 16:49:08.930 [info] > git status -z -uall [120ms]
2026-08-22 16:49:13.944 [info] > git config --get commit.template [6ms]
2026-08-22 16:49:13.951 [info] > git for-each-ref --format=%(refname)%00%(upstream:short)%00%(objectname)%00%(upstream:track)%00%(upstream:remotename)%00%(upstream:remoteref) refs/heads/master refs/remotes/master [10ms]
2026-08-22 16:49:13.951 [warning] [Git][getBranch] No such branch: master
2026-08-22 16:49:13.975 [info] > git for-each-ref --sort -committerdate --format %(refname)%00%(objectname)%00%(*objectname) [10ms]
2026-08-22 16:49:14.024 [info] > git status -z -uall [62ms]
2026-08-22 16:49:19.039 [info] > git config --get commit.template [6ms]
2026-08-22 16:49:19.046 [info] > git for-each-ref --format=%(refname)%00%(upstream:short)%00%(objectname)%00%(upstream:track)%00%(upstream:remotename)%00%(upstream:remoteref) refs/heads/master refs/remotes/master [10ms]
2026-08-22 16:49:19.046 [warning] [Git][getBranch] No such branch: master
2026-08-22 16:49:19.068 [info] > git for-each-ref --sort -committerdate --format %(refname)%00%(objectname)%00%(*objectname) [8ms]
2026-08-22 16:49:19.117 [info] > git status -z -uall [61ms]
2026-08-22 16:49:24.131 [info] > git config --get commit.template [5ms]
2026-08-22 16:49:24.138 [info] > git for-each-ref --format=%(refname)%00%(upstream:short)%00%(objectname)%00%(upstream:track)%00%(upstream:remotename)%00%(upstream:remoteref) refs/heads/master refs/remotes/master [9ms]
2026-08-22 16:49:24.138 [warning] [Git][getBranch] No such branch: master
2026-08-22 16:49:24.162 [info] > git for-each-ref --sort -committerdate --format %(refname)%00%(objectname)%00%(*objectname) [10ms]
2026-08-22 16:49:24.208 [info] > git status -z -uall [59ms]
2026-08-22 16:49:27.162 [info] > git log --format=%H%n%aN%n%aE%n%at%n%ct%n%P%n%D%n%B -z --shortstat -n50 --skip=0 --topo-order --decorate=full --stdin [6ms]
2026-08-22 16:49:27.163 [info] fatal: bad revision 'refs/heads/master'
2026-08-22 16:49:27.163 [error] [GitHistoryProvider][provideHistoryItems] Failed to get history items with options '{"historyItemRefs":["refs/heads/master"],"limit":50,"skip":0}': Failed to execute git {
  "exitCode": 128,
  "gitCommand": "log",
  "stdout": "",
  "stderr": "fatal: bad revision 'refs/heads/master'\n"
}
2026-08-22 16:49:29.221 [info] > git config --get commit.template [5ms]
2026-08-22 16:49:29.228 [info] > git for-each-ref --format=%(refname)%00%(upstream:short)%00%(objectname)%00%(upstream:track)%00%(upstream:remotename)%00%(upstream:remoteref) refs/heads/master refs/remotes/master [9ms]
2026-08-22 16:49:29.229 [warning] [Git][getBranch] No such branch: master
2026-08-22 16:49:29.243 [info] > git for-each-ref --sort -committerdate --format %(refname)%00%(objectname)%00%(*objectname) [8ms]
2026-08-22 16:49:29.292 [info] > git status -z -uall [60ms]
2026-08-22 16:49:29.910 [info] > git config --get commit.template [5ms]
2026-08-22 16:49:29.917 [info] > git for-each-ref --format=%(refname)%00%(upstream:short)%00%(objectname)%00%(upstream:track)%00%(upstream:remotename)%00%(upstream:remoteref) refs/heads/master refs/remotes/master [8ms]
2026-08-22 16:49:29.917 [warning] [Git][getBranch] No such branch: master
2026-08-22 16:49:29.940 [info] > git for-each-ref --sort -committerdate --format %(refname)%00%(objectname)%00%(*objectname) [9ms]
2026-08-22 16:49:29.988 [info] > git status -z -uall [60ms]
2026-08-22 16:49:30.377 [info] > git config --get commit.template [5ms]
2026-08-22 16:49:30.384 [info] > git for-each-ref --format=%(refname)%00%(upstream:short)%00%(objectname)%00%(upstream:track)%00%(upstream:remotename)%00%(upstream:remoteref) refs/heads/master refs/remotes/master [8ms]
2026-08-22 16:49:30.385 [warning] [Git][getBranch] No such branch: master
2026-08-22 16:49:30.402 [info] > git for-each-ref --sort -committerdate --format %(refname)%00%(objectname)%00%(*objectname) [11ms]
2026-08-22 16:49:30.452 [info] > git status -z -uall [64ms]
2026-08-22 16:49:30.597 [info] > git config --get commit.template [5ms]
2026-08-22 16:49:30.603 [info] > git for-each-ref --format=%(refname)%00%(upstream:short)%00%(objectname)%00%(upstream:track)%00%(upstream:remotename)%00%(upstream:remoteref) refs/heads/master refs/remotes/master [8ms]
2026-08-22 16:49:30.603 [warning] [Git][getBranch] No such branch: master
2026-08-22 16:49:30.622 [info] > git for-each-ref --sort -committerdate --format %(refname)%00%(objectname)%00%(*objectname) [11ms]
2026-08-22 16:49:30.667 [info] > git status -z -uall [60ms]
2026-08-22 16:49:30.752 [info] > git config --get commit.template [5ms]
2026-08-22 16:49:30.759 [info] > git for-each-ref --format=%(refname)%00%(upstream:short)%00%(objectname)%00%(upstream:track)%00%(upstream:remotename)%00%(upstream:remoteref) refs/heads/master refs/remotes/master [9ms]
2026-08-22 16:49:30.759 [warning] [Git][getBranch] No such branch: master
2026-08-22 16:49:30.812 [info] > git for-each-ref --sort -committerdate --format %(refname)%00%(objectname)%00%(*objectname) [46ms]
2026-08-22 16:49:30.826 [info] > git status -z -uall [63ms]
2026-08-22 16:49:30.923 [info] > git config --get commit.template [5ms]
2026-08-22 16:49:30.960 [info] > git for-each-ref --format=%(refname)%00%(upstream:short)%00%(objectname)%00%(upstream:track)%00%(upstream:remotename)%00%(upstream:remoteref) refs/heads/master refs/remotes/master [39ms]
2026-08-22 16:49:30.961 [warning] [Git][getBranch] No such branch: master
2026-08-22 16:49:30.978 [info] > git for-each-ref --sort -committerdate --format %(refname)%00%(objectname)%00%(*objectname) [11ms]
2026-08-22 16:49:31.026 [info] > git status -z -uall [62ms]
2026-08-22 16:49:31.125 [info] > git config --get commit.template [5ms]
2026-08-22 16:49:31.160 [info] > git for-each-ref --format=%(refname)%00%(upstream:short)%00%(objectname)%00%(upstream:track)%00%(upstream:remotename)%00%(upstream:remoteref) refs/heads/master refs/remotes/master [36ms]
2026-08-22 16:49:31.160 [warning] [Git][getBranch] No such branch: master
2026-08-22 16:49:31.193 [info] > git for-each-ref --sort -committerdate --format %(refname)%00%(objectname)%00%(*objectname) [19ms]
2026-08-22 16:49:31.257 [info] > git status -z -uall [87ms]
2026-08-22 16:49:31.404 [info] > git config --get commit.template [8ms]
2026-08-22 16:49:31.413 [info] > git for-each-ref --format=%(refname)%00%(upstream:short)%00%(objectname)%00%(upstream:track)%00%(upstream:remotename)%00%(upstream:remoteref) refs/heads/master refs/remotes/master [12ms]
2026-08-22 16:49:31.413 [warning] [Git][getBranch] No such branch: master
2026-08-22 16:49:31.431 [info] > git for-each-ref --sort -committerdate --format %(refname)%00%(objectname)%00%(*objectname) [11ms]
2026-08-22 16:49:31.494 [info] > git status -z -uall [77ms]
2026-08-22 16:49:31.560 [info] > git config --get commit.template [6ms]
2026-08-22 16:49:31.569 [info] > git for-each-ref --format=%(refname)%00%(upstream:short)%00%(objectname)%00%(upstream:track)%00%(upstream:remotename)%00%(upstream:remoteref) refs/heads/master refs/remotes/master [11ms]
2026-08-22 16:49:31.569 [warning] [Git][getBranch] No such branch: master
2026-08-22 16:49:31.588 [info] > git for-each-ref --sort -committerdate --format %(refname)%00%(objectname)%00%(*objectname) [12ms]
2026-08-22 16:49:31.653 [info] > git status -z -uall [81ms]
2026-08-22 16:49:31.800 [info] > git config --get commit.template [8ms]
2026-08-22 16:49:31.809 [info] > git for-each-ref --format=%(refname)%00%(upstream:short)%00%(objectname)%00%(upstream:track)%00%(upstream:remotename)%00%(upstream:remoteref) refs/heads/master refs/remotes/master [13ms]
2026-08-22 16:49:31.809 [warning] [Git][getBranch] No such branch: master
2026-08-22 16:49:31.830 [info] > git for-each-ref --sort -committerdate --format %(refname)%00%(objectname)%00%(*objectname) [15ms]
2026-08-22 16:49:31.893 [info] > git status -z -uall [80ms]
2026-08-22 16:49:32.032 [info] > git for-each-ref --format=%(refname)%00%(upstream:short)%00%(objectname)%00%(upstream:track)%00%(upstream:remotename)%00%(upstream:remoteref) refs/heads/master refs/remotes/master [34ms]
2026-08-22 16:49:32.032 [warning] [Git][getBranch] No such branch: master
2026-08-22 16:49:32.032 [info] > git config --get commit.template [40ms]
2026-08-22 16:49:32.058 [info] > git for-each-ref --sort -committerdate --format %(refname)%00%(objectname)%00%(*objectname) [12ms]
2026-08-22 16:49:32.120 [info] > git status -z -uall [76ms]
2026-08-22 16:49:33.250 [info] > git config --get commit.template [4ms]
2026-08-22 16:49:33.257 [info] > git for-each-ref --format=%(refname)%00%(upstream:short)%00%(objectname)%00%(upstream:track)%00%(upstream:remotename)%00%(upstream:remoteref) refs/heads/master refs/remotes/master [9ms]
2026-08-22 16:49:33.257 [warning] [Git][getBranch] No such branch: master
2026-08-22 16:49:33.271 [info] > git for-each-ref --sort -committerdate --format %(refname)%00%(objectname)%00%(*objectname) [7ms]
2026-08-22 16:49:33.316 [info] > git status -z -uall [55ms]
2026-08-22 16:49:33.591 [info] > git config --get commit.template [6ms]
2026-08-22 16:49:33.599 [info] > git for-each-ref --format=%(refname)%00%(upstream:short)%00%(objectname)%00%(upstream:track)%00%(upstream:remotename)%00%(upstream:remoteref) refs/heads/master refs/remotes/master [10ms]
2026-08-22 16:49:33.599 [warning] [Git][getBranch] No such branch: master
2026-08-22 16:49:33.614 [info] > git for-each-ref --sort -committerdate --format %(refname)%00%(objectname)%00%(*objectname) [8ms]
2026-08-22 16:49:33.665 [info] > git status -z -uall [62ms]
2026-08-22 16:49:34.191 [info] > git config --get commit.template [5ms]
2026-08-22 16:49:34.199 [info] > git for-each-ref --format=%(refname)%00%(upstream:short)%00%(objectname)%00%(upstream:track)%00%(upstream:remotename)%00%(upstream:remoteref) refs/heads/master refs/remotes/master [8ms]
2026-08-22 16:49:34.199 [warning] [Git][getBranch] No such branch: master
2026-08-22 16:49:34.221 [info] > git for-each-ref --sort -committerdate --format %(refname)%00%(objectname)%00%(*objectname) [9ms]
2026-08-22 16:49:34.272 [info] > git status -z -uall [63ms]
2026-08-22 16:49:34.305 [info] > git config --get commit.template [6ms]
2026-08-22 16:49:34.312 [info] > git for-each-ref --format=%(refname)%00%(upstream:short)%00%(objectname)%00%(upstream:track)%00%(upstream:remotename)%00%(upstream:remoteref) refs/heads/master refs/remotes/master [9ms]
2026-08-22 16:49:34.312 [warning] [Git][getBranch] No such branch: master
2026-08-22 16:49:34.338 [info] > git for-each-ref --sort -committerdate --format %(refname)%00%(objectname)%00%(*objectname) [12ms]
2026-08-22 16:49:34.409 [info] > git status -z -uall [86ms]
2026-08-22 16:49:34.423 [info] > git config --get commit.template [6ms]
2026-08-22 16:49:34.431 [info] > git for-each-ref --format=%(refname)%00%(upstream:short)%00%(objectname)%00%(upstream:track)%00%(upstream:remotename)%00%(upstream:remoteref) refs/heads/master refs/remotes/master [11ms]
2026-08-22 16:49:34.431 [warning] [Git][getBranch] No such branch: master
2026-08-22 16:49:34.450 [info] > git for-each-ref --sort -committerdate --format %(refname)%00%(objectname)%00%(*objectname) [11ms]
2026-08-22 16:49:34.506 [info] > git status -z -uall [71ms]
2026-08-22 16:49:36.423 [info] > git config --get commit.template [5ms]
2026-08-22 16:49:36.430 [info] > git for-each-ref --format=%(refname)%00%(upstream:short)%00%(objectname)%00%(upstream:track)%00%(upstream:remotename)%00%(upstream:remoteref) refs/heads/master refs/remotes/master [8ms]
2026-08-22 16:49:36.431 [warning] [Git][getBranch] No such branch: master
2026-08-22 16:49:36.448 [info] > git for-each-ref --sort -committerdate --format %(refname)%00%(objectname)%00%(*objectname) [11ms]
2026-08-22 16:49:36.497 [info] > git status -z -uall [63ms]
2026-08-22 16:49:38.036 [info] > git show --textconv :.git/COMMIT_EDITMSG [9ms]
2026-08-22 16:49:38.037 [warning] [GitFileSystemProvider][readFile] File not found - git:/voc/work/.git/COMMIT_EDITMSG.git?%7B%22path%22%3A%22%2Fvoc%2Fwork%2F.git%2FCOMMIT_EDITMSG%22%2C%22ref%22%3A%22%22%7D
2026-08-22 16:49:38.045 [info] > git ls-files --stage -- .git/COMMIT_EDITMSG [14ms]
2026-08-22 16:49:38.045 [warning] [GitFileSystemProvider][stat] File not found - git:/voc/work/.git/COMMIT_EDITMSG.git?%7B%22path%22%3A%22%2Fvoc%2Fwork%2F.git%2FCOMMIT_EDITMSG%22%2C%22ref%22%3A%22%22%7D
2026-08-22 16:49:43.469 [info] > git -c user.useConfigOnly=true commit --quiet [6551ms]
2026-08-22 16:49:43.469 [info] Aborting commit due to empty commit message.
2026-08-22 16:49:43.478 [info] > git config --get commit.template [5ms]
2026-08-22 16:49:43.485 [info] > git for-each-ref --format=%(refname)%00%(upstream:short)%00%(objectname)%00%(upstream:track)%00%(upstream:remotename)%00%(upstream:remoteref) refs/heads/master refs/remotes/master [8ms]
2026-08-22 16:49:43.485 [warning] [Git][getBranch] No such branch: master
2026-08-22 16:49:43.508 [info] > git for-each-ref --sort -committerdate --format %(refname)%00%(objectname)%00%(*objectname) [10ms]
2026-08-22 16:49:43.554 [info] > git status -z -uall [59ms]
2026-08-22 16:49:43.568 [info] > git config --get commit.template [6ms]
2026-08-22 16:49:43.577 [info] > git for-each-ref --format=%(refname)%00%(upstream:short)%00%(objectname)%00%(upstream:track)%00%(upstream:remotename)%00%(upstream:remoteref) refs/heads/master refs/remotes/master [11ms]
2026-08-22 16:49:43.577 [warning] [Git][getBranch] No such branch: master
2026-08-22 16:49:43.594 [info] > git for-each-ref --sort -committerdate --format %(refname)%00%(objectname)%00%(*objectname) [10ms]
2026-08-22 16:49:43.641 [info] > git status -z -uall [61ms]
2026-08-22 16:49:47.822 [info] > git log --oneline --cherry master...master@{upstream} -- [8ms]
2026-08-22 16:49:47.822 [info] fatal: no such branch: 'master...master'
2026-08-22 16:49:48.862 [info] > git pull --tags [1035ms]
2026-08-22 16:49:48.862 [info] From https://github.com/jpanigra/agenticAI_IITParvatak
 * [new branch]      Dev        -> origin/Dev
 * [new branch]      Master     -> origin/Master
 * [new branch]      main       -> origin/main
 * [new branch]      prod       -> origin/prod
There is no tracking information for the current branch.
Please specify which branch you want to merge with.
See git-pull(1) for details.

    git pull <remote> <branch>

If you wish to set tracking information for this branch you can do so with:

    git branch --set-upstream-to=origin/<branch> master
2026-08-22 16:49:48.871 [info] > git config --get commit.template [5ms]
2026-08-22 16:49:48.879 [info] > git for-each-ref --format=%(refname)%00%(upstream:short)%00%(objectname)%00%(upstream:track)%00%(upstream:remotename)%00%(upstream:remoteref) refs/heads/master refs/remotes/master [9ms]
2026-08-22 16:49:48.880 [warning] [Git][getBranch] No such branch: master
2026-08-22 16:49:48.912 [info] > git for-each-ref --sort -committerdate --format %(refname)%00%(objectname)%00%(*objectname) [19ms]
2026-08-22 16:49:48.949 [info] > git status -z -uall [59ms]
2026-08-22 16:49:48.964 [info] > git config --get commit.template [6ms]
2026-08-22 16:49:48.970 [info] > git for-each-ref --format=%(refname)%00%(upstream:short)%00%(objectname)%00%(upstream:track)%00%(upstream:remotename)%00%(upstream:remoteref) refs/heads/master refs/remotes/master [9ms]
2026-08-22 16:49:48.971 [warning] [Git][getBranch] No such branch: master
2026-08-22 16:49:48.996 [info] > git for-each-ref --sort -committerdate --format %(refname)%00%(objectname)%00%(*objectname) [19ms]
2026-08-22 16:49:49.042 [info] > git status -z -uall [68ms]
2026-08-22 16:49:49.271 [info] > git log --format=%H%n%aN%n%aE%n%at%n%ct%n%P%n%D%n%B -z --shortstat -n50 --skip=0 --topo-order --decorate=full --stdin [8ms]
2026-08-22 16:49:49.271 [info] fatal: bad revision 'refs/heads/master'
2026-08-22 16:49:49.271 [error] [GitHistoryProvider][provideHistoryItems] Failed to get history items with options '{"historyItemRefs":["refs/heads/master"],"limit":50,"skip":0}': Failed to execute git {
  "exitCode": 128,
  "gitCommand": "log",
  "stdout": "",
  "stderr": "fatal: bad revision 'refs/heads/master'\n"
}
2026-08-22 16:49:54.055 [info] > git config --get commit.template [5ms]
2026-08-22 16:49:54.062 [info] > git for-each-ref --format=%(refname)%00%(upstream:short)%00%(objectname)%00%(upstream:track)%00%(upstream:remotename)%00%(upstream:remoteref) refs/heads/master refs/remotes/master [8ms]
2026-08-22 16:49:54.062 [warning] [Git][getBranch] No such branch: master
2026-08-22 16:49:54.086 [info] > git for-each-ref --sort -committerdate --format %(refname)%00%(objectname)%00%(*objectname) [17ms]
2026-08-22 16:49:54.125 [info] > git status -z -uall [59ms]
2026-08-22 16:49:59.139 [info] > git config --get commit.template [5ms]
2026-08-22 16:49:59.147 [info] > git for-each-ref --format=%(refname)%00%(upstream:short)%00%(objectname)%00%(upstream:track)%00%(upstream:remotename)%00%(upstream:remoteref) refs/heads/master refs/remotes/master [9ms]
2026-08-22 16:49:59.147 [warning] [Git][getBranch] No such branch: master
2026-08-22 16:49:59.169 [info] > git for-each-ref --sort -committerdate --format %(refname)%00%(objectname)%00%(*objectname) [15ms]
2026-08-22 16:49:59.209 [info] > git status -z -uall [58ms]
2026-08-22 16:50:04.223 [info] > git config --get commit.template [5ms]
2026-08-22 16:50:04.230 [info] > git for-each-ref --format=%(refname)%00%(upstream:short)%00%(objectname)%00%(upstream:track)%00%(upstream:remotename)%00%(upstream:remoteref) refs/heads/master refs/remotes/master [8ms]
2026-08-22 16:50:04.230 [warning] [Git][getBranch] No such branch: master
2026-08-22 16:50:04.251 [info] > git for-each-ref --sort -committerdate --format %(refname)%00%(objectname)%00%(*objectname) [14ms]
2026-08-22 16:50:04.293 [info] > git status -z -uall [59ms]
2026-08-22 16:50:09.308 [info] > git config --get commit.template [6ms]
2026-08-22 16:50:09.315 [info] > git for-each-ref --format=%(refname)%00%(upstream:short)%00%(objectname)%00%(upstream:track)%00%(upstream:remotename)%00%(upstream:remoteref) refs/heads/master refs/remotes/master [9ms]
2026-08-22 16:50:09.315 [warning] [Git][getBranch] No such branch: master
2026-08-22 16:50:09.340 [info] > git for-each-ref --sort -committerdate --format %(refname)%00%(objectname)%00%(*objectname) [18ms]
2026-08-22 16:50:09.455 [info] > git status -z -uall [136ms]
2026-08-22 16:50:14.469 [info] > git config --get commit.template [5ms]
2026-08-22 16:50:14.476 [info] > git for-each-ref --format=%(refname)%00%(upstream:short)%00%(objectname)%00%(upstream:track)%00%(upstream:remotename)%00%(upstream:remoteref) refs/heads/master refs/remotes/master [8ms]
2026-08-22 16:50:14.476 [warning] [Git][getBranch] No such branch: master
2026-08-22 16:50:14.506 [info] > git for-each-ref --sort -committerdate --format %(refname)%00%(objectname)%00%(*objectname) [15ms]
2026-08-22 16:50:14.547 [info] > git status -z -uall [60ms]
2026-08-22 16:50:19.561 [info] > git config --get commit.template [4ms]
2026-08-22 16:50:19.568 [info] > git for-each-ref --format=%(refname)%00%(upstream:short)%00%(objectname)%00%(upstream:track)%00%(upstream:remotename)%00%(upstream:remoteref) refs/heads/master refs/remotes/master [9ms]
2026-08-22 16:50:19.568 [warning] [Git][getBranch] No such branch: master
2026-08-22 16:50:19.598 [info] > git for-each-ref --sort -committerdate --format %(refname)%00%(objectname)%00%(*objectname) [16ms]
2026-08-22 16:50:19.639 [info] > git status -z -uall [60ms]
2026-08-22 16:50:24.653 [info] > git config --get commit.template [5ms]
2026-08-22 16:50:24.660 [info] > git for-each-ref --format=%(refname)%00%(upstream:short)%00%(objectname)%00%(upstream:track)%00%(upstream:remotename)%00%(upstream:remoteref) refs/heads/master refs/remotes/master [8ms]
2026-08-22 16:50:24.660 [warning] [Git][getBranch] No such branch: master
2026-08-22 16:50:24.688 [info] > git for-each-ref --sort -committerdate --format %(refname)%00%(objectname)%00%(*objectname) [15ms]
2026-08-22 16:50:24.731 [info] > git status -z -uall [60ms]
2026-08-22 16:50:29.744 [info] > git config --get commit.template [5ms]
2026-08-22 16:50:29.751 [info] > git for-each-ref --format=%(refname)%00%(upstream:short)%00%(objectname)%00%(upstream:track)%00%(upstream:remotename)%00%(upstream:remoteref) refs/heads/master refs/remotes/master [8ms]
2026-08-22 16:50:29.752 [warning] [Git][getBranch] No such branch: master
2026-08-22 16:50:29.772 [info] > git for-each-ref --sort -committerdate --format %(refname)%00%(objectname)%00%(*objectname) [14ms]
2026-08-22 16:50:29.812 [info] > git status -z -uall [57ms]
2026-08-22 16:50:34.827 [info] > git config --get commit.template [5ms]
2026-08-22 16:50:34.835 [info] > git for-each-ref --format=%(refname)%00%(upstream:short)%00%(objectname)%00%(upstream:track)%00%(upstream:remotename)%00%(upstream:remoteref) refs/heads/master refs/remotes/master [10ms]
2026-08-22 16:50:34.835 [warning] [Git][getBranch] No such branch: master
2026-08-22 16:50:34.868 [info] > git for-each-ref --sort -committerdate --format %(refname)%00%(objectname)%00%(*objectname) [17ms]
2026-08-22 16:50:34.916 [info] > git status -z -uall [69ms]
2026-08-22 16:50:39.931 [info] > git config --get commit.template [5ms]
2026-08-22 16:50:39.938 [info] > git for-each-ref --format=%(refname)%00%(upstream:short)%00%(objectname)%00%(upstream:track)%00%(upstream:remotename)%00%(upstream:remoteref) refs/heads/master refs/remotes/master [8ms]
2026-08-22 16:50:39.939 [warning] [Git][getBranch] No such branch: master
2026-08-22 16:50:39.975 [info] > git for-each-ref --sort -committerdate --format %(refname)%00%(objectname)%00%(*objectname) [17ms]
2026-08-22 16:50:40.018 [info] > git status -z -uall [63ms]
2026-08-22 16:50:45.031 [info] > git config --get commit.template [5ms]
2026-08-22 16:50:45.038 [info] > git for-each-ref --format=%(refname)%00%(upstream:short)%00%(objectname)%00%(upstream:track)%00%(upstream:remotename)%00%(upstream:remoteref) refs/heads/master refs/remotes/master [8ms]
2026-08-22 16:50:45.038 [warning] [Git][getBranch] No such branch: master
2026-08-22 16:50:45.068 [info] > git for-each-ref --sort -committerdate --format %(refname)%00%(objectname)%00%(*objectname) [16ms]
2026-08-22 16:50:45.109 [info] > git status -z -uall [61ms]
2026-08-22 16:50:50.123 [info] > git config --get commit.template [5ms]
2026-08-22 16:50:50.130 [info] > git for-each-ref --format=%(refname)%00%(upstream:short)%00%(objectname)%00%(upstream:track)%00%(upstream:remotename)%00%(upstream:remoteref) refs/heads/master refs/remotes/master [8ms]
2026-08-22 16:50:50.130 [warning] [Git][getBranch] No such branch: master
2026-08-22 16:50:50.154 [info] > git for-each-ref --sort -committerdate --format %(refname)%00%(objectname)%00%(*objectname) [18ms]
2026-08-22 16:50:50.202 [info] > git status -z -uall [69ms]
2026-08-22 16:50:55.215 [info] > git config --get commit.template [4ms]
2026-08-22 16:50:55.223 [info] > git for-each-ref --format=%(refname)%00%(upstream:short)%00%(objectname)%00%(upstream:track)%00%(upstream:remotename)%00%(upstream:remoteref) refs/heads/master refs/remotes/master [9ms]
2026-08-22 16:50:55.223 [warning] [Git][getBranch] No such branch: master
2026-08-22 16:50:55.256 [info] > git for-each-ref --sort -committerdate --format %(refname)%00%(objectname)%00%(*objectname) [20ms]
2026-08-22 16:50:55.300 [info] > git status -z -uall [67ms]
2026-08-22 16:51:00.314 [info] > git config --get commit.template [5ms]
2026-08-22 16:51:00.322 [info] > git for-each-ref --format=%(refname)%00%(upstream:short)%00%(objectname)%00%(upstream:track)%00%(upstream:remotename)%00%(upstream:remoteref) refs/heads/master refs/remotes/master [9ms]
2026-08-22 16:51:00.322 [warning] [Git][getBranch] No such branch: master
2026-08-22 16:51:00.352 [info] > git for-each-ref --sort -committerdate --format %(refname)%00%(objectname)%00%(*objectname) [16ms]
2026-08-22 16:51:00.396 [info] > git status -z -uall [64ms]
2026-08-22 16:51:37.859 [info] > git config --get commit.template [5ms]
2026-08-22 16:51:37.866 [info] > git for-each-ref --format=%(refname)%00%(upstream:short)%00%(objectname)%00%(upstream:track)%00%(upstream:remotename)%00%(upstream:remoteref) refs/heads/master refs/remotes/master [9ms]
2026-08-22 16:51:37.866 [warning] [Git][getBranch] No such branch: master
2026-08-22 16:51:37.896 [info] > git for-each-ref --sort -committerdate --format %(refname)%00%(objectname)%00%(*objectname) [16ms]
2026-08-22 16:51:37.995 [info] > git status -z -uall [118ms]
2026-08-22 16:51:43.012 [info] > git config --get commit.template [8ms]
2026-08-22 16:51:43.019 [info] > git for-each-ref --format=%(refname)%00%(upstream:short)%00%(objectname)%00%(upstream:track)%00%(upstream:remotename)%00%(upstream:remoteref) refs/heads/master refs/remotes/master [11ms]
2026-08-22 16:51:43.019 [warning] [Git][getBranch] No such branch: master
2026-08-22 16:51:43.041 [info] > git for-each-ref --sort -committerdate --format %(refname)%00%(objectname)%00%(*objectname) [15ms]
2026-08-22 16:51:43.082 [info] > git status -z -uall [59ms]
2026-08-22 16:51:48.095 [info] > git config --get commit.template [5ms]
2026-08-22 16:51:48.102 [info] > git for-each-ref --format=%(refname)%00%(upstream:short)%00%(objectname)%00%(upstream:track)%00%(upstream:remotename)%00%(upstream:remoteref) refs/heads/master refs/remotes/master [8ms]
2026-08-22 16:51:48.102 [warning] [Git][getBranch] No such branch: master
2026-08-22 16:51:48.124 [info] > git for-each-ref --sort -committerdate --format %(refname)%00%(objectname)%00%(*objectname) [15ms]
2026-08-22 16:51:48.165 [info] > git status -z -uall [59ms]
2026-08-22 16:51:53.180 [info] > git config --get commit.template [6ms]
2026-08-22 16:51:53.188 [info] > git for-each-ref --format=%(refname)%00%(upstream:short)%00%(objectname)%00%(upstream:track)%00%(upstream:remotename)%00%(upstream:remoteref) refs/heads/master refs/remotes/master [10ms]
2026-08-22 16:51:53.188 [warning] [Git][getBranch] No such branch: master
2026-08-22 16:51:53.214 [info] > git for-each-ref --sort -committerdate --format %(refname)%00%(objectname)%00%(*objectname) [19ms]
2026-08-22 16:51:53.254 [info] > git status -z -uall [62ms]
2026-08-22 16:51:58.267 [info] > git config --get commit.template [5ms]
2026-08-22 16:51:58.274 [info] > git for-each-ref --format=%(refname)%00%(upstream:short)%00%(objectname)%00%(upstream:track)%00%(upstream:remotename)%00%(upstream:remoteref) refs/heads/master refs/remotes/master [9ms]
2026-08-22 16:51:58.274 [warning] [Git][getBranch] No such branch: master
2026-08-22 16:51:58.297 [info] > git for-each-ref --sort -committerdate --format %(refname)%00%(objectname)%00%(*objectname) [17ms]
2026-08-22 16:51:58.339 [info] > git status -z -uall [62ms]
2026-08-22 16:52:03.353 [info] > git config --get commit.template [5ms]
2026-08-22 16:52:03.361 [info] > git for-each-ref --format=%(refname)%00%(upstream:short)%00%(objectname)%00%(upstream:track)%00%(upstream:remotename)%00%(upstream:remoteref) refs/heads/master refs/remotes/master [9ms]
2026-08-22 16:52:03.361 [warning] [Git][getBranch] No such branch: master
2026-08-22 16:52:03.393 [info] > git for-each-ref --sort -committerdate --format %(refname)%00%(objectname)%00%(*objectname) [16ms]
2026-08-22 16:52:03.438 [info] > git status -z -uall [66ms]
2026-08-22 16:52:08.451 [info] > git config --get commit.template [4ms]
2026-08-22 16:52:08.459 [info] > git for-each-ref --format=%(refname)%00%(upstream:short)%00%(objectname)%00%(upstream:track)%00%(upstream:remotename)%00%(upstream:remoteref) refs/heads/master refs/remotes/master [9ms]
2026-08-22 16:52:08.459 [warning] [Git][getBranch] No such branch: master
2026-08-22 16:52:08.482 [info] > git for-each-ref --sort -committerdate --format %(refname)%00%(objectname)%00%(*objectname) [17ms]
2026-08-22 16:52:08.524 [info] > git status -z -uall [61ms]
2026-08-22 16:52:13.536 [info] > git config --get commit.template [5ms]
2026-08-22 16:52:13.543 [info] > git for-each-ref --format=%(refname)%00%(upstream:short)%00%(objectname)%00%(upstream:track)%00%(upstream:remotename)%00%(upstream:remoteref) refs/heads/master refs/remotes/master [8ms]
2026-08-22 16:52:13.543 [warning] [Git][getBranch] No such branch: master
2026-08-22 16:52:13.564 [info] > git for-each-ref --sort -committerdate --format %(refname)%00%(objectname)%00%(*objectname) [15ms]
2026-08-22 16:52:13.606 [info] > git status -z -uall [60ms]
2026-08-22 16:52:18.621 [info] > git config --get commit.template [5ms]
2026-08-22 16:52:18.628 [info] > git for-each-ref --format=%(refname)%00%(upstream:short)%00%(objectname)%00%(upstream:track)%00%(upstream:remotename)%00%(upstream:remoteref) refs/heads/master refs/remotes/master [9ms]
2026-08-22 16:52:18.628 [warning] [Git][getBranch] No such branch: master
2026-08-22 16:52:18.658 [info] > git for-each-ref --sort -committerdate --format %(refname)%00%(objectname)%00%(*objectname) [15ms]
2026-08-22 16:52:18.701 [info] > git status -z -uall [61ms]
2026-08-22 16:52:23.715 [info] > git config --get commit.template [6ms]
2026-08-22 16:52:23.722 [info] > git for-each-ref --format=%(refname)%00%(upstream:short)%00%(objectname)%00%(upstream:track)%00%(upstream:remotename)%00%(upstream:remoteref) refs/heads/master refs/remotes/master [9ms]
2026-08-22 16:52:23.722 [warning] [Git][getBranch] No such branch: master
2026-08-22 16:52:23.745 [info] > git for-each-ref --sort -committerdate --format %(refname)%00%(objectname)%00%(*objectname) [16ms]
2026-08-22 16:52:23.795 [info] > git status -z -uall [69ms]
2026-08-22 16:52:28.809 [info] > git config --get commit.template [6ms]
2026-08-22 16:52:28.817 [info] > git for-each-ref --format=%(refname)%00%(upstream:short)%00%(objectname)%00%(upstream:track)%00%(upstream:remotename)%00%(upstream:remoteref) refs/heads/master refs/remotes/master [10ms]
2026-08-22 16:52:28.817 [warning] [Git][getBranch] No such branch: master
2026-08-22 16:52:28.840 [info] > git for-each-ref --sort -committerdate --format %(refname)%00%(objectname)%00%(*objectname) [16ms]
2026-08-22 16:52:28.882 [info] > git status -z -uall [61ms]
2026-08-22 16:52:33.895 [info] > git config --get commit.template [5ms]
2026-08-22 16:52:33.903 [info] > git for-each-ref --format=%(refname)%00%(upstream:short)%00%(objectname)%00%(upstream:track)%00%(upstream:remotename)%00%(upstream:remoteref) refs/heads/master refs/remotes/master [9ms]
2026-08-22 16:52:33.903 [warning] [Git][getBranch] No such branch: master
2026-08-22 16:52:33.935 [info] > git for-each-ref --sort -committerdate --format %(refname)%00%(objectname)%00%(*objectname) [17ms]
2026-08-22 16:52:33.977 [info] > git status -z -uall [63ms]
2026-08-22 16:52:38.990 [info] > git config --get commit.template [5ms]
2026-08-22 16:52:39.000 [info] > git for-each-ref --format=%(refname)%00%(upstream:short)%00%(objectname)%00%(upstream:track)%00%(upstream:remotename)%00%(upstream:remoteref) refs/heads/master refs/remotes/master [11ms]
2026-08-22 16:52:39.000 [warning] [Git][getBranch] No such branch: master
2026-08-22 16:52:39.022 [info] > git for-each-ref --sort -committerdate --format %(refname)%00%(objectname)%00%(*objectname) [15ms]
2026-08-22 16:52:39.130 [info] > git status -z -uall [126ms]
2026-08-22 16:52:44.146 [info] > git config --get commit.template [8ms]
2026-08-22 16:52:44.154 [info] > git for-each-ref --format=%(refname)%00%(upstream:short)%00%(objectname)%00%(upstream:track)%00%(upstream:remotename)%00%(upstream:remoteref) refs/heads/master refs/remotes/master [12ms]
2026-08-22 16:52:44.154 [warning] [Git][getBranch] No such branch: master
2026-08-22 16:52:44.182 [info] > git for-each-ref --sort -committerdate --format %(refname)%00%(objectname)%00%(*objectname) [22ms]
2026-08-22 16:52:44.231 [info] > git status -z -uall [73ms]
2026-08-22 16:52:49.245 [info] > git config --get commit.template [6ms]
2026-08-22 16:52:49.260 [info] > git for-each-ref --format=%(refname)%00%(upstream:short)%00%(objectname)%00%(upstream:track)%00%(upstream:remotename)%00%(upstream:remoteref) refs/heads/master refs/remotes/master [17ms]
2026-08-22 16:52:49.260 [warning] [Git][getBranch] No such branch: master
2026-08-22 16:52:49.281 [info] > git for-each-ref --sort -committerdate --format %(refname)%00%(objectname)%00%(*objectname) [15ms]
2026-08-22 16:52:49.324 [info] > git status -z -uall [61ms]
2026-08-22 16:52:54.338 [info] > git config --get commit.template [6ms]
2026-08-22 16:52:54.346 [info] > git for-each-ref --format=%(refname)%00%(upstream:short)%00%(objectname)%00%(upstream:track)%00%(upstream:remotename)%00%(upstream:remoteref) refs/heads/master refs/remotes/master [10ms]
2026-08-22 16:52:54.346 [warning] [Git][getBranch] No such branch: master
2026-08-22 16:52:54.368 [info] > git for-each-ref --sort -committerdate --format %(refname)%00%(objectname)%00%(*objectname) [15ms]
2026-08-22 16:52:54.411 [info] > git status -z -uall [61ms]
2026-08-22 16:52:59.425 [info] > git config --get commit.template [6ms]
2026-08-22 16:52:59.432 [info] > git for-each-ref --format=%(refname)%00%(upstream:short)%00%(objectname)%00%(upstream:track)%00%(upstream:remotename)%00%(upstream:remoteref) refs/heads/master refs/remotes/master [9ms]
2026-08-22 16:52:59.432 [warning] [Git][getBranch] No such branch: master
2026-08-22 16:52:59.461 [info] > git for-each-ref --sort -committerdate --format %(refname)%00%(objectname)%00%(*objectname) [15ms]
2026-08-22 16:52:59.503 [info] > git status -z -uall [60ms]
2026-08-22 16:53:16.524 [info] > git config --get commit.template [7ms]
2026-08-22 16:53:16.531 [info] > git for-each-ref --format=%(refname)%00%(upstream:short)%00%(objectname)%00%(upstream:track)%00%(upstream:remotename)%00%(upstream:remoteref) refs/heads/master refs/remotes/master [10ms]
2026-08-22 16:53:16.531 [warning] [Git][getBranch] No such branch: master
2026-08-22 16:53:16.560 [info] > git for-each-ref --sort -committerdate --format %(refname)%00%(objectname)%00%(*objectname) [23ms]
2026-08-22 16:53:16.609 [info] > git status -z -uall [74ms]
2026-08-22 16:53:21.623 [info] > git config --get commit.template [5ms]
2026-08-22 16:53:21.632 [info] > git for-each-ref --format=%(refname)%00%(upstream:short)%00%(objectname)%00%(upstream:track)%00%(upstream:remotename)%00%(upstream:remoteref) refs/heads/master refs/remotes/master [11ms]
2026-08-22 16:53:21.632 [warning] [Git][getBranch] No such branch: master
2026-08-22 16:53:21.654 [info] > git for-each-ref --sort -committerdate --format %(refname)%00%(objectname)%00%(*objectname) [16ms]
2026-08-22 16:53:21.696 [info] > git status -z -uall [61ms]
2026-08-22 16:53:47.065 [info] > git config --get commit.template [4ms]
2026-08-22 16:53:47.071 [info] > git for-each-ref --format=%(refname)%00%(upstream:short)%00%(objectname)%00%(upstream:track)%00%(upstream:remotename)%00%(upstream:remoteref) refs/heads/master refs/remotes/master [8ms]
2026-08-22 16:53:47.072 [warning] [Git][getBranch] No such branch: master
2026-08-22 16:53:47.094 [info] > git for-each-ref --sort -committerdate --format %(refname)%00%(objectname)%00%(*objectname) [16ms]
2026-08-22 16:53:47.192 [info] > git status -z -uall [117ms]
2026-08-22 16:53:52.206 [info] > git config --get commit.template [6ms]
2026-08-22 16:53:52.213 [info] > git for-each-ref --format=%(refname)%00%(upstream:short)%00%(objectname)%00%(upstream:track)%00%(upstream:remotename)%00%(upstream:remoteref) refs/heads/master refs/remotes/master [9ms]
2026-08-22 16:53:52.214 [warning] [Git][getBranch] No such branch: master
2026-08-22 16:53:52.236 [info] > git for-each-ref --sort -committerdate --format %(refname)%00%(objectname)%00%(*objectname) [16ms]
2026-08-22 16:53:52.278 [info] > git status -z -uall [61ms]
2026-08-22 16:53:57.292 [info] > git config --get commit.template [5ms]
2026-08-22 16:53:57.299 [info] > git for-each-ref --format=%(refname)%00%(upstream:short)%00%(objectname)%00%(upstream:track)%00%(upstream:remotename)%00%(upstream:remoteref) refs/heads/master refs/remotes/master [9ms]
2026-08-22 16:53:57.299 [warning] [Git][getBranch] No such branch: master
2026-08-22 16:53:57.322 [info] > git for-each-ref --sort -committerdate --format %(refname)%00%(objectname)%00%(*objectname) [15ms]
2026-08-22 16:53:57.364 [info] > git status -z -uall [61ms]
2026-08-22 16:54:02.380 [info] > git config --get commit.template [7ms]
2026-08-22 16:54:02.393 [info] > git for-each-ref --format=%(refname)%00%(upstream:short)%00%(objectname)%00%(upstream:track)%00%(upstream:remotename)%00%(upstream:remoteref) refs/heads/master refs/remotes/master [17ms]
2026-08-22 16:54:02.393 [warning] [Git][getBranch] No such branch: master
2026-08-22 16:54:02.420 [info] > git for-each-ref --sort -committerdate --format %(refname)%00%(objectname)%00%(*objectname) [20ms]
2026-08-22 16:54:02.469 [info] > git status -z -uall [72ms]
2026-08-22 16:54:07.482 [info] > git config --get commit.template [6ms]
2026-08-22 16:54:07.490 [info] > git for-each-ref --format=%(refname)%00%(upstream:short)%00%(objectname)%00%(upstream:track)%00%(upstream:remotename)%00%(upstream:remoteref) refs/heads/master refs/remotes/master [10ms]
2026-08-22 16:54:07.490 [warning] [Git][getBranch] No such branch: master
2026-08-22 16:54:07.511 [info] > git for-each-ref --sort -committerdate --format %(refname)%00%(objectname)%00%(*objectname) [14ms]
2026-08-22 16:54:07.554 [info] > git status -z -uall [60ms]
2026-08-22 16:54:12.568 [info] > git config --get commit.template [5ms]
2026-08-22 16:54:12.576 [info] > git for-each-ref --format=%(refname)%00%(upstream:short)%00%(objectname)%00%(upstream:track)%00%(upstream:remotename)%00%(upstream:remoteref) refs/heads/master refs/remotes/master [10ms]
2026-08-22 16:54:12.576 [warning] [Git][getBranch] No such branch: master
2026-08-22 16:54:12.599 [info] > git for-each-ref --sort -committerdate --format %(refname)%00%(objectname)%00%(*objectname) [17ms]
2026-08-22 16:54:12.648 [info] > git status -z -uall [69ms]
2026-08-22 16:54:17.662 [info] > git config --get commit.template [5ms]
2026-08-22 16:54:17.670 [info] > git for-each-ref --format=%(refname)%00%(upstream:short)%00%(objectname)%00%(upstream:track)%00%(upstream:remotename)%00%(upstream:remoteref) refs/heads/master refs/remotes/master [10ms]
2026-08-22 16:54:17.670 [warning] [Git][getBranch] No such branch: master
2026-08-22 16:54:17.691 [info] > git for-each-ref --sort -committerdate --format %(refname)%00%(objectname)%00%(*objectname) [15ms]
2026-08-22 16:54:17.732 [info] > git status -z -uall [58ms]
2026-08-22 16:54:22.746 [info] > git config --get commit.template [5ms]
2026-08-22 16:54:22.754 [info] > git for-each-ref --format=%(refname)%00%(upstream:short)%00%(objectname)%00%(upstream:track)%00%(upstream:remotename)%00%(upstream:remoteref) refs/heads/master refs/remotes/master [10ms]
2026-08-22 16:54:22.754 [warning] [Git][getBranch] No such branch: master
2026-08-22 16:54:22.777 [info] > git for-each-ref --sort -committerdate --format %(refname)%00%(objectname)%00%(*objectname) [17ms]
2026-08-22 16:54:22.820 [info] > git status -z -uall [62ms]
2026-08-22 16:54:24.105 [info] > git for-each-ref --sort -committerdate --format %(refname)%00%(objectname)%00%(*objectname)%00%(parent)%00%(*parent)%00%(authorname)%00%(*authorname)%00%(committerdate:unix)%00%(*committerdate:unix)%00%(subject)%00%(*subject)%00%(upstream:track) [13ms]
2026-08-22 16:54:27.834 [info] > git config --get commit.template [5ms]
2026-08-22 16:54:27.842 [info] > git for-each-ref --format=%(refname)%00%(upstream:short)%00%(objectname)%00%(upstream:track)%00%(upstream:remotename)%00%(upstream:remoteref) refs/heads/master refs/remotes/master [10ms]
2026-08-22 16:54:27.842 [warning] [Git][getBranch] No such branch: master
2026-08-22 16:54:27.872 [info] > git for-each-ref --sort -committerdate --format %(refname)%00%(objectname)%00%(*objectname) [17ms]
2026-08-22 16:54:27.914 [info] > git status -z -uall [62ms]
2026-08-22 16:54:32.932 [info] > git config --get commit.template [8ms]
2026-08-22 16:54:32.940 [info] > git for-each-ref --format %(refname:short)%00%(upstream:short) refs/heads [11ms]
2026-08-22 16:54:32.946 [info] > git for-each-ref --format=%(refname)%00%(upstream:short)%00%(objectname)%00%(upstream:track)%00%(upstream:remotename)%00%(upstream:remoteref) refs/heads/master refs/remotes/master [13ms]
2026-08-22 16:54:32.946 [warning] [Git][getBranch] No such branch: master
2026-08-22 16:54:32.968 [info] > git for-each-ref --sort -committerdate --format %(refname)%00%(objectname)%00%(*objectname) [15ms]
2026-08-22 16:54:33.011 [info] > git status -z -uall [61ms]
2026-08-22 16:54:33.041 [info] > git checkout -q --track origin/main [96ms]
2026-08-22 16:54:33.041 [info] error: Your local changes to the following files would be overwritten by checkout:
	.cache/Microsoft/DeveloperTools/deviceid
	.cache/jedi/CPython-310-33/4305da1ea25c27fce08bd14001b76fd54fe42a0724bbd5168c76680a56eda5be-956f1306a58278d4b7341dbaece69bfdc4f336325a7949d631b4c50fb86e379d.pkl
	.cache/jedi/CPython-310-33/4305da1ea25c27fce08bd14001b76fd54fe42a0724bbd5168c76680a56eda5be-a3357c39951f7d4c49a33da5bfe60a75fcb2246164124c69b7f9e98b743ad3c7.pkl
	.config/code-server/config.yaml
	.local/share/code-server/CachedProfilesData/__default__profile__/extensions.user.cache
	.local/share/code-server/User/History/2fa6f9b9/entries.json
	.local/share/code-server/User/machineid
	.local/share/code-server/User/settings.json
	.local/share/code-server/coder-logs/code-server-stderr.log
	.local/share/code-server/coder-logs/code-server-stdout.log
	.local/share/code-server/serve-web-key-half
	.ssh/authorized_keys
	.ssh/labsuser.pem
	.voc/.voc
	.voc/.voc_api.json
Please commit your changes or stash them before you switch branches.
error: The following untracked working tree files would be overwritten by checkout:
	.bash_history
	.cache/jedi/CPython-310-33/4305da1ea25c27fce08bd14001b76fd54fe42a0724bbd5168c76680a56eda5be-0404989d105d39f4d725d5212ad46fa46030bce749bebbc538e0ffbf714c43c0.pkl
	.cache/jedi/CPython-310-33/4305da1ea25c27fce08bd14001b76fd54fe42a0724bbd5168c76680a56eda5be-0c6e2a03594c8eb0ec9b1f59ecebaae6fc43f2a6bcd0af02cbfc8664ca7cf039.pkl
	.cache/jedi/CPython-310-33/4305da1ea25c27fce08bd14001b76fd54fe42a0724bbd5168c76680a56eda5be-0d4a2babb6f5658e3219983fc95c7776060c3f6855b793fa7eab9ec178b2105f.pkl
	.cache/jedi/CPython-310-33/4305da1ea25c27fce08bd14001b76fd54fe42a0724bbd5168c76680a56eda5be-0fb1f97e5e9222df2968fc4a2aafdeb67858908fc9f712431bab0cc152e0caf8.pkl
	.cache/jedi/CPython-310-33/4305da1ea25c27fce08bd14001b76fd54fe42a0724bbd5168c76680a56eda5be-17f1f973a100f4d723ed1a587f91bc6d8d3e4980b7c4aac73e3a58f5aa7ec5bf.pkl
	.cache/jedi/CPython-310-33/4305da1ea25c27fce08bd14001b76fd54fe42a0724bbd5168c76680a56eda5be-1b786706c1d75b4b6d824eca680e19d1175486e8d98e17c376374083a38a701b.pkl
	.cache/jedi/CPython-310-33/4305da1ea25c27fce08bd14001b76fd54fe42a0724bbd5168c76680a56eda5be-2400d51b102705b46f83afd8e8ca64d606be2b15f9f6ea2197903b4ff2f8b9ae.pkl
	.cache/jedi/CPython-310-33/4305da1ea25c27fce08bd14001b76fd54fe42a0724bbd5168c76680a56eda5be-3ab5872a06b22faa323d3991aaf92a8dd6df56dbb8cf99c2b7d58a3b00863976.pkl
	.cache/jedi/CPython-310-33/4305da1ea25c27fce08bd14001b76fd54fe42a0724bbd5168c76680a56eda5be-3b7b171d31fa9bf3c9d8eb0bdf7f4abd7227b09beae850376f2fce9f6dda6ba3.pkl
	.cache/jedi/CPython-310-33/4305da1ea25c27fce08bd14001b76fd54fe42a0724bbd5168c76680a56eda5be-3d81ed75d1023c1ba54acd6f690c28ae80a9582a23dafde5a6071bb8838f0edb.pkl
	.cache/jedi/CPython-310-33/4305da1ea25c27fce08bd14001b76fd54fe42a0724bbd5168c76680a56eda5be-3fe02dc08499887a254da418b2c914d58bf4df88e25e52572f4c6cc83a0e4287.pkl
	.cache/jedi/CPython-310-33/4305da1ea25c27fce08bd14001b76fd54fe42a0724bbd5168c76680a56eda5be-4290224c817386ba58bbe369fb0e1ffeb69bc1bd7c81d15f80603e7a8f9c6669.pkl
	.cache/jedi/CPython-310-33/4305da1ea25c27fce08bd14001b76fd54fe42a0724bbd5168c76680a56eda5be-46bf73fa9a59d2fe6db0cc19e9f1f4e76ea426a8254890d93515ae43ccca5dc7.pkl
	.cache/jedi/CPython-310-33/4305da1ea25c27fce08bd14001b76fd54fe42a0724bbd5168c76680a56eda5be-4e3b99161f1083797b8154fb430b49bf4ba60757dd94676ac3e63965743f5c32.pkl
	.cache/jedi/CPython-310-33/4305da1ea25c27fce08bd14001b76fd54fe42a0724bbd5168c76680a56eda5be-4fd8150aea3e409d4e957448f483a362902463171a77716efe334370720f2fe6.pkl
	.cache/jedi/CPython-310-33/4305da1ea25c27fce08bd14001b76fd54fe42a0724bbd5168c76680a56eda5be-51550e71c1977fe7e029556746811a57b27d79d44463a178db676d03c72c1953.pkl
	.cache/jedi/CPython-310-33/4305da1ea25c27fce08bd14001b76fd54fe42a0724bbd5168c76680a56eda5be-5323365d901772b3221a51fc8f92e05afe302c77464c0530f3fc1a282c647f4d.pkl
	.cache/jedi/CPython-310-33/4305da1ea25c27fce08bd14001b76fd54fe42a0724bbd5168c76680a56eda5be-5426a58ea47fe362864f231b1d4eaab1314a9f24323d918cdf4c782a30606f9f.pkl
	.cache/jedi/CPython-310-33/4305da1ea25c27fce08bd14001b76fd54fe42a0724bbd5168c76680a56eda5be-550b345dbc77621baf92e2fe754c6af561feda986af9b7cf6b4ffb30e2a8649b.pkl
	.cache/jedi/CPython-310-33/4305da1ea25c27fce08bd14001b76fd54fe42a0724bbd5168c76680a56eda5be-55f58fa0e8b4e1e14bf11a185ef6759b54f546be913d6c58fad34fcd7584f9c7.pkl
	.cache/jedi/CPython-310-33/4305da1ea25c27fce08bd14001b76fd54fe42a0724bbd5168c76680a56eda5be-5cb7c2bfc4c1af3906ca4b26e51ed0132fd8c841264195ddd9a29e7568c1c61c.pkl
	.cache/jedi/CPython-310-33/4305da1ea25c27fce08bd14001b76fd54fe42a0724bbd5168c76680a56eda5be-68ef81c527db39e14647f74238b07960d2a157cab1454143b1334db987d23e4f.pkl
	.cache/jedi/CPython-310-33/4305da1ea25c27fce08bd14001b76fd54fe42a0724bbd5168c76680a56eda5be-69abf569e6db5b5838aa4b70b885567a21bc2676d210841411581d1ea2e5057d.pkl
	.cache/jedi/CPython-310-33/4305da1ea25c27fce08bd14001b76fd54fe42a0724bbd5168c76680a56eda5be-69cbe3deb199bb33a8f6cccc32c72f20616f4783b54330295de9857e9c3fb066.pkl
	.cache/jedi/CPython-310-33/4305da1ea25c27fce08bd14001b76fd54fe42a0724bbd5168c76680a56eda5be-7f04191f39ac7c5
Aborting
2026-08-22 16:54:33.052 [info] > git config --get commit.template [6ms]
2026-08-22 16:54:33.058 [info] > git for-each-ref --format=%(refname)%00%(upstream:short)%00%(objectname)%00%(upstream:track)%00%(upstream:remotename)%00%(upstream:remoteref) refs/heads/master refs/remotes/master [9ms]
2026-08-22 16:54:33.059 [warning] [Git][getBranch] No such branch: master
2026-08-22 16:54:33.088 [info] > git for-each-ref --sort -committerdate --format %(refname)%00%(objectname)%00%(*objectname) [15ms]
2026-08-22 16:54:33.148 [info] > git status -z -uall [79ms]
2026-08-22 16:54:38.024 [info] > git config --get commit.template [5ms]
2026-08-22 16:54:38.032 [info] > git for-each-ref --format=%(refname)%00%(upstream:short)%00%(objectname)%00%(upstream:track)%00%(upstream:remotename)%00%(upstream:remoteref) refs/heads/master refs/remotes/master [9ms]
2026-08-22 16:54:38.032 [warning] [Git][getBranch] No such branch: master
2026-08-22 16:54:38.053 [info] > git for-each-ref --sort -committerdate --format %(refname)%00%(objectname)%00%(*objectname) [15ms]
2026-08-22 16:54:38.100 [info] > git status -z -uall [65ms]
2026-08-22 16:54:43.116 [info] > git config --get commit.template [5ms]
2026-08-22 16:54:43.124 [info] > git for-each-ref --format=%(refname)%00%(upstream:short)%00%(objectname)%00%(upstream:track)%00%(upstream:remotename)%00%(upstream:remoteref) refs/heads/master refs/remotes/master [9ms]
2026-08-22 16:54:43.124 [warning] [Git][getBranch] No such branch: master
2026-08-22 16:54:43.146 [info] > git for-each-ref --sort -committerdate --format %(refname)%00%(objectname)%00%(*objectname) [14ms]
2026-08-22 16:54:43.187 [info] > git status -z -uall [59ms]
2026-08-22 16:54:48.201 [info] > git config --get commit.template [5ms]
2026-08-22 16:54:48.208 [info] > git for-each-ref --format=%(refname)%00%(upstream:short)%00%(objectname)%00%(upstream:track)%00%(upstream:remotename)%00%(upstream:remoteref) refs/heads/master refs/remotes/master [9ms]
2026-08-22 16:54:48.208 [warning] [Git][getBranch] No such branch: master
2026-08-22 16:54:48.228 [info] > git for-each-ref --sort -committerdate --format %(refname)%00%(objectname)%00%(*objectname) [14ms]
2026-08-22 16:54:48.323 [info] > git status -z -uall [112ms]
2026-08-22 16:54:53.337 [info] > git config --get commit.template [5ms]
2026-08-22 16:54:53.344 [info] > git for-each-ref --format=%(refname)%00%(upstream:short)%00%(objectname)%00%(upstream:track)%00%(upstream:remotename)%00%(upstream:remoteref) refs/heads/master refs/remotes/master [9ms]
2026-08-22 16:54:53.344 [warning] [Git][getBranch] No such branch: master
2026-08-22 16:54:53.370 [info] > git for-each-ref --sort -committerdate --format %(refname)%00%(objectname)%00%(*objectname) [19ms]
2026-08-22 16:54:53.419 [info] > git status -z -uall [72ms]
2026-08-22 16:54:57.390 [info] > git for-each-ref --sort -committerdate --format %(refname)%00%(objectname)%00%(*objectname)%00%(parent)%00%(*parent)%00%(authorname)%00%(*authorname)%00%(committerdate:unix)%00%(*committerdate:unix)%00%(subject)%00%(*subject)%00%(upstream:track) [12ms]
2026-08-22 16:54:58.261 [info] > git for-each-ref --sort -committerdate --format %(refname)%00%(objectname)%00%(*objectname)%00%(parent)%00%(*parent)%00%(authorname)%00%(*authorname)%00%(committerdate:unix)%00%(*committerdate:unix)%00%(subject)%00%(*subject)%00%(upstream:track) [14ms]
2026-08-22 16:54:58.433 [info] > git config --get commit.template [6ms]
2026-08-22 16:54:58.440 [info] > git for-each-ref --format=%(refname)%00%(upstream:short)%00%(objectname)%00%(upstream:track)%00%(upstream:remotename)%00%(upstream:remoteref) refs/heads/master refs/remotes/master [9ms]
2026-08-22 16:54:58.440 [warning] [Git][getBranch] No such branch: master
2026-08-22 16:54:58.463 [info] > git for-each-ref --sort -committerdate --format %(refname)%00%(objectname)%00%(*objectname) [17ms]
2026-08-22 16:54:58.507 [info] > git status -z -uall [64ms]
2026-08-22 16:55:03.523 [info] > git config --get commit.template [5ms]
2026-08-22 16:55:03.530 [info] > git for-each-ref --format=%(refname)%00%(upstream:short)%00%(objectname)%00%(upstream:track)%00%(upstream:remotename)%00%(upstream:remoteref) refs/heads/master refs/remotes/master [8ms]
2026-08-22 16:55:03.530 [warning] [Git][getBranch] No such branch: master
2026-08-22 16:55:03.552 [info] > git for-each-ref --sort -committerdate --format %(refname)%00%(objectname)%00%(*objectname) [15ms]
2026-08-22 16:55:03.591 [info] > git status -z -uall [57ms]
2026-08-22 16:55:08.603 [info] > git config --get commit.template [5ms]
2026-08-22 16:55:08.611 [info] > git for-each-ref --format=%(refname)%00%(upstream:short)%00%(objectname)%00%(upstream:track)%00%(upstream:remotename)%00%(upstream:remoteref) refs/heads/master refs/remotes/master [9ms]
2026-08-22 16:55:08.611 [warning] [Git][getBranch] No such branch: master
2026-08-22 16:55:08.633 [info] > git for-each-ref --sort -committerdate --format %(refname)%00%(objectname)%00%(*objectname) [15ms]
2026-08-22 16:55:08.675 [info] > git status -z -uall [60ms]
2026-08-22 16:55:13.691 [info] > git config --get commit.template [5ms]
2026-08-22 16:55:13.698 [info] > git for-each-ref --format=%(refname)%00%(upstream:short)%00%(objectname)%00%(upstream:track)%00%(upstream:remotename)%00%(upstream:remoteref) refs/heads/master refs/remotes/master [8ms]
2026-08-22 16:55:13.698 [warning] [Git][getBranch] No such branch: master
2026-08-22 16:55:13.720 [info] > git for-each-ref --sort -committerdate --format %(refname)%00%(objectname)%00%(*objectname) [14ms]
2026-08-22 16:55:13.762 [info] > git status -z -uall [60ms]
2026-08-22 16:55:18.775 [info] > git config --get commit.template [5ms]
2026-08-22 16:55:18.784 [info] > git for-each-ref --format=%(refname)%00%(upstream:short)%00%(objectname)%00%(upstream:track)%00%(upstream:remotename)%00%(upstream:remoteref) refs/heads/master refs/remotes/master [9ms]
2026-08-22 16:55:18.784 [warning] [Git][getBranch] No such branch: master
2026-08-22 16:55:18.805 [info] > git for-each-ref --sort -committerdate --format %(refname)%00%(objectname)%00%(*objectname) [14ms]
2026-08-22 16:55:18.850 [info] > git status -z -uall [63ms]
2026-08-22 16:55:27.483 [info] > git config --get commit.template [5ms]
2026-08-22 16:55:27.490 [info] > git for-each-ref --format=%(refname)%00%(upstream:short)%00%(objectname)%00%(upstream:track)%00%(upstream:remotename)%00%(upstream:remoteref) refs/heads/master refs/remotes/master [8ms]
2026-08-22 16:55:27.490 [warning] [Git][getBranch] No such branch: master
2026-08-22 16:55:27.511 [info] > git for-each-ref --sort -committerdate --format %(refname)%00%(objectname)%00%(*objectname) [14ms]
2026-08-22 16:55:27.549 [info] > git status -z -uall [55ms]
2026-08-22 16:55:31.064 [info] > git for-each-ref --sort -committerdate --format %(refname)%00%(objectname)%00%(*objectname)%00%(parent)%00%(*parent)%00%(authorname)%00%(*authorname)%00%(committerdate:unix)%00%(*committerdate:unix)%00%(subject)%00%(*subject)%00%(upstream:track) [15ms]
2026-08-22 16:55:32.562 [info] > git config --get commit.template [5ms]
2026-08-22 16:55:32.570 [info] > git for-each-ref --format=%(refname)%00%(upstream:short)%00%(objectname)%00%(upstream:track)%00%(upstream:remotename)%00%(upstream:remoteref) refs/heads/master refs/remotes/master [9ms]
2026-08-22 16:55:32.570 [warning] [Git][getBranch] No such branch: master
2026-08-22 16:55:32.591 [info] > git for-each-ref --sort -committerdate --format %(refname)%00%(objectname)%00%(*objectname) [14ms]
2026-08-22 16:55:32.631 [info] > git status -z -uall [57ms]
2026-08-22 16:55:41.925 [info] > git config --get commit.template [5ms]
2026-08-22 16:55:41.932 [info] > git for-each-ref --format=%(refname)%00%(upstream:short)%00%(objectname)%00%(upstream:track)%00%(upstream:remotename)%00%(upstream:remoteref) refs/heads/master refs/remotes/master [9ms]
2026-08-22 16:55:41.932 [warning] [Git][getBranch] No such branch: master
2026-08-22 16:55:41.958 [info] > git for-each-ref --sort -committerdate --format %(refname)%00%(objectname)%00%(*objectname) [13ms]
2026-08-22 16:55:41.998 [info] > git status -z -uall [56ms]
2026-08-22 16:55:43.905 [info] > git for-each-ref --sort -committerdate --format %(refname)%00%(objectname)%00%(*objectname)%00%(parent)%00%(*parent)%00%(authorname)%00%(*authorname)%00%(committerdate:unix)%00%(*committerdate:unix)%00%(subject)%00%(*subject)%00%(upstream:track) [14ms]
2026-08-22 16:55:47.012 [info] > git config --get commit.template [5ms]
2026-08-22 16:55:47.020 [info] > git for-each-ref --format=%(refname)%00%(upstream:short)%00%(objectname)%00%(upstream:track)%00%(upstream:remotename)%00%(upstream:remoteref) refs/heads/master refs/remotes/master [9ms]
2026-08-22 16:55:47.020 [warning] [Git][getBranch] No such branch: master
2026-08-22 16:55:47.041 [info] > git for-each-ref --sort -committerdate --format %(refname)%00%(objectname)%00%(*objectname) [15ms]
2026-08-22 16:55:47.083 [info] > git status -z -uall [60ms]
2026-08-22 16:55:52.096 [info] > git config --get commit.template [5ms]
2026-08-22 16:55:52.106 [info] > git for-each-ref --format=%(refname)%00%(upstream:short)%00%(objectname)%00%(upstream:track)%00%(upstream:remotename)%00%(upstream:remoteref) refs/heads/master refs/remotes/master [11ms]
2026-08-22 16:55:52.106 [warning] [Git][getBranch] No such branch: master
2026-08-22 16:55:52.128 [info] > git for-each-ref --sort -committerdate --format %(refname)%00%(objectname)%00%(*objectname) [15ms]
2026-08-22 16:55:52.232 [info] > git status -z -uall [122ms]
2026-08-22 16:55:52.689 [info] > git push -u origin master [25ms]
2026-08-22 16:55:52.689 [info] error: src refspec master does not match any
error: failed to push some refs to 'https://github.com/jpanigra/agenticAI_IITParvatak.git'
2026-08-22 16:55:52.699 [info] > git config --get commit.template [5ms]
2026-08-22 16:55:52.707 [info] > git for-each-ref --format=%(refname)%00%(upstream:short)%00%(objectname)%00%(upstream:track)%00%(upstream:remotename)%00%(upstream:remoteref) refs/heads/master refs/remotes/master [10ms]
2026-08-22 16:55:52.707 [warning] [Git][getBranch] No such branch: master
2026-08-22 16:55:52.727 [info] > git for-each-ref --sort -committerdate --format %(refname)%00%(objectname)%00%(*objectname) [14ms]
2026-08-22 16:55:52.769 [info] > git status -z -uall [59ms]
2026-08-22 16:55:57.245 [info] > git config --get commit.template [5ms]
2026-08-22 16:55:57.252 [info] > git for-each-ref --format=%(refname)%00%(upstream:short)%00%(objectname)%00%(upstream:track)%00%(upstream:remotename)%00%(upstream:remoteref) refs/heads/master refs/remotes/master [8ms]
2026-08-22 16:55:57.252 [warning] [Git][getBranch] No such branch: master
2026-08-22 16:55:57.274 [info] > git for-each-ref --sort -committerdate --format %(refname)%00%(objectname)%00%(*objectname) [15ms]
2026-08-22 16:55:57.314 [info] > git status -z -uall [58ms]
2026-08-22 16:56:02.330 [info] > git config --get commit.template [5ms]
2026-08-22 16:56:02.338 [info] > git for-each-ref --format=%(refname)%00%(upstream:short)%00%(objectname)%00%(upstream:track)%00%(upstream:remotename)%00%(upstream:remoteref) refs/heads/master refs/remotes/master [9ms]
2026-08-22 16:56:02.338 [warning] [Git][getBranch] No such branch: master
2026-08-22 16:56:02.362 [info] > git for-each-ref --sort -committerdate --format %(refname)%00%(objectname)%00%(*objectname) [17ms]
2026-08-22 16:56:02.409 [info] > git status -z -uall [67ms]
2026-08-22 16:56:07.425 [info] > git config --get commit.template [5ms]
2026-08-22 16:56:07.433 [info] > git for-each-ref --format=%(refname)%00%(upstream:short)%00%(objectname)%00%(upstream:track)%00%(upstream:remotename)%00%(upstream:remoteref) refs/heads/master refs/remotes/master [8ms]
2026-08-22 16:56:07.433 [warning] [Git][getBranch] No such branch: master
2026-08-22 16:56:07.462 [info] > git for-each-ref --sort -committerdate --format %(refname)%00%(objectname)%00%(*objectname) [16ms]
2026-08-22 16:56:07.509 [info] > git status -z -uall [66ms]
2026-08-22 16:56:12.524 [info] > git config --get commit.template [5ms]
2026-08-22 16:56:12.531 [info] > git for-each-ref --format=%(refname)%00%(upstream:short)%00%(objectname)%00%(upstream:track)%00%(upstream:remotename)%00%(upstream:remoteref) refs/heads/master refs/remotes/master [8ms]
2026-08-22 16:56:12.531 [warning] [Git][getBranch] No such branch: master
2026-08-22 16:56:12.560 [info] > git for-each-ref --sort -committerdate --format %(refname)%00%(objectname)%00%(*objectname) [15ms]
2026-08-22 16:56:12.598 [info] > git status -z -uall [57ms]
2026-08-22 16:56:17.612 [info] > git config --get commit.template [5ms]
2026-08-22 16:56:17.619 [info] > git for-each-ref --format=%(refname)%00%(upstream:short)%00%(objectname)%00%(upstream:track)%00%(upstream:remotename)%00%(upstream:remoteref) refs/heads/master refs/remotes/master [8ms]
2026-08-22 16:56:17.619 [warning] [Git][getBranch] No such branch: master
2026-08-22 16:56:17.640 [info] > git for-each-ref --sort -committerdate --format %(refname)%00%(objectname)%00%(*objectname) [15ms]
2026-08-22 16:56:17.686 [info] > git status -z -uall [64ms]
2026-08-22 16:56:22.699 [info] > git config --get commit.template [5ms]
2026-08-22 16:56:22.707 [info] > git for-each-ref --format=%(refname)%00%(upstream:short)%00%(objectname)%00%(upstream:track)%00%(upstream:remotename)%00%(upstream:remoteref) refs/heads/master refs/remotes/master [10ms]
2026-08-22 16:56:22.707 [warning] [Git][getBranch] No such branch: master
2026-08-22 16:56:22.729 [info] > git for-each-ref --sort -committerdate --format %(refname)%00%(objectname)%00%(*objectname) [16ms]
2026-08-22 16:56:22.772 [info] > git status -z -uall [62ms]
2026-08-22 16:56:27.785 [info] > git config --get commit.template [5ms]
2026-08-22 16:56:27.793 [info] > git for-each-ref --format=%(refname)%00%(upstream:short)%00%(objectname)%00%(upstream:track)%00%(upstream:remotename)%00%(upstream:remoteref) refs/heads/master refs/remotes/master [9ms]
2026-08-22 16:56:27.793 [warning] [Git][getBranch] No such branch: master
2026-08-22 16:56:27.816 [info] > git for-each-ref --sort -committerdate --format %(refname)%00%(objectname)%00%(*objectname) [15ms]
2026-08-22 16:56:27.860 [info] > git status -z -uall [63ms]
2026-08-22 16:56:32.874 [info] > git config --get commit.template [5ms]
2026-08-22 16:56:32.882 [info] > git for-each-ref --format=%(refname)%00%(upstream:short)%00%(objectname)%00%(upstream:track)%00%(upstream:remotename)%00%(upstream:remoteref) refs/heads/master refs/remotes/master [9ms]
2026-08-22 16:56:32.882 [warning] [Git][getBranch] No such branch: master
2026-08-22 16:56:32.906 [info] > git for-each-ref --sort -committerdate --format %(refname)%00%(objectname)%00%(*objectname) [17ms]
2026-08-22 16:56:32.955 [info] > git status -z -uall [69ms]
2026-08-22 16:56:37.968 [info] > git config --get commit.template [6ms]
2026-08-22 16:56:37.975 [info] > git for-each-ref --format=%(refname)%00%(upstream:short)%00%(objectname)%00%(upstream:track)%00%(upstream:remotename)%00%(upstream:remoteref) refs/heads/master refs/remotes/master [9ms]
2026-08-22 16:56:37.975 [warning] [Git][getBranch] No such branch: master
2026-08-22 16:56:37.998 [info] > git for-each-ref --sort -committerdate --format %(refname)%00%(objectname)%00%(*objectname) [16ms]
2026-08-22 16:56:38.041 [info] > git status -z -uall [61ms]
2026-08-22 16:56:43.054 [info] > git config --get commit.template [5ms]
2026-08-22 16:56:43.060 [info] > git for-each-ref --format=%(refname)%00%(upstream:short)%00%(objectname)%00%(upstream:track)%00%(upstream:remotename)%00%(upstream:remoteref) refs/heads/master refs/remotes/master [8ms]
2026-08-22 16:56:43.061 [warning] [Git][getBranch] No such branch: master
2026-08-22 16:56:43.084 [info] > git for-each-ref --sort -committerdate --format %(refname)%00%(objectname)%00%(*objectname) [17ms]
2026-08-22 16:56:43.126 [info] > git status -z -uall [61ms]
2026-08-22 16:56:48.138 [info] > git config --get commit.template [5ms]
2026-08-22 16:56:48.146 [info] > git for-each-ref --format=%(refname)%00%(upstream:short)%00%(objectname)%00%(upstream:track)%00%(upstream:remotename)%00%(upstream:remoteref) refs/heads/master refs/remotes/master [9ms]
2026-08-22 16:56:48.146 [warning] [Git][getBranch] No such branch: master
2026-08-22 16:56:48.181 [info] > git for-each-ref --sort -committerdate --format %(refname)%00%(objectname)%00%(*objectname) [19ms]
2026-08-22 16:56:48.223 [info] > git status -z -uall [64ms]
2026-08-22 16:56:53.237 [info] > git config --get commit.template [5ms]
2026-08-22 16:56:53.244 [info] > git for-each-ref --format=%(refname)%00%(upstream:short)%00%(objectname)%00%(upstream:track)%00%(upstream:remotename)%00%(upstream:remoteref) refs/heads/master refs/remotes/master [8ms]
2026-08-22 16:56:53.244 [warning] [Git][getBranch] No such branch: master
2026-08-22 16:56:53.273 [info] > git for-each-ref --sort -committerdate --format %(refname)%00%(objectname)%00%(*objectname) [14ms]
2026-08-22 16:56:53.371 [info] > git status -z -uall [116ms]
2026-08-22 16:56:58.385 [info] > git config --get commit.template [5ms]
2026-08-22 16:56:58.392 [info] > git for-each-ref --format=%(refname)%00%(upstream:short)%00%(objectname)%00%(upstream:track)%00%(upstream:remotename)%00%(upstream:remoteref) refs/heads/master refs/remotes/master [8ms]
2026-08-22 16:56:58.392 [warning] [Git][getBranch] No such branch: master
2026-08-22 16:56:58.414 [info] > git for-each-ref --sort -committerdate --format %(refname)%00%(objectname)%00%(*objectname) [15ms]
2026-08-22 16:56:58.453 [info] > git status -z -uall [57ms]
2026-08-22 16:57:03.467 [info] > git config --get commit.template [5ms]
2026-08-22 16:57:03.474 [info] > git for-each-ref --format=%(refname)%00%(upstream:short)%00%(objectname)%00%(upstream:track)%00%(upstream:remotename)%00%(upstream:remoteref) refs/heads/master refs/remotes/master [8ms]
2026-08-22 16:57:03.474 [warning] [Git][getBranch] No such branch: master
2026-08-22 16:57:03.501 [info] > git for-each-ref --sort -committerdate --format %(refname)%00%(objectname)%00%(*objectname) [19ms]
2026-08-22 16:57:03.544 [info] > git status -z -uall [66ms]
2026-08-22 16:57:08.558 [info] > git config --get commit.template [6ms]
2026-08-22 16:57:08.565 [info] > git for-each-ref --format=%(refname)%00%(upstream:short)%00%(objectname)%00%(upstream:track)%00%(upstream:remotename)%00%(upstream:remoteref) refs/heads/master refs/remotes/master [9ms]
2026-08-22 16:57:08.565 [warning] [Git][getBranch] No such branch: master
2026-08-22 16:57:08.590 [info] > git for-each-ref --sort -committerdate --format %(refname)%00%(objectname)%00%(*objectname) [17ms]
2026-08-22 16:57:08.633 [info] > git status -z -uall [63ms]
2026-08-22 16:57:13.649 [info] > git config --get commit.template [6ms]
2026-08-22 16:57:13.659 [info] > git for-each-ref --format=%(refname)%00%(upstream:short)%00%(objectname)%00%(upstream:track)%00%(upstream:remotename)%00%(upstream:remoteref) refs/heads/master refs/remotes/master [10ms]
2026-08-22 16:57:13.660 [warning] [Git][getBranch] No such branch: master
2026-08-22 16:57:13.693 [info] > git for-each-ref --sort -committerdate --format %(refname)%00%(objectname)%00%(*objectname) [19ms]
2026-08-22 16:57:13.748 [info] > git status -z -uall [78ms]
2026-08-22 16:57:18.763 [info] > git config --get commit.template [6ms]
2026-08-22 16:57:18.771 [info] > git for-each-ref --format=%(refname)%00%(upstream:short)%00%(objectname)%00%(upstream:track)%00%(upstream:remotename)%00%(upstream:remoteref) refs/heads/master refs/remotes/master [8ms]
2026-08-22 16:57:18.772 [warning] [Git][getBranch] No such branch: master
2026-08-22 16:57:18.804 [info] > git for-each-ref --sort -committerdate --format %(refname)%00%(objectname)%00%(*objectname) [18ms]
2026-08-22 16:57:18.848 [info] > git status -z -uall [66ms]
2026-08-22 16:57:23.862 [info] > git config --get commit.template [5ms]
2026-08-22 16:57:23.869 [info] > git for-each-ref --format=%(refname)%00%(upstream:short)%00%(objectname)%00%(upstream:track)%00%(upstream:remotename)%00%(upstream:remoteref) refs/heads/master refs/remotes/master [9ms]
2026-08-22 16:57:23.869 [warning] [Git][getBranch] No such branch: master
2026-08-22 16:57:23.895 [info] > git for-each-ref --sort -committerdate --format %(refname)%00%(objectname)%00%(*objectname) [19ms]
2026-08-22 16:57:23.937 [info] > git status -z -uall [64ms]
2026-08-22 16:57:28.951 [info] > git config --get commit.template [6ms]
2026-08-22 16:57:28.959 [info] > git for-each-ref --format=%(refname)%00%(upstream:short)%00%(objectname)%00%(upstream:track)%00%(upstream:remotename)%00%(upstream:remoteref) refs/heads/master refs/remotes/master [10ms]
2026-08-22 16:57:28.959 [warning] [Git][getBranch] No such branch: master
2026-08-22 16:57:28.984 [info] > git for-each-ref --sort -committerdate --format %(refname)%00%(objectname)%00%(*objectname) [19ms]
2026-08-22 16:57:29.025 [info] > git status -z -uall [63ms]
2026-08-22 16:57:34.038 [info] > git config --get commit.template [5ms]
2026-08-22 16:57:34.046 [info] > git for-each-ref --format=%(refname)%00%(upstream:short)%00%(objectname)%00%(upstream:track)%00%(upstream:remotename)%00%(upstream:remoteref) refs/heads/master refs/remotes/master [9ms]
2026-08-22 16:57:34.046 [warning] [Git][getBranch] No such branch: master
2026-08-22 16:57:34.069 [info] > git for-each-ref --sort -committerdate --format %(refname)%00%(objectname)%00%(*objectname) [16ms]
2026-08-22 16:57:34.112 [info] > git status -z -uall [62ms]
2026-08-22 16:57:39.126 [info] > git config --get commit.template [5ms]
2026-08-22 16:57:39.135 [info] > git for-each-ref --format=%(refname)%00%(upstream:short)%00%(objectname)%00%(upstream:track)%00%(upstream:remotename)%00%(upstream:remoteref) refs/heads/master refs/remotes/master [10ms]
2026-08-22 16:57:39.135 [warning] [Git][getBranch] No such branch: master
2026-08-22 16:57:39.157 [info] > git for-each-ref --sort -committerdate --format %(refname)%00%(objectname)%00%(*objectname) [15ms]
2026-08-22 16:57:39.199 [info] > git status -z -uall [60ms]
2026-08-22 16:57:44.215 [info] > git config --get commit.template [7ms]
2026-08-22 16:57:44.223 [info] > git for-each-ref --format=%(refname)%00%(upstream:short)%00%(objectname)%00%(upstream:track)%00%(upstream:remotename)%00%(upstream:remoteref) refs/heads/master refs/remotes/master [11ms]
2026-08-22 16:57:44.223 [warning] [Git][getBranch] No such branch: master
2026-08-22 16:57:44.247 [info] > git for-each-ref --sort -committerdate --format %(refname)%00%(objectname)%00%(*objectname) [17ms]
2026-08-22 16:57:44.291 [info] > git status -z -uall [64ms]
2026-08-22 16:57:49.306 [info] > git config --get commit.template [5ms]
2026-08-22 16:57:49.314 [info] > git for-each-ref --format=%(refname)%00%(upstream:short)%00%(objectname)%00%(upstream:track)%00%(upstream:remotename)%00%(upstream:remoteref) refs/heads/master refs/remotes/master [10ms]
2026-08-22 16:57:49.314 [warning] [Git][getBranch] No such branch: master
2026-08-22 16:57:49.340 [info] > git for-each-ref --sort -committerdate --format %(refname)%00%(objectname)%00%(*objectname) [19ms]
2026-08-22 16:57:49.392 [info] > git status -z -uall [74ms]
2026-08-22 16:57:54.406 [info] > git config --get commit.template [6ms]
2026-08-22 16:57:54.414 [info] > git for-each-ref --format=%(refname)%00%(upstream:short)%00%(objectname)%00%(upstream:track)%00%(upstream:remotename)%00%(upstream:remoteref) refs/heads/master refs/remotes/master [11ms]
2026-08-22 16:57:54.414 [warning] [Git][getBranch] No such branch: master
2026-08-22 16:57:54.438 [info] > git for-each-ref --sort -committerdate --format %(refname)%00%(objectname)%00%(*objectname) [17ms]
2026-08-22 16:57:54.550 [info] > git status -z -uall [132ms]
2026-08-22 16:57:57.796 [info] > git add -A -- . [3055ms]
2026-08-22 16:58:00.896 [info] > git show --textconv :.git/COMMIT_EDITMSG [8ms]
2026-08-22 16:58:00.897 [warning] [GitFileSystemProvider][readFile] File not found - git:/voc/work/.git/COMMIT_EDITMSG.git?%7B%22path%22%3A%22%2Fvoc%2Fwork%2F.git%2FCOMMIT_EDITMSG%22%2C%22ref%22%3A%22%22%7D
2026-08-22 16:58:00.904 [info] > git ls-files --stage -- .git/COMMIT_EDITMSG [13ms]
2026-08-22 16:58:00.911 [warning] [GitFileSystemProvider][stat] File not found - git:/voc/work/.git/COMMIT_EDITMSG.git?%7B%22path%22%3A%22%2Fvoc%2Fwork%2F.git%2FCOMMIT_EDITMSG%22%2C%22ref%22%3A%22%22%7D
2026-08-22 16:58:56.579 [info] > git -c user.useConfigOnly=true commit --quiet [58780ms]
2026-08-22 16:58:56.579 [info] Aborting commit due to empty commit message.
2026-08-22 16:58:56.590 [info] > git config --get commit.template [7ms]
2026-08-22 16:58:56.598 [info] > git for-each-ref --format=%(refname)%00%(upstream:short)%00%(objectname)%00%(upstream:track)%00%(upstream:remotename)%00%(upstream:remoteref) refs/heads/master refs/remotes/master [10ms]
2026-08-22 16:58:56.598 [warning] [Git][getBranch] No such branch: master
2026-08-22 16:58:56.634 [info] > git for-each-ref --sort -committerdate --format %(refname)%00%(objectname)%00%(*objectname) [21ms]
2026-08-22 16:58:56.843 [info] > git status -z -uall [233ms]
2026-08-22 16:58:56.860 [info] > git config --get commit.template [6ms]
2026-08-22 16:58:56.867 [info] > git for-each-ref --format=%(refname)%00%(upstream:short)%00%(objectname)%00%(upstream:track)%00%(upstream:remotename)%00%(upstream:remoteref) refs/heads/master refs/remotes/master [9ms]
2026-08-22 16:58:56.868 [warning] [Git][getBranch] No such branch: master
2026-08-22 16:58:56.897 [info] > git for-each-ref --sort -committerdate --format %(refname)%00%(objectname)%00%(*objectname) [16ms]
2026-08-22 16:58:56.983 [info] > git status -z -uall [105ms]
2026-08-22 16:59:01.997 [info] > git config --get commit.template [5ms]
2026-08-22 16:59:02.005 [info] > git for-each-ref --format=%(refname)%00%(upstream:short)%00%(objectname)%00%(upstream:track)%00%(upstream:remotename)%00%(upstream:remoteref) refs/heads/master refs/remotes/master [10ms]
2026-08-22 16:59:02.005 [warning] [Git][getBranch] No such branch: master
2026-08-22 16:59:02.025 [info] > git for-each-ref --sort -committerdate --format %(refname)%00%(objectname)%00%(*objectname) [14ms]
2026-08-22 16:59:02.078 [info] > git status -z -uall [70ms]
2026-08-22 16:59:07.092 [info] > git config --get commit.template [5ms]
2026-08-22 16:59:07.101 [info] > git for-each-ref --format=%(refname)%00%(upstream:short)%00%(objectname)%00%(upstream:track)%00%(upstream:remotename)%00%(upstream:remoteref) refs/heads/master refs/remotes/master [9ms]
2026-08-22 16:59:07.101 [warning] [Git][getBranch] No such branch: master
2026-08-22 16:59:07.134 [info] > git for-each-ref --sort -committerdate --format %(refname)%00%(objectname)%00%(*objectname) [20ms]
2026-08-22 16:59:07.179 [info] > git status -z -uall [68ms]
2026-08-22 16:59:12.193 [info] > git config --get commit.template [5ms]
2026-08-22 16:59:12.201 [info] > git for-each-ref --format=%(refname)%00%(upstream:short)%00%(objectname)%00%(upstream:track)%00%(upstream:remotename)%00%(upstream:remoteref) refs/heads/master refs/remotes/master [10ms]
2026-08-22 16:59:12.201 [warning] [Git][getBranch] No such branch: master
2026-08-22 16:59:12.223 [info] > git for-each-ref --sort -committerdate --format %(refname)%00%(objectname)%00%(*objectname) [16ms]
2026-08-22 16:59:12.287 [info] > git status -z -uall [83ms]
2026-08-22 16:59:17.302 [info] > git config --get commit.template [5ms]
2026-08-22 16:59:17.310 [info] > git for-each-ref --format=%(refname)%00%(upstream:short)%00%(objectname)%00%(upstream:track)%00%(upstream:remotename)%00%(upstream:remoteref) refs/heads/master refs/remotes/master [10ms]
2026-08-22 16:59:17.310 [warning] [Git][getBranch] No such branch: master
2026-08-22 16:59:17.333 [info] > git for-each-ref --sort -committerdate --format %(refname)%00%(objectname)%00%(*objectname) [16ms]
2026-08-22 16:59:17.379 [info] > git status -z -uall [65ms]
