2026-08-16 13:40:06.296 [info] semantic_tokens_range file:///voc/work/fake_llm.py 0:0-54:17
2026-08-16 13:40:06.300 [info] semantic_tokens_full file:///voc/work/fake_llm.py 
2026-08-16 13:40:06.303 [info] WARNING:pygls.protocol.json_rpc:Cancel notification for unknown message id "4"

2026-08-16 13:40:06.780 [info] semantic_tokens_range file:///voc/work/fake_llm.py 0:0-71:14
2026-08-16 13:40:07.555 [info] [Debug - 1:40:07 PM] no definitions found for name "question" of type 'statement' (166:8)
2026-08-16 13:40:07.555 [info] [Debug - 1:40:07 PM] no definitions found for name "text" of type 'statement' (167:8)
2026-08-16 13:40:07.558 [info] [Debug - 1:40:07 PM] no definitions found for name "cost_usd" of type 'statement' (168:8)
2026-08-16 13:40:07.558 [info] [Debug - 1:40:07 PM] no matching semantic token for "__name__" of type 'statement' (172:3)
2026-08-16 13:40:07.558 [info] [Debug - 1:40:07 PM] no definitions found for name "text" of type 'statement' (176:21)
2026-08-16 13:40:07.558 [info] [Debug - 1:40:07 PM] no definitions found for name "text" of type 'statement' (177:21)
2026-08-16 13:40:07.561 [info] [Debug - 1:40:07 PM] no definitions found for name "text" of type 'statement' (178:21)
2026-08-16 13:40:07.563 [info] [Debug - 1:40:07 PM] multiple definitions found for name "text" of type 'statement' (182:26):
 <Name full_name='fake_llm.Question.text', description='text: str'>
<Name full_name='fake_llm.Question.text', description='text: str'>
<Name full_name='fake_llm.Question.text', description='text: str'>
2026-08-16 13:58:44.928 [info] WARNING:pygls.protocol.json_rpc:Cancel notification for unknown message id "13"

2026-08-16 13:58:52.080 [info] semantic_tokens_full file:///voc/work/W2_Practice_Assignment_Solution_Activity/pipeline_solution.py 
2026-08-16 13:58:52.211 [info] ERROR:pygls.protocol.json_rpc:Exception occurred for message "19": _pickle.UnpicklingError: unpickling stack underflow
NoneType: None

2026-08-16 13:58:52.212 [info] [Error - 1:58:52 PM] Request textDocument/semanticTokens/full failed.
2026-08-16 13:58:52.214 [info]   Message: _pickle.UnpicklingError: unpickling stack underflow
  Code: -32603 
[object Object]
2026-08-16 13:58:52.225 [info] ERROR:pygls.protocol.json_rpc:Failed to handle request 20 textDocument/documentSymbol DocumentSymbolParams(text_document=TextDocumentIdentifier(uri='file:///voc/work/W2_Practice_Assignment_Solution_Activity/pipeline_solution.py'), work_done_token=None, partial_result_token=None)
Traceback (most recent call last):
  File "/usr/local/lib/code-server-4.103.2/lib/vscode/extensions/ms-python.python-2025.12.0/python_files/lib/jedilsp/pygls/protocol/json_rpc.py", line 266, in _handle_request
    self._execute_request(msg_id, handler, params)
  File "/usr/local/lib/code-server-4.103.2/lib/vscode/extensions/ms-python.python-2025.12.0/python_files/lib/jedilsp/pygls/protocol/json_rpc.py", line 188, in _execute_request
    self._send_response(msg_id, handler(params))
  File "/usr/local/lib/code-server-4.103.2/lib/vscode/extensions/ms-python.python-2025.12.0/python_files/lib/jedilsp/jedi_language_server/server.py", line 546, in document_symbol
    document_symbols = jedi_utils.lsp_document_symbols(names)
  File "/usr/local/lib/code-server-4.103.2/lib/vscode/extensions/ms-python.python-2025.12.0/python_files/lib/jedilsp/jedi_language_server/jedi_utils.py", line 225, in lsp_document_symbols
    symbol_range = _document_symbol_range(name)
  File "/usr/local/lib/code-server-4.103.2/lib/vscode/extensions/ms-python.python-2025.12.0/python_files/lib/jedilsp/jedi_language_server/jedi_utils.py", line 204, in _document_symbol_range
    end = name.get_definition_end_position()
  File "/usr/local/lib/code-server-4.103.2/lib/vscode/extensions/ms-python.python-2025.12.0/python_files/lib/jedilsp/jedi/api/classes.py", line 260, in get_definition_end_position
    if self.type in ("function", "class"):
  File "/usr/local/lib/code-server-4.103.2/lib/vscode/extensions/ms-python.python-2025.12.0/python_files/lib/jedilsp/jedi/api/classes.py", line 190, in type
    for value in self._name.infer():
  File "/usr/local/lib/code-server-4.103.2/lib/vscode/extensions/ms-python.python-2025.12.0/python_files/lib/jedilsp/jedi/inference/names.py", line 281, in infer
    return tree_name_to_values(
  File "/usr/local/lib/code-server-4.103.2/lib/vscode/extensions/ms-python.python-2025.12.0/python_files/lib/jedilsp/jedi/plugins/__init__.py", line 21, in wrapper
    return built_functions[public_name](*args, **kwargs)
  File "/usr/local/lib/code-server-4.103.2/lib/vscode/extensions/ms-python.python-2025.12.0/python_files/lib/jedilsp/jedi/plugins/stdlib.py", line 878, in wrapper
    return func(inference_state, context, tree_name)
  File "/usr/local/lib/code-server-4.103.2/lib/vscode/extensions/ms-python.python-2025.12.0/python_files/lib/jedilsp/jedi/plugins/django.py", line 177, in wrapper
    result = func(inference_state, context, tree_name)
  File "/usr/local/lib/code-server-4.103.2/lib/vscode/extensions/ms-python.python-2025.12.0/python_files/lib/jedilsp/jedi/inference/syntax_tree.py", line 771, in tree_name_to_values
    types = imports.infer_import(context, tree_name)
  File "/usr/local/lib/code-server-4.103.2/lib/vscode/extensions/ms-python.python-2025.12.0/python_files/lib/jedilsp/jedi/inference/cache.py", line 44, in wrapper
    rv = function(obj, *args, **kwargs)
  File "/usr/local/lib/code-server-4.103.2/lib/vscode/extensions/ms-python.python-2025.12.0/python_files/lib/jedilsp/jedi/inference/imports.py", line 57, in infer_import
    values = values.py__getattribute__(
  File "/usr/local/lib/code-server-4.103.2/lib/vscode/extensions/ms-python.python-2025.12.0/python_files/lib/jedilsp/jedi/inference/base_value.py", line 496, in py__getattribute__
    return ValueSet.from_sets(c.py__getattribute__(*args, **kwargs) for c in self._set)
  File "/usr/local/lib/code-server-4.103.2/lib/vscode/extensions/ms-python.python-2025.12.0/python_files/lib/jedilsp/jedi/inference/base_value.py", line 430, in from_sets
    for set_ in sets:
  File "/usr/local/lib/code-server-4.103.2/lib/vscode/extensions/ms-python.python-2025.12.0/python_files/lib/jedilsp/jedi/inference/base_value.py", line 496, in <genexpr>
    return ValueSet.from_sets(c.py__getattribute__(*args, **kwargs) for c in self._set)
  File "/usr/local/lib/code-server-4.103.2/lib/vscode/extensions/ms-python.python-2025.12.0/python_files/lib/jedilsp/jedi/inference/base_value.py", line 84, in py__getattribute__
    values = ValueSet.from_sets(name.infer() for name in names)
  File "/usr/local/lib/code-server-4.103.2/lib/vscode/extensions/ms-python.python-2025.12.0/python_files/lib/jedilsp/jedi/inference/base_value.py", line 430, in from_sets
    for set_ in sets:
  File "/usr/local/lib/code-server-4.103.2/lib/vscode/extensions/ms-python.python-2025.12.0/python_files/lib/jedilsp/jedi/inference/base_value.py", line 84, in <genexpr>
    values = ValueSet.from_sets(name.infer() for name in names)
  File "/usr/local/lib/code-server-4.103.2/lib/vscode/extensions/ms-python.python-2025.12.0/python_files/lib/jedilsp/jedi/inference/names.py", line 657, in infer
    inferred = super().infer()
  File "/usr/local/lib/code-server-4.103.2/lib/vscode/extensions/ms-python.python-2025.12.0/python_files/lib/jedilsp/jedi/inference/names.py", line 281, in infer
    return tree_name_to_values(
  File "/usr/local/lib/code-server-4.103.2/lib/vscode/extensions/ms-python.python-2025.12.0/python_files/lib/jedilsp/jedi/plugins/__init__.py", line 21, in wrapper
    return built_functions[public_name](*args, **kwargs)
  File "/usr/local/lib/code-server-4.103.2/lib/vscode/extensions/ms-python.python-2025.12.0/python_files/lib/jedilsp/jedi/plugins/stdlib.py", line 878, in wrapper
    return func(inference_state, context, tree_name)
  File "/usr/local/lib/code-server-4.103.2/lib/vscode/extensions/ms-python.python-2025.12.0/python_files/lib/jedilsp/jedi/plugins/django.py", line 177, in wrapper
    result = func(inference_state, context, tree_name)
  File "/usr/local/lib/code-server-4.103.2/lib/vscode/extensions/ms-python.python-2025.12.0/python_files/lib/jedilsp/jedi/inference/syntax_tree.py", line 773, in tree_name_to_values
    types = _apply_decorators(context, node)
  File "/usr/local/lib/code-server-4.103.2/lib/vscode/extensions/ms-python.python-2025.12.0/python_files/lib/jedilsp/jedi/inference/cache.py", line 44, in wrapper
    rv = function(obj, *args, **kwargs)
  File "/usr/local/lib/code-server-4.103.2/lib/vscode/extensions/ms-python.python-2025.12.0/python_files/lib/jedilsp/jedi/inference/syntax_tree.py", line 815, in _apply_decorators
    dec_values = context.infer_node(dec.children[1])
  File "/usr/local/lib/code-server-4.103.2/lib/vscode/extensions/ms-python.python-2025.12.0/python_files/lib/jedilsp/jedi/inference/context.py", line 224, in infer_node
    return infer_node(self, node)
  File "/usr/local/lib/code-server-4.103.2/lib/vscode/extensions/ms-python.python-2025.12.0/python_files/lib/jedilsp/jedi/inference/syntax_tree.py", line 157, in infer_node
    return _infer_node_if_inferred(context, element)
  File "/usr/local/lib/code-server-4.103.2/lib/vscode/extensions/ms-python.python-2025.12.0/python_files/lib/jedilsp/jedi/inference/syntax_tree.py", line 170, in _infer_node_if_inferred
    return _infer_node_cached(context, element)
  File "/usr/local/lib/code-server-4.103.2/lib/vscode/extensions/ms-python.python-2025.12.0/python_files/lib/jedilsp/jedi/inference/cache.py", line 44, in wrapper
    rv = function(obj, *args, **kwargs)
  File "/usr/local/lib/code-server-4.103.2/lib/vscode/extensions/ms-python.python-2025.12.0/python_files/lib/jedilsp/jedi/inference/syntax_tree.py", line 175, in _infer_node_cached
    return _infer_node(context, element)
  File "/usr/local/lib/code-server-4.103.2/lib/vscode/extensions/ms-python.python-2025.12.0/python_files/lib/jedilsp/jedi/debug.py", line 81, in wrapper
    return func(*args, **kwargs)
  File "/usr/local/lib/code-server-4.103.2/lib/vscode/extensions/ms-python.python-2025.12.0/python_files/lib/jedilsp/jedi/inference/syntax_tree.py", line 83, in wrapper
    return func(context, *args, **kwargs)
  File "/usr/local/lib/code-server-4.103.2/lib/vscode/extensions/ms-python.python-2025.12.0/python_files/lib/jedilsp/jedi/inference/syntax_tree.py", line 185, in _infer_node
    return infer_atom(context, element)
  File "/usr/local/lib/code-server-4.103.2/lib/vscode/extensions/ms-python.python-2025.12.0/python_files/lib/jedilsp/jedi/inference/syntax_tree.py", line 305, in infer_atom
    return context.py__getattribute__(atom, position=position)
  File "/usr/local/lib/code-server-4.103.2/lib/vscode/extensions/ms-python.python-2025.12.0/python_files/lib/jedilsp/jedi/inference/context.py", line 77, in py__getattribute__
    values = ValueSet.from_sets(name.infer() for name in names)
  File "/usr/local/lib/code-server-4.103.2/lib/vscode/extensions/ms-python.python-2025.12.0/python_files/lib/jedilsp/jedi/inference/base_value.py", line 430, in from_sets
    for set_ in sets:
  File "/usr/local/lib/code-server-4.103.2/lib/vscode/extensions/ms-python.python-2025.12.0/python_files/lib/jedilsp/jedi/inference/context.py", line 77, in <genexpr>
    values = ValueSet.from_sets(name.infer() for name in names)
  File "/usr/local/lib/code-server-4.103.2/lib/vscode/extensions/ms-python.python-2025.12.0/python_files/lib/jedilsp/jedi/inference/names.py", line 281, in infer
    return tree_name_to_values(
  File "/usr/local/lib/code-server-4.103.2/lib/vscode/extensions/ms-python.python-2025.12.0/python_files/lib/jedilsp/jedi/plugins/__init__.py", line 21, in wrapper
    return built_functions[public_name](*args, **kwargs)
  File "/usr/local/lib/code-server-4.103.2/lib/vscode/extensions/ms-python.python-2025.12.0/python_files/lib/jedilsp/jedi/plugins/stdlib.py", line 878, in wrapper
    return func(inference_state, context, tree_name)
  File "/usr/local/lib/code-server-4.103.2/lib/vscode/extensions/ms-python.python-2025.12.0/python_files/lib/jedilsp/jedi/plugins/django.py", line 177, in wrapper
    result = func(inference_state, context, tree_name)
  File "/usr/local/lib/code-server-4.103.2/lib/vscode/extensions/ms-python.python-2025.12.0/python_files/lib/jedilsp/jedi/inference/syntax_tree.py", line 771, in tree_name_to_values
    types = imports.infer_import(context, tree_name)
  File "/usr/local/lib/code-server-4.103.2/lib/vscode/extensions/ms-python.python-2025.12.0/python_files/lib/jedilsp/jedi/inference/cache.py", line 44, in wrapper
    rv = function(obj, *args, **kwargs)
  File "/usr/local/lib/code-server-4.103.2/lib/vscode/extensions/ms-python.python-2025.12.0/python_files/lib/jedilsp/jedi/inference/imports.py", line 53, in infer_import
    _prepare_infer_import(module_context, tree_name)
  File "/usr/local/lib/code-server-4.103.2/lib/vscode/extensions/ms-python.python-2025.12.0/python_files/lib/jedilsp/jedi/inference/imports.py", line 116, in _prepare_infer_import
    return from_import_name, tuple(import_path), import_node.level, importer.follow()
  File "/usr/local/lib/code-server-4.103.2/lib/vscode/extensions/ms-python.python-2025.12.0/python_files/lib/jedilsp/jedi/inference/imports.py", line 296, in follow
    return import_module_by_names(
  File "/usr/local/lib/code-server-4.103.2/lib/vscode/extensions/ms-python.python-2025.12.0/python_files/lib/jedilsp/jedi/inference/imports.py", line 376, in import_module_by_names
    value_set = ValueSet.from_sets([
  File "/usr/local/lib/code-server-4.103.2/lib/vscode/extensions/ms-python.python-2025.12.0/python_files/lib/jedilsp/jedi/inference/imports.py", line 377, in <listcomp>
    import_module(
  File "/usr/local/lib/code-server-4.103.2/lib/vscode/extensions/ms-python.python-2025.12.0/python_files/lib/jedilsp/jedi/plugins/__init__.py", line 21, in wrapper
    return built_functions[public_name](*args, **kwargs)
  File "/usr/local/lib/code-server-4.103.2/lib/vscode/extensions/ms-python.python-2025.12.0/python_files/lib/jedilsp/jedi/plugins/flask.py", line 20, in wrapper
    return callback(inference_state, import_names, module_context, *args, **kwargs)
  File "/usr/local/lib/code-server-4.103.2/lib/vscode/extensions/ms-python.python-2025.12.0/python_files/lib/jedilsp/jedi/inference/gradual/typeshed.py", line 115, in wrapper
    python_value_set = ValueSet.from_sets(
  File "/usr/local/lib/code-server-4.103.2/lib/vscode/extensions/ms-python.python-2025.12.0/python_files/lib/jedilsp/jedi/inference/base_value.py", line 430, in from_sets
    for set_ in sets:
  File "/usr/local/lib/code-server-4.103.2/lib/vscode/extensions/ms-python.python-2025.12.0/python_files/lib/jedilsp/jedi/inference/gradual/typeshed.py", line 116, in <genexpr>
    func(inference_state, import_names, p, sys_path,)
  File "/usr/local/lib/code-server-4.103.2/lib/vscode/extensions/ms-python.python-2025.12.0/python_files/lib/jedilsp/jedi/inference/imports.py", line 411, in import_module
    file_io_or_ns, is_pkg = inference_state.compiled_subprocess.get_module_info(
  File "/usr/local/lib/code-server-4.103.2/lib/vscode/extensions/ms-python.python-2025.12.0/python_files/lib/jedilsp/jedi/inference/compiled/subprocess/__init__.py", line 188, in wrapper
    result = self._compiled_subprocess.run(
  File "/usr/local/lib/code-server-4.103.2/lib/vscode/extensions/ms-python.python-2025.12.0/python_files/lib/jedilsp/jedi/inference/compiled/subprocess/__init__.py", line 296, in run
    return self._send(inference_state_id, function, args, kwargs)
  File "/usr/local/lib/code-server-4.103.2/lib/vscode/extensions/ms-python.python-2025.12.0/python_files/lib/jedilsp/jedi/inference/compiled/subprocess/__init__.py", line 318, in _send
    is_exception, traceback, result = pickle_load(self._get_process().stdout)
  File "/usr/local/lib/code-server-4.103.2/lib/vscode/extensions/ms-python.python-2025.12.0/python_files/lib/jedilsp/jedi/_compatibility.py", line 25, in pickle_load
    return Unpickler(file).load()
_pickle.UnpicklingError: invalid load key, '+'.

2026-08-16 13:58:52.226 [info] [Error - 1:58:52 PM] Request textDocument/documentSymbol failed.
2026-08-16 13:58:52.231 [info]   Message: _pickle.UnpicklingError: invalid load key, '+'.
  Code: -32603 
[object Object]
2026-08-16 13:58:52.289 [info] semantic_tokens_range file:///voc/work/W2_Practice_Assignment_Solution_Activity/pipeline_solution.py 0:0-54:12
2026-08-16 13:58:52.293 [info] ERROR:pygls.protocol.json_rpc:Exception occurred for message "21": _pickle.UnpicklingError: invalid load key, '+'.
NoneType: None

2026-08-16 13:58:52.296 [info] [Error - 1:58:52 PM] Request textDocument/semanticTokens/range failed.
2026-08-16 13:58:52.296 [info]   Message: _pickle.UnpicklingError: invalid load key, '+'.
  Code: -32603 
[object Object]
2026-08-16 13:58:55.679 [info] semantic_tokens_range file:///voc/work/W2_Practice_Assignment_Solution_Activity/pipeline_solution.py 0:0-60:48
2026-08-16 13:58:55.682 [info] ERROR:pygls.protocol.json_rpc:Exception occurred for message "22": _pickle.UnpicklingError: invalid load key, '+'.
NoneType: None

2026-08-16 13:58:55.683 [info] [Error - 1:58:55 PM] Request textDocument/semanticTokens/range failed.
2026-08-16 13:58:55.683 [info]   Message: _pickle.UnpicklingError: invalid load key, '+'.
  Code: -32603 
[object Object]
2026-08-16 13:58:57.490 [info] semantic_tokens_range file:///voc/work/W2_Practice_Assignment_Solution_Activity/pipeline_solution.py 0:0-63:0
2026-08-16 13:58:57.493 [info] ERROR:pygls.protocol.json_rpc:Exception occurred for message "23": _pickle.UnpicklingError: invalid load key, '+'.
NoneType: None

2026-08-16 13:58:57.495 [info] [Error - 1:58:57 PM] Request textDocument/semanticTokens/range failed.
2026-08-16 13:58:57.495 [info]   Message: _pickle.UnpicklingError: invalid load key, '+'.
  Code: -32603 
[object Object]
2026-08-16 13:58:58.337 [info] ERROR:pygls.protocol.json_rpc:Failed to handle request 24 textDocument/hover HoverParams(text_document=TextDocumentIdentifier(uri='file:///voc/work/W2_Practice_Assignment_Solution_Activity/pipeline_solution.py'), position=23:12, work_done_token=None)
Traceback (most recent call last):
  File "/usr/local/lib/code-server-4.103.2/lib/vscode/extensions/ms-python.python-2025.12.0/python_files/lib/jedilsp/pygls/protocol/json_rpc.py", line 266, in _handle_request
    self._execute_request(msg_id, handler, params)
  File "/usr/local/lib/code-server-4.103.2/lib/vscode/extensions/ms-python.python-2025.12.0/python_files/lib/jedilsp/pygls/protocol/json_rpc.py", line 188, in _execute_request
    self._send_response(msg_id, handler(params))
  File "/usr/local/lib/code-server-4.103.2/lib/vscode/extensions/ms-python.python-2025.12.0/python_files/lib/jedilsp/jedi_language_server/notebook_utils.py", line 373, in wrapped
    result = f(notebook_server, notebook_params)
  File "/usr/local/lib/code-server-4.103.2/lib/vscode/extensions/ms-python.python-2025.12.0/python_files/lib/jedilsp/jedi_language_server/server.py", line 487, in hover
    jedi_script.help(*jedi_lines),
  File "/usr/local/lib/code-server-4.103.2/lib/vscode/extensions/ms-python.python-2025.12.0/python_files/lib/jedilsp/jedi/api/helpers.py", line 487, in wrapper
    return func(self, line, column, *args, **kwargs)
  File "/usr/local/lib/code-server-4.103.2/lib/vscode/extensions/ms-python.python-2025.12.0/python_files/lib/jedilsp/jedi/api/__init__.py", line 372, in help
    definitions = self.goto(line, column, follow_imports=True)
  File "/usr/local/lib/code-server-4.103.2/lib/vscode/extensions/ms-python.python-2025.12.0/python_files/lib/jedilsp/jedi/api/helpers.py", line 487, in wrapper
    return func(self, line, column, *args, **kwargs)
  File "/usr/local/lib/code-server-4.103.2/lib/vscode/extensions/ms-python.python-2025.12.0/python_files/lib/jedilsp/jedi/api/__init__.py", line 300, in goto
    names = list(name.goto())
  File "/usr/local/lib/code-server-4.103.2/lib/vscode/extensions/ms-python.python-2025.12.0/python_files/lib/jedilsp/jedi/inference/names.py", line 213, in goto
    return context.goto(name, position=stmt.start_pos)
  File "/usr/local/lib/code-server-4.103.2/lib/vscode/extensions/ms-python.python-2025.12.0/python_files/lib/jedilsp/jedi/inference/context.py", line 34, in goto
    names = finder.filter_name(filters, name_or_str)
  File "/usr/local/lib/code-server-4.103.2/lib/vscode/extensions/ms-python.python-2025.12.0/python_files/lib/jedilsp/jedi/inference/finder.py", line 35, in filter_name
    for filter in filters:
  File "/usr/local/lib/code-server-4.103.2/lib/vscode/extensions/ms-python.python-2025.12.0/python_files/lib/jedilsp/jedi/inference/context.py", line 496, in get_global_filters
    b = next(base_context.inference_state.builtins_module.get_filters(), None)
  File "/usr/local/lib/code-server-4.103.2/lib/vscode/extensions/ms-python.python-2025.12.0/python_files/lib/jedilsp/jedi/inference/cache.py", line 44, in wrapper
    rv = function(obj, *args, **kwargs)
  File "/usr/local/lib/code-server-4.103.2/lib/vscode/extensions/ms-python.python-2025.12.0/python_files/lib/jedilsp/jedi/inference/__init__.py", line 129, in builtins_module
    builtins_module, = self.import_module((module_name,), sys_path=[])
  File "/usr/local/lib/code-server-4.103.2/lib/vscode/extensions/ms-python.python-2025.12.0/python_files/lib/jedilsp/jedi/inference/__init__.py", line 112, in import_module
    return imports.import_module_by_names(
  File "/usr/local/lib/code-server-4.103.2/lib/vscode/extensions/ms-python.python-2025.12.0/python_files/lib/jedilsp/jedi/inference/imports.py", line 376, in import_module_by_names
    value_set = ValueSet.from_sets([
  File "/usr/local/lib/code-server-4.103.2/lib/vscode/extensions/ms-python.python-2025.12.0/python_files/lib/jedilsp/jedi/inference/imports.py", line 377, in <listcomp>
    import_module(
  File "/usr/local/lib/code-server-4.103.2/lib/vscode/extensions/ms-python.python-2025.12.0/python_files/lib/jedilsp/jedi/plugins/__init__.py", line 21, in wrapper
    return built_functions[public_name](*args, **kwargs)
  File "/usr/local/lib/code-server-4.103.2/lib/vscode/extensions/ms-python.python-2025.12.0/python_files/lib/jedilsp/jedi/plugins/flask.py", line 20, in wrapper
    return callback(inference_state, import_names, module_context, *args, **kwargs)
  File "/usr/local/lib/code-server-4.103.2/lib/vscode/extensions/ms-python.python-2025.12.0/python_files/lib/jedilsp/jedi/inference/gradual/typeshed.py", line 115, in wrapper
    python_value_set = ValueSet.from_sets(
  File "/usr/local/lib/code-server-4.103.2/lib/vscode/extensions/ms-python.python-2025.12.0/python_files/lib/jedilsp/jedi/inference/base_value.py", line 430, in from_sets
    for set_ in sets:
  File "/usr/local/lib/code-server-4.103.2/lib/vscode/extensions/ms-python.python-2025.12.0/python_files/lib/jedilsp/jedi/inference/gradual/typeshed.py", line 116, in <genexpr>
    func(inference_state, import_names, p, sys_path,)
  File "/usr/local/lib/code-server-4.103.2/lib/vscode/extensions/ms-python.python-2025.12.0/python_files/lib/jedilsp/jedi/inference/imports.py", line 411, in import_module
    file_io_or_ns, is_pkg = inference_state.compiled_subprocess.get_module_info(
  File "/usr/local/lib/code-server-4.103.2/lib/vscode/extensions/ms-python.python-2025.12.0/python_files/lib/jedilsp/jedi/inference/compiled/subprocess/__init__.py", line 188, in wrapper
    result = self._compiled_subprocess.run(
  File "/usr/local/lib/code-server-4.103.2/lib/vscode/extensions/ms-python.python-2025.12.0/python_files/lib/jedilsp/jedi/inference/compiled/subprocess/__init__.py", line 296, in run
    return self._send(inference_state_id, function, args, kwargs)
  File "/usr/local/lib/code-server-4.103.2/lib/vscode/extensions/ms-python.python-2025.12.0/python_files/lib/jedilsp/jedi/inference/compiled/subprocess/__init__.py", line 318, in _send
    is_exception, traceback, result = pickle_load(self._get_process().stdout)
  File "/usr/local/lib/code-server-4.103.2/lib/vscode/extensions/ms-python.python-2025.12.0/python_files/lib/jedilsp/jedi/_compatibility.py", line 25, in pickle_load
    return Unpickler(file).load()
_pickle.UnpicklingError: invalid load key, '+'.

2026-08-16 13:58:58.338 [info] [Error - 1:58:58 PM] Request textDocument/hover failed.
2026-08-16 13:58:58.341 [info]   Message: _pickle.UnpicklingError: invalid load key, '+'.
  Code: -32603 
[object Object]
2026-08-16 13:58:59.117 [info] semantic_tokens_range file:///voc/work/W2_Practice_Assignment_Solution_Activity/pipeline_solution.py 0:0-76:68
2026-08-16 13:58:59.120 [info] ERROR:pygls.protocol.json_rpc:Exception occurred for message "25": _pickle.UnpicklingError: invalid load key, '+'.
NoneType: None

2026-08-16 13:58:59.121 [info] [Error - 1:58:59 PM] Request textDocument/semanticTokens/range failed.
2026-08-16 13:58:59.121 [info]   Message: _pickle.UnpicklingError: invalid load key, '+'.
  Code: -32603 
[object Object]
2026-08-16 13:58:59.248 [info] ERROR:pygls.protocol.json_rpc:Failed to handle request 26 textDocument/hover HoverParams(text_document=TextDocumentIdentifier(uri='file:///voc/work/W2_Practice_Assignment_Solution_Activity/pipeline_solution.py'), position=40:30, work_done_token=None)
Traceback (most recent call last):
  File "/usr/local/lib/code-server-4.103.2/lib/vscode/extensions/ms-python.python-2025.12.0/python_files/lib/jedilsp/pygls/protocol/json_rpc.py", line 266, in _handle_request
    self._execute_request(msg_id, handler, params)
  File "/usr/local/lib/code-server-4.103.2/lib/vscode/extensions/ms-python.python-2025.12.0/python_files/lib/jedilsp/pygls/protocol/json_rpc.py", line 188, in _execute_request
    self._send_response(msg_id, handler(params))
  File "/usr/local/lib/code-server-4.103.2/lib/vscode/extensions/ms-python.python-2025.12.0/python_files/lib/jedilsp/jedi_language_server/notebook_utils.py", line 373, in wrapped
    result = f(notebook_server, notebook_params)
  File "/usr/local/lib/code-server-4.103.2/lib/vscode/extensions/ms-python.python-2025.12.0/python_files/lib/jedilsp/jedi_language_server/server.py", line 486, in hover
    hover_text = jedi_utils.hover_text(
  File "/usr/local/lib/code-server-4.103.2/lib/vscode/extensions/ms-python.python-2025.12.0/python_files/lib/jedilsp/jedi_language_server/jedi_utils.py", line 681, in hover_text
    header_plain = "\n".join(get_full_signatures(name))
  File "/usr/local/lib/code-server-4.103.2/lib/vscode/extensions/ms-python.python-2025.12.0/python_files/lib/jedilsp/jedi_language_server/jedi_utils.py", line 626, in get_full_signatures
    signatures = name.get_signatures()
  File "/usr/local/lib/code-server-4.103.2/lib/vscode/extensions/ms-python.python-2025.12.0/python_files/lib/jedilsp/jedi/api/classes.py", line 581, in get_signatures
    for s in self._get_signatures()
  File "/usr/local/lib/code-server-4.103.2/lib/vscode/extensions/ms-python.python-2025.12.0/python_files/lib/jedilsp/jedi/api/classes.py", line 570, in _get_signatures
    return [sig for name in names for sig in name.infer().get_signatures()]
  File "/usr/local/lib/code-server-4.103.2/lib/vscode/extensions/ms-python.python-2025.12.0/python_files/lib/jedilsp/jedi/api/classes.py", line 570, in <listcomp>
    return [sig for name in names for sig in name.infer().get_signatures()]
  File "/usr/local/lib/code-server-4.103.2/lib/vscode/extensions/ms-python.python-2025.12.0/python_files/lib/jedilsp/jedi/plugins/__init__.py", line 21, in wrapper
    return built_functions[public_name](*args, **kwargs)
  File "/usr/local/lib/code-server-4.103.2/lib/vscode/extensions/ms-python.python-2025.12.0/python_files/lib/jedilsp/jedi/plugins/pytest.py", line 58, in wrapper
    return func(param_name)
  File "/usr/local/lib/code-server-4.103.2/lib/vscode/extensions/ms-python.python-2025.12.0/python_files/lib/jedilsp/jedi/inference/names.py", line 523, in infer
    values = super().infer()
  File "/usr/local/lib/code-server-4.103.2/lib/vscode/extensions/ms-python.python-2025.12.0/python_files/lib/jedilsp/jedi/inference/names.py", line 508, in infer
    values = self.infer_annotation()
  File "/usr/local/lib/code-server-4.103.2/lib/vscode/extensions/ms-python.python-2025.12.0/python_files/lib/jedilsp/jedi/inference/names.py", line 462, in infer_annotation
    values = infer_param(
  File "/usr/local/lib/code-server-4.103.2/lib/vscode/extensions/ms-python.python-2025.12.0/python_files/lib/jedilsp/jedi/inference/cache.py", line 44, in wrapper
    rv = function(obj, *args, **kwargs)
  File "/usr/local/lib/code-server-4.103.2/lib/vscode/extensions/ms-python.python-2025.12.0/python_files/lib/jedilsp/jedi/inference/gradual/annotation.py", line 114, in infer_param
    values = _infer_param(function_value, param)
  File "/usr/local/lib/code-server-4.103.2/lib/vscode/extensions/ms-python.python-2025.12.0/python_files/lib/jedilsp/jedi/inference/gradual/annotation.py", line 183, in _infer_param
    return infer_annotation(context, annotation)
  File "/usr/local/lib/code-server-4.103.2/lib/vscode/extensions/ms-python.python-2025.12.0/python_files/lib/jedilsp/jedi/inference/gradual/annotation.py", line 34, in infer_annotation
    value_set = context.infer_node(annotation)
  File "/usr/local/lib/code-server-4.103.2/lib/vscode/extensions/ms-python.python-2025.12.0/python_files/lib/jedilsp/jedi/inference/context.py", line 224, in infer_node
    return infer_node(self, node)
  File "/usr/local/lib/code-server-4.103.2/lib/vscode/extensions/ms-python.python-2025.12.0/python_files/lib/jedilsp/jedi/inference/syntax_tree.py", line 157, in infer_node
    return _infer_node_if_inferred(context, element)
  File "/usr/local/lib/code-server-4.103.2/lib/vscode/extensions/ms-python.python-2025.12.0/python_files/lib/jedilsp/jedi/inference/syntax_tree.py", line 170, in _infer_node_if_inferred
    return _infer_node_cached(context, element)
  File "/usr/local/lib/code-server-4.103.2/lib/vscode/extensions/ms-python.python-2025.12.0/python_files/lib/jedilsp/jedi/inference/cache.py", line 44, in wrapper
    rv = function(obj, *args, **kwargs)
  File "/usr/local/lib/code-server-4.103.2/lib/vscode/extensions/ms-python.python-2025.12.0/python_files/lib/jedilsp/jedi/inference/syntax_tree.py", line 175, in _infer_node_cached
    return _infer_node(context, element)
  File "/usr/local/lib/code-server-4.103.2/lib/vscode/extensions/ms-python.python-2025.12.0/python_files/lib/jedilsp/jedi/debug.py", line 81, in wrapper
    return func(*args, **kwargs)
  File "/usr/local/lib/code-server-4.103.2/lib/vscode/extensions/ms-python.python-2025.12.0/python_files/lib/jedilsp/jedi/inference/syntax_tree.py", line 83, in wrapper
    return func(context, *args, **kwargs)
  File "/usr/local/lib/code-server-4.103.2/lib/vscode/extensions/ms-python.python-2025.12.0/python_files/lib/jedilsp/jedi/inference/syntax_tree.py", line 185, in _infer_node
    return infer_atom(context, element)
  File "/usr/local/lib/code-server-4.103.2/lib/vscode/extensions/ms-python.python-2025.12.0/python_files/lib/jedilsp/jedi/inference/syntax_tree.py", line 305, in infer_atom
    return context.py__getattribute__(atom, position=position)
  File "/usr/local/lib/code-server-4.103.2/lib/vscode/extensions/ms-python.python-2025.12.0/python_files/lib/jedilsp/jedi/inference/context.py", line 45, in py__getattribute__
    names = self.goto(name_or_str, position)
  File "/usr/local/lib/code-server-4.103.2/lib/vscode/extensions/ms-python.python-2025.12.0/python_files/lib/jedilsp/jedi/inference/context.py", line 34, in goto
    names = finder.filter_name(filters, name_or_str)
  File "/usr/local/lib/code-server-4.103.2/lib/vscode/extensions/ms-python.python-2025.12.0/python_files/lib/jedilsp/jedi/inference/finder.py", line 35, in filter_name
    for filter in filters:
  File "/usr/local/lib/code-server-4.103.2/lib/vscode/extensions/ms-python.python-2025.12.0/python_files/lib/jedilsp/jedi/inference/context.py", line 496, in get_global_filters
    b = next(base_context.inference_state.builtins_module.get_filters(), None)
  File "/usr/local/lib/code-server-4.103.2/lib/vscode/extensions/ms-python.python-2025.12.0/python_files/lib/jedilsp/jedi/inference/cache.py", line 44, in wrapper
    rv = function(obj, *args, **kwargs)
  File "/usr/local/lib/code-server-4.103.2/lib/vscode/extensions/ms-python.python-2025.12.0/python_files/lib/jedilsp/jedi/inference/__init__.py", line 129, in builtins_module
    builtins_module, = self.import_module((module_name,), sys_path=[])
  File "/usr/local/lib/code-server-4.103.2/lib/vscode/extensions/ms-python.python-2025.12.0/python_files/lib/jedilsp/jedi/inference/__init__.py", line 112, in import_module
    return imports.import_module_by_names(
  File "/usr/local/lib/code-server-4.103.2/lib/vscode/extensions/ms-python.python-2025.12.0/python_files/lib/jedilsp/jedi/inference/imports.py", line 376, in import_module_by_names
    value_set = ValueSet.from_sets([
  File "/usr/local/lib/code-server-4.103.2/lib/vscode/extensions/ms-python.python-2025.12.0/python_files/lib/jedilsp/jedi/inference/imports.py", line 377, in <listcomp>
    import_module(
  File "/usr/local/lib/code-server-4.103.2/lib/vscode/extensions/ms-python.python-2025.12.0/python_files/lib/jedilsp/jedi/plugins/__init__.py", line 21, in wrapper
    return built_functions[public_name](*args, **kwargs)
  File "/usr/local/lib/code-server-4.103.2/lib/vscode/extensions/ms-python.python-2025.12.0/python_files/lib/jedilsp/jedi/plugins/flask.py", line 20, in wrapper
    return callback(inference_state, import_names, module_context, *args, **kwargs)
  File "/usr/local/lib/code-server-4.103.2/lib/vscode/extensions/ms-python.python-2025.12.0/python_files/lib/jedilsp/jedi/inference/gradual/typeshed.py", line 115, in wrapper
    python_value_set = ValueSet.from_sets(
  File "/usr/local/lib/code-server-4.103.2/lib/vscode/extensions/ms-python.python-2025.12.0/python_files/lib/jedilsp/jedi/inference/base_value.py", line 430, in from_sets
    for set_ in sets:
  File "/usr/local/lib/code-server-4.103.2/lib/vscode/extensions/ms-python.python-2025.12.0/python_files/lib/jedilsp/jedi/inference/gradual/typeshed.py", line 116, in <genexpr>
    func(inference_state, import_names, p, sys_path,)
  File "/usr/local/lib/code-server-4.103.2/lib/vscode/extensions/ms-python.python-2025.12.0/python_files/lib/jedilsp/jedi/inference/imports.py", line 411, in import_module
    file_io_or_ns, is_pkg = inference_state.compiled_subprocess.get_module_info(
  File "/usr/local/lib/code-server-4.103.2/lib/vscode/extensions/ms-python.python-2025.12.0/python_files/lib/jedilsp/jedi/inference/compiled/subprocess/__init__.py", line 188, in wrapper
    result = self._compiled_subprocess.run(
  File "/usr/local/lib/code-server-4.103.2/lib/vscode/extensions/ms-python.python-2025.12.0/python_files/lib/jedilsp/jedi/inference/compiled/subprocess/__init__.py", line 296, in run
    return self._send(inference_state_id, function, args, kwargs)
  File "/usr/local/lib/code-server-4.103.2/lib/vscode/extensions/ms-python.python-2025.12.0/python_files/lib/jedilsp/jedi/inference/compiled/subprocess/__init__.py", line 318, in _send
    is_exception, traceback, result = pickle_load(self._get_process().stdout)
  File "/usr/local/lib/code-server-4.103.2/lib/vscode/extensions/ms-python.python-2025.12.0/python_files/lib/jedilsp/jedi/_compatibility.py", line 25, in pickle_load
    return Unpickler(file).load()
_pickle.UnpicklingError: invalid load key, '+'.

2026-08-16 13:58:59.248 [info] [Error - 1:58:59 PM] Request textDocument/hover failed.
2026-08-16 13:58:59.253 [info]   Message: _pickle.UnpicklingError: invalid load key, '+'.
  Code: -32603 
[object Object]
2026-08-16 13:59:00.073 [info] ERROR:pygls.protocol.json_rpc:Failed to handle request 27 textDocument/hover HoverParams(text_document=TextDocumentIdentifier(uri='file:///voc/work/W2_Practice_Assignment_Solution_Activity/pipeline_solution.py'), position=35:8, work_done_token=None)
Traceback (most recent call last):
  File "/usr/local/lib/code-server-4.103.2/lib/vscode/extensions/ms-python.python-2025.12.0/python_files/lib/jedilsp/pygls/protocol/json_rpc.py", line 266, in _handle_request
    self._execute_request(msg_id, handler, params)
  File "/usr/local/lib/code-server-4.103.2/lib/vscode/extensions/ms-python.python-2025.12.0/python_files/lib/jedilsp/pygls/protocol/json_rpc.py", line 188, in _execute_request
    self._send_response(msg_id, handler(params))
  File "/usr/local/lib/code-server-4.103.2/lib/vscode/extensions/ms-python.python-2025.12.0/python_files/lib/jedilsp/jedi_language_server/notebook_utils.py", line 373, in wrapped
    result = f(notebook_server, notebook_params)
  File "/usr/local/lib/code-server-4.103.2/lib/vscode/extensions/ms-python.python-2025.12.0/python_files/lib/jedilsp/jedi_language_server/server.py", line 487, in hover
    jedi_script.help(*jedi_lines),
  File "/usr/local/lib/code-server-4.103.2/lib/vscode/extensions/ms-python.python-2025.12.0/python_files/lib/jedilsp/jedi/api/helpers.py", line 487, in wrapper
    return func(self, line, column, *args, **kwargs)
  File "/usr/local/lib/code-server-4.103.2/lib/vscode/extensions/ms-python.python-2025.12.0/python_files/lib/jedilsp/jedi/api/__init__.py", line 396, in help
    name = KeywordName(self._inference_state, leaf.value)
  File "/usr/local/lib/code-server-4.103.2/lib/vscode/extensions/ms-python.python-2025.12.0/python_files/lib/jedilsp/jedi/inference/names.py", line 103, in __init__
    self.parent_context = inference_state.builtins_module
  File "/usr/local/lib/code-server-4.103.2/lib/vscode/extensions/ms-python.python-2025.12.0/python_files/lib/jedilsp/jedi/inference/cache.py", line 44, in wrapper
    rv = function(obj, *args, **kwargs)
  File "/usr/local/lib/code-server-4.103.2/lib/vscode/extensions/ms-python.python-2025.12.0/python_files/lib/jedilsp/jedi/inference/__init__.py", line 129, in builtins_module
    builtins_module, = self.import_module((module_name,), sys_path=[])
  File "/usr/local/lib/code-server-4.103.2/lib/vscode/extensions/ms-python.python-2025.12.0/python_files/lib/jedilsp/jedi/inference/__init__.py", line 112, in import_module
    return imports.import_module_by_names(
  File "/usr/local/lib/code-server-4.103.2/lib/vscode/extensions/ms-python.python-2025.12.0/python_files/lib/jedilsp/jedi/inference/imports.py", line 376, in import_module_by_names
    value_set = ValueSet.from_sets([
  File "/usr/local/lib/code-server-4.103.2/lib/vscode/extensions/ms-python.python-2025.12.0/python_files/lib/jedilsp/jedi/inference/imports.py", line 377, in <listcomp>
    import_module(
  File "/usr/local/lib/code-server-4.103.2/lib/vscode/extensions/ms-python.python-2025.12.0/python_files/lib/jedilsp/jedi/plugins/__init__.py", line 21, in wrapper
    return built_functions[public_name](*args, **kwargs)
  File "/usr/local/lib/code-server-4.103.2/lib/vscode/extensions/ms-python.python-2025.12.0/python_files/lib/jedilsp/jedi/plugins/flask.py", line 20, in wrapper
    return callback(inference_state, import_names, module_context, *args, **kwargs)
  File "/usr/local/lib/code-server-4.103.2/lib/vscode/extensions/ms-python.python-2025.12.0/python_files/lib/jedilsp/jedi/inference/gradual/typeshed.py", line 115, in wrapper
    python_value_set = ValueSet.from_sets(
  File "/usr/local/lib/code-server-4.103.2/lib/vscode/extensions/ms-python.python-2025.12.0/python_files/lib/jedilsp/jedi/inference/base_value.py", line 430, in from_sets
    for set_ in sets:
  File "/usr/local/lib/code-server-4.103.2/lib/vscode/extensions/ms-python.python-2025.12.0/python_files/lib/jedilsp/jedi/inference/gradual/typeshed.py", line 116, in <genexpr>
    func(inference_state, import_names, p, sys_path,)
  File "/usr/local/lib/code-server-4.103.2/lib/vscode/extensions/ms-python.python-2025.12.0/python_files/lib/jedilsp/jedi/inference/imports.py", line 411, in import_module
    file_io_or_ns, is_pkg = inference_state.compiled_subprocess.get_module_info(
  File "/usr/local/lib/code-server-4.103.2/lib/vscode/extensions/ms-python.python-2025.12.0/python_files/lib/jedilsp/jedi/inference/compiled/subprocess/__init__.py", line 188, in wrapper
    result = self._compiled_subprocess.run(
  File "/usr/local/lib/code-server-4.103.2/lib/vscode/extensions/ms-python.python-2025.12.0/python_files/lib/jedilsp/jedi/inference/compiled/subprocess/__init__.py", line 296, in run
    return self._send(inference_state_id, function, args, kwargs)
  File "/usr/local/lib/code-server-4.103.2/lib/vscode/extensions/ms-python.python-2025.12.0/python_files/lib/jedilsp/jedi/inference/compiled/subprocess/__init__.py", line 318, in _send
    is_exception, traceback, result = pickle_load(self._get_process().stdout)
  File "/usr/local/lib/code-server-4.103.2/lib/vscode/extensions/ms-python.python-2025.12.0/python_files/lib/jedilsp/jedi/_compatibility.py", line 25, in pickle_load
    return Unpickler(file).load()
_pickle.UnpicklingError: invalid load key, '+'.

2026-08-16 13:59:00.074 [info] [Error - 1:59:00 PM] Request textDocument/hover failed.
2026-08-16 13:59:00.076 [info]   Message: _pickle.UnpicklingError: invalid load key, '+'.
  Code: -32603 
[object Object]
2026-08-16 13:59:00.394 [info] ERROR:pygls.protocol.json_rpc:Failed to handle request 28 textDocument/hover HoverParams(text_document=TextDocumentIdentifier(uri='file:///voc/work/W2_Practice_Assignment_Solution_Activity/pipeline_solution.py'), position=33:7, work_done_token=None)
Traceback (most recent call last):
  File "/usr/local/lib/code-server-4.103.2/lib/vscode/extensions/ms-python.python-2025.12.0/python_files/lib/jedilsp/pygls/protocol/json_rpc.py", line 266, in _handle_request
    self._execute_request(msg_id, handler, params)
  File "/usr/local/lib/code-server-4.103.2/lib/vscode/extensions/ms-python.python-2025.12.0/python_files/lib/jedilsp/pygls/protocol/json_rpc.py", line 188, in _execute_request
    self._send_response(msg_id, handler(params))
  File "/usr/local/lib/code-server-4.103.2/lib/vscode/extensions/ms-python.python-2025.12.0/python_files/lib/jedilsp/jedi_language_server/notebook_utils.py", line 373, in wrapped
    result = f(notebook_server, notebook_params)
  File "/usr/local/lib/code-server-4.103.2/lib/vscode/extensions/ms-python.python-2025.12.0/python_files/lib/jedilsp/jedi_language_server/server.py", line 486, in hover
    hover_text = jedi_utils.hover_text(
  File "/usr/local/lib/code-server-4.103.2/lib/vscode/extensions/ms-python.python-2025.12.0/python_files/lib/jedilsp/jedi_language_server/jedi_utils.py", line 681, in hover_text
    header_plain = "\n".join(get_full_signatures(name))
  File "/usr/local/lib/code-server-4.103.2/lib/vscode/extensions/ms-python.python-2025.12.0/python_files/lib/jedilsp/jedi_language_server/jedi_utils.py", line 626, in get_full_signatures
    signatures = name.get_signatures()
  File "/usr/local/lib/code-server-4.103.2/lib/vscode/extensions/ms-python.python-2025.12.0/python_files/lib/jedilsp/jedi/api/classes.py", line 581, in get_signatures
    for s in self._get_signatures()
  File "/usr/local/lib/code-server-4.103.2/lib/vscode/extensions/ms-python.python-2025.12.0/python_files/lib/jedilsp/jedi/api/classes.py", line 570, in _get_signatures
    return [sig for name in names for sig in name.infer().get_signatures()]
  File "/usr/local/lib/code-server-4.103.2/lib/vscode/extensions/ms-python.python-2025.12.0/python_files/lib/jedilsp/jedi/api/classes.py", line 570, in <listcomp>
    return [sig for name in names for sig in name.infer().get_signatures()]
  File "/usr/local/lib/code-server-4.103.2/lib/vscode/extensions/ms-python.python-2025.12.0/python_files/lib/jedilsp/jedi/inference/base_value.py", line 516, in get_signatures
    return [sig for c in self._set for sig in c.get_signatures()]
  File "/usr/local/lib/code-server-4.103.2/lib/vscode/extensions/ms-python.python-2025.12.0/python_files/lib/jedilsp/jedi/inference/base_value.py", line 516, in <listcomp>
    return [sig for c in self._set for sig in c.get_signatures()]
  File "/usr/local/lib/code-server-4.103.2/lib/vscode/extensions/ms-python.python-2025.12.0/python_files/lib/jedilsp/jedi/inference/value/klass.py", line 228, in get_signatures
    metaclasses = self.get_metaclasses()
  File "/usr/local/lib/code-server-4.103.2/lib/vscode/extensions/ms-python.python-2025.12.0/python_files/lib/jedilsp/jedi/inference/cache.py", line 44, in wrapper
    rv = function(obj, *args, **kwargs)
  File "/usr/local/lib/code-server-4.103.2/lib/vscode/extensions/ms-python.python-2025.12.0/python_files/lib/jedilsp/jedi/inference/value/klass.py", line 381, in get_metaclasses
    for value in lazy_base.infer():
  File "/usr/local/lib/code-server-4.103.2/lib/vscode/extensions/ms-python.python-2025.12.0/python_files/lib/jedilsp/jedi/inference/lazy_value.py", line 48, in infer
    return self.context.infer_node(self.data)
  File "/usr/local/lib/code-server-4.103.2/lib/vscode/extensions/ms-python.python-2025.12.0/python_files/lib/jedilsp/jedi/inference/context.py", line 224, in infer_node
    return infer_node(self, node)
  File "/usr/local/lib/code-server-4.103.2/lib/vscode/extensions/ms-python.python-2025.12.0/python_files/lib/jedilsp/jedi/inference/syntax_tree.py", line 157, in infer_node
    return _infer_node_if_inferred(context, element)
  File "/usr/local/lib/code-server-4.103.2/lib/vscode/extensions/ms-python.python-2025.12.0/python_files/lib/jedilsp/jedi/inference/syntax_tree.py", line 170, in _infer_node_if_inferred
    return _infer_node_cached(context, element)
  File "/usr/local/lib/code-server-4.103.2/lib/vscode/extensions/ms-python.python-2025.12.0/python_files/lib/jedilsp/jedi/inference/cache.py", line 44, in wrapper
    rv = function(obj, *args, **kwargs)
  File "/usr/local/lib/code-server-4.103.2/lib/vscode/extensions/ms-python.python-2025.12.0/python_files/lib/jedilsp/jedi/inference/syntax_tree.py", line 175, in _infer_node_cached
    return _infer_node(context, element)
  File "/usr/local/lib/code-server-4.103.2/lib/vscode/extensions/ms-python.python-2025.12.0/python_files/lib/jedilsp/jedi/debug.py", line 81, in wrapper
    return func(*args, **kwargs)
  File "/usr/local/lib/code-server-4.103.2/lib/vscode/extensions/ms-python.python-2025.12.0/python_files/lib/jedilsp/jedi/inference/syntax_tree.py", line 83, in wrapper
    return func(context, *args, **kwargs)
  File "/usr/local/lib/code-server-4.103.2/lib/vscode/extensions/ms-python.python-2025.12.0/python_files/lib/jedilsp/jedi/inference/syntax_tree.py", line 185, in _infer_node
    return infer_atom(context, element)
  File "/usr/local/lib/code-server-4.103.2/lib/vscode/extensions/ms-python.python-2025.12.0/python_files/lib/jedilsp/jedi/inference/syntax_tree.py", line 305, in infer_atom
    return context.py__getattribute__(atom, position=position)
  File "/usr/local/lib/code-server-4.103.2/lib/vscode/extensions/ms-python.python-2025.12.0/python_files/lib/jedilsp/jedi/inference/context.py", line 45, in py__getattribute__
    names = self.goto(name_or_str, position)
  File "/usr/local/lib/code-server-4.103.2/lib/vscode/extensions/ms-python.python-2025.12.0/python_files/lib/jedilsp/jedi/inference/context.py", line 34, in goto
    names = finder.filter_name(filters, name_or_str)
  File "/usr/local/lib/code-server-4.103.2/lib/vscode/extensions/ms-python.python-2025.12.0/python_files/lib/jedilsp/jedi/inference/finder.py", line 35, in filter_name
    for filter in filters:
  File "/usr/local/lib/code-server-4.103.2/lib/vscode/extensions/ms-python.python-2025.12.0/python_files/lib/jedilsp/jedi/inference/context.py", line 496, in get_global_filters
    b = next(base_context.inference_state.builtins_module.get_filters(), None)
  File "/usr/local/lib/code-server-4.103.2/lib/vscode/extensions/ms-python.python-2025.12.0/python_files/lib/jedilsp/jedi/inference/cache.py", line 44, in wrapper
    rv = function(obj, *args, **kwargs)
  File "/usr/local/lib/code-server-4.103.2/lib/vscode/extensions/ms-python.python-2025.12.0/python_files/lib/jedilsp/jedi/inference/__init__.py", line 129, in builtins_module
    builtins_module, = self.import_module((module_name,), sys_path=[])
  File "/usr/local/lib/code-server-4.103.2/lib/vscode/extensions/ms-python.python-2025.12.0/python_files/lib/jedilsp/jedi/inference/__init__.py", line 112, in import_module
    return imports.import_module_by_names(
  File "/usr/local/lib/code-server-4.103.2/lib/vscode/extensions/ms-python.python-2025.12.0/python_files/lib/jedilsp/jedi/inference/imports.py", line 376, in import_module_by_names
    value_set = ValueSet.from_sets([
  File "/usr/local/lib/code-server-4.103.2/lib/vscode/extensions/ms-python.python-2025.12.0/python_files/lib/jedilsp/jedi/inference/imports.py", line 377, in <listcomp>
    import_module(
  File "/usr/local/lib/code-server-4.103.2/lib/vscode/extensions/ms-python.python-2025.12.0/python_files/lib/jedilsp/jedi/plugins/__init__.py", line 21, in wrapper
    return built_functions[public_name](*args, **kwargs)
  File "/usr/local/lib/code-server-4.103.2/lib/vscode/extensions/ms-python.python-2025.12.0/python_files/lib/jedilsp/jedi/plugins/flask.py", line 20, in wrapper
    return callback(inference_state, import_names, module_context, *args, **kwargs)
  File "/usr/local/lib/code-server-4.103.2/lib/vscode/extensions/ms-python.python-2025.12.0/python_files/lib/jedilsp/jedi/inference/gradual/typeshed.py", line 115, in wrapper
    python_value_set = ValueSet.from_sets(
  File "/usr/local/lib/code-server-4.103.2/lib/vscode/extensions/ms-python.python-2025.12.0/python_files/lib/jedilsp/jedi/inference/base_value.py", line 430, in from_sets
    for set_ in sets:
  File "/usr/local/lib/code-server-4.103.2/lib/vscode/extensions/ms-python.python-2025.12.0/python_files/lib/jedilsp/jedi/inference/gradual/typeshed.py", line 116, in <genexpr>
    func(inference_state, import_names, p, sys_path,)
  File "/usr/local/lib/code-server-4.103.2/lib/vscode/extensions/ms-python.python-2025.12.0/python_files/lib/jedilsp/jedi/inference/imports.py", line 411, in import_module
    file_io_or_ns, is_pkg = inference_state.compiled_subprocess.get_module_info(
  File "/usr/local/lib/code-server-4.103.2/lib/vscode/extensions/ms-python.python-2025.12.0/python_files/lib/jedilsp/jedi/inference/compiled/subprocess/__init__.py", line 188, in wrapper
    result = self._compiled_subprocess.run(
  File "/usr/local/lib/code-server-4.103.2/lib/vscode/extensions/ms-python.python-2025.12.0/python_files/lib/jedilsp/jedi/inference/compiled/subprocess/__init__.py", line 296, in run
    return self._send(inference_state_id, function, args, kwargs)
  File "/usr/local/lib/code-server-4.103.2/lib/vscode/extensions/ms-python.python-2025.12.0/python_files/lib/jedilsp/jedi/inference/compiled/subprocess/__init__.py", line 318, in _send
    is_exception, traceback, result = pickle_load(self._get_process().stdout)
  File "/usr/local/lib/code-server-4.103.2/lib/vscode/extensions/ms-python.python-2025.12.0/python_files/lib/jedilsp/jedi/_compatibility.py", line 25, in pickle_load
    return Unpickler(file).load()
_pickle.UnpicklingError: invalid load key, '+'.

2026-08-16 13:59:00.394 [info] [Error - 1:59:00 PM] Request textDocument/hover failed.
2026-08-16 13:59:00.398 [info]   Message: _pickle.UnpicklingError: invalid load key, '+'.
  Code: -32603 
[object Object]
2026-08-16 13:59:03.277 [info] ERROR:pygls.protocol.json_rpc:Failed to handle request 29 textDocument/hover HoverParams(text_document=TextDocumentIdentifier(uri='file:///voc/work/W2_Practice_Assignment_Solution_Activity/pipeline_solution.py'), position=33:4, work_done_token=None)
Traceback (most recent call last):
  File "/usr/local/lib/code-server-4.103.2/lib/vscode/extensions/ms-python.python-2025.12.0/python_files/lib/jedilsp/pygls/protocol/json_rpc.py", line 266, in _handle_request
    self._execute_request(msg_id, handler, params)
  File "/usr/local/lib/code-server-4.103.2/lib/vscode/extensions/ms-python.python-2025.12.0/python_files/lib/jedilsp/pygls/protocol/json_rpc.py", line 188, in _execute_request
    self._send_response(msg_id, handler(params))
  File "/usr/local/lib/code-server-4.103.2/lib/vscode/extensions/ms-python.python-2025.12.0/python_files/lib/jedilsp/jedi_language_server/notebook_utils.py", line 373, in wrapped
    result = f(notebook_server, notebook_params)
  File "/usr/local/lib/code-server-4.103.2/lib/vscode/extensions/ms-python.python-2025.12.0/python_files/lib/jedilsp/jedi_language_server/server.py", line 487, in hover
    jedi_script.help(*jedi_lines),
  File "/usr/local/lib/code-server-4.103.2/lib/vscode/extensions/ms-python.python-2025.12.0/python_files/lib/jedilsp/jedi/api/helpers.py", line 487, in wrapper
    return func(self, line, column, *args, **kwargs)
  File "/usr/local/lib/code-server-4.103.2/lib/vscode/extensions/ms-python.python-2025.12.0/python_files/lib/jedilsp/jedi/api/__init__.py", line 396, in help
    name = KeywordName(self._inference_state, leaf.value)
  File "/usr/local/lib/code-server-4.103.2/lib/vscode/extensions/ms-python.python-2025.12.0/python_files/lib/jedilsp/jedi/inference/names.py", line 103, in __init__
    self.parent_context = inference_state.builtins_module
  File "/usr/local/lib/code-server-4.103.2/lib/vscode/extensions/ms-python.python-2025.12.0/python_files/lib/jedilsp/jedi/inference/cache.py", line 44, in wrapper
    rv = function(obj, *args, **kwargs)
  File "/usr/local/lib/code-server-4.103.2/lib/vscode/extensions/ms-python.python-2025.12.0/python_files/lib/jedilsp/jedi/inference/__init__.py", line 129, in builtins_module
    builtins_module, = self.import_module((module_name,), sys_path=[])
  File "/usr/local/lib/code-server-4.103.2/lib/vscode/extensions/ms-python.python-2025.12.0/python_files/lib/jedilsp/jedi/inference/__init__.py", line 112, in import_module
    return imports.import_module_by_names(
  File "/usr/local/lib/code-server-4.103.2/lib/vscode/extensions/ms-python.python-2025.12.0/python_files/lib/jedilsp/jedi/inference/imports.py", line 376, in import_module_by_names
    value_set = ValueSet.from_sets([
  File "/usr/local/lib/code-server-4.103.2/lib/vscode/extensions/ms-python.python-2025.12.0/python_files/lib/jedilsp/jedi/inference/imports.py", line 377, in <listcomp>
    import_module(
  File "/usr/local/lib/code-server-4.103.2/lib/vscode/extensions/ms-python.python-2025.12.0/python_files/lib/jedilsp/jedi/plugins/__init__.py", line 21, in wrapper
    return built_functions[public_name](*args, **kwargs)
  File "/usr/local/lib/code-server-4.103.2/lib/vscode/extensions/ms-python.python-2025.12.0/python_files/lib/jedilsp/jedi/plugins/flask.py", line 20, in wrapper
    return callback(inference_state, import_names, module_context, *args, **kwargs)
  File "/usr/local/lib/code-server-4.103.2/lib/vscode/extensions/ms-python.python-2025.12.0/python_files/lib/jedilsp/jedi/inference/gradual/typeshed.py", line 115, in wrapper
    python_value_set = ValueSet.from_sets(
  File "/usr/local/lib/code-server-4.103.2/lib/vscode/extensions/ms-python.python-2025.12.0/python_files/lib/jedilsp/jedi/inference/base_value.py", line 430, in from_sets
    for set_ in sets:
  File "/usr/local/lib/code-server-4.103.2/lib/vscode/extensions/ms-python.python-2025.12.0/python_files/lib/jedilsp/jedi/inference/gradual/typeshed.py", line 116, in <genexpr>
    func(inference_state, import_names, p, sys_path,)
  File "/usr/local/lib/code-server-4.103.2/lib/vscode/extensions/ms-python.python-2025.12.0/python_files/lib/jedilsp/jedi/inference/imports.py", line 411, in import_module
    file_io_or_ns, is_pkg = inference_state.compiled_subprocess.get_module_info(
  File "/usr/local/lib/code-server-4.103.2/lib/vscode/extensions/ms-python.python-2025.12.0/python_files/lib/jedilsp/jedi/inference/compiled/subprocess/__init__.py", line 188, in wrapper
    result = self._compiled_subprocess.run(
  File "/usr/local/lib/code-server-4.103.2/lib/vscode/extensions/ms-python.python-2025.12.0/python_files/lib/jedilsp/jedi/inference/compiled/subprocess/__init__.py", line 296, in run
    return self._send(inference_state_id, function, args, kwargs)
  File "/usr/local/lib/code-server-4.103.2/lib/vscode/extensions/ms-python.python-2025.12.0/python_files/lib/jedilsp/jedi/inference/compiled/subprocess/__init__.py", line 318, in _send
    is_exception, traceback, result = pickle_load(self._get_process().stdout)
  File "/usr/local/lib/code-server-4.103.2/lib/vscode/extensions/ms-python.python-2025.12.0/python_files/lib/jedilsp/jedi/_compatibility.py", line 25, in pickle_load
    return Unpickler(file).load()
_pickle.UnpicklingError: invalid load key, '+'.

2026-08-16 13:59:03.277 [info] [Error - 1:59:03 PM] Request textDocument/hover failed.
2026-08-16 13:59:03.281 [info]   Message: _pickle.UnpicklingError: invalid load key, '+'.
  Code: -32603 
[object Object]
2026-08-16 13:59:06.242 [info] ERROR:pygls.protocol.json_rpc:Failed to handle request 34 textDocument/hover HoverParams(text_document=TextDocumentIdentifier(uri='file:///voc/work/W2_Practice_Assignment_Solution_Activity/pipeline_solution.py'), position=38:3, work_done_token=None)
Traceback (most recent call last):
  File "/usr/local/lib/code-server-4.103.2/lib/vscode/extensions/ms-python.python-2025.12.0/python_files/lib/jedilsp/pygls/protocol/json_rpc.py", line 266, in _handle_request
    self._execute_request(msg_id, handler, params)
  File "/usr/local/lib/code-server-4.103.2/lib/vscode/extensions/ms-python.python-2025.12.0/python_files/lib/jedilsp/pygls/protocol/json_rpc.py", line 188, in _execute_request
    self._send_response(msg_id, handler(params))
  File "/usr/local/lib/code-server-4.103.2/lib/vscode/extensions/ms-python.python-2025.12.0/python_files/lib/jedilsp/jedi_language_server/notebook_utils.py", line 373, in wrapped
    result = f(notebook_server, notebook_params)
  File "/usr/local/lib/code-server-4.103.2/lib/vscode/extensions/ms-python.python-2025.12.0/python_files/lib/jedilsp/jedi_language_server/server.py", line 487, in hover
    jedi_script.help(*jedi_lines),
  File "/usr/local/lib/code-server-4.103.2/lib/vscode/extensions/ms-python.python-2025.12.0/python_files/lib/jedilsp/jedi/api/helpers.py", line 487, in wrapper
    return func(self, line, column, *args, **kwargs)
  File "/usr/local/lib/code-server-4.103.2/lib/vscode/extensions/ms-python.python-2025.12.0/python_files/lib/jedilsp/jedi/api/__init__.py", line 396, in help
    name = KeywordName(self._inference_state, leaf.value)
  File "/usr/local/lib/code-server-4.103.2/lib/vscode/extensions/ms-python.python-2025.12.0/python_files/lib/jedilsp/jedi/inference/names.py", line 103, in __init__
    self.parent_context = inference_state.builtins_module
  File "/usr/local/lib/code-server-4.103.2/lib/vscode/extensions/ms-python.python-2025.12.0/python_files/lib/jedilsp/jedi/inference/cache.py", line 44, in wrapper
    rv = function(obj, *args, **kwargs)
  File "/usr/local/lib/code-server-4.103.2/lib/vscode/extensions/ms-python.python-2025.12.0/python_files/lib/jedilsp/jedi/inference/__init__.py", line 129, in builtins_module
    builtins_module, = self.import_module((module_name,), sys_path=[])
  File "/usr/local/lib/code-server-4.103.2/lib/vscode/extensions/ms-python.python-2025.12.0/python_files/lib/jedilsp/jedi/inference/__init__.py", line 112, in import_module
    return imports.import_module_by_names(
  File "/usr/local/lib/code-server-4.103.2/lib/vscode/extensions/ms-python.python-2025.12.0/python_files/lib/jedilsp/jedi/inference/imports.py", line 376, in import_module_by_names
    value_set = ValueSet.from_sets([
  File "/usr/local/lib/code-server-4.103.2/lib/vscode/extensions/ms-python.python-2025.12.0/python_files/lib/jedilsp/jedi/inference/imports.py", line 377, in <listcomp>
    import_module(
  File "/usr/local/lib/code-server-4.103.2/lib/vscode/extensions/ms-python.python-2025.12.0/python_files/lib/jedilsp/jedi/plugins/__init__.py", line 21, in wrapper
    return built_functions[public_name](*args, **kwargs)
  File "/usr/local/lib/code-server-4.103.2/lib/vscode/extensions/ms-python.python-2025.12.0/python_files/lib/jedilsp/jedi/plugins/flask.py", line 20, in wrapper
    return callback(inference_state, import_names, module_context, *args, **kwargs)
  File "/usr/local/lib/code-server-4.103.2/lib/vscode/extensions/ms-python.python-2025.12.0/python_files/lib/jedilsp/jedi/inference/gradual/typeshed.py", line 115, in wrapper
    python_value_set = ValueSet.from_sets(
  File "/usr/local/lib/code-server-4.103.2/lib/vscode/extensions/ms-python.python-2025.12.0/python_files/lib/jedilsp/jedi/inference/base_value.py", line 430, in from_sets
    for set_ in sets:
  File "/usr/local/lib/code-server-4.103.2/lib/vscode/extensions/ms-python.python-2025.12.0/python_files/lib/jedilsp/jedi/inference/gradual/typeshed.py", line 116, in <genexpr>
    func(inference_state, import_names, p, sys_path,)
  File "/usr/local/lib/code-server-4.103.2/lib/vscode/extensions/ms-python.python-2025.12.0/python_files/lib/jedilsp/jedi/inference/imports.py", line 411, in import_module
    file_io_or_ns, is_pkg = inference_state.compiled_subprocess.get_module_info(
  File "/usr/local/lib/code-server-4.103.2/lib/vscode/extensions/ms-python.python-2025.12.0/python_files/lib/jedilsp/jedi/inference/compiled/subprocess/__init__.py", line 188, in wrapper
    result = self._compiled_subprocess.run(
  File "/usr/local/lib/code-server-4.103.2/lib/vscode/extensions/ms-python.python-2025.12.0/python_files/lib/jedilsp/jedi/inference/compiled/subprocess/__init__.py", line 293, in run
    self._send(delete_id, None)
  File "/usr/local/lib/code-server-4.103.2/lib/vscode/extensions/ms-python.python-2025.12.0/python_files/lib/jedilsp/jedi/inference/compiled/subprocess/__init__.py", line 318, in _send
    is_exception, traceback, result = pickle_load(self._get_process().stdout)
  File "/usr/local/lib/code-server-4.103.2/lib/vscode/extensions/ms-python.python-2025.12.0/python_files/lib/jedilsp/jedi/_compatibility.py", line 25, in pickle_load
    return Unpickler(file).load()
_pickle.UnpicklingError: invalid load key, '+'.

2026-08-16 13:59:06.243 [info] [Error - 1:59:06 PM] Request textDocument/hover failed.
2026-08-16 13:59:06.245 [info]   Message: _pickle.UnpicklingError: invalid load key, '+'.
  Code: -32603 
[object Object]
2026-08-16 13:59:09.144 [info] ERROR:pygls.protocol.json_rpc:Failed to handle request 37 textDocument/hover HoverParams(text_document=TextDocumentIdentifier(uri='file:///voc/work/W2_Practice_Assignment_Solution_Activity/pipeline_solution.py'), position=33:8, work_done_token=None)
Traceback (most recent call last):
  File "/usr/local/lib/code-server-4.103.2/lib/vscode/extensions/ms-python.python-2025.12.0/python_files/lib/jedilsp/pygls/protocol/json_rpc.py", line 266, in _handle_request
    self._execute_request(msg_id, handler, params)
  File "/usr/local/lib/code-server-4.103.2/lib/vscode/extensions/ms-python.python-2025.12.0/python_files/lib/jedilsp/pygls/protocol/json_rpc.py", line 188, in _execute_request
    self._send_response(msg_id, handler(params))
  File "/usr/local/lib/code-server-4.103.2/lib/vscode/extensions/ms-python.python-2025.12.0/python_files/lib/jedilsp/jedi_language_server/notebook_utils.py", line 373, in wrapped
    result = f(notebook_server, notebook_params)
  File "/usr/local/lib/code-server-4.103.2/lib/vscode/extensions/ms-python.python-2025.12.0/python_files/lib/jedilsp/jedi_language_server/server.py", line 486, in hover
    hover_text = jedi_utils.hover_text(
  File "/usr/local/lib/code-server-4.103.2/lib/vscode/extensions/ms-python.python-2025.12.0/python_files/lib/jedilsp/jedi_language_server/jedi_utils.py", line 681, in hover_text
    header_plain = "\n".join(get_full_signatures(name))
  File "/usr/local/lib/code-server-4.103.2/lib/vscode/extensions/ms-python.python-2025.12.0/python_files/lib/jedilsp/jedi_language_server/jedi_utils.py", line 626, in get_full_signatures
    signatures = name.get_signatures()
  File "/usr/local/lib/code-server-4.103.2/lib/vscode/extensions/ms-python.python-2025.12.0/python_files/lib/jedilsp/jedi/api/classes.py", line 581, in get_signatures
    for s in self._get_signatures()
  File "/usr/local/lib/code-server-4.103.2/lib/vscode/extensions/ms-python.python-2025.12.0/python_files/lib/jedilsp/jedi/api/classes.py", line 570, in _get_signatures
    return [sig for name in names for sig in name.infer().get_signatures()]
  File "/usr/local/lib/code-server-4.103.2/lib/vscode/extensions/ms-python.python-2025.12.0/python_files/lib/jedilsp/jedi/api/classes.py", line 570, in <listcomp>
    return [sig for name in names for sig in name.infer().get_signatures()]
  File "/usr/local/lib/code-server-4.103.2/lib/vscode/extensions/ms-python.python-2025.12.0/python_files/lib/jedilsp/jedi/inference/base_value.py", line 516, in get_signatures
    return [sig for c in self._set for sig in c.get_signatures()]
  File "/usr/local/lib/code-server-4.103.2/lib/vscode/extensions/ms-python.python-2025.12.0/python_files/lib/jedilsp/jedi/inference/base_value.py", line 516, in <listcomp>
    return [sig for c in self._set for sig in c.get_signatures()]
  File "/usr/local/lib/code-server-4.103.2/lib/vscode/extensions/ms-python.python-2025.12.0/python_files/lib/jedilsp/jedi/inference/value/klass.py", line 228, in get_signatures
    metaclasses = self.get_metaclasses()
  File "/usr/local/lib/code-server-4.103.2/lib/vscode/extensions/ms-python.python-2025.12.0/python_files/lib/jedilsp/jedi/inference/cache.py", line 44, in wrapper
    rv = function(obj, *args, **kwargs)
  File "/usr/local/lib/code-server-4.103.2/lib/vscode/extensions/ms-python.python-2025.12.0/python_files/lib/jedilsp/jedi/inference/value/klass.py", line 381, in get_metaclasses
    for value in lazy_base.infer():
  File "/usr/local/lib/code-server-4.103.2/lib/vscode/extensions/ms-python.python-2025.12.0/python_files/lib/jedilsp/jedi/inference/lazy_value.py", line 48, in infer
    return self.context.infer_node(self.data)
  File "/usr/local/lib/code-server-4.103.2/lib/vscode/extensions/ms-python.python-2025.12.0/python_files/lib/jedilsp/jedi/inference/context.py", line 224, in infer_node
    return infer_node(self, node)
  File "/usr/local/lib/code-server-4.103.2/lib/vscode/extensions/ms-python.python-2025.12.0/python_files/lib/jedilsp/jedi/inference/syntax_tree.py", line 157, in infer_node
    return _infer_node_if_inferred(context, element)
  File "/usr/local/lib/code-server-4.103.2/lib/vscode/extensions/ms-python.python-2025.12.0/python_files/lib/jedilsp/jedi/inference/syntax_tree.py", line 170, in _infer_node_if_inferred
    return _infer_node_cached(context, element)
  File "/usr/local/lib/code-server-4.103.2/lib/vscode/extensions/ms-python.python-2025.12.0/python_files/lib/jedilsp/jedi/inference/cache.py", line 44, in wrapper
    rv = function(obj, *args, **kwargs)
  File "/usr/local/lib/code-server-4.103.2/lib/vscode/extensions/ms-python.python-2025.12.0/python_files/lib/jedilsp/jedi/inference/syntax_tree.py", line 175, in _infer_node_cached
    return _infer_node(context, element)
  File "/usr/local/lib/code-server-4.103.2/lib/vscode/extensions/ms-python.python-2025.12.0/python_files/lib/jedilsp/jedi/debug.py", line 81, in wrapper
    return func(*args, **kwargs)
  File "/usr/local/lib/code-server-4.103.2/lib/vscode/extensions/ms-python.python-2025.12.0/python_files/lib/jedilsp/jedi/inference/syntax_tree.py", line 83, in wrapper
    return func(context, *args, **kwargs)
  File "/usr/local/lib/code-server-4.103.2/lib/vscode/extensions/ms-python.python-2025.12.0/python_files/lib/jedilsp/jedi/inference/syntax_tree.py", line 185, in _infer_node
    return infer_atom(context, element)
  File "/usr/local/lib/code-server-4.103.2/lib/vscode/extensions/ms-python.python-2025.12.0/python_files/lib/jedilsp/jedi/inference/syntax_tree.py", line 305, in infer_atom
    return context.py__getattribute__(atom, position=position)
  File "/usr/local/lib/code-server-4.103.2/lib/vscode/extensions/ms-python.python-2025.12.0/python_files/lib/jedilsp/jedi/inference/context.py", line 45, in py__getattribute__
    names = self.goto(name_or_str, position)
  File "/usr/local/lib/code-server-4.103.2/lib/vscode/extensions/ms-python.python-2025.12.0/python_files/lib/jedilsp/jedi/inference/context.py", line 34, in goto
    names = finder.filter_name(filters, name_or_str)
  File "/usr/local/lib/code-server-4.103.2/lib/vscode/extensions/ms-python.python-2025.12.0/python_files/lib/jedilsp/jedi/inference/finder.py", line 35, in filter_name
    for filter in filters:
  File "/usr/local/lib/code-server-4.103.2/lib/vscode/extensions/ms-python.python-2025.12.0/python_files/lib/jedilsp/jedi/inference/context.py", line 496, in get_global_filters
    b = next(base_context.inference_state.builtins_module.get_filters(), None)
  File "/usr/local/lib/code-server-4.103.2/lib/vscode/extensions/ms-python.python-2025.12.0/python_files/lib/jedilsp/jedi/inference/cache.py", line 44, in wrapper
    rv = function(obj, *args, **kwargs)
  File "/usr/local/lib/code-server-4.103.2/lib/vscode/extensions/ms-python.python-2025.12.0/python_files/lib/jedilsp/jedi/inference/__init__.py", line 129, in builtins_module
    builtins_module, = self.import_module((module_name,), sys_path=[])
  File "/usr/local/lib/code-server-4.103.2/lib/vscode/extensions/ms-python.python-2025.12.0/python_files/lib/jedilsp/jedi/inference/__init__.py", line 112, in import_module
    return imports.import_module_by_names(
  File "/usr/local/lib/code-server-4.103.2/lib/vscode/extensions/ms-python.python-2025.12.0/python_files/lib/jedilsp/jedi/inference/imports.py", line 376, in import_module_by_names
    value_set = ValueSet.from_sets([
  File "/usr/local/lib/code-server-4.103.2/lib/vscode/extensions/ms-python.python-2025.12.0/python_files/lib/jedilsp/jedi/inference/imports.py", line 377, in <listcomp>
    import_module(
  File "/usr/local/lib/code-server-4.103.2/lib/vscode/extensions/ms-python.python-2025.12.0/python_files/lib/jedilsp/jedi/plugins/__init__.py", line 21, in wrapper
    return built_functions[public_name](*args, **kwargs)
  File "/usr/local/lib/code-server-4.103.2/lib/vscode/extensions/ms-python.python-2025.12.0/python_files/lib/jedilsp/jedi/plugins/flask.py", line 20, in wrapper
    return callback(inference_state, import_names, module_context, *args, **kwargs)
  File "/usr/local/lib/code-server-4.103.2/lib/vscode/extensions/ms-python.python-2025.12.0/python_files/lib/jedilsp/jedi/inference/gradual/typeshed.py", line 115, in wrapper
    python_value_set = ValueSet.from_sets(
  File "/usr/local/lib/code-server-4.103.2/lib/vscode/extensions/ms-python.python-2025.12.0/python_files/lib/jedilsp/jedi/inference/base_value.py", line 430, in from_sets
    for set_ in sets:
  File "/usr/local/lib/code-server-4.103.2/lib/vscode/extensions/ms-python.python-2025.12.0/python_files/lib/jedilsp/jedi/inference/gradual/typeshed.py", line 116, in <genexpr>
    func(inference_state, import_names, p, sys_path,)
  File "/usr/local/lib/code-server-4.103.2/lib/vscode/extensions/ms-python.python-2025.12.0/python_files/lib/jedilsp/jedi/inference/imports.py", line 411, in import_module
    file_io_or_ns, is_pkg = inference_state.compiled_subprocess.get_module_info(
  File "/usr/local/lib/code-server-4.103.2/lib/vscode/extensions/ms-python.python-2025.12.0/python_files/lib/jedilsp/jedi/inference/compiled/subprocess/__init__.py", line 188, in wrapper
    result = self._compiled_subprocess.run(
  File "/usr/local/lib/code-server-4.103.2/lib/vscode/extensions/ms-python.python-2025.12.0/python_files/lib/jedilsp/jedi/inference/compiled/subprocess/__init__.py", line 293, in run
    self._send(delete_id, None)
  File "/usr/local/lib/code-server-4.103.2/lib/vscode/extensions/ms-python.python-2025.12.0/python_files/lib/jedilsp/jedi/inference/compiled/subprocess/__init__.py", line 318, in _send
    is_exception, traceback, result = pickle_load(self._get_process().stdout)
  File "/usr/local/lib/code-server-4.103.2/lib/vscode/extensions/ms-python.python-2025.12.0/python_files/lib/jedilsp/jedi/_compatibility.py", line 25, in pickle_load
    return Unpickler(file).load()
_pickle.UnpicklingError: invalid load key, '+'.

2026-08-16 13:59:09.145 [info] [Error - 1:59:09 PM] Request textDocument/hover failed.
2026-08-16 13:59:09.159 [info]   Message: _pickle.UnpicklingError: invalid load key, '+'.
  Code: -32603 
[object Object]
2026-08-16 13:59:09.429 [info] ERROR:pygls.protocol.json_rpc:Failed to handle request 38 textDocument/hover HoverParams(text_document=TextDocumentIdentifier(uri='file:///voc/work/W2_Practice_Assignment_Solution_Activity/pipeline_solution.py'), position=33:10, work_done_token=None)
Traceback (most recent call last):
  File "/usr/local/lib/code-server-4.103.2/lib/vscode/extensions/ms-python.python-2025.12.0/python_files/lib/jedilsp/pygls/protocol/json_rpc.py", line 266, in _handle_request
    self._execute_request(msg_id, handler, params)
  File "/usr/local/lib/code-server-4.103.2/lib/vscode/extensions/ms-python.python-2025.12.0/python_files/lib/jedilsp/pygls/protocol/json_rpc.py", line 188, in _execute_request
    self._send_response(msg_id, handler(params))
  File "/usr/local/lib/code-server-4.103.2/lib/vscode/extensions/ms-python.python-2025.12.0/python_files/lib/jedilsp/jedi_language_server/notebook_utils.py", line 373, in wrapped
    result = f(notebook_server, notebook_params)
  File "/usr/local/lib/code-server-4.103.2/lib/vscode/extensions/ms-python.python-2025.12.0/python_files/lib/jedilsp/jedi_language_server/server.py", line 486, in hover
    hover_text = jedi_utils.hover_text(
  File "/usr/local/lib/code-server-4.103.2/lib/vscode/extensions/ms-python.python-2025.12.0/python_files/lib/jedilsp/jedi_language_server/jedi_utils.py", line 681, in hover_text
    header_plain = "\n".join(get_full_signatures(name))
  File "/usr/local/lib/code-server-4.103.2/lib/vscode/extensions/ms-python.python-2025.12.0/python_files/lib/jedilsp/jedi_language_server/jedi_utils.py", line 626, in get_full_signatures
    signatures = name.get_signatures()
  File "/usr/local/lib/code-server-4.103.2/lib/vscode/extensions/ms-python.python-2025.12.0/python_files/lib/jedilsp/jedi/api/classes.py", line 581, in get_signatures
    for s in self._get_signatures()
  File "/usr/local/lib/code-server-4.103.2/lib/vscode/extensions/ms-python.python-2025.12.0/python_files/lib/jedilsp/jedi/api/classes.py", line 570, in _get_signatures
    return [sig for name in names for sig in name.infer().get_signatures()]
  File "/usr/local/lib/code-server-4.103.2/lib/vscode/extensions/ms-python.python-2025.12.0/python_files/lib/jedilsp/jedi/api/classes.py", line 570, in <listcomp>
    return [sig for name in names for sig in name.infer().get_signatures()]
  File "/usr/local/lib/code-server-4.103.2/lib/vscode/extensions/ms-python.python-2025.12.0/python_files/lib/jedilsp/jedi/inference/base_value.py", line 516, in get_signatures
    return [sig for c in self._set for sig in c.get_signatures()]
  File "/usr/local/lib/code-server-4.103.2/lib/vscode/extensions/ms-python.python-2025.12.0/python_files/lib/jedilsp/jedi/inference/base_value.py", line 516, in <listcomp>
    return [sig for c in self._set for sig in c.get_signatures()]
  File "/usr/local/lib/code-server-4.103.2/lib/vscode/extensions/ms-python.python-2025.12.0/python_files/lib/jedilsp/jedi/inference/value/klass.py", line 228, in get_signatures
    metaclasses = self.get_metaclasses()
  File "/usr/local/lib/code-server-4.103.2/lib/vscode/extensions/ms-python.python-2025.12.0/python_files/lib/jedilsp/jedi/inference/cache.py", line 44, in wrapper
    rv = function(obj, *args, **kwargs)
  File "/usr/local/lib/code-server-4.103.2/lib/vscode/extensions/ms-python.python-2025.12.0/python_files/lib/jedilsp/jedi/inference/value/klass.py", line 381, in get_metaclasses
    for value in lazy_base.infer():
  File "/usr/local/lib/code-server-4.103.2/lib/vscode/extensions/ms-python.python-2025.12.0/python_files/lib/jedilsp/jedi/inference/lazy_value.py", line 48, in infer
    return self.context.infer_node(self.data)
  File "/usr/local/lib/code-server-4.103.2/lib/vscode/extensions/ms-python.python-2025.12.0/python_files/lib/jedilsp/jedi/inference/context.py", line 224, in infer_node
    return infer_node(self, node)
  File "/usr/local/lib/code-server-4.103.2/lib/vscode/extensions/ms-python.python-2025.12.0/python_files/lib/jedilsp/jedi/inference/syntax_tree.py", line 157, in infer_node
    return _infer_node_if_inferred(context, element)
  File "/usr/local/lib/code-server-4.103.2/lib/vscode/extensions/ms-python.python-2025.12.0/python_files/lib/jedilsp/jedi/inference/syntax_tree.py", line 170, in _infer_node_if_inferred
    return _infer_node_cached(context, element)
  File "/usr/local/lib/code-server-4.103.2/lib/vscode/extensions/ms-python.python-2025.12.0/python_files/lib/jedilsp/jedi/inference/cache.py", line 44, in wrapper
    rv = function(obj, *args, **kwargs)
  File "/usr/local/lib/code-server-4.103.2/lib/vscode/extensions/ms-python.python-2025.12.0/python_files/lib/jedilsp/jedi/inference/syntax_tree.py", line 175, in _infer_node_cached
    return _infer_node(context, element)
  File "/usr/local/lib/code-server-4.103.2/lib/vscode/extensions/ms-python.python-2025.12.0/python_files/lib/jedilsp/jedi/debug.py", line 81, in wrapper
    return func(*args, **kwargs)
  File "/usr/local/lib/code-server-4.103.2/lib/vscode/extensions/ms-python.python-2025.12.0/python_files/lib/jedilsp/jedi/inference/syntax_tree.py", line 83, in wrapper
    return func(context, *args, **kwargs)
  File "/usr/local/lib/code-server-4.103.2/lib/vscode/extensions/ms-python.python-2025.12.0/python_files/lib/jedilsp/jedi/inference/syntax_tree.py", line 185, in _infer_node
    return infer_atom(context, element)
  File "/usr/local/lib/code-server-4.103.2/lib/vscode/extensions/ms-python.python-2025.12.0/python_files/lib/jedilsp/jedi/inference/syntax_tree.py", line 305, in infer_atom
    return context.py__getattribute__(atom, position=position)
  File "/usr/local/lib/code-server-4.103.2/lib/vscode/extensions/ms-python.python-2025.12.0/python_files/lib/jedilsp/jedi/inference/context.py", line 45, in py__getattribute__
    names = self.goto(name_or_str, position)
  File "/usr/local/lib/code-server-4.103.2/lib/vscode/extensions/ms-python.python-2025.12.0/python_files/lib/jedilsp/jedi/inference/context.py", line 34, in goto
    names = finder.filter_name(filters, name_or_str)
  File "/usr/local/lib/code-server-4.103.2/lib/vscode/extensions/ms-python.python-2025.12.0/python_files/lib/jedilsp/jedi/inference/finder.py", line 35, in filter_name
    for filter in filters:
  File "/usr/local/lib/code-server-4.103.2/lib/vscode/extensions/ms-python.python-2025.12.0/python_files/lib/jedilsp/jedi/inference/context.py", line 496, in get_global_filters
    b = next(base_context.inference_state.builtins_module.get_filters(), None)
  File "/usr/local/lib/code-server-4.103.2/lib/vscode/extensions/ms-python.python-2025.12.0/python_files/lib/jedilsp/jedi/inference/cache.py", line 44, in wrapper
    rv = function(obj, *args, **kwargs)
  File "/usr/local/lib/code-server-4.103.2/lib/vscode/extensions/ms-python.python-2025.12.0/python_files/lib/jedilsp/jedi/inference/__init__.py", line 129, in builtins_module
    builtins_module, = self.import_module((module_name,), sys_path=[])
  File "/usr/local/lib/code-server-4.103.2/lib/vscode/extensions/ms-python.python-2025.12.0/python_files/lib/jedilsp/jedi/inference/__init__.py", line 112, in import_module
    return imports.import_module_by_names(
  File "/usr/local/lib/code-server-4.103.2/lib/vscode/extensions/ms-python.python-2025.12.0/python_files/lib/jedilsp/jedi/inference/imports.py", line 376, in import_module_by_names
    value_set = ValueSet.from_sets([
  File "/usr/local/lib/code-server-4.103.2/lib/vscode/extensions/ms-python.python-2025.12.0/python_files/lib/jedilsp/jedi/inference/imports.py", line 377, in <listcomp>
    import_module(
  File "/usr/local/lib/code-server-4.103.2/lib/vscode/extensions/ms-python.python-2025.12.0/python_files/lib/jedilsp/jedi/plugins/__init__.py", line 21, in wrapper
    return built_functions[public_name](*args, **kwargs)
  File "/usr/local/lib/code-server-4.103.2/lib/vscode/extensions/ms-python.python-2025.12.0/python_files/lib/jedilsp/jedi/plugins/flask.py", line 20, in wrapper
    return callback(inference_state, import_names, module_context, *args, **kwargs)
  File "/usr/local/lib/code-server-4.103.2/lib/vscode/extensions/ms-python.python-2025.12.0/python_files/lib/jedilsp/jedi/inference/gradual/typeshed.py", line 115, in wrapper
    python_value_set = ValueSet.from_sets(
  File "/usr/local/lib/code-server-4.103.2/lib/vscode/extensions/ms-python.python-2025.12.0/python_files/lib/jedilsp/jedi/inference/base_value.py", line 430, in from_sets
    for set_ in sets:
  File "/usr/local/lib/code-server-4.103.2/lib/vscode/extensions/ms-python.python-2025.12.0/python_files/lib/jedilsp/jedi/inference/gradual/typeshed.py", line 116, in <genexpr>
    func(inference_state, import_names, p, sys_path,)
  File "/usr/local/lib/code-server-4.103.2/lib/vscode/extensions/ms-python.python-2025.12.0/python_files/lib/jedilsp/jedi/inference/imports.py", line 411, in import_module
    file_io_or_ns, is_pkg = inference_state.compiled_subprocess.get_module_info(
  File "/usr/local/lib/code-server-4.103.2/lib/vscode/extensions/ms-python.python-2025.12.0/python_files/lib/jedilsp/jedi/inference/compiled/subprocess/__init__.py", line 188, in wrapper
    result = self._compiled_subprocess.run(
  File "/usr/local/lib/code-server-4.103.2/lib/vscode/extensions/ms-python.python-2025.12.0/python_files/lib/jedilsp/jedi/inference/compiled/subprocess/__init__.py", line 293, in run
    self._send(delete_id, None)
  File "/usr/local/lib/code-server-4.103.2/lib/vscode/extensions/ms-python.python-2025.12.0/python_files/lib/jedilsp/jedi/inference/compiled/subprocess/__init__.py", line 318, in _send
    is_exception, traceback, result = pickle_load(self._get_process().stdout)
  File "/usr/local/lib/code-server-4.103.2/lib/vscode/extensions/ms-python.python-2025.12.0/python_files/lib/jedilsp/jedi/_compatibility.py", line 25, in pickle_load
    return Unpickler(file).load()
_pickle.UnpicklingError: invalid load key, '+'.

2026-08-16 13:59:09.430 [info] [Error - 1:59:09 PM] Request textDocument/hover failed.
2026-08-16 13:59:09.437 [info]   Message: _pickle.UnpicklingError: invalid load key, '+'.
  Code: -32603 
[object Object]
2026-08-16 13:59:09.793 [info] ERROR:pygls.protocol.json_rpc:Failed to handle request 39 textDocument/hover HoverParams(text_document=TextDocumentIdentifier(uri='file:///voc/work/W2_Practice_Assignment_Solution_Activity/pipeline_solution.py'), position=33:13, work_done_token=None)
Traceback (most recent call last):
  File "/usr/local/lib/code-server-4.103.2/lib/vscode/extensions/ms-python.python-2025.12.0/python_files/lib/jedilsp/pygls/protocol/json_rpc.py", line 266, in _handle_request
    self._execute_request(msg_id, handler, params)
  File "/usr/local/lib/code-server-4.103.2/lib/vscode/extensions/ms-python.python-2025.12.0/python_files/lib/jedilsp/pygls/protocol/json_rpc.py", line 188, in _execute_request
    self._send_response(msg_id, handler(params))
  File "/usr/local/lib/code-server-4.103.2/lib/vscode/extensions/ms-python.python-2025.12.0/python_files/lib/jedilsp/jedi_language_server/notebook_utils.py", line 373, in wrapped
    result = f(notebook_server, notebook_params)
  File "/usr/local/lib/code-server-4.103.2/lib/vscode/extensions/ms-python.python-2025.12.0/python_files/lib/jedilsp/jedi_language_server/server.py", line 486, in hover
    hover_text = jedi_utils.hover_text(
  File "/usr/local/lib/code-server-4.103.2/lib/vscode/extensions/ms-python.python-2025.12.0/python_files/lib/jedilsp/jedi_language_server/jedi_utils.py", line 681, in hover_text
    header_plain = "\n".join(get_full_signatures(name))
  File "/usr/local/lib/code-server-4.103.2/lib/vscode/extensions/ms-python.python-2025.12.0/python_files/lib/jedilsp/jedi_language_server/jedi_utils.py", line 626, in get_full_signatures
    signatures = name.get_signatures()
  File "/usr/local/lib/code-server-4.103.2/lib/vscode/extensions/ms-python.python-2025.12.0/python_files/lib/jedilsp/jedi/api/classes.py", line 581, in get_signatures
    for s in self._get_signatures()
  File "/usr/local/lib/code-server-4.103.2/lib/vscode/extensions/ms-python.python-2025.12.0/python_files/lib/jedilsp/jedi/api/classes.py", line 570, in _get_signatures
    return [sig for name in names for sig in name.infer().get_signatures()]
  File "/usr/local/lib/code-server-4.103.2/lib/vscode/extensions/ms-python.python-2025.12.0/python_files/lib/jedilsp/jedi/api/classes.py", line 570, in <listcomp>
    return [sig for name in names for sig in name.infer().get_signatures()]
  File "/usr/local/lib/code-server-4.103.2/lib/vscode/extensions/ms-python.python-2025.12.0/python_files/lib/jedilsp/jedi/inference/base_value.py", line 516, in get_signatures
    return [sig for c in self._set for sig in c.get_signatures()]
  File "/usr/local/lib/code-server-4.103.2/lib/vscode/extensions/ms-python.python-2025.12.0/python_files/lib/jedilsp/jedi/inference/base_value.py", line 516, in <listcomp>
    return [sig for c in self._set for sig in c.get_signatures()]
  File "/usr/local/lib/code-server-4.103.2/lib/vscode/extensions/ms-python.python-2025.12.0/python_files/lib/jedilsp/jedi/inference/value/klass.py", line 228, in get_signatures
    metaclasses = self.get_metaclasses()
  File "/usr/local/lib/code-server-4.103.2/lib/vscode/extensions/ms-python.python-2025.12.0/python_files/lib/jedilsp/jedi/inference/cache.py", line 44, in wrapper
    rv = function(obj, *args, **kwargs)
  File "/usr/local/lib/code-server-4.103.2/lib/vscode/extensions/ms-python.python-2025.12.0/python_files/lib/jedilsp/jedi/inference/value/klass.py", line 381, in get_metaclasses
    for value in lazy_base.infer():
  File "/usr/local/lib/code-server-4.103.2/lib/vscode/extensions/ms-python.python-2025.12.0/python_files/lib/jedilsp/jedi/inference/lazy_value.py", line 48, in infer
    return self.context.infer_node(self.data)
  File "/usr/local/lib/code-server-4.103.2/lib/vscode/extensions/ms-python.python-2025.12.0/python_files/lib/jedilsp/jedi/inference/context.py", line 224, in infer_node
    return infer_node(self, node)
  File "/usr/local/lib/code-server-4.103.2/lib/vscode/extensions/ms-python.python-2025.12.0/python_files/lib/jedilsp/jedi/inference/syntax_tree.py", line 157, in infer_node
    return _infer_node_if_inferred(context, element)
  File "/usr/local/lib/code-server-4.103.2/lib/vscode/extensions/ms-python.python-2025.12.0/python_files/lib/jedilsp/jedi/inference/syntax_tree.py", line 170, in _infer_node_if_inferred
    return _infer_node_cached(context, element)
  File "/usr/local/lib/code-server-4.103.2/lib/vscode/extensions/ms-python.python-2025.12.0/python_files/lib/jedilsp/jedi/inference/cache.py", line 44, in wrapper
    rv = function(obj, *args, **kwargs)
  File "/usr/local/lib/code-server-4.103.2/lib/vscode/extensions/ms-python.python-2025.12.0/python_files/lib/jedilsp/jedi/inference/syntax_tree.py", line 175, in _infer_node_cached
    return _infer_node(context, element)
  File "/usr/local/lib/code-server-4.103.2/lib/vscode/extensions/ms-python.python-2025.12.0/python_files/lib/jedilsp/jedi/debug.py", line 81, in wrapper
    return func(*args, **kwargs)
  File "/usr/local/lib/code-server-4.103.2/lib/vscode/extensions/ms-python.python-2025.12.0/python_files/lib/jedilsp/jedi/inference/syntax_tree.py", line 83, in wrapper
    return func(context, *args, **kwargs)
  File "/usr/local/lib/code-server-4.103.2/lib/vscode/extensions/ms-python.python-2025.12.0/python_files/lib/jedilsp/jedi/inference/syntax_tree.py", line 185, in _infer_node
    return infer_atom(context, element)
  File "/usr/local/lib/code-server-4.103.2/lib/vscode/extensions/ms-python.python-2025.12.0/python_files/lib/jedilsp/jedi/inference/syntax_tree.py", line 305, in infer_atom
    return context.py__getattribute__(atom, position=position)
  File "/usr/local/lib/code-server-4.103.2/lib/vscode/extensions/ms-python.python-2025.12.0/python_files/lib/jedilsp/jedi/inference/context.py", line 45, in py__getattribute__
    names = self.goto(name_or_str, position)
  File "/usr/local/lib/code-server-4.103.2/lib/vscode/extensions/ms-python.python-2025.12.0/python_files/lib/jedilsp/jedi/inference/context.py", line 34, in goto
    names = finder.filter_name(filters, name_or_str)
  File "/usr/local/lib/code-server-4.103.2/lib/vscode/extensions/ms-python.python-2025.12.0/python_files/lib/jedilsp/jedi/inference/finder.py", line 35, in filter_name
    for filter in filters:
  File "/usr/local/lib/code-server-4.103.2/lib/vscode/extensions/ms-python.python-2025.12.0/python_files/lib/jedilsp/jedi/inference/context.py", line 496, in get_global_filters
    b = next(base_context.inference_state.builtins_module.get_filters(), None)
  File "/usr/local/lib/code-server-4.103.2/lib/vscode/extensions/ms-python.python-2025.12.0/python_files/lib/jedilsp/jedi/inference/cache.py", line 44, in wrapper
    rv = function(obj, *args, **kwargs)
  File "/usr/local/lib/code-server-4.103.2/lib/vscode/extensions/ms-python.python-2025.12.0/python_files/lib/jedilsp/jedi/inference/__init__.py", line 129, in builtins_module
    builtins_module, = self.import_module((module_name,), sys_path=[])
  File "/usr/local/lib/code-server-4.103.2/lib/vscode/extensions/ms-python.python-2025.12.0/python_files/lib/jedilsp/jedi/inference/__init__.py", line 112, in import_module
    return imports.import_module_by_names(
  File "/usr/local/lib/code-server-4.103.2/lib/vscode/extensions/ms-python.python-2025.12.0/python_files/lib/jedilsp/jedi/inference/imports.py", line 376, in import_module_by_names
    value_set = ValueSet.from_sets([
  File "/usr/local/lib/code-server-4.103.2/lib/vscode/extensions/ms-python.python-2025.12.0/python_files/lib/jedilsp/jedi/inference/imports.py", line 377, in <listcomp>
    import_module(
  File "/usr/local/lib/code-server-4.103.2/lib/vscode/extensions/ms-python.python-2025.12.0/python_files/lib/jedilsp/jedi/plugins/__init__.py", line 21, in wrapper
    return built_functions[public_name](*args, **kwargs)
  File "/usr/local/lib/code-server-4.103.2/lib/vscode/extensions/ms-python.python-2025.12.0/python_files/lib/jedilsp/jedi/plugins/flask.py", line 20, in wrapper
    return callback(inference_state, import_names, module_context, *args, **kwargs)
  File "/usr/local/lib/code-server-4.103.2/lib/vscode/extensions/ms-python.python-2025.12.0/python_files/lib/jedilsp/jedi/inference/gradual/typeshed.py", line 115, in wrapper
    python_value_set = ValueSet.from_sets(
  File "/usr/local/lib/code-server-4.103.2/lib/vscode/extensions/ms-python.python-2025.12.0/python_files/lib/jedilsp/jedi/inference/base_value.py", line 430, in from_sets
    for set_ in sets:
  File "/usr/local/lib/code-server-4.103.2/lib/vscode/extensions/ms-python.python-2025.12.0/python_files/lib/jedilsp/jedi/inference/gradual/typeshed.py", line 116, in <genexpr>
    func(inference_state, import_names, p, sys_path,)
  File "/usr/local/lib/code-server-4.103.2/lib/vscode/extensions/ms-python.python-2025.12.0/python_files/lib/jedilsp/jedi/inference/imports.py", line 411, in import_module
    file_io_or_ns, is_pkg = inference_state.compiled_subprocess.get_module_info(
  File "/usr/local/lib/code-server-4.103.2/lib/vscode/extensions/ms-python.python-2025.12.0/python_files/lib/jedilsp/jedi/inference/compiled/subprocess/__init__.py", line 188, in wrapper
    result = self._compiled_subprocess.run(
  File "/usr/local/lib/code-server-4.103.2/lib/vscode/extensions/ms-python.python-2025.12.0/python_files/lib/jedilsp/jedi/inference/compiled/subprocess/__init__.py", line 293, in run
    self._send(delete_id, None)
  File "/usr/local/lib/code-server-4.103.2/lib/vscode/extensions/ms-python.python-2025.12.0/python_files/lib/jedilsp/jedi/inference/compiled/subprocess/__init__.py", line 318, in _send
    is_exception, traceback, result = pickle_load(self._get_process().stdout)
  File "/usr/local/lib/code-server-4.103.2/lib/vscode/extensions/ms-python.python-2025.12.0/python_files/lib/jedilsp/jedi/_compatibility.py", line 25, in pickle_load
    return Unpickler(file).load()
_pickle.UnpicklingError: invalid load key, '+'.

2026-08-16 13:59:09.794 [info] [Error - 1:59:09 PM] Request textDocument/hover failed.
2026-08-16 13:59:09.801 [info]   Message: _pickle.UnpicklingError: invalid load key, '+'.
  Code: -32603 
[object Object]
2026-08-16 13:59:11.745 [info] semantic_tokens_range file:///voc/work/W2_Practice_Assignment_Solution_Activity/pipeline_solution.py 0:0-82:7
2026-08-16 13:59:11.749 [info] ERROR:pygls.protocol.json_rpc:Exception occurred for message "40": _pickle.UnpicklingError: invalid load key, '+'.
NoneType: None

2026-08-16 13:59:11.752 [info] [Error - 1:59:11 PM] Request textDocument/semanticTokens/range failed.
2026-08-16 13:59:11.752 [info]   Message: _pickle.UnpicklingError: invalid load key, '+'.
  Code: -32603 
[object Object]
2026-08-16 13:59:12.582 [info] ERROR:pygls.protocol.json_rpc:Failed to handle request 42 textDocument/hover HoverParams(text_document=TextDocumentIdentifier(uri='file:///voc/work/W2_Practice_Assignment_Solution_Activity/pipeline_solution.py'), position=38:2, work_done_token=None)
Traceback (most recent call last):
  File "/usr/local/lib/code-server-4.103.2/lib/vscode/extensions/ms-python.python-2025.12.0/python_files/lib/jedilsp/pygls/protocol/json_rpc.py", line 266, in _handle_request
    self._execute_request(msg_id, handler, params)
  File "/usr/local/lib/code-server-4.103.2/lib/vscode/extensions/ms-python.python-2025.12.0/python_files/lib/jedilsp/pygls/protocol/json_rpc.py", line 188, in _execute_request
    self._send_response(msg_id, handler(params))
  File "/usr/local/lib/code-server-4.103.2/lib/vscode/extensions/ms-python.python-2025.12.0/python_files/lib/jedilsp/jedi_language_server/notebook_utils.py", line 373, in wrapped
    result = f(notebook_server, notebook_params)
  File "/usr/local/lib/code-server-4.103.2/lib/vscode/extensions/ms-python.python-2025.12.0/python_files/lib/jedilsp/jedi_language_server/server.py", line 487, in hover
    jedi_script.help(*jedi_lines),
  File "/usr/local/lib/code-server-4.103.2/lib/vscode/extensions/ms-python.python-2025.12.0/python_files/lib/jedilsp/jedi/api/helpers.py", line 487, in wrapper
    return func(self, line, column, *args, **kwargs)
  File "/usr/local/lib/code-server-4.103.2/lib/vscode/extensions/ms-python.python-2025.12.0/python_files/lib/jedilsp/jedi/api/__init__.py", line 396, in help
    name = KeywordName(self._inference_state, leaf.value)
  File "/usr/local/lib/code-server-4.103.2/lib/vscode/extensions/ms-python.python-2025.12.0/python_files/lib/jedilsp/jedi/inference/names.py", line 103, in __init__
    self.parent_context = inference_state.builtins_module
  File "/usr/local/lib/code-server-4.103.2/lib/vscode/extensions/ms-python.python-2025.12.0/python_files/lib/jedilsp/jedi/inference/cache.py", line 44, in wrapper
    rv = function(obj, *args, **kwargs)
  File "/usr/local/lib/code-server-4.103.2/lib/vscode/extensions/ms-python.python-2025.12.0/python_files/lib/jedilsp/jedi/inference/__init__.py", line 129, in builtins_module
    builtins_module, = self.import_module((module_name,), sys_path=[])
  File "/usr/local/lib/code-server-4.103.2/lib/vscode/extensions/ms-python.python-2025.12.0/python_files/lib/jedilsp/jedi/inference/__init__.py", line 112, in import_module
    return imports.import_module_by_names(
  File "/usr/local/lib/code-server-4.103.2/lib/vscode/extensions/ms-python.python-2025.12.0/python_files/lib/jedilsp/jedi/inference/imports.py", line 376, in import_module_by_names
    value_set = ValueSet.from_sets([
  File "/usr/local/lib/code-server-4.103.2/lib/vscode/extensions/ms-python.python-2025.12.0/python_files/lib/jedilsp/jedi/inference/imports.py", line 377, in <listcomp>
    import_module(
  File "/usr/local/lib/code-server-4.103.2/lib/vscode/extensions/ms-python.python-2025.12.0/python_files/lib/jedilsp/jedi/plugins/__init__.py", line 21, in wrapper
    return built_functions[public_name](*args, **kwargs)
  File "/usr/local/lib/code-server-4.103.2/lib/vscode/extensions/ms-python.python-2025.12.0/python_files/lib/jedilsp/jedi/plugins/flask.py", line 20, in wrapper
    return callback(inference_state, import_names, module_context, *args, **kwargs)
  File "/usr/local/lib/code-server-4.103.2/lib/vscode/extensions/ms-python.python-2025.12.0/python_files/lib/jedilsp/jedi/inference/gradual/typeshed.py", line 115, in wrapper
    python_value_set = ValueSet.from_sets(
  File "/usr/local/lib/code-server-4.103.2/lib/vscode/extensions/ms-python.python-2025.12.0/python_files/lib/jedilsp/jedi/inference/base_value.py", line 430, in from_sets
    for set_ in sets:
  File "/usr/local/lib/code-server-4.103.2/lib/vscode/extensions/ms-python.python-2025.12.0/python_files/lib/jedilsp/jedi/inference/gradual/typeshed.py", line 116, in <genexpr>
    func(inference_state, import_names, p, sys_path,)
  File "/usr/local/lib/code-server-4.103.2/lib/vscode/extensions/ms-python.python-2025.12.0/python_files/lib/jedilsp/jedi/inference/imports.py", line 411, in import_module
    file_io_or_ns, is_pkg = inference_state.compiled_subprocess.get_module_info(
  File "/usr/local/lib/code-server-4.103.2/lib/vscode/extensions/ms-python.python-2025.12.0/python_files/lib/jedilsp/jedi/inference/compiled/subprocess/__init__.py", line 188, in wrapper
    result = self._compiled_subprocess.run(
  File "/usr/local/lib/code-server-4.103.2/lib/vscode/extensions/ms-python.python-2025.12.0/python_files/lib/jedilsp/jedi/inference/compiled/subprocess/__init__.py", line 293, in run
    self._send(delete_id, None)
  File "/usr/local/lib/code-server-4.103.2/lib/vscode/extensions/ms-python.python-2025.12.0/python_files/lib/jedilsp/jedi/inference/compiled/subprocess/__init__.py", line 318, in _send
    is_exception, traceback, result = pickle_load(self._get_process().stdout)
  File "/usr/local/lib/code-server-4.103.2/lib/vscode/extensions/ms-python.python-2025.12.0/python_files/lib/jedilsp/jedi/_compatibility.py", line 25, in pickle_load
    return Unpickler(file).load()
_pickle.UnpicklingError: invalid load key, '+'.

2026-08-16 13:59:12.582 [info] [Error - 1:59:12 PM] Request textDocument/hover failed.
2026-08-16 13:59:12.589 [info]   Message: _pickle.UnpicklingError: invalid load key, '+'.
  Code: -32603 
[object Object]
2026-08-16 13:59:13.013 [info] ERROR:pygls.protocol.json_rpc:Failed to handle request 43 textDocument/hover HoverParams(text_document=TextDocumentIdentifier(uri='file:///voc/work/W2_Practice_Assignment_Solution_Activity/pipeline_solution.py'), position=38:6, work_done_token=None)
Traceback (most recent call last):
  File "/usr/local/lib/code-server-4.103.2/lib/vscode/extensions/ms-python.python-2025.12.0/python_files/lib/jedilsp/pygls/protocol/json_rpc.py", line 266, in _handle_request
    self._execute_request(msg_id, handler, params)
  File "/usr/local/lib/code-server-4.103.2/lib/vscode/extensions/ms-python.python-2025.12.0/python_files/lib/jedilsp/pygls/protocol/json_rpc.py", line 188, in _execute_request
    self._send_response(msg_id, handler(params))
  File "/usr/local/lib/code-server-4.103.2/lib/vscode/extensions/ms-python.python-2025.12.0/python_files/lib/jedilsp/jedi_language_server/notebook_utils.py", line 373, in wrapped
    result = f(notebook_server, notebook_params)
  File "/usr/local/lib/code-server-4.103.2/lib/vscode/extensions/ms-python.python-2025.12.0/python_files/lib/jedilsp/jedi_language_server/server.py", line 487, in hover
    jedi_script.help(*jedi_lines),
  File "/usr/local/lib/code-server-4.103.2/lib/vscode/extensions/ms-python.python-2025.12.0/python_files/lib/jedilsp/jedi/api/helpers.py", line 487, in wrapper
    return func(self, line, column, *args, **kwargs)
  File "/usr/local/lib/code-server-4.103.2/lib/vscode/extensions/ms-python.python-2025.12.0/python_files/lib/jedilsp/jedi/api/__init__.py", line 396, in help
    name = KeywordName(self._inference_state, leaf.value)
  File "/usr/local/lib/code-server-4.103.2/lib/vscode/extensions/ms-python.python-2025.12.0/python_files/lib/jedilsp/jedi/inference/names.py", line 103, in __init__
    self.parent_context = inference_state.builtins_module
  File "/usr/local/lib/code-server-4.103.2/lib/vscode/extensions/ms-python.python-2025.12.0/python_files/lib/jedilsp/jedi/inference/cache.py", line 44, in wrapper
    rv = function(obj, *args, **kwargs)
  File "/usr/local/lib/code-server-4.103.2/lib/vscode/extensions/ms-python.python-2025.12.0/python_files/lib/jedilsp/jedi/inference/__init__.py", line 129, in builtins_module
    builtins_module, = self.import_module((module_name,), sys_path=[])
  File "/usr/local/lib/code-server-4.103.2/lib/vscode/extensions/ms-python.python-2025.12.0/python_files/lib/jedilsp/jedi/inference/__init__.py", line 112, in import_module
    return imports.import_module_by_names(
  File "/usr/local/lib/code-server-4.103.2/lib/vscode/extensions/ms-python.python-2025.12.0/python_files/lib/jedilsp/jedi/inference/imports.py", line 376, in import_module_by_names
    value_set = ValueSet.from_sets([
  File "/usr/local/lib/code-server-4.103.2/lib/vscode/extensions/ms-python.python-2025.12.0/python_files/lib/jedilsp/jedi/inference/imports.py", line 377, in <listcomp>
    import_module(
  File "/usr/local/lib/code-server-4.103.2/lib/vscode/extensions/ms-python.python-2025.12.0/python_files/lib/jedilsp/jedi/plugins/__init__.py", line 21, in wrapper
    return built_functions[public_name](*args, **kwargs)
  File "/usr/local/lib/code-server-4.103.2/lib/vscode/extensions/ms-python.python-2025.12.0/python_files/lib/jedilsp/jedi/plugins/flask.py", line 20, in wrapper
    return callback(inference_state, import_names, module_context, *args, **kwargs)
  File "/usr/local/lib/code-server-4.103.2/lib/vscode/extensions/ms-python.python-2025.12.0/python_files/lib/jedilsp/jedi/inference/gradual/typeshed.py", line 115, in wrapper
    python_value_set = ValueSet.from_sets(
  File "/usr/local/lib/code-server-4.103.2/lib/vscode/extensions/ms-python.python-2025.12.0/python_files/lib/jedilsp/jedi/inference/base_value.py", line 430, in from_sets
    for set_ in sets:
  File "/usr/local/lib/code-server-4.103.2/lib/vscode/extensions/ms-python.python-2025.12.0/python_files/lib/jedilsp/jedi/inference/gradual/typeshed.py", line 116, in <genexpr>
    func(inference_state, import_names, p, sys_path,)
  File "/usr/local/lib/code-server-4.103.2/lib/vscode/extensions/ms-python.python-2025.12.0/python_files/lib/jedilsp/jedi/inference/imports.py", line 411, in import_module
    file_io_or_ns, is_pkg = inference_state.compiled_subprocess.get_module_info(
  File "/usr/local/lib/code-server-4.103.2/lib/vscode/extensions/ms-python.python-2025.12.0/python_files/lib/jedilsp/jedi/inference/compiled/subprocess/__init__.py", line 188, in wrapper
    result = self._compiled_subprocess.run(
  File "/usr/local/lib/code-server-4.103.2/lib/vscode/extensions/ms-python.python-2025.12.0/python_files/lib/jedilsp/jedi/inference/compiled/subprocess/__init__.py", line 293, in run
    self._send(delete_id, None)
  File "/usr/local/lib/code-server-4.103.2/lib/vscode/extensions/ms-python.python-2025.12.0/python_files/lib/jedilsp/jedi/inference/compiled/subprocess/__init__.py", line 318, in _send
    is_exception, traceback, result = pickle_load(self._get_process().stdout)
  File "/usr/local/lib/code-server-4.103.2/lib/vscode/extensions/ms-python.python-2025.12.0/python_files/lib/jedilsp/jedi/_compatibility.py", line 25, in pickle_load
    return Unpickler(file).load()
_pickle.UnpicklingError: invalid load key, '+'.

2026-08-16 13:59:13.013 [info] [Error - 1:59:13 PM] Request textDocument/hover failed.
2026-08-16 13:59:13.019 [info]   Message: _pickle.UnpicklingError: invalid load key, '+'.
  Code: -32603 
[object Object]
2026-08-16 13:59:21.945 [info] ERROR:pygls.protocol.json_rpc:Failed to handle request 45 textDocument/hover HoverParams(text_document=TextDocumentIdentifier(uri='file:///voc/work/W2_Practice_Assignment_Solution_Activity/pipeline_solution.py'), position=43:31, work_done_token=None)
Traceback (most recent call last):
  File "/usr/local/lib/code-server-4.103.2/lib/vscode/extensions/ms-python.python-2025.12.0/python_files/lib/jedilsp/pygls/protocol/json_rpc.py", line 266, in _handle_request
    self._execute_request(msg_id, handler, params)
  File "/usr/local/lib/code-server-4.103.2/lib/vscode/extensions/ms-python.python-2025.12.0/python_files/lib/jedilsp/pygls/protocol/json_rpc.py", line 188, in _execute_request
    self._send_response(msg_id, handler(params))
  File "/usr/local/lib/code-server-4.103.2/lib/vscode/extensions/ms-python.python-2025.12.0/python_files/lib/jedilsp/jedi_language_server/notebook_utils.py", line 373, in wrapped
    result = f(notebook_server, notebook_params)
  File "/usr/local/lib/code-server-4.103.2/lib/vscode/extensions/ms-python.python-2025.12.0/python_files/lib/jedilsp/jedi_language_server/server.py", line 487, in hover
    jedi_script.help(*jedi_lines),
  File "/usr/local/lib/code-server-4.103.2/lib/vscode/extensions/ms-python.python-2025.12.0/python_files/lib/jedilsp/jedi/api/helpers.py", line 487, in wrapper
    return func(self, line, column, *args, **kwargs)
  File "/usr/local/lib/code-server-4.103.2/lib/vscode/extensions/ms-python.python-2025.12.0/python_files/lib/jedilsp/jedi/api/__init__.py", line 372, in help
    definitions = self.goto(line, column, follow_imports=True)
  File "/usr/local/lib/code-server-4.103.2/lib/vscode/extensions/ms-python.python-2025.12.0/python_files/lib/jedilsp/jedi/api/helpers.py", line 487, in wrapper
    return func(self, line, column, *args, **kwargs)
  File "/usr/local/lib/code-server-4.103.2/lib/vscode/extensions/ms-python.python-2025.12.0/python_files/lib/jedilsp/jedi/api/__init__.py", line 300, in goto
    names = list(name.goto())
  File "/usr/local/lib/code-server-4.103.2/lib/vscode/extensions/ms-python.python-2025.12.0/python_files/lib/jedilsp/jedi/inference/names.py", line 205, in goto
    values = infer_call_of_leaf(context, name, cut_own_trailer=True)
  File "/usr/local/lib/code-server-4.103.2/lib/vscode/extensions/ms-python.python-2025.12.0/python_files/lib/jedilsp/jedi/inference/helpers.py", line 104, in infer_call_of_leaf
    values = context.infer_node(base)
  File "/usr/local/lib/code-server-4.103.2/lib/vscode/extensions/ms-python.python-2025.12.0/python_files/lib/jedilsp/jedi/inference/context.py", line 224, in infer_node
    return infer_node(self, node)
  File "/usr/local/lib/code-server-4.103.2/lib/vscode/extensions/ms-python.python-2025.12.0/python_files/lib/jedilsp/jedi/inference/syntax_tree.py", line 157, in infer_node
    return _infer_node_if_inferred(context, element)
  File "/usr/local/lib/code-server-4.103.2/lib/vscode/extensions/ms-python.python-2025.12.0/python_files/lib/jedilsp/jedi/inference/syntax_tree.py", line 170, in _infer_node_if_inferred
    return _infer_node_cached(context, element)
  File "/usr/local/lib/code-server-4.103.2/lib/vscode/extensions/ms-python.python-2025.12.0/python_files/lib/jedilsp/jedi/inference/cache.py", line 44, in wrapper
    rv = function(obj, *args, **kwargs)
  File "/usr/local/lib/code-server-4.103.2/lib/vscode/extensions/ms-python.python-2025.12.0/python_files/lib/jedilsp/jedi/inference/syntax_tree.py", line 175, in _infer_node_cached
    return _infer_node(context, element)
  File "/usr/local/lib/code-server-4.103.2/lib/vscode/extensions/ms-python.python-2025.12.0/python_files/lib/jedilsp/jedi/debug.py", line 81, in wrapper
    return func(*args, **kwargs)
  File "/usr/local/lib/code-server-4.103.2/lib/vscode/extensions/ms-python.python-2025.12.0/python_files/lib/jedilsp/jedi/inference/syntax_tree.py", line 83, in wrapper
    return func(context, *args, **kwargs)
  File "/usr/local/lib/code-server-4.103.2/lib/vscode/extensions/ms-python.python-2025.12.0/python_files/lib/jedilsp/jedi/inference/syntax_tree.py", line 185, in _infer_node
    return infer_atom(context, element)
  File "/usr/local/lib/code-server-4.103.2/lib/vscode/extensions/ms-python.python-2025.12.0/python_files/lib/jedilsp/jedi/inference/syntax_tree.py", line 305, in infer_atom
    return context.py__getattribute__(atom, position=position)
  File "/usr/local/lib/code-server-4.103.2/lib/vscode/extensions/ms-python.python-2025.12.0/python_files/lib/jedilsp/jedi/inference/context.py", line 77, in py__getattribute__
    values = ValueSet.from_sets(name.infer() for name in names)
  File "/usr/local/lib/code-server-4.103.2/lib/vscode/extensions/ms-python.python-2025.12.0/python_files/lib/jedilsp/jedi/inference/base_value.py", line 430, in from_sets
    for set_ in sets:
  File "/usr/local/lib/code-server-4.103.2/lib/vscode/extensions/ms-python.python-2025.12.0/python_files/lib/jedilsp/jedi/inference/context.py", line 77, in <genexpr>
    values = ValueSet.from_sets(name.infer() for name in names)
  File "/usr/local/lib/code-server-4.103.2/lib/vscode/extensions/ms-python.python-2025.12.0/python_files/lib/jedilsp/jedi/inference/names.py", line 281, in infer
    return tree_name_to_values(
  File "/usr/local/lib/code-server-4.103.2/lib/vscode/extensions/ms-python.python-2025.12.0/python_files/lib/jedilsp/jedi/plugins/__init__.py", line 21, in wrapper
    return built_functions[public_name](*args, **kwargs)
  File "/usr/local/lib/code-server-4.103.2/lib/vscode/extensions/ms-python.python-2025.12.0/python_files/lib/jedilsp/jedi/plugins/stdlib.py", line 878, in wrapper
    return func(inference_state, context, tree_name)
  File "/usr/local/lib/code-server-4.103.2/lib/vscode/extensions/ms-python.python-2025.12.0/python_files/lib/jedilsp/jedi/plugins/django.py", line 177, in wrapper
    result = func(inference_state, context, tree_name)
  File "/usr/local/lib/code-server-4.103.2/lib/vscode/extensions/ms-python.python-2025.12.0/python_files/lib/jedilsp/jedi/inference/syntax_tree.py", line 771, in tree_name_to_values
    types = imports.infer_import(context, tree_name)
  File "/usr/local/lib/code-server-4.103.2/lib/vscode/extensions/ms-python.python-2025.12.0/python_files/lib/jedilsp/jedi/inference/cache.py", line 44, in wrapper
    rv = function(obj, *args, **kwargs)
  File "/usr/local/lib/code-server-4.103.2/lib/vscode/extensions/ms-python.python-2025.12.0/python_files/lib/jedilsp/jedi/inference/imports.py", line 53, in infer_import
    _prepare_infer_import(module_context, tree_name)
  File "/usr/local/lib/code-server-4.103.2/lib/vscode/extensions/ms-python.python-2025.12.0/python_files/lib/jedilsp/jedi/inference/imports.py", line 116, in _prepare_infer_import
    return from_import_name, tuple(import_path), import_node.level, importer.follow()
  File "/usr/local/lib/code-server-4.103.2/lib/vscode/extensions/ms-python.python-2025.12.0/python_files/lib/jedilsp/jedi/inference/imports.py", line 296, in follow
    return import_module_by_names(
  File "/usr/local/lib/code-server-4.103.2/lib/vscode/extensions/ms-python.python-2025.12.0/python_files/lib/jedilsp/jedi/inference/imports.py", line 376, in import_module_by_names
    value_set = ValueSet.from_sets([
  File "/usr/local/lib/code-server-4.103.2/lib/vscode/extensions/ms-python.python-2025.12.0/python_files/lib/jedilsp/jedi/inference/imports.py", line 377, in <listcomp>
    import_module(
  File "/usr/local/lib/code-server-4.103.2/lib/vscode/extensions/ms-python.python-2025.12.0/python_files/lib/jedilsp/jedi/plugins/__init__.py", line 21, in wrapper
    return built_functions[public_name](*args, **kwargs)
  File "/usr/local/lib/code-server-4.103.2/lib/vscode/extensions/ms-python.python-2025.12.0/python_files/lib/jedilsp/jedi/plugins/flask.py", line 20, in wrapper
    return callback(inference_state, import_names, module_context, *args, **kwargs)
  File "/usr/local/lib/code-server-4.103.2/lib/vscode/extensions/ms-python.python-2025.12.0/python_files/lib/jedilsp/jedi/inference/gradual/typeshed.py", line 115, in wrapper
    python_value_set = ValueSet.from_sets(
  File "/usr/local/lib/code-server-4.103.2/lib/vscode/extensions/ms-python.python-2025.12.0/python_files/lib/jedilsp/jedi/inference/base_value.py", line 430, in from_sets
    for set_ in sets:
  File "/usr/local/lib/code-server-4.103.2/lib/vscode/extensions/ms-python.python-2025.12.0/python_files/lib/jedilsp/jedi/inference/gradual/typeshed.py", line 116, in <genexpr>
    func(inference_state, import_names, p, sys_path,)
  File "/usr/local/lib/code-server-4.103.2/lib/vscode/extensions/ms-python.python-2025.12.0/python_files/lib/jedilsp/jedi/inference/imports.py", line 411, in import_module
    file_io_or_ns, is_pkg = inference_state.compiled_subprocess.get_module_info(
  File "/usr/local/lib/code-server-4.103.2/lib/vscode/extensions/ms-python.python-2025.12.0/python_files/lib/jedilsp/jedi/inference/compiled/subprocess/__init__.py", line 188, in wrapper
    result = self._compiled_subprocess.run(
  File "/usr/local/lib/code-server-4.103.2/lib/vscode/extensions/ms-python.python-2025.12.0/python_files/lib/jedilsp/jedi/inference/compiled/subprocess/__init__.py", line 293, in run
    self._send(delete_id, None)
  File "/usr/local/lib/code-server-4.103.2/lib/vscode/extensions/ms-python.python-2025.12.0/python_files/lib/jedilsp/jedi/inference/compiled/subprocess/__init__.py", line 318, in _send
    is_exception, traceback, result = pickle_load(self._get_process().stdout)
  File "/usr/local/lib/code-server-4.103.2/lib/vscode/extensions/ms-python.python-2025.12.0/python_files/lib/jedilsp/jedi/_compatibility.py", line 25, in pickle_load
    return Unpickler(file).load()
_pickle.UnpicklingError: invalid load key, '+'.

2026-08-16 13:59:21.946 [info] [Error - 1:59:21 PM] Request textDocument/hover failed.
2026-08-16 13:59:21.953 [info]   Message: _pickle.UnpicklingError: invalid load key, '+'.
  Code: -32603 
[object Object]
2026-08-16 13:59:22.433 [info] semantic_tokens_range file:///voc/work/W2_Practice_Assignment_Solution_Activity/pipeline_solution.py 3:0-85:44
2026-08-16 13:59:22.436 [info] ERROR:pygls.protocol.json_rpc:Exception occurred for message "46": _pickle.UnpicklingError: invalid load key, '+'.
NoneType: None

2026-08-16 13:59:22.441 [info] [Error - 1:59:22 PM] Request textDocument/semanticTokens/range failed.
2026-08-16 13:59:22.441 [info]   Message: _pickle.UnpicklingError: invalid load key, '+'.
  Code: -32603 
[object Object]
2026-08-16 13:59:23.145 [info] semantic_tokens_range file:///voc/work/W2_Practice_Assignment_Solution_Activity/pipeline_solution.py 9:0-90:0
2026-08-16 13:59:23.148 [info] ERROR:pygls.protocol.json_rpc:Exception occurred for message "47": _pickle.UnpicklingError: invalid load key, '+'.
NoneType: None

2026-08-16 13:59:23.153 [info] [Error - 1:59:23 PM] Request textDocument/semanticTokens/range failed.
2026-08-16 13:59:23.153 [info]   Message: _pickle.UnpicklingError: invalid load key, '+'.
  Code: -32603 
[object Object]
2026-08-16 13:59:24.195 [info] ERROR:pygls.protocol.json_rpc:Failed to handle request 48 textDocument/hover HoverParams(text_document=TextDocumentIdentifier(uri='file:///voc/work/W2_Practice_Assignment_Solution_Activity/pipeline_solution.py'), position=50:39, work_done_token=None)
Traceback (most recent call last):
  File "/usr/local/lib/code-server-4.103.2/lib/vscode/extensions/ms-python.python-2025.12.0/python_files/lib/jedilsp/pygls/protocol/json_rpc.py", line 266, in _handle_request
    self._execute_request(msg_id, handler, params)
  File "/usr/local/lib/code-server-4.103.2/lib/vscode/extensions/ms-python.python-2025.12.0/python_files/lib/jedilsp/pygls/protocol/json_rpc.py", line 188, in _execute_request
    self._send_response(msg_id, handler(params))
  File "/usr/local/lib/code-server-4.103.2/lib/vscode/extensions/ms-python.python-2025.12.0/python_files/lib/jedilsp/jedi_language_server/notebook_utils.py", line 373, in wrapped
    result = f(notebook_server, notebook_params)
  File "/usr/local/lib/code-server-4.103.2/lib/vscode/extensions/ms-python.python-2025.12.0/python_files/lib/jedilsp/jedi_language_server/server.py", line 486, in hover
    hover_text = jedi_utils.hover_text(
  File "/usr/local/lib/code-server-4.103.2/lib/vscode/extensions/ms-python.python-2025.12.0/python_files/lib/jedilsp/jedi_language_server/jedi_utils.py", line 681, in hover_text
    header_plain = "\n".join(get_full_signatures(name))
  File "/usr/local/lib/code-server-4.103.2/lib/vscode/extensions/ms-python.python-2025.12.0/python_files/lib/jedilsp/jedi_language_server/jedi_utils.py", line 626, in get_full_signatures
    signatures = name.get_signatures()
  File "/usr/local/lib/code-server-4.103.2/lib/vscode/extensions/ms-python.python-2025.12.0/python_files/lib/jedilsp/jedi/api/classes.py", line 581, in get_signatures
    for s in self._get_signatures()
  File "/usr/local/lib/code-server-4.103.2/lib/vscode/extensions/ms-python.python-2025.12.0/python_files/lib/jedilsp/jedi/api/classes.py", line 570, in _get_signatures
    return [sig for name in names for sig in name.infer().get_signatures()]
  File "/usr/local/lib/code-server-4.103.2/lib/vscode/extensions/ms-python.python-2025.12.0/python_files/lib/jedilsp/jedi/api/classes.py", line 570, in <listcomp>
    return [sig for name in names for sig in name.infer().get_signatures()]
  File "/usr/local/lib/code-server-4.103.2/lib/vscode/extensions/ms-python.python-2025.12.0/python_files/lib/jedilsp/jedi/inference/names.py", line 281, in infer
    return tree_name_to_values(
  File "/usr/local/lib/code-server-4.103.2/lib/vscode/extensions/ms-python.python-2025.12.0/python_files/lib/jedilsp/jedi/plugins/__init__.py", line 21, in wrapper
    return built_functions[public_name](*args, **kwargs)
  File "/usr/local/lib/code-server-4.103.2/lib/vscode/extensions/ms-python.python-2025.12.0/python_files/lib/jedilsp/jedi/plugins/stdlib.py", line 878, in wrapper
    return func(inference_state, context, tree_name)
  File "/usr/local/lib/code-server-4.103.2/lib/vscode/extensions/ms-python.python-2025.12.0/python_files/lib/jedilsp/jedi/plugins/django.py", line 177, in wrapper
    result = func(inference_state, context, tree_name)
  File "/usr/local/lib/code-server-4.103.2/lib/vscode/extensions/ms-python.python-2025.12.0/python_files/lib/jedilsp/jedi/inference/syntax_tree.py", line 773, in tree_name_to_values
    types = _apply_decorators(context, node)
  File "/usr/local/lib/code-server-4.103.2/lib/vscode/extensions/ms-python.python-2025.12.0/python_files/lib/jedilsp/jedi/inference/cache.py", line 44, in wrapper
    rv = function(obj, *args, **kwargs)
  File "/usr/local/lib/code-server-4.103.2/lib/vscode/extensions/ms-python.python-2025.12.0/python_files/lib/jedilsp/jedi/inference/syntax_tree.py", line 815, in _apply_decorators
    dec_values = context.infer_node(dec.children[1])
  File "/usr/local/lib/code-server-4.103.2/lib/vscode/extensions/ms-python.python-2025.12.0/python_files/lib/jedilsp/jedi/inference/context.py", line 224, in infer_node
    return infer_node(self, node)
  File "/usr/local/lib/code-server-4.103.2/lib/vscode/extensions/ms-python.python-2025.12.0/python_files/lib/jedilsp/jedi/inference/syntax_tree.py", line 157, in infer_node
    return _infer_node_if_inferred(context, element)
  File "/usr/local/lib/code-server-4.103.2/lib/vscode/extensions/ms-python.python-2025.12.0/python_files/lib/jedilsp/jedi/inference/syntax_tree.py", line 170, in _infer_node_if_inferred
    return _infer_node_cached(context, element)
  File "/usr/local/lib/code-server-4.103.2/lib/vscode/extensions/ms-python.python-2025.12.0/python_files/lib/jedilsp/jedi/inference/cache.py", line 44, in wrapper
    rv = function(obj, *args, **kwargs)
  File "/usr/local/lib/code-server-4.103.2/lib/vscode/extensions/ms-python.python-2025.12.0/python_files/lib/jedilsp/jedi/inference/syntax_tree.py", line 175, in _infer_node_cached
    return _infer_node(context, element)
  File "/usr/local/lib/code-server-4.103.2/lib/vscode/extensions/ms-python.python-2025.12.0/python_files/lib/jedilsp/jedi/debug.py", line 81, in wrapper
    return func(*args, **kwargs)
  File "/usr/local/lib/code-server-4.103.2/lib/vscode/extensions/ms-python.python-2025.12.0/python_files/lib/jedilsp/jedi/inference/syntax_tree.py", line 83, in wrapper
    return func(context, *args, **kwargs)
  File "/usr/local/lib/code-server-4.103.2/lib/vscode/extensions/ms-python.python-2025.12.0/python_files/lib/jedilsp/jedi/inference/syntax_tree.py", line 185, in _infer_node
    return infer_atom(context, element)
  File "/usr/local/lib/code-server-4.103.2/lib/vscode/extensions/ms-python.python-2025.12.0/python_files/lib/jedilsp/jedi/inference/syntax_tree.py", line 305, in infer_atom
    return context.py__getattribute__(atom, position=position)
  File "/usr/local/lib/code-server-4.103.2/lib/vscode/extensions/ms-python.python-2025.12.0/python_files/lib/jedilsp/jedi/inference/context.py", line 77, in py__getattribute__
    values = ValueSet.from_sets(name.infer() for name in names)
  File "/usr/local/lib/code-server-4.103.2/lib/vscode/extensions/ms-python.python-2025.12.0/python_files/lib/jedilsp/jedi/inference/base_value.py", line 430, in from_sets
    for set_ in sets:
  File "/usr/local/lib/code-server-4.103.2/lib/vscode/extensions/ms-python.python-2025.12.0/python_files/lib/jedilsp/jedi/inference/context.py", line 77, in <genexpr>
    values = ValueSet.from_sets(name.infer() for name in names)
  File "/usr/local/lib/code-server-4.103.2/lib/vscode/extensions/ms-python.python-2025.12.0/python_files/lib/jedilsp/jedi/inference/names.py", line 281, in infer
    return tree_name_to_values(
  File "/usr/local/lib/code-server-4.103.2/lib/vscode/extensions/ms-python.python-2025.12.0/python_files/lib/jedilsp/jedi/plugins/__init__.py", line 21, in wrapper
    return built_functions[public_name](*args, **kwargs)
  File "/usr/local/lib/code-server-4.103.2/lib/vscode/extensions/ms-python.python-2025.12.0/python_files/lib/jedilsp/jedi/plugins/stdlib.py", line 878, in wrapper
    return func(inference_state, context, tree_name)
  File "/usr/local/lib/code-server-4.103.2/lib/vscode/extensions/ms-python.python-2025.12.0/python_files/lib/jedilsp/jedi/plugins/django.py", line 177, in wrapper
    result = func(inference_state, context, tree_name)
  File "/usr/local/lib/code-server-4.103.2/lib/vscode/extensions/ms-python.python-2025.12.0/python_files/lib/jedilsp/jedi/inference/syntax_tree.py", line 771, in tree_name_to_values
    types = imports.infer_import(context, tree_name)
  File "/usr/local/lib/code-server-4.103.2/lib/vscode/extensions/ms-python.python-2025.12.0/python_files/lib/jedilsp/jedi/inference/cache.py", line 44, in wrapper
    rv = function(obj, *args, **kwargs)
  File "/usr/local/lib/code-server-4.103.2/lib/vscode/extensions/ms-python.python-2025.12.0/python_files/lib/jedilsp/jedi/inference/imports.py", line 53, in infer_import
    _prepare_infer_import(module_context, tree_name)
  File "/usr/local/lib/code-server-4.103.2/lib/vscode/extensions/ms-python.python-2025.12.0/python_files/lib/jedilsp/jedi/inference/imports.py", line 116, in _prepare_infer_import
    return from_import_name, tuple(import_path), import_node.level, importer.follow()
  File "/usr/local/lib/code-server-4.103.2/lib/vscode/extensions/ms-python.python-2025.12.0/python_files/lib/jedilsp/jedi/inference/imports.py", line 296, in follow
    return import_module_by_names(
  File "/usr/local/lib/code-server-4.103.2/lib/vscode/extensions/ms-python.python-2025.12.0/python_files/lib/jedilsp/jedi/inference/imports.py", line 376, in import_module_by_names
    value_set = ValueSet.from_sets([
  File "/usr/local/lib/code-server-4.103.2/lib/vscode/extensions/ms-python.python-2025.12.0/python_files/lib/jedilsp/jedi/inference/imports.py", line 377, in <listcomp>
    import_module(
  File "/usr/local/lib/code-server-4.103.2/lib/vscode/extensions/ms-python.python-2025.12.0/python_files/lib/jedilsp/jedi/plugins/__init__.py", line 21, in wrapper
    return built_functions[public_name](*args, **kwargs)
  File "/usr/local/lib/code-server-4.103.2/lib/vscode/extensions/ms-python.python-2025.12.0/python_files/lib/jedilsp/jedi/plugins/flask.py", line 20, in wrapper
    return callback(inference_state, import_names, module_context, *args, **kwargs)
  File "/usr/local/lib/code-server-4.103.2/lib/vscode/extensions/ms-python.python-2025.12.0/python_files/lib/jedilsp/jedi/inference/gradual/typeshed.py", line 115, in wrapper
    python_value_set = ValueSet.from_sets(
  File "/usr/local/lib/code-server-4.103.2/lib/vscode/extensions/ms-python.python-2025.12.0/python_files/lib/jedilsp/jedi/inference/base_value.py", line 430, in from_sets
    for set_ in sets:
  File "/usr/local/lib/code-server-4.103.2/lib/vscode/extensions/ms-python.python-2025.12.0/python_files/lib/jedilsp/jedi/inference/gradual/typeshed.py", line 116, in <genexpr>
    func(inference_state, import_names, p, sys_path,)
  File "/usr/local/lib/code-server-4.103.2/lib/vscode/extensions/ms-python.python-2025.12.0/python_files/lib/jedilsp/jedi/inference/imports.py", line 411, in import_module
    file_io_or_ns, is_pkg = inference_state.compiled_subprocess.get_module_info(
  File "/usr/local/lib/code-server-4.103.2/lib/vscode/extensions/ms-python.python-2025.12.0/python_files/lib/jedilsp/jedi/inference/compiled/subprocess/__init__.py", line 188, in wrapper
    result = self._compiled_subprocess.run(
  File "/usr/local/lib/code-server-4.103.2/lib/vscode/extensions/ms-python.python-2025.12.0/python_files/lib/jedilsp/jedi/inference/compiled/subprocess/__init__.py", line 293, in run
    self._send(delete_id, None)
  File "/usr/local/lib/code-server-4.103.2/lib/vscode/extensions/ms-python.python-2025.12.0/python_files/lib/jedilsp/jedi/inference/compiled/subprocess/__init__.py", line 318, in _send
    is_exception, traceback, result = pickle_load(self._get_process().stdout)
  File "/usr/local/lib/code-server-4.103.2/lib/vscode/extensions/ms-python.python-2025.12.0/python_files/lib/jedilsp/jedi/_compatibility.py", line 25, in pickle_load
    return Unpickler(file).load()
_pickle.UnpicklingError: invalid load key, '+'.

2026-08-16 13:59:24.195 [info] [Error - 1:59:24 PM] Request textDocument/hover failed.
2026-08-16 13:59:24.202 [info]   Message: _pickle.UnpicklingError: invalid load key, '+'.
  Code: -32603 
[object Object]
2026-08-16 13:59:24.513 [info] ERROR:pygls.protocol.json_rpc:Failed to handle request 49 textDocument/hover HoverParams(text_document=TextDocumentIdentifier(uri='file:///voc/work/W2_Practice_Assignment_Solution_Activity/pipeline_solution.py'), position=51:38, work_done_token=None)
Traceback (most recent call last):
  File "/usr/local/lib/code-server-4.103.2/lib/vscode/extensions/ms-python.python-2025.12.0/python_files/lib/jedilsp/pygls/protocol/json_rpc.py", line 266, in _handle_request
    self._execute_request(msg_id, handler, params)
  File "/usr/local/lib/code-server-4.103.2/lib/vscode/extensions/ms-python.python-2025.12.0/python_files/lib/jedilsp/pygls/protocol/json_rpc.py", line 188, in _execute_request
    self._send_response(msg_id, handler(params))
  File "/usr/local/lib/code-server-4.103.2/lib/vscode/extensions/ms-python.python-2025.12.0/python_files/lib/jedilsp/jedi_language_server/notebook_utils.py", line 373, in wrapped
    result = f(notebook_server, notebook_params)
  File "/usr/local/lib/code-server-4.103.2/lib/vscode/extensions/ms-python.python-2025.12.0/python_files/lib/jedilsp/jedi_language_server/server.py", line 486, in hover
    hover_text = jedi_utils.hover_text(
  File "/usr/local/lib/code-server-4.103.2/lib/vscode/extensions/ms-python.python-2025.12.0/python_files/lib/jedilsp/jedi_language_server/jedi_utils.py", line 681, in hover_text
    header_plain = "\n".join(get_full_signatures(name))
  File "/usr/local/lib/code-server-4.103.2/lib/vscode/extensions/ms-python.python-2025.12.0/python_files/lib/jedilsp/jedi_language_server/jedi_utils.py", line 626, in get_full_signatures
    signatures = name.get_signatures()
  File "/usr/local/lib/code-server-4.103.2/lib/vscode/extensions/ms-python.python-2025.12.0/python_files/lib/jedilsp/jedi/api/classes.py", line 581, in get_signatures
    for s in self._get_signatures()
  File "/usr/local/lib/code-server-4.103.2/lib/vscode/extensions/ms-python.python-2025.12.0/python_files/lib/jedilsp/jedi/api/classes.py", line 570, in _get_signatures
    return [sig for name in names for sig in name.infer().get_signatures()]
  File "/usr/local/lib/code-server-4.103.2/lib/vscode/extensions/ms-python.python-2025.12.0/python_files/lib/jedilsp/jedi/api/classes.py", line 570, in <listcomp>
    return [sig for name in names for sig in name.infer().get_signatures()]
  File "/usr/local/lib/code-server-4.103.2/lib/vscode/extensions/ms-python.python-2025.12.0/python_files/lib/jedilsp/jedi/plugins/__init__.py", line 21, in wrapper
    return built_functions[public_name](*args, **kwargs)
  File "/usr/local/lib/code-server-4.103.2/lib/vscode/extensions/ms-python.python-2025.12.0/python_files/lib/jedilsp/jedi/plugins/pytest.py", line 58, in wrapper
    return func(param_name)
  File "/usr/local/lib/code-server-4.103.2/lib/vscode/extensions/ms-python.python-2025.12.0/python_files/lib/jedilsp/jedi/inference/names.py", line 523, in infer
    values = super().infer()
  File "/usr/local/lib/code-server-4.103.2/lib/vscode/extensions/ms-python.python-2025.12.0/python_files/lib/jedilsp/jedi/inference/names.py", line 508, in infer
    values = self.infer_annotation()
  File "/usr/local/lib/code-server-4.103.2/lib/vscode/extensions/ms-python.python-2025.12.0/python_files/lib/jedilsp/jedi/inference/names.py", line 462, in infer_annotation
    values = infer_param(
  File "/usr/local/lib/code-server-4.103.2/lib/vscode/extensions/ms-python.python-2025.12.0/python_files/lib/jedilsp/jedi/inference/cache.py", line 44, in wrapper
    rv = function(obj, *args, **kwargs)
  File "/usr/local/lib/code-server-4.103.2/lib/vscode/extensions/ms-python.python-2025.12.0/python_files/lib/jedilsp/jedi/inference/gradual/annotation.py", line 114, in infer_param
    values = _infer_param(function_value, param)
  File "/usr/local/lib/code-server-4.103.2/lib/vscode/extensions/ms-python.python-2025.12.0/python_files/lib/jedilsp/jedi/inference/gradual/annotation.py", line 183, in _infer_param
    return infer_annotation(context, annotation)
  File "/usr/local/lib/code-server-4.103.2/lib/vscode/extensions/ms-python.python-2025.12.0/python_files/lib/jedilsp/jedi/inference/gradual/annotation.py", line 34, in infer_annotation
    value_set = context.infer_node(annotation)
  File "/usr/local/lib/code-server-4.103.2/lib/vscode/extensions/ms-python.python-2025.12.0/python_files/lib/jedilsp/jedi/inference/context.py", line 224, in infer_node
    return infer_node(self, node)
  File "/usr/local/lib/code-server-4.103.2/lib/vscode/extensions/ms-python.python-2025.12.0/python_files/lib/jedilsp/jedi/inference/syntax_tree.py", line 157, in infer_node
    return _infer_node_if_inferred(context, element)
  File "/usr/local/lib/code-server-4.103.2/lib/vscode/extensions/ms-python.python-2025.12.0/python_files/lib/jedilsp/jedi/inference/syntax_tree.py", line 170, in _infer_node_if_inferred
    return _infer_node_cached(context, element)
  File "/usr/local/lib/code-server-4.103.2/lib/vscode/extensions/ms-python.python-2025.12.0/python_files/lib/jedilsp/jedi/inference/cache.py", line 44, in wrapper
    rv = function(obj, *args, **kwargs)
  File "/usr/local/lib/code-server-4.103.2/lib/vscode/extensions/ms-python.python-2025.12.0/python_files/lib/jedilsp/jedi/inference/syntax_tree.py", line 175, in _infer_node_cached
    return _infer_node(context, element)
  File "/usr/local/lib/code-server-4.103.2/lib/vscode/extensions/ms-python.python-2025.12.0/python_files/lib/jedilsp/jedi/debug.py", line 81, in wrapper
    return func(*args, **kwargs)
  File "/usr/local/lib/code-server-4.103.2/lib/vscode/extensions/ms-python.python-2025.12.0/python_files/lib/jedilsp/jedi/inference/syntax_tree.py", line 83, in wrapper
    return func(context, *args, **kwargs)
  File "/usr/local/lib/code-server-4.103.2/lib/vscode/extensions/ms-python.python-2025.12.0/python_files/lib/jedilsp/jedi/inference/syntax_tree.py", line 185, in _infer_node
    return infer_atom(context, element)
  File "/usr/local/lib/code-server-4.103.2/lib/vscode/extensions/ms-python.python-2025.12.0/python_files/lib/jedilsp/jedi/inference/syntax_tree.py", line 305, in infer_atom
    return context.py__getattribute__(atom, position=position)
  File "/usr/local/lib/code-server-4.103.2/lib/vscode/extensions/ms-python.python-2025.12.0/python_files/lib/jedilsp/jedi/inference/context.py", line 45, in py__getattribute__
    names = self.goto(name_or_str, position)
  File "/usr/local/lib/code-server-4.103.2/lib/vscode/extensions/ms-python.python-2025.12.0/python_files/lib/jedilsp/jedi/inference/context.py", line 34, in goto
    names = finder.filter_name(filters, name_or_str)
  File "/usr/local/lib/code-server-4.103.2/lib/vscode/extensions/ms-python.python-2025.12.0/python_files/lib/jedilsp/jedi/inference/finder.py", line 35, in filter_name
    for filter in filters:
  File "/usr/local/lib/code-server-4.103.2/lib/vscode/extensions/ms-python.python-2025.12.0/python_files/lib/jedilsp/jedi/inference/context.py", line 496, in get_global_filters
    b = next(base_context.inference_state.builtins_module.get_filters(), None)
  File "/usr/local/lib/code-server-4.103.2/lib/vscode/extensions/ms-python.python-2025.12.0/python_files/lib/jedilsp/jedi/inference/cache.py", line 44, in wrapper
    rv = function(obj, *args, **kwargs)
  File "/usr/local/lib/code-server-4.103.2/lib/vscode/extensions/ms-python.python-2025.12.0/python_files/lib/jedilsp/jedi/inference/__init__.py", line 129, in builtins_module
    builtins_module, = self.import_module((module_name,), sys_path=[])
  File "/usr/local/lib/code-server-4.103.2/lib/vscode/extensions/ms-python.python-2025.12.0/python_files/lib/jedilsp/jedi/inference/__init__.py", line 112, in import_module
    return imports.import_module_by_names(
  File "/usr/local/lib/code-server-4.103.2/lib/vscode/extensions/ms-python.python-2025.12.0/python_files/lib/jedilsp/jedi/inference/imports.py", line 376, in import_module_by_names
    value_set = ValueSet.from_sets([
  File "/usr/local/lib/code-server-4.103.2/lib/vscode/extensions/ms-python.python-2025.12.0/python_files/lib/jedilsp/jedi/inference/imports.py", line 377, in <listcomp>
    import_module(
  File "/usr/local/lib/code-server-4.103.2/lib/vscode/extensions/ms-python.python-2025.12.0/python_files/lib/jedilsp/jedi/plugins/__init__.py", line 21, in wrapper
    return built_functions[public_name](*args, **kwargs)
  File "/usr/local/lib/code-server-4.103.2/lib/vscode/extensions/ms-python.python-2025.12.0/python_files/lib/jedilsp/jedi/plugins/flask.py", line 20, in wrapper
    return callback(inference_state, import_names, module_context, *args, **kwargs)
  File "/usr/local/lib/code-server-4.103.2/lib/vscode/extensions/ms-python.python-2025.12.0/python_files/lib/jedilsp/jedi/inference/gradual/typeshed.py", line 115, in wrapper
    python_value_set = ValueSet.from_sets(
  File "/usr/local/lib/code-server-4.103.2/lib/vscode/extensions/ms-python.python-2025.12.0/python_files/lib/jedilsp/jedi/inference/base_value.py", line 430, in from_sets
    for set_ in sets:
  File "/usr/local/lib/code-server-4.103.2/lib/vscode/extensions/ms-python.python-2025.12.0/python_files/lib/jedilsp/jedi/inference/gradual/typeshed.py", line 116, in <genexpr>
    func(inference_state, import_names, p, sys_path,)
  File "/usr/local/lib/code-server-4.103.2/lib/vscode/extensions/ms-python.python-2025.12.0/python_files/lib/jedilsp/jedi/inference/imports.py", line 411, in import_module
    file_io_or_ns, is_pkg = inference_state.compiled_subprocess.get_module_info(
  File "/usr/local/lib/code-server-4.103.2/lib/vscode/extensions/ms-python.python-2025.12.0/python_files/lib/jedilsp/jedi/inference/compiled/subprocess/__init__.py", line 188, in wrapper
    result = self._compiled_subprocess.run(
  File "/usr/local/lib/code-server-4.103.2/lib/vscode/extensions/ms-python.python-2025.12.0/python_files/lib/jedilsp/jedi/inference/compiled/subprocess/__init__.py", line 293, in run
    self._send(delete_id, None)
  File "/usr/local/lib/code-server-4.103.2/lib/vscode/extensions/ms-python.python-2025.12.0/python_files/lib/jedilsp/jedi/inference/compiled/subprocess/__init__.py", line 318, in _send
    is_exception, traceback, result = pickle_load(self._get_process().stdout)
  File "/usr/local/lib/code-server-4.103.2/lib/vscode/extensions/ms-python.python-2025.12.0/python_files/lib/jedilsp/jedi/_compatibility.py", line 25, in pickle_load
    return Unpickler(file).load()
_pickle.UnpicklingError: invalid load key, '+'.

2026-08-16 13:59:24.514 [info] [Error - 1:59:24 PM] Request textDocument/hover failed.
2026-08-16 13:59:24.526 [info]   Message: _pickle.UnpicklingError: invalid load key, '+'.
  Code: -32603 
[object Object]
2026-08-16 13:59:26.140 [info] semantic_tokens_range file:///voc/work/W2_Practice_Assignment_Solution_Activity/pipeline_solution.py 14:0-96:0
2026-08-16 13:59:26.143 [info] ERROR:pygls.protocol.json_rpc:Exception occurred for message "51": _pickle.UnpicklingError: invalid load key, '+'.
NoneType: None

2026-08-16 13:59:26.146 [info] [Error - 1:59:26 PM] Request textDocument/semanticTokens/range failed.
2026-08-16 13:59:26.146 [info]   Message: _pickle.UnpicklingError: invalid load key, '+'.
  Code: -32603 
[object Object]
2026-08-16 13:59:27.777 [info] ERROR:pygls.protocol.json_rpc:Failed to handle request 53 textDocument/hover HoverParams(text_document=TextDocumentIdentifier(uri='file:///voc/work/W2_Practice_Assignment_Solution_Activity/pipeline_solution.py'), position=55:12, work_done_token=None)
Traceback (most recent call last):
  File "/usr/local/lib/code-server-4.103.2/lib/vscode/extensions/ms-python.python-2025.12.0/python_files/lib/jedilsp/pygls/protocol/json_rpc.py", line 266, in _handle_request
    self._execute_request(msg_id, handler, params)
  File "/usr/local/lib/code-server-4.103.2/lib/vscode/extensions/ms-python.python-2025.12.0/python_files/lib/jedilsp/pygls/protocol/json_rpc.py", line 188, in _execute_request
    self._send_response(msg_id, handler(params))
  File "/usr/local/lib/code-server-4.103.2/lib/vscode/extensions/ms-python.python-2025.12.0/python_files/lib/jedilsp/jedi_language_server/notebook_utils.py", line 373, in wrapped
    result = f(notebook_server, notebook_params)
  File "/usr/local/lib/code-server-4.103.2/lib/vscode/extensions/ms-python.python-2025.12.0/python_files/lib/jedilsp/jedi_language_server/server.py", line 487, in hover
    jedi_script.help(*jedi_lines),
  File "/usr/local/lib/code-server-4.103.2/lib/vscode/extensions/ms-python.python-2025.12.0/python_files/lib/jedilsp/jedi/api/helpers.py", line 487, in wrapper
    return func(self, line, column, *args, **kwargs)
  File "/usr/local/lib/code-server-4.103.2/lib/vscode/extensions/ms-python.python-2025.12.0/python_files/lib/jedilsp/jedi/api/__init__.py", line 396, in help
    name = KeywordName(self._inference_state, leaf.value)
  File "/usr/local/lib/code-server-4.103.2/lib/vscode/extensions/ms-python.python-2025.12.0/python_files/lib/jedilsp/jedi/inference/names.py", line 103, in __init__
    self.parent_context = inference_state.builtins_module
  File "/usr/local/lib/code-server-4.103.2/lib/vscode/extensions/ms-python.python-2025.12.0/python_files/lib/jedilsp/jedi/inference/cache.py", line 44, in wrapper
    rv = function(obj, *args, **kwargs)
  File "/usr/local/lib/code-server-4.103.2/lib/vscode/extensions/ms-python.python-2025.12.0/python_files/lib/jedilsp/jedi/inference/__init__.py", line 129, in builtins_module
    builtins_module, = self.import_module((module_name,), sys_path=[])
  File "/usr/local/lib/code-server-4.103.2/lib/vscode/extensions/ms-python.python-2025.12.0/python_files/lib/jedilsp/jedi/inference/__init__.py", line 112, in import_module
    return imports.import_module_by_names(
  File "/usr/local/lib/code-server-4.103.2/lib/vscode/extensions/ms-python.python-2025.12.0/python_files/lib/jedilsp/jedi/inference/imports.py", line 376, in import_module_by_names
    value_set = ValueSet.from_sets([
  File "/usr/local/lib/code-server-4.103.2/lib/vscode/extensions/ms-python.python-2025.12.0/python_files/lib/jedilsp/jedi/inference/imports.py", line 377, in <listcomp>
    import_module(
  File "/usr/local/lib/code-server-4.103.2/lib/vscode/extensions/ms-python.python-2025.12.0/python_files/lib/jedilsp/jedi/plugins/__init__.py", line 21, in wrapper
    return built_functions[public_name](*args, **kwargs)
  File "/usr/local/lib/code-server-4.103.2/lib/vscode/extensions/ms-python.python-2025.12.0/python_files/lib/jedilsp/jedi/plugins/flask.py", line 20, in wrapper
    return callback(inference_state, import_names, module_context, *args, **kwargs)
  File "/usr/local/lib/code-server-4.103.2/lib/vscode/extensions/ms-python.python-2025.12.0/python_files/lib/jedilsp/jedi/inference/gradual/typeshed.py", line 115, in wrapper
    python_value_set = ValueSet.from_sets(
  File "/usr/local/lib/code-server-4.103.2/lib/vscode/extensions/ms-python.python-2025.12.0/python_files/lib/jedilsp/jedi/inference/base_value.py", line 430, in from_sets
    for set_ in sets:
  File "/usr/local/lib/code-server-4.103.2/lib/vscode/extensions/ms-python.python-2025.12.0/python_files/lib/jedilsp/jedi/inference/gradual/typeshed.py", line 116, in <genexpr>
    func(inference_state, import_names, p, sys_path,)
  File "/usr/local/lib/code-server-4.103.2/lib/vscode/extensions/ms-python.python-2025.12.0/python_files/lib/jedilsp/jedi/inference/imports.py", line 411, in import_module
    file_io_or_ns, is_pkg = inference_state.compiled_subprocess.get_module_info(
  File "/usr/local/lib/code-server-4.103.2/lib/vscode/extensions/ms-python.python-2025.12.0/python_files/lib/jedilsp/jedi/inference/compiled/subprocess/__init__.py", line 188, in wrapper
    result = self._compiled_subprocess.run(
  File "/usr/local/lib/code-server-4.103.2/lib/vscode/extensions/ms-python.python-2025.12.0/python_files/lib/jedilsp/jedi/inference/compiled/subprocess/__init__.py", line 293, in run
    self._send(delete_id, None)
  File "/usr/local/lib/code-server-4.103.2/lib/vscode/extensions/ms-python.python-2025.12.0/python_files/lib/jedilsp/jedi/inference/compiled/subprocess/__init__.py", line 318, in _send
    is_exception, traceback, result = pickle_load(self._get_process().stdout)
  File "/usr/local/lib/code-server-4.103.2/lib/vscode/extensions/ms-python.python-2025.12.0/python_files/lib/jedilsp/jedi/_compatibility.py", line 25, in pickle_load
    return Unpickler(file).load()
_pickle.UnpicklingError: invalid load key, '+'.

2026-08-16 13:59:27.777 [info] [Error - 1:59:27 PM] Request textDocument/hover failed.
2026-08-16 13:59:27.784 [info]   Message: _pickle.UnpicklingError: invalid load key, '+'.
  Code: -32603 
[object Object]
2026-08-16 13:59:29.675 [info] semantic_tokens_range file:///voc/work/W2_Practice_Assignment_Solution_Activity/pipeline_solution.py 22:0-104:6
2026-08-16 13:59:29.678 [info] ERROR:pygls.protocol.json_rpc:Exception occurred for message "55": _pickle.UnpicklingError: invalid load key, '+'.
NoneType: None

2026-08-16 13:59:29.681 [info] [Error - 1:59:29 PM] Request textDocument/semanticTokens/range failed.
2026-08-16 13:59:29.681 [info]   Message: _pickle.UnpicklingError: invalid load key, '+'.
  Code: -32603 
[object Object]
2026-08-16 13:59:30.238 [info] semantic_tokens_range file:///voc/work/W2_Practice_Assignment_Solution_Activity/pipeline_solution.py 28:0-108:0
2026-08-16 13:59:30.241 [info] ERROR:pygls.protocol.json_rpc:Exception occurred for message "56": _pickle.UnpicklingError: invalid load key, '+'.
NoneType: None

2026-08-16 13:59:30.244 [info] [Error - 1:59:30 PM] Request textDocument/semanticTokens/range failed.
2026-08-16 13:59:30.244 [info]   Message: _pickle.UnpicklingError: invalid load key, '+'.
  Code: -32603 
[object Object]
2026-08-16 13:59:30.732 [info] semantic_tokens_range file:///voc/work/W2_Practice_Assignment_Solution_Activity/pipeline_solution.py 34:0-108:0
2026-08-16 13:59:30.735 [info] ERROR:pygls.protocol.json_rpc:Exception occurred for message "57": _pickle.UnpicklingError: invalid load key, '+'.
NoneType: None

2026-08-16 13:59:30.739 [info] [Error - 1:59:30 PM] Request textDocument/semanticTokens/range failed.
2026-08-16 13:59:30.739 [info]   Message: _pickle.UnpicklingError: invalid load key, '+'.
  Code: -32603 
[object Object]
2026-08-16 13:59:31.303 [info] semantic_tokens_range file:///voc/work/W2_Practice_Assignment_Solution_Activity/pipeline_solution.py 50:0-108:0
2026-08-16 13:59:31.306 [info] ERROR:pygls.protocol.json_rpc:Exception occurred for message "58": _pickle.UnpicklingError: invalid load key, '+'.
NoneType: None

2026-08-16 13:59:31.310 [info] [Error - 1:59:31 PM] Request textDocument/semanticTokens/range failed.
2026-08-16 13:59:31.310 [info]   Message: _pickle.UnpicklingError: invalid load key, '+'.
  Code: -32603 
[object Object]
2026-08-16 13:59:32.352 [info] semantic_tokens_range file:///voc/work/W2_Practice_Assignment_Solution_Activity/pipeline_solution.py 53:0-108:0
2026-08-16 13:59:32.355 [info] ERROR:pygls.protocol.json_rpc:Exception occurred for message "59": _pickle.UnpicklingError: invalid load key, '+'.
NoneType: None

2026-08-16 13:59:32.358 [info] [Error - 1:59:32 PM] Request textDocument/semanticTokens/range failed.
2026-08-16 13:59:32.358 [info]   Message: _pickle.UnpicklingError: invalid load key, '+'.
  Code: -32603 
[object Object]
2026-08-16 14:31:51.164 [info] semantic_tokens_range file:///voc/work/W2_Practice_Assignment_Solution_Activity/pipeline_solution.py 59:0-108:0
2026-08-16 14:31:51.168 [info] ERROR:pygls.protocol.json_rpc:Exception occurred for message "69": _pickle.UnpicklingError: invalid load key, '+'.
NoneType: None

2026-08-16 14:31:51.175 [info] [Error - 2:31:51 PM] Request textDocument/semanticTokens/range failed.
2026-08-16 14:31:51.175 [info]   Message: _pickle.UnpicklingError: invalid load key, '+'.
  Code: -32603 
[object Object]
2026-08-16 14:31:51.685 [info] semantic_tokens_range file:///voc/work/W2_Practice_Assignment_Solution_Activity/pipeline_solution.py 39:0-108:0
2026-08-16 14:31:51.688 [info] ERROR:pygls.protocol.json_rpc:Exception occurred for message "70": _pickle.UnpicklingError: invalid load key, '+'.
NoneType: None

2026-08-16 14:31:51.692 [info] [Error - 2:31:51 PM] Request textDocument/semanticTokens/range failed.
2026-08-16 14:31:51.692 [info]   Message: _pickle.UnpicklingError: invalid load key, '+'.
  Code: -32603 
[object Object]
2026-08-16 14:31:55.179 [info] ERROR:pygls.protocol.json_rpc:Failed to handle request 72 textDocument/documentSymbol DocumentSymbolParams(text_document=TextDocumentIdentifier(uri='file:///voc/work/AI-RAG_W2_logging_config.py'), work_done_token=None, partial_result_token=None)
Traceback (most recent call last):
  File "/usr/local/lib/code-server-4.103.2/lib/vscode/extensions/ms-python.python-2025.12.0/python_files/lib/jedilsp/pygls/protocol/json_rpc.py", line 266, in _handle_request
    self._execute_request(msg_id, handler, params)
  File "/usr/local/lib/code-server-4.103.2/lib/vscode/extensions/ms-python.python-2025.12.0/python_files/lib/jedilsp/pygls/protocol/json_rpc.py", line 188, in _execute_request
    self._send_response(msg_id, handler(params))
  File "/usr/local/lib/code-server-4.103.2/lib/vscode/extensions/ms-python.python-2025.12.0/python_files/lib/jedilsp/jedi_language_server/server.py", line 546, in document_symbol
    document_symbols = jedi_utils.lsp_document_symbols(names)
  File "/usr/local/lib/code-server-4.103.2/lib/vscode/extensions/ms-python.python-2025.12.0/python_files/lib/jedilsp/jedi_language_server/jedi_utils.py", line 225, in lsp_document_symbols
    symbol_range = _document_symbol_range(name)
  File "/usr/local/lib/code-server-4.103.2/lib/vscode/extensions/ms-python.python-2025.12.0/python_files/lib/jedilsp/jedi_language_server/jedi_utils.py", line 204, in _document_symbol_range
    end = name.get_definition_end_position()
  File "/usr/local/lib/code-server-4.103.2/lib/vscode/extensions/ms-python.python-2025.12.0/python_files/lib/jedilsp/jedi/api/classes.py", line 260, in get_definition_end_position
    if self.type in ("function", "class"):
  File "/usr/local/lib/code-server-4.103.2/lib/vscode/extensions/ms-python.python-2025.12.0/python_files/lib/jedilsp/jedi/api/classes.py", line 190, in type
    for value in self._name.infer():
  File "/usr/local/lib/code-server-4.103.2/lib/vscode/extensions/ms-python.python-2025.12.0/python_files/lib/jedilsp/jedi/inference/names.py", line 281, in infer
    return tree_name_to_values(
  File "/usr/local/lib/code-server-4.103.2/lib/vscode/extensions/ms-python.python-2025.12.0/python_files/lib/jedilsp/jedi/plugins/__init__.py", line 21, in wrapper
    return built_functions[public_name](*args, **kwargs)
  File "/usr/local/lib/code-server-4.103.2/lib/vscode/extensions/ms-python.python-2025.12.0/python_files/lib/jedilsp/jedi/plugins/stdlib.py", line 878, in wrapper
    return func(inference_state, context, tree_name)
  File "/usr/local/lib/code-server-4.103.2/lib/vscode/extensions/ms-python.python-2025.12.0/python_files/lib/jedilsp/jedi/plugins/django.py", line 177, in wrapper
    result = func(inference_state, context, tree_name)
  File "/usr/local/lib/code-server-4.103.2/lib/vscode/extensions/ms-python.python-2025.12.0/python_files/lib/jedilsp/jedi/inference/syntax_tree.py", line 771, in tree_name_to_values
    types = imports.infer_import(context, tree_name)
  File "/usr/local/lib/code-server-4.103.2/lib/vscode/extensions/ms-python.python-2025.12.0/python_files/lib/jedilsp/jedi/inference/cache.py", line 44, in wrapper
    rv = function(obj, *args, **kwargs)
  File "/usr/local/lib/code-server-4.103.2/lib/vscode/extensions/ms-python.python-2025.12.0/python_files/lib/jedilsp/jedi/inference/imports.py", line 53, in infer_import
    _prepare_infer_import(module_context, tree_name)
  File "/usr/local/lib/code-server-4.103.2/lib/vscode/extensions/ms-python.python-2025.12.0/python_files/lib/jedilsp/jedi/inference/imports.py", line 116, in _prepare_infer_import
    return from_import_name, tuple(import_path), import_node.level, importer.follow()
  File "/usr/local/lib/code-server-4.103.2/lib/vscode/extensions/ms-python.python-2025.12.0/python_files/lib/jedilsp/jedi/inference/imports.py", line 296, in follow
    return import_module_by_names(
  File "/usr/local/lib/code-server-4.103.2/lib/vscode/extensions/ms-python.python-2025.12.0/python_files/lib/jedilsp/jedi/inference/imports.py", line 376, in import_module_by_names
    value_set = ValueSet.from_sets([
  File "/usr/local/lib/code-server-4.103.2/lib/vscode/extensions/ms-python.python-2025.12.0/python_files/lib/jedilsp/jedi/inference/imports.py", line 377, in <listcomp>
    import_module(
  File "/usr/local/lib/code-server-4.103.2/lib/vscode/extensions/ms-python.python-2025.12.0/python_files/lib/jedilsp/jedi/plugins/__init__.py", line 21, in wrapper
    return built_functions[public_name](*args, **kwargs)
  File "/usr/local/lib/code-server-4.103.2/lib/vscode/extensions/ms-python.python-2025.12.0/python_files/lib/jedilsp/jedi/plugins/flask.py", line 20, in wrapper
    return callback(inference_state, import_names, module_context, *args, **kwargs)
  File "/usr/local/lib/code-server-4.103.2/lib/vscode/extensions/ms-python.python-2025.12.0/python_files/lib/jedilsp/jedi/inference/gradual/typeshed.py", line 115, in wrapper
    python_value_set = ValueSet.from_sets(
  File "/usr/local/lib/code-server-4.103.2/lib/vscode/extensions/ms-python.python-2025.12.0/python_files/lib/jedilsp/jedi/inference/base_value.py", line 430, in from_sets
    for set_ in sets:
  File "/usr/local/lib/code-server-4.103.2/lib/vscode/extensions/ms-python.python-2025.12.0/python_files/lib/jedilsp/jedi/inference/gradual/typeshed.py", line 116, in <genexpr>
    func(inference_state, import_names, p, sys_path,)
  File "/usr/local/lib/code-server-4.103.2/lib/vscode/extensions/ms-python.python-2025.12.0/python_files/lib/jedilsp/jedi/inference/imports.py", line 411, in import_module
    file_io_or_ns, is_pkg = inference_state.compiled_subprocess.get_module_info(
  File "/usr/local/lib/code-server-4.103.2/lib/vscode/extensions/ms-python.python-2025.12.0/python_files/lib/jedilsp/jedi/inference/compiled/subprocess/__init__.py", line 188, in wrapper
    result = self._compiled_subprocess.run(
  File "/usr/local/lib/code-server-4.103.2/lib/vscode/extensions/ms-python.python-2025.12.0/python_files/lib/jedilsp/jedi/inference/compiled/subprocess/__init__.py", line 293, in run
    self._send(delete_id, None)
  File "/usr/local/lib/code-server-4.103.2/lib/vscode/extensions/ms-python.python-2025.12.0/python_files/lib/jedilsp/jedi/inference/compiled/subprocess/__init__.py", line 318, in _send
    is_exception, traceback, result = pickle_load(self._get_process().stdout)
  File "/usr/local/lib/code-server-4.103.2/lib/vscode/extensions/ms-python.python-2025.12.0/python_files/lib/jedilsp/jedi/_compatibility.py", line 25, in pickle_load
    return Unpickler(file).load()
_pickle.UnpicklingError: invalid load key, '+'.

2026-08-16 14:31:55.179 [info] [Error - 2:31:55 PM] Request textDocument/documentSymbol failed.
2026-08-16 14:31:55.185 [info]   Message: _pickle.UnpicklingError: invalid load key, '+'.
  Code: -32603 
[object Object]
2026-08-16 14:31:55.237 [info] semantic_tokens_full file:///voc/work/AI-RAG_W2_logging_config.py 
2026-08-16 14:31:55.239 [info] ERROR:pygls.protocol.json_rpc:Exception occurred for message "73": _pickle.UnpicklingError: invalid load key, '+'.
NoneType: None

2026-08-16 14:31:55.243 [info] [Error - 2:31:55 PM] Request textDocument/semanticTokens/full failed.
2026-08-16 14:31:55.244 [info]   Message: _pickle.UnpicklingError: invalid load key, '+'.
  Code: -32603 
[object Object]
2026-08-16 14:31:55.462 [info] ERROR:pygls.protocol.json_rpc:Failed to handle request 75 textDocument/documentSymbol DocumentSymbolParams(text_document=TextDocumentIdentifier(uri='file:///voc/work/AI-RAG_W2_logging_config.py'), work_done_token=None, partial_result_token=None)
Traceback (most recent call last):
  File "/usr/local/lib/code-server-4.103.2/lib/vscode/extensions/ms-python.python-2025.12.0/python_files/lib/jedilsp/pygls/protocol/json_rpc.py", line 266, in _handle_request
    self._execute_request(msg_id, handler, params)
  File "/usr/local/lib/code-server-4.103.2/lib/vscode/extensions/ms-python.python-2025.12.0/python_files/lib/jedilsp/pygls/protocol/json_rpc.py", line 188, in _execute_request
    self._send_response(msg_id, handler(params))
  File "/usr/local/lib/code-server-4.103.2/lib/vscode/extensions/ms-python.python-2025.12.0/python_files/lib/jedilsp/jedi_language_server/server.py", line 546, in document_symbol
    document_symbols = jedi_utils.lsp_document_symbols(names)
  File "/usr/local/lib/code-server-4.103.2/lib/vscode/extensions/ms-python.python-2025.12.0/python_files/lib/jedilsp/jedi_language_server/jedi_utils.py", line 225, in lsp_document_symbols
    symbol_range = _document_symbol_range(name)
  File "/usr/local/lib/code-server-4.103.2/lib/vscode/extensions/ms-python.python-2025.12.0/python_files/lib/jedilsp/jedi_language_server/jedi_utils.py", line 204, in _document_symbol_range
    end = name.get_definition_end_position()
  File "/usr/local/lib/code-server-4.103.2/lib/vscode/extensions/ms-python.python-2025.12.0/python_files/lib/jedilsp/jedi/api/classes.py", line 260, in get_definition_end_position
    if self.type in ("function", "class"):
  File "/usr/local/lib/code-server-4.103.2/lib/vscode/extensions/ms-python.python-2025.12.0/python_files/lib/jedilsp/jedi/api/classes.py", line 190, in type
    for value in self._name.infer():
  File "/usr/local/lib/code-server-4.103.2/lib/vscode/extensions/ms-python.python-2025.12.0/python_files/lib/jedilsp/jedi/inference/names.py", line 281, in infer
    return tree_name_to_values(
  File "/usr/local/lib/code-server-4.103.2/lib/vscode/extensions/ms-python.python-2025.12.0/python_files/lib/jedilsp/jedi/plugins/__init__.py", line 21, in wrapper
    return built_functions[public_name](*args, **kwargs)
  File "/usr/local/lib/code-server-4.103.2/lib/vscode/extensions/ms-python.python-2025.12.0/python_files/lib/jedilsp/jedi/plugins/stdlib.py", line 878, in wrapper
    return func(inference_state, context, tree_name)
  File "/usr/local/lib/code-server-4.103.2/lib/vscode/extensions/ms-python.python-2025.12.0/python_files/lib/jedilsp/jedi/plugins/django.py", line 177, in wrapper
    result = func(inference_state, context, tree_name)
  File "/usr/local/lib/code-server-4.103.2/lib/vscode/extensions/ms-python.python-2025.12.0/python_files/lib/jedilsp/jedi/inference/syntax_tree.py", line 771, in tree_name_to_values
    types = imports.infer_import(context, tree_name)
  File "/usr/local/lib/code-server-4.103.2/lib/vscode/extensions/ms-python.python-2025.12.0/python_files/lib/jedilsp/jedi/inference/cache.py", line 44, in wrapper
    rv = function(obj, *args, **kwargs)
  File "/usr/local/lib/code-server-4.103.2/lib/vscode/extensions/ms-python.python-2025.12.0/python_files/lib/jedilsp/jedi/inference/imports.py", line 53, in infer_import
    _prepare_infer_import(module_context, tree_name)
  File "/usr/local/lib/code-server-4.103.2/lib/vscode/extensions/ms-python.python-2025.12.0/python_files/lib/jedilsp/jedi/inference/imports.py", line 116, in _prepare_infer_import
    return from_import_name, tuple(import_path), import_node.level, importer.follow()
  File "/usr/local/lib/code-server-4.103.2/lib/vscode/extensions/ms-python.python-2025.12.0/python_files/lib/jedilsp/jedi/inference/imports.py", line 296, in follow
    return import_module_by_names(
  File "/usr/local/lib/code-server-4.103.2/lib/vscode/extensions/ms-python.python-2025.12.0/python_files/lib/jedilsp/jedi/inference/imports.py", line 376, in import_module_by_names
    value_set = ValueSet.from_sets([
  File "/usr/local/lib/code-server-4.103.2/lib/vscode/extensions/ms-python.python-2025.12.0/python_files/lib/jedilsp/jedi/inference/imports.py", line 377, in <listcomp>
    import_module(
  File "/usr/local/lib/code-server-4.103.2/lib/vscode/extensions/ms-python.python-2025.12.0/python_files/lib/jedilsp/jedi/plugins/__init__.py", line 21, in wrapper
    return built_functions[public_name](*args, **kwargs)
  File "/usr/local/lib/code-server-4.103.2/lib/vscode/extensions/ms-python.python-2025.12.0/python_files/lib/jedilsp/jedi/plugins/flask.py", line 20, in wrapper
    return callback(inference_state, import_names, module_context, *args, **kwargs)
  File "/usr/local/lib/code-server-4.103.2/lib/vscode/extensions/ms-python.python-2025.12.0/python_files/lib/jedilsp/jedi/inference/gradual/typeshed.py", line 115, in wrapper
    python_value_set = ValueSet.from_sets(
  File "/usr/local/lib/code-server-4.103.2/lib/vscode/extensions/ms-python.python-2025.12.0/python_files/lib/jedilsp/jedi/inference/base_value.py", line 430, in from_sets
    for set_ in sets:
  File "/usr/local/lib/code-server-4.103.2/lib/vscode/extensions/ms-python.python-2025.12.0/python_files/lib/jedilsp/jedi/inference/gradual/typeshed.py", line 116, in <genexpr>
    func(inference_state, import_names, p, sys_path,)
  File "/usr/local/lib/code-server-4.103.2/lib/vscode/extensions/ms-python.python-2025.12.0/python_files/lib/jedilsp/jedi/inference/imports.py", line 411, in import_module
    file_io_or_ns, is_pkg = inference_state.compiled_subprocess.get_module_info(
  File "/usr/local/lib/code-server-4.103.2/lib/vscode/extensions/ms-python.python-2025.12.0/python_files/lib/jedilsp/jedi/inference/compiled/subprocess/__init__.py", line 188, in wrapper
    result = self._compiled_subprocess.run(
  File "/usr/local/lib/code-server-4.103.2/lib/vscode/extensions/ms-python.python-2025.12.0/python_files/lib/jedilsp/jedi/inference/compiled/subprocess/__init__.py", line 293, in run
    self._send(delete_id, None)
  File "/usr/local/lib/code-server-4.103.2/lib/vscode/extensions/ms-python.python-2025.12.0/python_files/lib/jedilsp/jedi/inference/compiled/subprocess/__init__.py", line 318, in _send
    is_exception, traceback, result = pickle_load(self._get_process().stdout)
  File "/usr/local/lib/code-server-4.103.2/lib/vscode/extensions/ms-python.python-2025.12.0/python_files/lib/jedilsp/jedi/_compatibility.py", line 25, in pickle_load
    return Unpickler(file).load()
_pickle.UnpicklingError: invalid load key, '+'.

2026-08-16 14:31:55.462 [info] [Error - 2:31:55 PM] Request textDocument/documentSymbol failed.
2026-08-16 14:31:55.468 [info]   Message: _pickle.UnpicklingError: invalid load key, '+'.
  Code: -32603 
[object Object]
2026-08-16 14:31:55.597 [info] semantic_tokens_range file:///voc/work/AI-RAG_W2_logging_config.py 0:0-44:0
2026-08-16 14:31:55.599 [info] ERROR:pygls.protocol.json_rpc:Exception occurred for message "77": _pickle.UnpicklingError: invalid load key, '+'.
NoneType: None

2026-08-16 14:31:55.604 [info] [Error - 2:31:55 PM] Request textDocument/semanticTokens/range failed.
2026-08-16 14:31:55.604 [info]   Message: _pickle.UnpicklingError: invalid load key, '+'.
  Code: -32603 
[object Object]
2026-08-16 14:31:55.734 [info] ERROR:pygls.protocol.json_rpc:Failed to handle request 78 textDocument/documentSymbol DocumentSymbolParams(text_document=TextDocumentIdentifier(uri='file:///voc/work/AI-RAG_W2_logging_config.py'), work_done_token=None, partial_result_token=None)
Traceback (most recent call last):
  File "/usr/local/lib/code-server-4.103.2/lib/vscode/extensions/ms-python.python-2025.12.0/python_files/lib/jedilsp/pygls/protocol/json_rpc.py", line 266, in _handle_request
    self._execute_request(msg_id, handler, params)
  File "/usr/local/lib/code-server-4.103.2/lib/vscode/extensions/ms-python.python-2025.12.0/python_files/lib/jedilsp/pygls/protocol/json_rpc.py", line 188, in _execute_request
    self._send_response(msg_id, handler(params))
  File "/usr/local/lib/code-server-4.103.2/lib/vscode/extensions/ms-python.python-2025.12.0/python_files/lib/jedilsp/jedi_language_server/server.py", line 546, in document_symbol
    document_symbols = jedi_utils.lsp_document_symbols(names)
  File "/usr/local/lib/code-server-4.103.2/lib/vscode/extensions/ms-python.python-2025.12.0/python_files/lib/jedilsp/jedi_language_server/jedi_utils.py", line 225, in lsp_document_symbols
    symbol_range = _document_symbol_range(name)
  File "/usr/local/lib/code-server-4.103.2/lib/vscode/extensions/ms-python.python-2025.12.0/python_files/lib/jedilsp/jedi_language_server/jedi_utils.py", line 204, in _document_symbol_range
    end = name.get_definition_end_position()
  File "/usr/local/lib/code-server-4.103.2/lib/vscode/extensions/ms-python.python-2025.12.0/python_files/lib/jedilsp/jedi/api/classes.py", line 260, in get_definition_end_position
    if self.type in ("function", "class"):
  File "/usr/local/lib/code-server-4.103.2/lib/vscode/extensions/ms-python.python-2025.12.0/python_files/lib/jedilsp/jedi/api/classes.py", line 190, in type
    for value in self._name.infer():
  File "/usr/local/lib/code-server-4.103.2/lib/vscode/extensions/ms-python.python-2025.12.0/python_files/lib/jedilsp/jedi/inference/names.py", line 281, in infer
    return tree_name_to_values(
  File "/usr/local/lib/code-server-4.103.2/lib/vscode/extensions/ms-python.python-2025.12.0/python_files/lib/jedilsp/jedi/plugins/__init__.py", line 21, in wrapper
    return built_functions[public_name](*args, **kwargs)
  File "/usr/local/lib/code-server-4.103.2/lib/vscode/extensions/ms-python.python-2025.12.0/python_files/lib/jedilsp/jedi/plugins/stdlib.py", line 878, in wrapper
    return func(inference_state, context, tree_name)
  File "/usr/local/lib/code-server-4.103.2/lib/vscode/extensions/ms-python.python-2025.12.0/python_files/lib/jedilsp/jedi/plugins/django.py", line 177, in wrapper
    result = func(inference_state, context, tree_name)
  File "/usr/local/lib/code-server-4.103.2/lib/vscode/extensions/ms-python.python-2025.12.0/python_files/lib/jedilsp/jedi/inference/syntax_tree.py", line 771, in tree_name_to_values
    types = imports.infer_import(context, tree_name)
  File "/usr/local/lib/code-server-4.103.2/lib/vscode/extensions/ms-python.python-2025.12.0/python_files/lib/jedilsp/jedi/inference/cache.py", line 44, in wrapper
    rv = function(obj, *args, **kwargs)
  File "/usr/local/lib/code-server-4.103.2/lib/vscode/extensions/ms-python.python-2025.12.0/python_files/lib/jedilsp/jedi/inference/imports.py", line 53, in infer_import
    _prepare_infer_import(module_context, tree_name)
  File "/usr/local/lib/code-server-4.103.2/lib/vscode/extensions/ms-python.python-2025.12.0/python_files/lib/jedilsp/jedi/inference/imports.py", line 116, in _prepare_infer_import
    return from_import_name, tuple(import_path), import_node.level, importer.follow()
  File "/usr/local/lib/code-server-4.103.2/lib/vscode/extensions/ms-python.python-2025.12.0/python_files/lib/jedilsp/jedi/inference/imports.py", line 296, in follow
    return import_module_by_names(
  File "/usr/local/lib/code-server-4.103.2/lib/vscode/extensions/ms-python.python-2025.12.0/python_files/lib/jedilsp/jedi/inference/imports.py", line 376, in import_module_by_names
    value_set = ValueSet.from_sets([
  File "/usr/local/lib/code-server-4.103.2/lib/vscode/extensions/ms-python.python-2025.12.0/python_files/lib/jedilsp/jedi/inference/imports.py", line 377, in <listcomp>
    import_module(
  File "/usr/local/lib/code-server-4.103.2/lib/vscode/extensions/ms-python.python-2025.12.0/python_files/lib/jedilsp/jedi/plugins/__init__.py", line 21, in wrapper
    return built_functions[public_name](*args, **kwargs)
  File "/usr/local/lib/code-server-4.103.2/lib/vscode/extensions/ms-python.python-2025.12.0/python_files/lib/jedilsp/jedi/plugins/flask.py", line 20, in wrapper
    return callback(inference_state, import_names, module_context, *args, **kwargs)
  File "/usr/local/lib/code-server-4.103.2/lib/vscode/extensions/ms-python.python-2025.12.0/python_files/lib/jedilsp/jedi/inference/gradual/typeshed.py", line 115, in wrapper
    python_value_set = ValueSet.from_sets(
  File "/usr/local/lib/code-server-4.103.2/lib/vscode/extensions/ms-python.python-2025.12.0/python_files/lib/jedilsp/jedi/inference/base_value.py", line 430, in from_sets
    for set_ in sets:
  File "/usr/local/lib/code-server-4.103.2/lib/vscode/extensions/ms-python.python-2025.12.0/python_files/lib/jedilsp/jedi/inference/gradual/typeshed.py", line 116, in <genexpr>
    func(inference_state, import_names, p, sys_path,)
  File "/usr/local/lib/code-server-4.103.2/lib/vscode/extensions/ms-python.python-2025.12.0/python_files/lib/jedilsp/jedi/inference/imports.py", line 411, in import_module
    file_io_or_ns, is_pkg = inference_state.compiled_subprocess.get_module_info(
  File "/usr/local/lib/code-server-4.103.2/lib/vscode/extensions/ms-python.python-2025.12.0/python_files/lib/jedilsp/jedi/inference/compiled/subprocess/__init__.py", line 188, in wrapper
    result = self._compiled_subprocess.run(
  File "/usr/local/lib/code-server-4.103.2/lib/vscode/extensions/ms-python.python-2025.12.0/python_files/lib/jedilsp/jedi/inference/compiled/subprocess/__init__.py", line 293, in run
    self._send(delete_id, None)
  File "/usr/local/lib/code-server-4.103.2/lib/vscode/extensions/ms-python.python-2025.12.0/python_files/lib/jedilsp/jedi/inference/compiled/subprocess/__init__.py", line 318, in _send
    is_exception, traceback, result = pickle_load(self._get_process().stdout)
  File "/usr/local/lib/code-server-4.103.2/lib/vscode/extensions/ms-python.python-2025.12.0/python_files/lib/jedilsp/jedi/_compatibility.py", line 25, in pickle_load
    return Unpickler(file).load()
_pickle.UnpicklingError: invalid load key, '+'.

2026-08-16 14:31:55.734 [info] [Error - 2:31:55 PM] Request textDocument/documentSymbol failed.
2026-08-16 14:31:55.741 [info]   Message: _pickle.UnpicklingError: invalid load key, '+'.
  Code: -32603 
[object Object]
2026-08-16 14:31:57.154 [info] ERROR:pygls.protocol.json_rpc:Failed to handle request 80 textDocument/documentSymbol DocumentSymbolParams(text_document=TextDocumentIdentifier(uri='file:///voc/work/AI-RAG_W2_pipeline_reference.py'), work_done_token=None, partial_result_token=None)
Traceback (most recent call last):
  File "/usr/local/lib/code-server-4.103.2/lib/vscode/extensions/ms-python.python-2025.12.0/python_files/lib/jedilsp/pygls/protocol/json_rpc.py", line 266, in _handle_request
    self._execute_request(msg_id, handler, params)
  File "/usr/local/lib/code-server-4.103.2/lib/vscode/extensions/ms-python.python-2025.12.0/python_files/lib/jedilsp/pygls/protocol/json_rpc.py", line 188, in _execute_request
    self._send_response(msg_id, handler(params))
  File "/usr/local/lib/code-server-4.103.2/lib/vscode/extensions/ms-python.python-2025.12.0/python_files/lib/jedilsp/jedi_language_server/server.py", line 546, in document_symbol
    document_symbols = jedi_utils.lsp_document_symbols(names)
  File "/usr/local/lib/code-server-4.103.2/lib/vscode/extensions/ms-python.python-2025.12.0/python_files/lib/jedilsp/jedi_language_server/jedi_utils.py", line 225, in lsp_document_symbols
    symbol_range = _document_symbol_range(name)
  File "/usr/local/lib/code-server-4.103.2/lib/vscode/extensions/ms-python.python-2025.12.0/python_files/lib/jedilsp/jedi_language_server/jedi_utils.py", line 204, in _document_symbol_range
    end = name.get_definition_end_position()
  File "/usr/local/lib/code-server-4.103.2/lib/vscode/extensions/ms-python.python-2025.12.0/python_files/lib/jedilsp/jedi/api/classes.py", line 260, in get_definition_end_position
    if self.type in ("function", "class"):
  File "/usr/local/lib/code-server-4.103.2/lib/vscode/extensions/ms-python.python-2025.12.0/python_files/lib/jedilsp/jedi/api/classes.py", line 190, in type
    for value in self._name.infer():
  File "/usr/local/lib/code-server-4.103.2/lib/vscode/extensions/ms-python.python-2025.12.0/python_files/lib/jedilsp/jedi/inference/names.py", line 281, in infer
    return tree_name_to_values(
  File "/usr/local/lib/code-server-4.103.2/lib/vscode/extensions/ms-python.python-2025.12.0/python_files/lib/jedilsp/jedi/plugins/__init__.py", line 21, in wrapper
    return built_functions[public_name](*args, **kwargs)
  File "/usr/local/lib/code-server-4.103.2/lib/vscode/extensions/ms-python.python-2025.12.0/python_files/lib/jedilsp/jedi/plugins/stdlib.py", line 878, in wrapper
    return func(inference_state, context, tree_name)
  File "/usr/local/lib/code-server-4.103.2/lib/vscode/extensions/ms-python.python-2025.12.0/python_files/lib/jedilsp/jedi/plugins/django.py", line 177, in wrapper
    result = func(inference_state, context, tree_name)
  File "/usr/local/lib/code-server-4.103.2/lib/vscode/extensions/ms-python.python-2025.12.0/python_files/lib/jedilsp/jedi/inference/syntax_tree.py", line 771, in tree_name_to_values
    types = imports.infer_import(context, tree_name)
  File "/usr/local/lib/code-server-4.103.2/lib/vscode/extensions/ms-python.python-2025.12.0/python_files/lib/jedilsp/jedi/inference/cache.py", line 44, in wrapper
    rv = function(obj, *args, **kwargs)
  File "/usr/local/lib/code-server-4.103.2/lib/vscode/extensions/ms-python.python-2025.12.0/python_files/lib/jedilsp/jedi/inference/imports.py", line 53, in infer_import
    _prepare_infer_import(module_context, tree_name)
  File "/usr/local/lib/code-server-4.103.2/lib/vscode/extensions/ms-python.python-2025.12.0/python_files/lib/jedilsp/jedi/inference/imports.py", line 116, in _prepare_infer_import
    return from_import_name, tuple(import_path), import_node.level, importer.follow()
  File "/usr/local/lib/code-server-4.103.2/lib/vscode/extensions/ms-python.python-2025.12.0/python_files/lib/jedilsp/jedi/inference/imports.py", line 296, in follow
    return import_module_by_names(
  File "/usr/local/lib/code-server-4.103.2/lib/vscode/extensions/ms-python.python-2025.12.0/python_files/lib/jedilsp/jedi/inference/imports.py", line 376, in import_module_by_names
    value_set = ValueSet.from_sets([
  File "/usr/local/lib/code-server-4.103.2/lib/vscode/extensions/ms-python.python-2025.12.0/python_files/lib/jedilsp/jedi/inference/imports.py", line 377, in <listcomp>
    import_module(
  File "/usr/local/lib/code-server-4.103.2/lib/vscode/extensions/ms-python.python-2025.12.0/python_files/lib/jedilsp/jedi/plugins/__init__.py", line 21, in wrapper
    return built_functions[public_name](*args, **kwargs)
  File "/usr/local/lib/code-server-4.103.2/lib/vscode/extensions/ms-python.python-2025.12.0/python_files/lib/jedilsp/jedi/plugins/flask.py", line 20, in wrapper
    return callback(inference_state, import_names, module_context, *args, **kwargs)
  File "/usr/local/lib/code-server-4.103.2/lib/vscode/extensions/ms-python.python-2025.12.0/python_files/lib/jedilsp/jedi/inference/gradual/typeshed.py", line 115, in wrapper
    python_value_set = ValueSet.from_sets(
  File "/usr/local/lib/code-server-4.103.2/lib/vscode/extensions/ms-python.python-2025.12.0/python_files/lib/jedilsp/jedi/inference/base_value.py", line 430, in from_sets
    for set_ in sets:
  File "/usr/local/lib/code-server-4.103.2/lib/vscode/extensions/ms-python.python-2025.12.0/python_files/lib/jedilsp/jedi/inference/gradual/typeshed.py", line 116, in <genexpr>
    func(inference_state, import_names, p, sys_path,)
  File "/usr/local/lib/code-server-4.103.2/lib/vscode/extensions/ms-python.python-2025.12.0/python_files/lib/jedilsp/jedi/inference/imports.py", line 411, in import_module
    file_io_or_ns, is_pkg = inference_state.compiled_subprocess.get_module_info(
  File "/usr/local/lib/code-server-4.103.2/lib/vscode/extensions/ms-python.python-2025.12.0/python_files/lib/jedilsp/jedi/inference/compiled/subprocess/__init__.py", line 188, in wrapper
    result = self._compiled_subprocess.run(
  File "/usr/local/lib/code-server-4.103.2/lib/vscode/extensions/ms-python.python-2025.12.0/python_files/lib/jedilsp/jedi/inference/compiled/subprocess/__init__.py", line 293, in run
    self._send(delete_id, None)
  File "/usr/local/lib/code-server-4.103.2/lib/vscode/extensions/ms-python.python-2025.12.0/python_files/lib/jedilsp/jedi/inference/compiled/subprocess/__init__.py", line 318, in _send
    is_exception, traceback, result = pickle_load(self._get_process().stdout)
  File "/usr/local/lib/code-server-4.103.2/lib/vscode/extensions/ms-python.python-2025.12.0/python_files/lib/jedilsp/jedi/_compatibility.py", line 25, in pickle_load
    return Unpickler(file).load()
_pickle.UnpicklingError: invalid load key, '+'.

2026-08-16 14:31:57.154 [info] [Error - 2:31:57 PM] Request textDocument/documentSymbol failed.
2026-08-16 14:31:57.161 [info]   Message: _pickle.UnpicklingError: invalid load key, '+'.
  Code: -32603 
[object Object]
2026-08-16 14:31:57.255 [info] semantic_tokens_full file:///voc/work/AI-RAG_W2_pipeline_reference.py 
2026-08-16 14:31:57.261 [info] ERROR:pygls.protocol.json_rpc:Exception occurred for message "81": _pickle.UnpicklingError: invalid load key, '+'.
NoneType: None

2026-08-16 14:31:57.262 [info] [Error - 2:31:57 PM] Request textDocument/semanticTokens/full failed.
2026-08-16 14:31:57.262 [info]   Message: _pickle.UnpicklingError: invalid load key, '+'.
  Code: -32603 
[object Object]
2026-08-16 14:31:57.410 [info] ERROR:pygls.protocol.json_rpc:Failed to handle request 82 textDocument/documentSymbol DocumentSymbolParams(text_document=TextDocumentIdentifier(uri='file:///voc/work/AI-RAG_W2_pipeline_reference.py'), work_done_token=None, partial_result_token=None)
Traceback (most recent call last):
  File "/usr/local/lib/code-server-4.103.2/lib/vscode/extensions/ms-python.python-2025.12.0/python_files/lib/jedilsp/pygls/protocol/json_rpc.py", line 266, in _handle_request
    self._execute_request(msg_id, handler, params)
  File "/usr/local/lib/code-server-4.103.2/lib/vscode/extensions/ms-python.python-2025.12.0/python_files/lib/jedilsp/pygls/protocol/json_rpc.py", line 188, in _execute_request
    self._send_response(msg_id, handler(params))
  File "/usr/local/lib/code-server-4.103.2/lib/vscode/extensions/ms-python.python-2025.12.0/python_files/lib/jedilsp/jedi_language_server/server.py", line 546, in document_symbol
    document_symbols = jedi_utils.lsp_document_symbols(names)
  File "/usr/local/lib/code-server-4.103.2/lib/vscode/extensions/ms-python.python-2025.12.0/python_files/lib/jedilsp/jedi_language_server/jedi_utils.py", line 225, in lsp_document_symbols
    symbol_range = _document_symbol_range(name)
  File "/usr/local/lib/code-server-4.103.2/lib/vscode/extensions/ms-python.python-2025.12.0/python_files/lib/jedilsp/jedi_language_server/jedi_utils.py", line 204, in _document_symbol_range
    end = name.get_definition_end_position()
  File "/usr/local/lib/code-server-4.103.2/lib/vscode/extensions/ms-python.python-2025.12.0/python_files/lib/jedilsp/jedi/api/classes.py", line 260, in get_definition_end_position
    if self.type in ("function", "class"):
  File "/usr/local/lib/code-server-4.103.2/lib/vscode/extensions/ms-python.python-2025.12.0/python_files/lib/jedilsp/jedi/api/classes.py", line 190, in type
    for value in self._name.infer():
  File "/usr/local/lib/code-server-4.103.2/lib/vscode/extensions/ms-python.python-2025.12.0/python_files/lib/jedilsp/jedi/inference/names.py", line 281, in infer
    return tree_name_to_values(
  File "/usr/local/lib/code-server-4.103.2/lib/vscode/extensions/ms-python.python-2025.12.0/python_files/lib/jedilsp/jedi/plugins/__init__.py", line 21, in wrapper
    return built_functions[public_name](*args, **kwargs)
  File "/usr/local/lib/code-server-4.103.2/lib/vscode/extensions/ms-python.python-2025.12.0/python_files/lib/jedilsp/jedi/plugins/stdlib.py", line 878, in wrapper
    return func(inference_state, context, tree_name)
  File "/usr/local/lib/code-server-4.103.2/lib/vscode/extensions/ms-python.python-2025.12.0/python_files/lib/jedilsp/jedi/plugins/django.py", line 177, in wrapper
    result = func(inference_state, context, tree_name)
  File "/usr/local/lib/code-server-4.103.2/lib/vscode/extensions/ms-python.python-2025.12.0/python_files/lib/jedilsp/jedi/inference/syntax_tree.py", line 771, in tree_name_to_values
    types = imports.infer_import(context, tree_name)
  File "/usr/local/lib/code-server-4.103.2/lib/vscode/extensions/ms-python.python-2025.12.0/python_files/lib/jedilsp/jedi/inference/cache.py", line 44, in wrapper
    rv = function(obj, *args, **kwargs)
  File "/usr/local/lib/code-server-4.103.2/lib/vscode/extensions/ms-python.python-2025.12.0/python_files/lib/jedilsp/jedi/inference/imports.py", line 53, in infer_import
    _prepare_infer_import(module_context, tree_name)
  File "/usr/local/lib/code-server-4.103.2/lib/vscode/extensions/ms-python.python-2025.12.0/python_files/lib/jedilsp/jedi/inference/imports.py", line 116, in _prepare_infer_import
    return from_import_name, tuple(import_path), import_node.level, importer.follow()
  File "/usr/local/lib/code-server-4.103.2/lib/vscode/extensions/ms-python.python-2025.12.0/python_files/lib/jedilsp/jedi/inference/imports.py", line 296, in follow
    return import_module_by_names(
  File "/usr/local/lib/code-server-4.103.2/lib/vscode/extensions/ms-python.python-2025.12.0/python_files/lib/jedilsp/jedi/inference/imports.py", line 376, in import_module_by_names
    value_set = ValueSet.from_sets([
  File "/usr/local/lib/code-server-4.103.2/lib/vscode/extensions/ms-python.python-2025.12.0/python_files/lib/jedilsp/jedi/inference/imports.py", line 377, in <listcomp>
    import_module(
  File "/usr/local/lib/code-server-4.103.2/lib/vscode/extensions/ms-python.python-2025.12.0/python_files/lib/jedilsp/jedi/plugins/__init__.py", line 21, in wrapper
    return built_functions[public_name](*args, **kwargs)
  File "/usr/local/lib/code-server-4.103.2/lib/vscode/extensions/ms-python.python-2025.12.0/python_files/lib/jedilsp/jedi/plugins/flask.py", line 20, in wrapper
    return callback(inference_state, import_names, module_context, *args, **kwargs)
  File "/usr/local/lib/code-server-4.103.2/lib/vscode/extensions/ms-python.python-2025.12.0/python_files/lib/jedilsp/jedi/inference/gradual/typeshed.py", line 115, in wrapper
    python_value_set = ValueSet.from_sets(
  File "/usr/local/lib/code-server-4.103.2/lib/vscode/extensions/ms-python.python-2025.12.0/python_files/lib/jedilsp/jedi/inference/base_value.py", line 430, in from_sets
    for set_ in sets:
  File "/usr/local/lib/code-server-4.103.2/lib/vscode/extensions/ms-python.python-2025.12.0/python_files/lib/jedilsp/jedi/inference/gradual/typeshed.py", line 116, in <genexpr>
    func(inference_state, import_names, p, sys_path,)
  File "/usr/local/lib/code-server-4.103.2/lib/vscode/extensions/ms-python.python-2025.12.0/python_files/lib/jedilsp/jedi/inference/imports.py", line 411, in import_module
    file_io_or_ns, is_pkg = inference_state.compiled_subprocess.get_module_info(
  File "/usr/local/lib/code-server-4.103.2/lib/vscode/extensions/ms-python.python-2025.12.0/python_files/lib/jedilsp/jedi/inference/compiled/subprocess/__init__.py", line 188, in wrapper
    result = self._compiled_subprocess.run(
  File "/usr/local/lib/code-server-4.103.2/lib/vscode/extensions/ms-python.python-2025.12.0/python_files/lib/jedilsp/jedi/inference/compiled/subprocess/__init__.py", line 293, in run
    self._send(delete_id, None)
  File "/usr/local/lib/code-server-4.103.2/lib/vscode/extensions/ms-python.python-2025.12.0/python_files/lib/jedilsp/jedi/inference/compiled/subprocess/__init__.py", line 318, in _send
    is_exception, traceback, result = pickle_load(self._get_process().stdout)
  File "/usr/local/lib/code-server-4.103.2/lib/vscode/extensions/ms-python.python-2025.12.0/python_files/lib/jedilsp/jedi/_compatibility.py", line 25, in pickle_load
    return Unpickler(file).load()
_pickle.UnpicklingError: invalid load key, '+'.

2026-08-16 14:31:57.410 [info] [Error - 2:31:57 PM] Request textDocument/documentSymbol failed.
2026-08-16 14:31:57.416 [info]   Message: _pickle.UnpicklingError: invalid load key, '+'.
  Code: -32603 
[object Object]
2026-08-16 14:31:57.519 [info] semantic_tokens_range file:///voc/work/AI-RAG_W2_pipeline_reference.py 0:0-54:25
2026-08-16 14:31:57.525 [info] ERROR:pygls.protocol.json_rpc:Exception occurred for message "83": _pickle.UnpicklingError: invalid load key, '+'.
NoneType: None

2026-08-16 14:31:57.527 [info] [Error - 2:31:57 PM] Request textDocument/semanticTokens/range failed.
2026-08-16 14:31:57.527 [info]   Message: _pickle.UnpicklingError: invalid load key, '+'.
  Code: -32603 
[object Object]
2026-08-16 14:31:57.977 [info] ERROR:pygls.protocol.json_rpc:Failed to handle request 85 textDocument/documentSymbol DocumentSymbolParams(text_document=TextDocumentIdentifier(uri='file:///voc/work/AI-RAG_W2_query_results.py'), work_done_token=None, partial_result_token=None)
Traceback (most recent call last):
  File "/usr/local/lib/code-server-4.103.2/lib/vscode/extensions/ms-python.python-2025.12.0/python_files/lib/jedilsp/pygls/protocol/json_rpc.py", line 266, in _handle_request
    self._execute_request(msg_id, handler, params)
  File "/usr/local/lib/code-server-4.103.2/lib/vscode/extensions/ms-python.python-2025.12.0/python_files/lib/jedilsp/pygls/protocol/json_rpc.py", line 188, in _execute_request
    self._send_response(msg_id, handler(params))
  File "/usr/local/lib/code-server-4.103.2/lib/vscode/extensions/ms-python.python-2025.12.0/python_files/lib/jedilsp/jedi_language_server/server.py", line 546, in document_symbol
    document_symbols = jedi_utils.lsp_document_symbols(names)
  File "/usr/local/lib/code-server-4.103.2/lib/vscode/extensions/ms-python.python-2025.12.0/python_files/lib/jedilsp/jedi_language_server/jedi_utils.py", line 225, in lsp_document_symbols
    symbol_range = _document_symbol_range(name)
  File "/usr/local/lib/code-server-4.103.2/lib/vscode/extensions/ms-python.python-2025.12.0/python_files/lib/jedilsp/jedi_language_server/jedi_utils.py", line 204, in _document_symbol_range
    end = name.get_definition_end_position()
  File "/usr/local/lib/code-server-4.103.2/lib/vscode/extensions/ms-python.python-2025.12.0/python_files/lib/jedilsp/jedi/api/classes.py", line 260, in get_definition_end_position
    if self.type in ("function", "class"):
  File "/usr/local/lib/code-server-4.103.2/lib/vscode/extensions/ms-python.python-2025.12.0/python_files/lib/jedilsp/jedi/api/classes.py", line 190, in type
    for value in self._name.infer():
  File "/usr/local/lib/code-server-4.103.2/lib/vscode/extensions/ms-python.python-2025.12.0/python_files/lib/jedilsp/jedi/inference/names.py", line 281, in infer
    return tree_name_to_values(
  File "/usr/local/lib/code-server-4.103.2/lib/vscode/extensions/ms-python.python-2025.12.0/python_files/lib/jedilsp/jedi/plugins/__init__.py", line 21, in wrapper
    return built_functions[public_name](*args, **kwargs)
  File "/usr/local/lib/code-server-4.103.2/lib/vscode/extensions/ms-python.python-2025.12.0/python_files/lib/jedilsp/jedi/plugins/stdlib.py", line 878, in wrapper
    return func(inference_state, context, tree_name)
  File "/usr/local/lib/code-server-4.103.2/lib/vscode/extensions/ms-python.python-2025.12.0/python_files/lib/jedilsp/jedi/plugins/django.py", line 177, in wrapper
    result = func(inference_state, context, tree_name)
  File "/usr/local/lib/code-server-4.103.2/lib/vscode/extensions/ms-python.python-2025.12.0/python_files/lib/jedilsp/jedi/inference/syntax_tree.py", line 771, in tree_name_to_values
    types = imports.infer_import(context, tree_name)
  File "/usr/local/lib/code-server-4.103.2/lib/vscode/extensions/ms-python.python-2025.12.0/python_files/lib/jedilsp/jedi/inference/cache.py", line 44, in wrapper
    rv = function(obj, *args, **kwargs)
  File "/usr/local/lib/code-server-4.103.2/lib/vscode/extensions/ms-python.python-2025.12.0/python_files/lib/jedilsp/jedi/inference/imports.py", line 53, in infer_import
    _prepare_infer_import(module_context, tree_name)
  File "/usr/local/lib/code-server-4.103.2/lib/vscode/extensions/ms-python.python-2025.12.0/python_files/lib/jedilsp/jedi/inference/imports.py", line 116, in _prepare_infer_import
    return from_import_name, tuple(import_path), import_node.level, importer.follow()
  File "/usr/local/lib/code-server-4.103.2/lib/vscode/extensions/ms-python.python-2025.12.0/python_files/lib/jedilsp/jedi/inference/imports.py", line 296, in follow
    return import_module_by_names(
  File "/usr/local/lib/code-server-4.103.2/lib/vscode/extensions/ms-python.python-2025.12.0/python_files/lib/jedilsp/jedi/inference/imports.py", line 376, in import_module_by_names
    value_set = ValueSet.from_sets([
  File "/usr/local/lib/code-server-4.103.2/lib/vscode/extensions/ms-python.python-2025.12.0/python_files/lib/jedilsp/jedi/inference/imports.py", line 377, in <listcomp>
    import_module(
  File "/usr/local/lib/code-server-4.103.2/lib/vscode/extensions/ms-python.python-2025.12.0/python_files/lib/jedilsp/jedi/plugins/__init__.py", line 21, in wrapper
    return built_functions[public_name](*args, **kwargs)
  File "/usr/local/lib/code-server-4.103.2/lib/vscode/extensions/ms-python.python-2025.12.0/python_files/lib/jedilsp/jedi/plugins/flask.py", line 20, in wrapper
    return callback(inference_state, import_names, module_context, *args, **kwargs)
  File "/usr/local/lib/code-server-4.103.2/lib/vscode/extensions/ms-python.python-2025.12.0/python_files/lib/jedilsp/jedi/inference/gradual/typeshed.py", line 115, in wrapper
    python_value_set = ValueSet.from_sets(
  File "/usr/local/lib/code-server-4.103.2/lib/vscode/extensions/ms-python.python-2025.12.0/python_files/lib/jedilsp/jedi/inference/base_value.py", line 430, in from_sets
    for set_ in sets:
  File "/usr/local/lib/code-server-4.103.2/lib/vscode/extensions/ms-python.python-2025.12.0/python_files/lib/jedilsp/jedi/inference/gradual/typeshed.py", line 116, in <genexpr>
    func(inference_state, import_names, p, sys_path,)
  File "/usr/local/lib/code-server-4.103.2/lib/vscode/extensions/ms-python.python-2025.12.0/python_files/lib/jedilsp/jedi/inference/imports.py", line 411, in import_module
    file_io_or_ns, is_pkg = inference_state.compiled_subprocess.get_module_info(
  File "/usr/local/lib/code-server-4.103.2/lib/vscode/extensions/ms-python.python-2025.12.0/python_files/lib/jedilsp/jedi/inference/compiled/subprocess/__init__.py", line 188, in wrapper
    result = self._compiled_subprocess.run(
  File "/usr/local/lib/code-server-4.103.2/lib/vscode/extensions/ms-python.python-2025.12.0/python_files/lib/jedilsp/jedi/inference/compiled/subprocess/__init__.py", line 293, in run
    self._send(delete_id, None)
  File "/usr/local/lib/code-server-4.103.2/lib/vscode/extensions/ms-python.python-2025.12.0/python_files/lib/jedilsp/jedi/inference/compiled/subprocess/__init__.py", line 318, in _send
    is_exception, traceback, result = pickle_load(self._get_process().stdout)
  File "/usr/local/lib/code-server-4.103.2/lib/vscode/extensions/ms-python.python-2025.12.0/python_files/lib/jedilsp/jedi/_compatibility.py", line 25, in pickle_load
    return Unpickler(file).load()
_pickle.UnpicklingError: invalid load key, '+'.

2026-08-16 14:31:57.978 [info] [Error - 2:31:57 PM] Request textDocument/documentSymbol failed.
2026-08-16 14:31:57.985 [info]   Message: _pickle.UnpicklingError: invalid load key, '+'.
  Code: -32603 
[object Object]
2026-08-16 14:31:57.985 [info] ERROR:pygls.protocol.json_rpc:Exception occurred for message "86": _pickle.UnpicklingError: invalid load key, '+'.
NoneType: None

2026-08-16 14:31:57.985 [info] semantic_tokens_full file:///voc/work/AI-RAG_W2_query_results.py 
2026-08-16 14:31:57.985 [info] [Error - 2:31:57 PM] Request textDocument/semanticTokens/full failed.
2026-08-16 14:31:57.985 [info]   Message: _pickle.UnpicklingError: invalid load key, '+'.
  Code: -32603 
[object Object]
2026-08-16 14:31:58.247 [info] ERROR:pygls.protocol.json_rpc:Failed to handle request 87 textDocument/documentSymbol DocumentSymbolParams(text_document=TextDocumentIdentifier(uri='file:///voc/work/AI-RAG_W2_query_results.py'), work_done_token=None, partial_result_token=None)
Traceback (most recent call last):
  File "/usr/local/lib/code-server-4.103.2/lib/vscode/extensions/ms-python.python-2025.12.0/python_files/lib/jedilsp/pygls/protocol/json_rpc.py", line 266, in _handle_request
    self._execute_request(msg_id, handler, params)
  File "/usr/local/lib/code-server-4.103.2/lib/vscode/extensions/ms-python.python-2025.12.0/python_files/lib/jedilsp/pygls/protocol/json_rpc.py", line 188, in _execute_request
    self._send_response(msg_id, handler(params))
  File "/usr/local/lib/code-server-4.103.2/lib/vscode/extensions/ms-python.python-2025.12.0/python_files/lib/jedilsp/jedi_language_server/server.py", line 546, in document_symbol
    document_symbols = jedi_utils.lsp_document_symbols(names)
  File "/usr/local/lib/code-server-4.103.2/lib/vscode/extensions/ms-python.python-2025.12.0/python_files/lib/jedilsp/jedi_language_server/jedi_utils.py", line 225, in lsp_document_symbols
    symbol_range = _document_symbol_range(name)
  File "/usr/local/lib/code-server-4.103.2/lib/vscode/extensions/ms-python.python-2025.12.0/python_files/lib/jedilsp/jedi_language_server/jedi_utils.py", line 204, in _document_symbol_range
    end = name.get_definition_end_position()
  File "/usr/local/lib/code-server-4.103.2/lib/vscode/extensions/ms-python.python-2025.12.0/python_files/lib/jedilsp/jedi/api/classes.py", line 260, in get_definition_end_position
    if self.type in ("function", "class"):
  File "/usr/local/lib/code-server-4.103.2/lib/vscode/extensions/ms-python.python-2025.12.0/python_files/lib/jedilsp/jedi/api/classes.py", line 190, in type
    for value in self._name.infer():
  File "/usr/local/lib/code-server-4.103.2/lib/vscode/extensions/ms-python.python-2025.12.0/python_files/lib/jedilsp/jedi/inference/names.py", line 281, in infer
    return tree_name_to_values(
  File "/usr/local/lib/code-server-4.103.2/lib/vscode/extensions/ms-python.python-2025.12.0/python_files/lib/jedilsp/jedi/plugins/__init__.py", line 21, in wrapper
    return built_functions[public_name](*args, **kwargs)
  File "/usr/local/lib/code-server-4.103.2/lib/vscode/extensions/ms-python.python-2025.12.0/python_files/lib/jedilsp/jedi/plugins/stdlib.py", line 878, in wrapper
    return func(inference_state, context, tree_name)
  File "/usr/local/lib/code-server-4.103.2/lib/vscode/extensions/ms-python.python-2025.12.0/python_files/lib/jedilsp/jedi/plugins/django.py", line 177, in wrapper
    result = func(inference_state, context, tree_name)
  File "/usr/local/lib/code-server-4.103.2/lib/vscode/extensions/ms-python.python-2025.12.0/python_files/lib/jedilsp/jedi/inference/syntax_tree.py", line 771, in tree_name_to_values
    types = imports.infer_import(context, tree_name)
  File "/usr/local/lib/code-server-4.103.2/lib/vscode/extensions/ms-python.python-2025.12.0/python_files/lib/jedilsp/jedi/inference/cache.py", line 44, in wrapper
    rv = function(obj, *args, **kwargs)
  File "/usr/local/lib/code-server-4.103.2/lib/vscode/extensions/ms-python.python-2025.12.0/python_files/lib/jedilsp/jedi/inference/imports.py", line 53, in infer_import
    _prepare_infer_import(module_context, tree_name)
  File "/usr/local/lib/code-server-4.103.2/lib/vscode/extensions/ms-python.python-2025.12.0/python_files/lib/jedilsp/jedi/inference/imports.py", line 116, in _prepare_infer_import
    return from_import_name, tuple(import_path), import_node.level, importer.follow()
  File "/usr/local/lib/code-server-4.103.2/lib/vscode/extensions/ms-python.python-2025.12.0/python_files/lib/jedilsp/jedi/inference/imports.py", line 296, in follow
    return import_module_by_names(
  File "/usr/local/lib/code-server-4.103.2/lib/vscode/extensions/ms-python.python-2025.12.0/python_files/lib/jedilsp/jedi/inference/imports.py", line 376, in import_module_by_names
    value_set = ValueSet.from_sets([
  File "/usr/local/lib/code-server-4.103.2/lib/vscode/extensions/ms-python.python-2025.12.0/python_files/lib/jedilsp/jedi/inference/imports.py", line 377, in <listcomp>
    import_module(
  File "/usr/local/lib/code-server-4.103.2/lib/vscode/extensions/ms-python.python-2025.12.0/python_files/lib/jedilsp/jedi/plugins/__init__.py", line 21, in wrapper
    return built_functions[public_name](*args, **kwargs)
  File "/usr/local/lib/code-server-4.103.2/lib/vscode/extensions/ms-python.python-2025.12.0/python_files/lib/jedilsp/jedi/plugins/flask.py", line 20, in wrapper
    return callback(inference_state, import_names, module_context, *args, **kwargs)
  File "/usr/local/lib/code-server-4.103.2/lib/vscode/extensions/ms-python.python-2025.12.0/python_files/lib/jedilsp/jedi/inference/gradual/typeshed.py", line 115, in wrapper
    python_value_set = ValueSet.from_sets(
  File "/usr/local/lib/code-server-4.103.2/lib/vscode/extensions/ms-python.python-2025.12.0/python_files/lib/jedilsp/jedi/inference/base_value.py", line 430, in from_sets
    for set_ in sets:
  File "/usr/local/lib/code-server-4.103.2/lib/vscode/extensions/ms-python.python-2025.12.0/python_files/lib/jedilsp/jedi/inference/gradual/typeshed.py", line 116, in <genexpr>
    func(inference_state, import_names, p, sys_path,)
  File "/usr/local/lib/code-server-4.103.2/lib/vscode/extensions/ms-python.python-2025.12.0/python_files/lib/jedilsp/jedi/inference/imports.py", line 411, in import_module
    file_io_or_ns, is_pkg = inference_state.compiled_subprocess.get_module_info(
  File "/usr/local/lib/code-server-4.103.2/lib/vscode/extensions/ms-python.python-2025.12.0/python_files/lib/jedilsp/jedi/inference/compiled/subprocess/__init__.py", line 188, in wrapper
    result = self._compiled_subprocess.run(
  File "/usr/local/lib/code-server-4.103.2/lib/vscode/extensions/ms-python.python-2025.12.0/python_files/lib/jedilsp/jedi/inference/compiled/subprocess/__init__.py", line 293, in run
    self._send(delete_id, None)
  File "/usr/local/lib/code-server-4.103.2/lib/vscode/extensions/ms-python.python-2025.12.0/python_files/lib/jedilsp/jedi/inference/compiled/subprocess/__init__.py", line 318, in _send
    is_exception, traceback, result = pickle_load(self._get_process().stdout)
  File "/usr/local/lib/code-server-4.103.2/lib/vscode/extensions/ms-python.python-2025.12.0/python_files/lib/jedilsp/jedi/_compatibility.py", line 25, in pickle_load
    return Unpickler(file).load()
_pickle.UnpicklingError: invalid load key, '+'.

2026-08-16 14:31:58.247 [info] [Error - 2:31:58 PM] Request textDocument/documentSymbol failed.
2026-08-16 14:31:58.256 [info]   Message: _pickle.UnpicklingError: invalid load key, '+'.
  Code: -32603 
[object Object]
2026-08-16 14:31:58.312 [info] semantic_tokens_range file:///voc/work/AI-RAG_W2_query_results.py 0:0-49:0
2026-08-16 14:31:58.314 [info] ERROR:pygls.protocol.json_rpc:Exception occurred for message "88": _pickle.UnpicklingError: invalid load key, '+'.
NoneType: None

2026-08-16 14:31:58.319 [info] [Error - 2:31:58 PM] Request textDocument/semanticTokens/range failed.
2026-08-16 14:31:58.319 [info]   Message: _pickle.UnpicklingError: invalid load key, '+'.
  Code: -32603 
[object Object]
2026-08-16 14:31:59.532 [info] ERROR:pygls.protocol.json_rpc:Failed to handle request 90 textDocument/documentSymbol DocumentSymbolParams(text_document=TextDocumentIdentifier(uri='file:///voc/work/AI-RAG_W2_settings.py'), work_done_token=None, partial_result_token=None)
Traceback (most recent call last):
  File "/usr/local/lib/code-server-4.103.2/lib/vscode/extensions/ms-python.python-2025.12.0/python_files/lib/jedilsp/pygls/protocol/json_rpc.py", line 266, in _handle_request
    self._execute_request(msg_id, handler, params)
  File "/usr/local/lib/code-server-4.103.2/lib/vscode/extensions/ms-python.python-2025.12.0/python_files/lib/jedilsp/pygls/protocol/json_rpc.py", line 188, in _execute_request
    self._send_response(msg_id, handler(params))
  File "/usr/local/lib/code-server-4.103.2/lib/vscode/extensions/ms-python.python-2025.12.0/python_files/lib/jedilsp/jedi_language_server/server.py", line 546, in document_symbol
    document_symbols = jedi_utils.lsp_document_symbols(names)
  File "/usr/local/lib/code-server-4.103.2/lib/vscode/extensions/ms-python.python-2025.12.0/python_files/lib/jedilsp/jedi_language_server/jedi_utils.py", line 225, in lsp_document_symbols
    symbol_range = _document_symbol_range(name)
  File "/usr/local/lib/code-server-4.103.2/lib/vscode/extensions/ms-python.python-2025.12.0/python_files/lib/jedilsp/jedi_language_server/jedi_utils.py", line 204, in _document_symbol_range
    end = name.get_definition_end_position()
  File "/usr/local/lib/code-server-4.103.2/lib/vscode/extensions/ms-python.python-2025.12.0/python_files/lib/jedilsp/jedi/api/classes.py", line 260, in get_definition_end_position
    if self.type in ("function", "class"):
  File "/usr/local/lib/code-server-4.103.2/lib/vscode/extensions/ms-python.python-2025.12.0/python_files/lib/jedilsp/jedi/api/classes.py", line 190, in type
    for value in self._name.infer():
  File "/usr/local/lib/code-server-4.103.2/lib/vscode/extensions/ms-python.python-2025.12.0/python_files/lib/jedilsp/jedi/inference/names.py", line 281, in infer
    return tree_name_to_values(
  File "/usr/local/lib/code-server-4.103.2/lib/vscode/extensions/ms-python.python-2025.12.0/python_files/lib/jedilsp/jedi/plugins/__init__.py", line 21, in wrapper
    return built_functions[public_name](*args, **kwargs)
  File "/usr/local/lib/code-server-4.103.2/lib/vscode/extensions/ms-python.python-2025.12.0/python_files/lib/jedilsp/jedi/plugins/stdlib.py", line 878, in wrapper
    return func(inference_state, context, tree_name)
  File "/usr/local/lib/code-server-4.103.2/lib/vscode/extensions/ms-python.python-2025.12.0/python_files/lib/jedilsp/jedi/plugins/django.py", line 177, in wrapper
    result = func(inference_state, context, tree_name)
  File "/usr/local/lib/code-server-4.103.2/lib/vscode/extensions/ms-python.python-2025.12.0/python_files/lib/jedilsp/jedi/inference/syntax_tree.py", line 771, in tree_name_to_values
    types = imports.infer_import(context, tree_name)
  File "/usr/local/lib/code-server-4.103.2/lib/vscode/extensions/ms-python.python-2025.12.0/python_files/lib/jedilsp/jedi/inference/cache.py", line 44, in wrapper
    rv = function(obj, *args, **kwargs)
  File "/usr/local/lib/code-server-4.103.2/lib/vscode/extensions/ms-python.python-2025.12.0/python_files/lib/jedilsp/jedi/inference/imports.py", line 53, in infer_import
    _prepare_infer_import(module_context, tree_name)
  File "/usr/local/lib/code-server-4.103.2/lib/vscode/extensions/ms-python.python-2025.12.0/python_files/lib/jedilsp/jedi/inference/imports.py", line 116, in _prepare_infer_import
    return from_import_name, tuple(import_path), import_node.level, importer.follow()
  File "/usr/local/lib/code-server-4.103.2/lib/vscode/extensions/ms-python.python-2025.12.0/python_files/lib/jedilsp/jedi/inference/imports.py", line 296, in follow
    return import_module_by_names(
  File "/usr/local/lib/code-server-4.103.2/lib/vscode/extensions/ms-python.python-2025.12.0/python_files/lib/jedilsp/jedi/inference/imports.py", line 376, in import_module_by_names
    value_set = ValueSet.from_sets([
  File "/usr/local/lib/code-server-4.103.2/lib/vscode/extensions/ms-python.python-2025.12.0/python_files/lib/jedilsp/jedi/inference/imports.py", line 377, in <listcomp>
    import_module(
  File "/usr/local/lib/code-server-4.103.2/lib/vscode/extensions/ms-python.python-2025.12.0/python_files/lib/jedilsp/jedi/plugins/__init__.py", line 21, in wrapper
    return built_functions[public_name](*args, **kwargs)
  File "/usr/local/lib/code-server-4.103.2/lib/vscode/extensions/ms-python.python-2025.12.0/python_files/lib/jedilsp/jedi/plugins/flask.py", line 20, in wrapper
    return callback(inference_state, import_names, module_context, *args, **kwargs)
  File "/usr/local/lib/code-server-4.103.2/lib/vscode/extensions/ms-python.python-2025.12.0/python_files/lib/jedilsp/jedi/inference/gradual/typeshed.py", line 115, in wrapper
    python_value_set = ValueSet.from_sets(
  File "/usr/local/lib/code-server-4.103.2/lib/vscode/extensions/ms-python.python-2025.12.0/python_files/lib/jedilsp/jedi/inference/base_value.py", line 430, in from_sets
    for set_ in sets:
  File "/usr/local/lib/code-server-4.103.2/lib/vscode/extensions/ms-python.python-2025.12.0/python_files/lib/jedilsp/jedi/inference/gradual/typeshed.py", line 116, in <genexpr>
    func(inference_state, import_names, p, sys_path,)
  File "/usr/local/lib/code-server-4.103.2/lib/vscode/extensions/ms-python.python-2025.12.0/python_files/lib/jedilsp/jedi/inference/imports.py", line 411, in import_module
    file_io_or_ns, is_pkg = inference_state.compiled_subprocess.get_module_info(
  File "/usr/local/lib/code-server-4.103.2/lib/vscode/extensions/ms-python.python-2025.12.0/python_files/lib/jedilsp/jedi/inference/compiled/subprocess/__init__.py", line 188, in wrapper
    result = self._compiled_subprocess.run(
  File "/usr/local/lib/code-server-4.103.2/lib/vscode/extensions/ms-python.python-2025.12.0/python_files/lib/jedilsp/jedi/inference/compiled/subprocess/__init__.py", line 293, in run
    self._send(delete_id, None)
  File "/usr/local/lib/code-server-4.103.2/lib/vscode/extensions/ms-python.python-2025.12.0/python_files/lib/jedilsp/jedi/inference/compiled/subprocess/__init__.py", line 318, in _send
    is_exception, traceback, result = pickle_load(self._get_process().stdout)
  File "/usr/local/lib/code-server-4.103.2/lib/vscode/extensions/ms-python.python-2025.12.0/python_files/lib/jedilsp/jedi/_compatibility.py", line 25, in pickle_load
    return Unpickler(file).load()
_pickle.UnpicklingError: invalid load key, '+'.

2026-08-16 14:31:59.532 [info] [Error - 2:31:59 PM] Request textDocument/documentSymbol failed.
2026-08-16 14:31:59.538 [info]   Message: _pickle.UnpicklingError: invalid load key, '+'.
  Code: -32603 
[object Object]
2026-08-16 14:31:59.538 [info] ERROR:pygls.protocol.json_rpc:Exception occurred for message "91": _pickle.UnpicklingError: invalid load key, '+'.
NoneType: None

2026-08-16 14:31:59.538 [info] semantic_tokens_full file:///voc/work/AI-RAG_W2_settings.py 
2026-08-16 14:31:59.538 [info] [Error - 2:31:59 PM] Request textDocument/semanticTokens/full failed.
2026-08-16 14:31:59.538 [info]   Message: _pickle.UnpicklingError: invalid load key, '+'.
  Code: -32603 
[object Object]
2026-08-16 14:32:00.398 [info] ERROR:pygls.protocol.json_rpc:Failed to handle request 93 textDocument/documentSymbol DocumentSymbolParams(text_document=TextDocumentIdentifier(uri='file:///voc/work/fake_llm.py'), work_done_token=None, partial_result_token=None)
Traceback (most recent call last):
  File "/usr/local/lib/code-server-4.103.2/lib/vscode/extensions/ms-python.python-2025.12.0/python_files/lib/jedilsp/pygls/protocol/json_rpc.py", line 266, in _handle_request
    self._execute_request(msg_id, handler, params)
  File "/usr/local/lib/code-server-4.103.2/lib/vscode/extensions/ms-python.python-2025.12.0/python_files/lib/jedilsp/pygls/protocol/json_rpc.py", line 188, in _execute_request
    self._send_response(msg_id, handler(params))
  File "/usr/local/lib/code-server-4.103.2/lib/vscode/extensions/ms-python.python-2025.12.0/python_files/lib/jedilsp/jedi_language_server/server.py", line 546, in document_symbol
    document_symbols = jedi_utils.lsp_document_symbols(names)
  File "/usr/local/lib/code-server-4.103.2/lib/vscode/extensions/ms-python.python-2025.12.0/python_files/lib/jedilsp/jedi_language_server/jedi_utils.py", line 225, in lsp_document_symbols
    symbol_range = _document_symbol_range(name)
  File "/usr/local/lib/code-server-4.103.2/lib/vscode/extensions/ms-python.python-2025.12.0/python_files/lib/jedilsp/jedi_language_server/jedi_utils.py", line 204, in _document_symbol_range
    end = name.get_definition_end_position()
  File "/usr/local/lib/code-server-4.103.2/lib/vscode/extensions/ms-python.python-2025.12.0/python_files/lib/jedilsp/jedi/api/classes.py", line 260, in get_definition_end_position
    if self.type in ("function", "class"):
  File "/usr/local/lib/code-server-4.103.2/lib/vscode/extensions/ms-python.python-2025.12.0/python_files/lib/jedilsp/jedi/api/classes.py", line 190, in type
    for value in self._name.infer():
  File "/usr/local/lib/code-server-4.103.2/lib/vscode/extensions/ms-python.python-2025.12.0/python_files/lib/jedilsp/jedi/inference/names.py", line 281, in infer
    return tree_name_to_values(
  File "/usr/local/lib/code-server-4.103.2/lib/vscode/extensions/ms-python.python-2025.12.0/python_files/lib/jedilsp/jedi/plugins/__init__.py", line 21, in wrapper
    return built_functions[public_name](*args, **kwargs)
  File "/usr/local/lib/code-server-4.103.2/lib/vscode/extensions/ms-python.python-2025.12.0/python_files/lib/jedilsp/jedi/plugins/stdlib.py", line 878, in wrapper
    return func(inference_state, context, tree_name)
  File "/usr/local/lib/code-server-4.103.2/lib/vscode/extensions/ms-python.python-2025.12.0/python_files/lib/jedilsp/jedi/plugins/django.py", line 177, in wrapper
    result = func(inference_state, context, tree_name)
  File "/usr/local/lib/code-server-4.103.2/lib/vscode/extensions/ms-python.python-2025.12.0/python_files/lib/jedilsp/jedi/inference/syntax_tree.py", line 771, in tree_name_to_values
    types = imports.infer_import(context, tree_name)
  File "/usr/local/lib/code-server-4.103.2/lib/vscode/extensions/ms-python.python-2025.12.0/python_files/lib/jedilsp/jedi/inference/cache.py", line 44, in wrapper
    rv = function(obj, *args, **kwargs)
  File "/usr/local/lib/code-server-4.103.2/lib/vscode/extensions/ms-python.python-2025.12.0/python_files/lib/jedilsp/jedi/inference/imports.py", line 53, in infer_import
    _prepare_infer_import(module_context, tree_name)
  File "/usr/local/lib/code-server-4.103.2/lib/vscode/extensions/ms-python.python-2025.12.0/python_files/lib/jedilsp/jedi/inference/imports.py", line 116, in _prepare_infer_import
    return from_import_name, tuple(import_path), import_node.level, importer.follow()
  File "/usr/local/lib/code-server-4.103.2/lib/vscode/extensions/ms-python.python-2025.12.0/python_files/lib/jedilsp/jedi/inference/imports.py", line 296, in follow
    return import_module_by_names(
  File "/usr/local/lib/code-server-4.103.2/lib/vscode/extensions/ms-python.python-2025.12.0/python_files/lib/jedilsp/jedi/inference/imports.py", line 376, in import_module_by_names
    value_set = ValueSet.from_sets([
  File "/usr/local/lib/code-server-4.103.2/lib/vscode/extensions/ms-python.python-2025.12.0/python_files/lib/jedilsp/jedi/inference/imports.py", line 377, in <listcomp>
    import_module(
  File "/usr/local/lib/code-server-4.103.2/lib/vscode/extensions/ms-python.python-2025.12.0/python_files/lib/jedilsp/jedi/plugins/__init__.py", line 21, in wrapper
    return built_functions[public_name](*args, **kwargs)
  File "/usr/local/lib/code-server-4.103.2/lib/vscode/extensions/ms-python.python-2025.12.0/python_files/lib/jedilsp/jedi/plugins/flask.py", line 20, in wrapper
    return callback(inference_state, import_names, module_context, *args, **kwargs)
  File "/usr/local/lib/code-server-4.103.2/lib/vscode/extensions/ms-python.python-2025.12.0/python_files/lib/jedilsp/jedi/inference/gradual/typeshed.py", line 115, in wrapper
    python_value_set = ValueSet.from_sets(
  File "/usr/local/lib/code-server-4.103.2/lib/vscode/extensions/ms-python.python-2025.12.0/python_files/lib/jedilsp/jedi/inference/base_value.py", line 430, in from_sets
    for set_ in sets:
  File "/usr/local/lib/code-server-4.103.2/lib/vscode/extensions/ms-python.python-2025.12.0/python_files/lib/jedilsp/jedi/inference/gradual/typeshed.py", line 116, in <genexpr>
    func(inference_state, import_names, p, sys_path,)
  File "/usr/local/lib/code-server-4.103.2/lib/vscode/extensions/ms-python.python-2025.12.0/python_files/lib/jedilsp/jedi/inference/imports.py", line 411, in import_module
    file_io_or_ns, is_pkg = inference_state.compiled_subprocess.get_module_info(
  File "/usr/local/lib/code-server-4.103.2/lib/vscode/extensions/ms-python.python-2025.12.0/python_files/lib/jedilsp/jedi/inference/compiled/subprocess/__init__.py", line 188, in wrapper
    result = self._compiled_subprocess.run(
  File "/usr/local/lib/code-server-4.103.2/lib/vscode/extensions/ms-python.python-2025.12.0/python_files/lib/jedilsp/jedi/inference/compiled/subprocess/__init__.py", line 293, in run
    self._send(delete_id, None)
  File "/usr/local/lib/code-server-4.103.2/lib/vscode/extensions/ms-python.python-2025.12.0/python_files/lib/jedilsp/jedi/inference/compiled/subprocess/__init__.py", line 318, in _send
    is_exception, traceback, result = pickle_load(self._get_process().stdout)
  File "/usr/local/lib/code-server-4.103.2/lib/vscode/extensions/ms-python.python-2025.12.0/python_files/lib/jedilsp/jedi/_compatibility.py", line 25, in pickle_load
    return Unpickler(file).load()
_pickle.UnpicklingError: invalid load key, '+'.

2026-08-16 14:32:00.398 [info] [Error - 2:32:00 PM] Request textDocument/documentSymbol failed.
2026-08-16 14:32:00.405 [info]   Message: _pickle.UnpicklingError: invalid load key, '+'.
  Code: -32603 
[object Object]
2026-08-16 14:32:00.405 [info] ERROR:pygls.protocol.json_rpc:Exception occurred for message "94": _pickle.UnpicklingError: invalid load key, '+'.
NoneType: None

2026-08-16 14:32:00.405 [info] semantic_tokens_full file:///voc/work/fake_llm.py 
2026-08-16 14:32:00.405 [info] [Error - 2:32:00 PM] Request textDocument/semanticTokens/full failed.
2026-08-16 14:32:00.405 [info]   Message: _pickle.UnpicklingError: invalid load key, '+'.
  Code: -32603 
[object Object]
2026-08-16 14:32:00.807 [info] ERROR:pygls.protocol.json_rpc:Failed to handle request 96 textDocument/documentSymbol DocumentSymbolParams(text_document=TextDocumentIdentifier(uri='file:///voc/work/pipeline_starter.py'), work_done_token=None, partial_result_token=None)
Traceback (most recent call last):
  File "/usr/local/lib/code-server-4.103.2/lib/vscode/extensions/ms-python.python-2025.12.0/python_files/lib/jedilsp/pygls/protocol/json_rpc.py", line 266, in _handle_request
    self._execute_request(msg_id, handler, params)
  File "/usr/local/lib/code-server-4.103.2/lib/vscode/extensions/ms-python.python-2025.12.0/python_files/lib/jedilsp/pygls/protocol/json_rpc.py", line 188, in _execute_request
    self._send_response(msg_id, handler(params))
  File "/usr/local/lib/code-server-4.103.2/lib/vscode/extensions/ms-python.python-2025.12.0/python_files/lib/jedilsp/jedi_language_server/server.py", line 546, in document_symbol
    document_symbols = jedi_utils.lsp_document_symbols(names)
  File "/usr/local/lib/code-server-4.103.2/lib/vscode/extensions/ms-python.python-2025.12.0/python_files/lib/jedilsp/jedi_language_server/jedi_utils.py", line 225, in lsp_document_symbols
    symbol_range = _document_symbol_range(name)
  File "/usr/local/lib/code-server-4.103.2/lib/vscode/extensions/ms-python.python-2025.12.0/python_files/lib/jedilsp/jedi_language_server/jedi_utils.py", line 204, in _document_symbol_range
    end = name.get_definition_end_position()
  File "/usr/local/lib/code-server-4.103.2/lib/vscode/extensions/ms-python.python-2025.12.0/python_files/lib/jedilsp/jedi/api/classes.py", line 260, in get_definition_end_position
    if self.type in ("function", "class"):
  File "/usr/local/lib/code-server-4.103.2/lib/vscode/extensions/ms-python.python-2025.12.0/python_files/lib/jedilsp/jedi/api/classes.py", line 190, in type
    for value in self._name.infer():
  File "/usr/local/lib/code-server-4.103.2/lib/vscode/extensions/ms-python.python-2025.12.0/python_files/lib/jedilsp/jedi/inference/names.py", line 281, in infer
    return tree_name_to_values(
  File "/usr/local/lib/code-server-4.103.2/lib/vscode/extensions/ms-python.python-2025.12.0/python_files/lib/jedilsp/jedi/plugins/__init__.py", line 21, in wrapper
    return built_functions[public_name](*args, **kwargs)
  File "/usr/local/lib/code-server-4.103.2/lib/vscode/extensions/ms-python.python-2025.12.0/python_files/lib/jedilsp/jedi/plugins/stdlib.py", line 878, in wrapper
    return func(inference_state, context, tree_name)
  File "/usr/local/lib/code-server-4.103.2/lib/vscode/extensions/ms-python.python-2025.12.0/python_files/lib/jedilsp/jedi/plugins/django.py", line 177, in wrapper
    result = func(inference_state, context, tree_name)
  File "/usr/local/lib/code-server-4.103.2/lib/vscode/extensions/ms-python.python-2025.12.0/python_files/lib/jedilsp/jedi/inference/syntax_tree.py", line 771, in tree_name_to_values
    types = imports.infer_import(context, tree_name)
  File "/usr/local/lib/code-server-4.103.2/lib/vscode/extensions/ms-python.python-2025.12.0/python_files/lib/jedilsp/jedi/inference/cache.py", line 44, in wrapper
    rv = function(obj, *args, **kwargs)
  File "/usr/local/lib/code-server-4.103.2/lib/vscode/extensions/ms-python.python-2025.12.0/python_files/lib/jedilsp/jedi/inference/imports.py", line 53, in infer_import
    _prepare_infer_import(module_context, tree_name)
  File "/usr/local/lib/code-server-4.103.2/lib/vscode/extensions/ms-python.python-2025.12.0/python_files/lib/jedilsp/jedi/inference/imports.py", line 116, in _prepare_infer_import
    return from_import_name, tuple(import_path), import_node.level, importer.follow()
  File "/usr/local/lib/code-server-4.103.2/lib/vscode/extensions/ms-python.python-2025.12.0/python_files/lib/jedilsp/jedi/inference/imports.py", line 296, in follow
    return import_module_by_names(
  File "/usr/local/lib/code-server-4.103.2/lib/vscode/extensions/ms-python.python-2025.12.0/python_files/lib/jedilsp/jedi/inference/imports.py", line 376, in import_module_by_names
    value_set = ValueSet.from_sets([
  File "/usr/local/lib/code-server-4.103.2/lib/vscode/extensions/ms-python.python-2025.12.0/python_files/lib/jedilsp/jedi/inference/imports.py", line 377, in <listcomp>
    import_module(
  File "/usr/local/lib/code-server-4.103.2/lib/vscode/extensions/ms-python.python-2025.12.0/python_files/lib/jedilsp/jedi/plugins/__init__.py", line 21, in wrapper
    return built_functions[public_name](*args, **kwargs)
  File "/usr/local/lib/code-server-4.103.2/lib/vscode/extensions/ms-python.python-2025.12.0/python_files/lib/jedilsp/jedi/plugins/flask.py", line 20, in wrapper
    return callback(inference_state, import_names, module_context, *args, **kwargs)
  File "/usr/local/lib/code-server-4.103.2/lib/vscode/extensions/ms-python.python-2025.12.0/python_files/lib/jedilsp/jedi/inference/gradual/typeshed.py", line 115, in wrapper
    python_value_set = ValueSet.from_sets(
  File "/usr/local/lib/code-server-4.103.2/lib/vscode/extensions/ms-python.python-2025.12.0/python_files/lib/jedilsp/jedi/inference/base_value.py", line 430, in from_sets
    for set_ in sets:
  File "/usr/local/lib/code-server-4.103.2/lib/vscode/extensions/ms-python.python-2025.12.0/python_files/lib/jedilsp/jedi/inference/gradual/typeshed.py", line 116, in <genexpr>
    func(inference_state, import_names, p, sys_path,)
  File "/usr/local/lib/code-server-4.103.2/lib/vscode/extensions/ms-python.python-2025.12.0/python_files/lib/jedilsp/jedi/inference/imports.py", line 411, in import_module
    file_io_or_ns, is_pkg = inference_state.compiled_subprocess.get_module_info(
  File "/usr/local/lib/code-server-4.103.2/lib/vscode/extensions/ms-python.python-2025.12.0/python_files/lib/jedilsp/jedi/inference/compiled/subprocess/__init__.py", line 188, in wrapper
    result = self._compiled_subprocess.run(
  File "/usr/local/lib/code-server-4.103.2/lib/vscode/extensions/ms-python.python-2025.12.0/python_files/lib/jedilsp/jedi/inference/compiled/subprocess/__init__.py", line 293, in run
    self._send(delete_id, None)
  File "/usr/local/lib/code-server-4.103.2/lib/vscode/extensions/ms-python.python-2025.12.0/python_files/lib/jedilsp/jedi/inference/compiled/subprocess/__init__.py", line 318, in _send
    is_exception, traceback, result = pickle_load(self._get_process().stdout)
  File "/usr/local/lib/code-server-4.103.2/lib/vscode/extensions/ms-python.python-2025.12.0/python_files/lib/jedilsp/jedi/_compatibility.py", line 25, in pickle_load
    return Unpickler(file).load()
_pickle.UnpicklingError: invalid load key, '+'.

2026-08-16 14:32:00.807 [info] [Error - 2:32:00 PM] Request textDocument/documentSymbol failed.
2026-08-16 14:32:00.813 [info]   Message: _pickle.UnpicklingError: invalid load key, '+'.
  Code: -32603 
[object Object]
2026-08-16 14:32:00.828 [info] semantic_tokens_full file:///voc/work/pipeline_starter.py 
2026-08-16 14:32:00.829 [info] ERROR:pygls.protocol.json_rpc:Exception occurred for message "97": _pickle.UnpicklingError: invalid load key, '+'.
NoneType: None

2026-08-16 14:32:00.835 [info] [Error - 2:32:00 PM] Request textDocument/semanticTokens/full failed.
2026-08-16 14:32:00.835 [info]   Message: _pickle.UnpicklingError: invalid load key, '+'.
  Code: -32603 
[object Object]
2026-08-16 14:32:01.056 [info] ERROR:pygls.protocol.json_rpc:Failed to handle request 98 textDocument/documentSymbol DocumentSymbolParams(text_document=TextDocumentIdentifier(uri='file:///voc/work/pipeline_starter.py'), work_done_token=None, partial_result_token=None)
Traceback (most recent call last):
  File "/usr/local/lib/code-server-4.103.2/lib/vscode/extensions/ms-python.python-2025.12.0/python_files/lib/jedilsp/pygls/protocol/json_rpc.py", line 266, in _handle_request
    self._execute_request(msg_id, handler, params)
  File "/usr/local/lib/code-server-4.103.2/lib/vscode/extensions/ms-python.python-2025.12.0/python_files/lib/jedilsp/pygls/protocol/json_rpc.py", line 188, in _execute_request
    self._send_response(msg_id, handler(params))
  File "/usr/local/lib/code-server-4.103.2/lib/vscode/extensions/ms-python.python-2025.12.0/python_files/lib/jedilsp/jedi_language_server/server.py", line 546, in document_symbol
    document_symbols = jedi_utils.lsp_document_symbols(names)
  File "/usr/local/lib/code-server-4.103.2/lib/vscode/extensions/ms-python.python-2025.12.0/python_files/lib/jedilsp/jedi_language_server/jedi_utils.py", line 225, in lsp_document_symbols
    symbol_range = _document_symbol_range(name)
  File "/usr/local/lib/code-server-4.103.2/lib/vscode/extensions/ms-python.python-2025.12.0/python_files/lib/jedilsp/jedi_language_server/jedi_utils.py", line 204, in _document_symbol_range
    end = name.get_definition_end_position()
  File "/usr/local/lib/code-server-4.103.2/lib/vscode/extensions/ms-python.python-2025.12.0/python_files/lib/jedilsp/jedi/api/classes.py", line 260, in get_definition_end_position
    if self.type in ("function", "class"):
  File "/usr/local/lib/code-server-4.103.2/lib/vscode/extensions/ms-python.python-2025.12.0/python_files/lib/jedilsp/jedi/api/classes.py", line 190, in type
    for value in self._name.infer():
  File "/usr/local/lib/code-server-4.103.2/lib/vscode/extensions/ms-python.python-2025.12.0/python_files/lib/jedilsp/jedi/inference/names.py", line 281, in infer
    return tree_name_to_values(
  File "/usr/local/lib/code-server-4.103.2/lib/vscode/extensions/ms-python.python-2025.12.0/python_files/lib/jedilsp/jedi/plugins/__init__.py", line 21, in wrapper
    return built_functions[public_name](*args, **kwargs)
  File "/usr/local/lib/code-server-4.103.2/lib/vscode/extensions/ms-python.python-2025.12.0/python_files/lib/jedilsp/jedi/plugins/stdlib.py", line 878, in wrapper
    return func(inference_state, context, tree_name)
  File "/usr/local/lib/code-server-4.103.2/lib/vscode/extensions/ms-python.python-2025.12.0/python_files/lib/jedilsp/jedi/plugins/django.py", line 177, in wrapper
    result = func(inference_state, context, tree_name)
  File "/usr/local/lib/code-server-4.103.2/lib/vscode/extensions/ms-python.python-2025.12.0/python_files/lib/jedilsp/jedi/inference/syntax_tree.py", line 771, in tree_name_to_values
    types = imports.infer_import(context, tree_name)
  File "/usr/local/lib/code-server-4.103.2/lib/vscode/extensions/ms-python.python-2025.12.0/python_files/lib/jedilsp/jedi/inference/cache.py", line 44, in wrapper
    rv = function(obj, *args, **kwargs)
  File "/usr/local/lib/code-server-4.103.2/lib/vscode/extensions/ms-python.python-2025.12.0/python_files/lib/jedilsp/jedi/inference/imports.py", line 53, in infer_import
    _prepare_infer_import(module_context, tree_name)
  File "/usr/local/lib/code-server-4.103.2/lib/vscode/extensions/ms-python.python-2025.12.0/python_files/lib/jedilsp/jedi/inference/imports.py", line 116, in _prepare_infer_import
    return from_import_name, tuple(import_path), import_node.level, importer.follow()
  File "/usr/local/lib/code-server-4.103.2/lib/vscode/extensions/ms-python.python-2025.12.0/python_files/lib/jedilsp/jedi/inference/imports.py", line 296, in follow
    return import_module_by_names(
  File "/usr/local/lib/code-server-4.103.2/lib/vscode/extensions/ms-python.python-2025.12.0/python_files/lib/jedilsp/jedi/inference/imports.py", line 376, in import_module_by_names
    value_set = ValueSet.from_sets([
  File "/usr/local/lib/code-server-4.103.2/lib/vscode/extensions/ms-python.python-2025.12.0/python_files/lib/jedilsp/jedi/inference/imports.py", line 377, in <listcomp>
    import_module(
  File "/usr/local/lib/code-server-4.103.2/lib/vscode/extensions/ms-python.python-2025.12.0/python_files/lib/jedilsp/jedi/plugins/__init__.py", line 21, in wrapper
    return built_functions[public_name](*args, **kwargs)
  File "/usr/local/lib/code-server-4.103.2/lib/vscode/extensions/ms-python.python-2025.12.0/python_files/lib/jedilsp/jedi/plugins/flask.py", line 20, in wrapper
    return callback(inference_state, import_names, module_context, *args, **kwargs)
  File "/usr/local/lib/code-server-4.103.2/lib/vscode/extensions/ms-python.python-2025.12.0/python_files/lib/jedilsp/jedi/inference/gradual/typeshed.py", line 115, in wrapper
    python_value_set = ValueSet.from_sets(
  File "/usr/local/lib/code-server-4.103.2/lib/vscode/extensions/ms-python.python-2025.12.0/python_files/lib/jedilsp/jedi/inference/base_value.py", line 430, in from_sets
    for set_ in sets:
  File "/usr/local/lib/code-server-4.103.2/lib/vscode/extensions/ms-python.python-2025.12.0/python_files/lib/jedilsp/jedi/inference/gradual/typeshed.py", line 116, in <genexpr>
    func(inference_state, import_names, p, sys_path,)
  File "/usr/local/lib/code-server-4.103.2/lib/vscode/extensions/ms-python.python-2025.12.0/python_files/lib/jedilsp/jedi/inference/imports.py", line 411, in import_module
    file_io_or_ns, is_pkg = inference_state.compiled_subprocess.get_module_info(
  File "/usr/local/lib/code-server-4.103.2/lib/vscode/extensions/ms-python.python-2025.12.0/python_files/lib/jedilsp/jedi/inference/compiled/subprocess/__init__.py", line 188, in wrapper
    result = self._compiled_subprocess.run(
  File "/usr/local/lib/code-server-4.103.2/lib/vscode/extensions/ms-python.python-2025.12.0/python_files/lib/jedilsp/jedi/inference/compiled/subprocess/__init__.py", line 293, in run
    self._send(delete_id, None)
  File "/usr/local/lib/code-server-4.103.2/lib/vscode/extensions/ms-python.python-2025.12.0/python_files/lib/jedilsp/jedi/inference/compiled/subprocess/__init__.py", line 318, in _send
    is_exception, traceback, result = pickle_load(self._get_process().stdout)
  File "/usr/local/lib/code-server-4.103.2/lib/vscode/extensions/ms-python.python-2025.12.0/python_files/lib/jedilsp/jedi/_compatibility.py", line 25, in pickle_load
    return Unpickler(file).load()
_pickle.UnpicklingError: invalid load key, '+'.

2026-08-16 14:32:01.056 [info] [Error - 2:32:01 PM] Request textDocument/documentSymbol failed.
2026-08-16 14:32:01.063 [info]   Message: _pickle.UnpicklingError: invalid load key, '+'.
  Code: -32603 
[object Object]
2026-08-16 14:32:01.117 [info] semantic_tokens_range file:///voc/work/pipeline_starter.py 0:0-54:0
2026-08-16 14:32:01.118 [info] ERROR:pygls.protocol.json_rpc:Exception occurred for message "99": _pickle.UnpicklingError: invalid load key, '+'.
NoneType: None

2026-08-16 14:32:01.123 [info] [Error - 2:32:01 PM] Request textDocument/semanticTokens/range failed.
2026-08-16 14:32:01.123 [info]   Message: _pickle.UnpicklingError: invalid load key, '+'.
  Code: -32603 
[object Object]
2026-08-16 14:40:08.457 [info] semantic_tokens_range file:///voc/work/pipeline_starter.py 0:0-54:0
2026-08-16 14:40:08.459 [info] ERROR:pygls.protocol.json_rpc:Exception occurred for message "106": _pickle.UnpicklingError: invalid load key, '+'.
NoneType: None

2026-08-16 14:40:08.459 [info] [Error - 2:40:08 PM] Request textDocument/semanticTokens/range failed.
2026-08-16 14:40:08.459 [info]   Message: _pickle.UnpicklingError: invalid load key, '+'.
  Code: -32603 
[object Object]
2026-08-16 14:40:36.422 [info] semantic_tokens_range file:///voc/work/pipeline_starter.py 0:0-54:0
2026-08-16 14:40:36.423 [info] ERROR:pygls.protocol.json_rpc:Exception occurred for message "108": _pickle.UnpicklingError: invalid load key, '+'.
NoneType: None

2026-08-16 14:40:36.428 [info] [Error - 2:40:36 PM] Request textDocument/semanticTokens/range failed.
2026-08-16 14:40:36.428 [info]   Message: _pickle.UnpicklingError: invalid load key, '+'.
  Code: -32603 
[object Object]
2026-08-16 14:40:41.679 [info] semantic_tokens_range file:///voc/work/pipeline_starter.py 0:0-54:0
2026-08-16 14:40:41.681 [info] ERROR:pygls.protocol.json_rpc:Exception occurred for message "109": _pickle.UnpicklingError: invalid load key, '+'.
NoneType: None

2026-08-16 14:40:41.687 [info] [Error - 2:40:41 PM] Request textDocument/semanticTokens/range failed.
2026-08-16 14:40:41.687 [info]   Message: _pickle.UnpicklingError: invalid load key, '+'.
  Code: -32603 
[object Object]
2026-08-16 14:45:38.150 [info] ERROR:pygls.protocol.json_rpc:Failed to handle request 111 textDocument/documentSymbol DocumentSymbolParams(text_document=TextDocumentIdentifier(uri='file:///voc/work/AI-RAG_W2_settings.py'), work_done_token=None, partial_result_token=None)
Traceback (most recent call last):
  File "/usr/local/lib/code-server-4.103.2/lib/vscode/extensions/ms-python.python-2025.12.0/python_files/lib/jedilsp/pygls/protocol/json_rpc.py", line 266, in _handle_request
    self._execute_request(msg_id, handler, params)
  File "/usr/local/lib/code-server-4.103.2/lib/vscode/extensions/ms-python.python-2025.12.0/python_files/lib/jedilsp/pygls/protocol/json_rpc.py", line 188, in _execute_request
    self._send_response(msg_id, handler(params))
  File "/usr/local/lib/code-server-4.103.2/lib/vscode/extensions/ms-python.python-2025.12.0/python_files/lib/jedilsp/jedi_language_server/server.py", line 546, in document_symbol
    document_symbols = jedi_utils.lsp_document_symbols(names)
  File "/usr/local/lib/code-server-4.103.2/lib/vscode/extensions/ms-python.python-2025.12.0/python_files/lib/jedilsp/jedi_language_server/jedi_utils.py", line 225, in lsp_document_symbols
    symbol_range = _document_symbol_range(name)
  File "/usr/local/lib/code-server-4.103.2/lib/vscode/extensions/ms-python.python-2025.12.0/python_files/lib/jedilsp/jedi_language_server/jedi_utils.py", line 204, in _document_symbol_range
    end = name.get_definition_end_position()
  File "/usr/local/lib/code-server-4.103.2/lib/vscode/extensions/ms-python.python-2025.12.0/python_files/lib/jedilsp/jedi/api/classes.py", line 260, in get_definition_end_position
    if self.type in ("function", "class"):
  File "/usr/local/lib/code-server-4.103.2/lib/vscode/extensions/ms-python.python-2025.12.0/python_files/lib/jedilsp/jedi/api/classes.py", line 190, in type
    for value in self._name.infer():
  File "/usr/local/lib/code-server-4.103.2/lib/vscode/extensions/ms-python.python-2025.12.0/python_files/lib/jedilsp/jedi/inference/names.py", line 281, in infer
    return tree_name_to_values(
  File "/usr/local/lib/code-server-4.103.2/lib/vscode/extensions/ms-python.python-2025.12.0/python_files/lib/jedilsp/jedi/plugins/__init__.py", line 21, in wrapper
    return built_functions[public_name](*args, **kwargs)
  File "/usr/local/lib/code-server-4.103.2/lib/vscode/extensions/ms-python.python-2025.12.0/python_files/lib/jedilsp/jedi/plugins/stdlib.py", line 878, in wrapper
    return func(inference_state, context, tree_name)
  File "/usr/local/lib/code-server-4.103.2/lib/vscode/extensions/ms-python.python-2025.12.0/python_files/lib/jedilsp/jedi/plugins/django.py", line 177, in wrapper
    result = func(inference_state, context, tree_name)
  File "/usr/local/lib/code-server-4.103.2/lib/vscode/extensions/ms-python.python-2025.12.0/python_files/lib/jedilsp/jedi/inference/syntax_tree.py", line 771, in tree_name_to_values
    types = imports.infer_import(context, tree_name)
  File "/usr/local/lib/code-server-4.103.2/lib/vscode/extensions/ms-python.python-2025.12.0/python_files/lib/jedilsp/jedi/inference/cache.py", line 44, in wrapper
    rv = function(obj, *args, **kwargs)
  File "/usr/local/lib/code-server-4.103.2/lib/vscode/extensions/ms-python.python-2025.12.0/python_files/lib/jedilsp/jedi/inference/imports.py", line 53, in infer_import
    _prepare_infer_import(module_context, tree_name)
  File "/usr/local/lib/code-server-4.103.2/lib/vscode/extensions/ms-python.python-2025.12.0/python_files/lib/jedilsp/jedi/inference/imports.py", line 116, in _prepare_infer_import
    return from_import_name, tuple(import_path), import_node.level, importer.follow()
  File "/usr/local/lib/code-server-4.103.2/lib/vscode/extensions/ms-python.python-2025.12.0/python_files/lib/jedilsp/jedi/inference/imports.py", line 296, in follow
    return import_module_by_names(
  File "/usr/local/lib/code-server-4.103.2/lib/vscode/extensions/ms-python.python-2025.12.0/python_files/lib/jedilsp/jedi/inference/imports.py", line 376, in import_module_by_names
    value_set = ValueSet.from_sets([
  File "/usr/local/lib/code-server-4.103.2/lib/vscode/extensions/ms-python.python-2025.12.0/python_files/lib/jedilsp/jedi/inference/imports.py", line 377, in <listcomp>
    import_module(
  File "/usr/local/lib/code-server-4.103.2/lib/vscode/extensions/ms-python.python-2025.12.0/python_files/lib/jedilsp/jedi/plugins/__init__.py", line 21, in wrapper
    return built_functions[public_name](*args, **kwargs)
  File "/usr/local/lib/code-server-4.103.2/lib/vscode/extensions/ms-python.python-2025.12.0/python_files/lib/jedilsp/jedi/plugins/flask.py", line 20, in wrapper
    return callback(inference_state, import_names, module_context, *args, **kwargs)
  File "/usr/local/lib/code-server-4.103.2/lib/vscode/extensions/ms-python.python-2025.12.0/python_files/lib/jedilsp/jedi/inference/gradual/typeshed.py", line 115, in wrapper
    python_value_set = ValueSet.from_sets(
  File "/usr/local/lib/code-server-4.103.2/lib/vscode/extensions/ms-python.python-2025.12.0/python_files/lib/jedilsp/jedi/inference/base_value.py", line 430, in from_sets
    for set_ in sets:
  File "/usr/local/lib/code-server-4.103.2/lib/vscode/extensions/ms-python.python-2025.12.0/python_files/lib/jedilsp/jedi/inference/gradual/typeshed.py", line 116, in <genexpr>
    func(inference_state, import_names, p, sys_path,)
  File "/usr/local/lib/code-server-4.103.2/lib/vscode/extensions/ms-python.python-2025.12.0/python_files/lib/jedilsp/jedi/inference/imports.py", line 411, in import_module
    file_io_or_ns, is_pkg = inference_state.compiled_subprocess.get_module_info(
  File "/usr/local/lib/code-server-4.103.2/lib/vscode/extensions/ms-python.python-2025.12.0/python_files/lib/jedilsp/jedi/inference/compiled/subprocess/__init__.py", line 188, in wrapper
    result = self._compiled_subprocess.run(
  File "/usr/local/lib/code-server-4.103.2/lib/vscode/extensions/ms-python.python-2025.12.0/python_files/lib/jedilsp/jedi/inference/compiled/subprocess/__init__.py", line 296, in run
    return self._send(inference_state_id, function, args, kwargs)
  File "/usr/local/lib/code-server-4.103.2/lib/vscode/extensions/ms-python.python-2025.12.0/python_files/lib/jedilsp/jedi/inference/compiled/subprocess/__init__.py", line 318, in _send
    is_exception, traceback, result = pickle_load(self._get_process().stdout)
  File "/usr/local/lib/code-server-4.103.2/lib/vscode/extensions/ms-python.python-2025.12.0/python_files/lib/jedilsp/jedi/_compatibility.py", line 25, in pickle_load
    return Unpickler(file).load()
_pickle.UnpicklingError: invalid load key, '+'.

2026-08-16 14:45:38.150 [info] [Error - 2:45:38 PM] Request textDocument/documentSymbol failed.
2026-08-16 14:45:38.150 [info]   Message: _pickle.UnpicklingError: invalid load key, '+'.
  Code: -32603 
[object Object]
2026-08-16 14:45:38.251 [info] semantic_tokens_full file:///voc/work/AI-RAG_W2_settings.py 
2026-08-16 14:45:38.252 [info] ERROR:pygls.protocol.json_rpc:Exception occurred for message "112": _pickle.UnpicklingError: invalid load key, '+'.
NoneType: None

2026-08-16 14:45:38.258 [info] [Error - 2:45:38 PM] Request textDocument/semanticTokens/full failed.
2026-08-16 14:45:38.258 [info]   Message: _pickle.UnpicklingError: invalid load key, '+'.
  Code: -32603 
[object Object]
2026-08-16 14:45:42.858 [info] ERROR:pygls.protocol.json_rpc:Failed to handle request 114 textDocument/documentSymbol DocumentSymbolParams(text_document=TextDocumentIdentifier(uri='file:///voc/work/W2_Practice_Assignment_Solution_Activity/pipeline_solution.py'), work_done_token=None, partial_result_token=None)
Traceback (most recent call last):
  File "/usr/local/lib/code-server-4.103.2/lib/vscode/extensions/ms-python.python-2025.12.0/python_files/lib/jedilsp/pygls/protocol/json_rpc.py", line 266, in _handle_request
    self._execute_request(msg_id, handler, params)
  File "/usr/local/lib/code-server-4.103.2/lib/vscode/extensions/ms-python.python-2025.12.0/python_files/lib/jedilsp/pygls/protocol/json_rpc.py", line 188, in _execute_request
    self._send_response(msg_id, handler(params))
  File "/usr/local/lib/code-server-4.103.2/lib/vscode/extensions/ms-python.python-2025.12.0/python_files/lib/jedilsp/jedi_language_server/server.py", line 546, in document_symbol
    document_symbols = jedi_utils.lsp_document_symbols(names)
  File "/usr/local/lib/code-server-4.103.2/lib/vscode/extensions/ms-python.python-2025.12.0/python_files/lib/jedilsp/jedi_language_server/jedi_utils.py", line 225, in lsp_document_symbols
    symbol_range = _document_symbol_range(name)
  File "/usr/local/lib/code-server-4.103.2/lib/vscode/extensions/ms-python.python-2025.12.0/python_files/lib/jedilsp/jedi_language_server/jedi_utils.py", line 204, in _document_symbol_range
    end = name.get_definition_end_position()
  File "/usr/local/lib/code-server-4.103.2/lib/vscode/extensions/ms-python.python-2025.12.0/python_files/lib/jedilsp/jedi/api/classes.py", line 260, in get_definition_end_position
    if self.type in ("function", "class"):
  File "/usr/local/lib/code-server-4.103.2/lib/vscode/extensions/ms-python.python-2025.12.0/python_files/lib/jedilsp/jedi/api/classes.py", line 190, in type
    for value in self._name.infer():
  File "/usr/local/lib/code-server-4.103.2/lib/vscode/extensions/ms-python.python-2025.12.0/python_files/lib/jedilsp/jedi/inference/names.py", line 281, in infer
    return tree_name_to_values(
  File "/usr/local/lib/code-server-4.103.2/lib/vscode/extensions/ms-python.python-2025.12.0/python_files/lib/jedilsp/jedi/plugins/__init__.py", line 21, in wrapper
    return built_functions[public_name](*args, **kwargs)
  File "/usr/local/lib/code-server-4.103.2/lib/vscode/extensions/ms-python.python-2025.12.0/python_files/lib/jedilsp/jedi/plugins/stdlib.py", line 878, in wrapper
    return func(inference_state, context, tree_name)
  File "/usr/local/lib/code-server-4.103.2/lib/vscode/extensions/ms-python.python-2025.12.0/python_files/lib/jedilsp/jedi/plugins/django.py", line 177, in wrapper
    result = func(inference_state, context, tree_name)
  File "/usr/local/lib/code-server-4.103.2/lib/vscode/extensions/ms-python.python-2025.12.0/python_files/lib/jedilsp/jedi/inference/syntax_tree.py", line 771, in tree_name_to_values
    types = imports.infer_import(context, tree_name)
  File "/usr/local/lib/code-server-4.103.2/lib/vscode/extensions/ms-python.python-2025.12.0/python_files/lib/jedilsp/jedi/inference/cache.py", line 44, in wrapper
    rv = function(obj, *args, **kwargs)
  File "/usr/local/lib/code-server-4.103.2/lib/vscode/extensions/ms-python.python-2025.12.0/python_files/lib/jedilsp/jedi/inference/imports.py", line 53, in infer_import
    _prepare_infer_import(module_context, tree_name)
  File "/usr/local/lib/code-server-4.103.2/lib/vscode/extensions/ms-python.python-2025.12.0/python_files/lib/jedilsp/jedi/inference/imports.py", line 116, in _prepare_infer_import
    return from_import_name, tuple(import_path), import_node.level, importer.follow()
  File "/usr/local/lib/code-server-4.103.2/lib/vscode/extensions/ms-python.python-2025.12.0/python_files/lib/jedilsp/jedi/inference/imports.py", line 296, in follow
    return import_module_by_names(
  File "/usr/local/lib/code-server-4.103.2/lib/vscode/extensions/ms-python.python-2025.12.0/python_files/lib/jedilsp/jedi/inference/imports.py", line 376, in import_module_by_names
    value_set = ValueSet.from_sets([
  File "/usr/local/lib/code-server-4.103.2/lib/vscode/extensions/ms-python.python-2025.12.0/python_files/lib/jedilsp/jedi/inference/imports.py", line 377, in <listcomp>
    import_module(
  File "/usr/local/lib/code-server-4.103.2/lib/vscode/extensions/ms-python.python-2025.12.0/python_files/lib/jedilsp/jedi/plugins/__init__.py", line 21, in wrapper
    return built_functions[public_name](*args, **kwargs)
  File "/usr/local/lib/code-server-4.103.2/lib/vscode/extensions/ms-python.python-2025.12.0/python_files/lib/jedilsp/jedi/plugins/flask.py", line 20, in wrapper
    return callback(inference_state, import_names, module_context, *args, **kwargs)
  File "/usr/local/lib/code-server-4.103.2/lib/vscode/extensions/ms-python.python-2025.12.0/python_files/lib/jedilsp/jedi/inference/gradual/typeshed.py", line 115, in wrapper
    python_value_set = ValueSet.from_sets(
  File "/usr/local/lib/code-server-4.103.2/lib/vscode/extensions/ms-python.python-2025.12.0/python_files/lib/jedilsp/jedi/inference/base_value.py", line 430, in from_sets
    for set_ in sets:
  File "/usr/local/lib/code-server-4.103.2/lib/vscode/extensions/ms-python.python-2025.12.0/python_files/lib/jedilsp/jedi/inference/gradual/typeshed.py", line 116, in <genexpr>
    func(inference_state, import_names, p, sys_path,)
  File "/usr/local/lib/code-server-4.103.2/lib/vscode/extensions/ms-python.python-2025.12.0/python_files/lib/jedilsp/jedi/inference/imports.py", line 411, in import_module
    file_io_or_ns, is_pkg = inference_state.compiled_subprocess.get_module_info(
  File "/usr/local/lib/code-server-4.103.2/lib/vscode/extensions/ms-python.python-2025.12.0/python_files/lib/jedilsp/jedi/inference/compiled/subprocess/__init__.py", line 188, in wrapper
    result = self._compiled_subprocess.run(
  File "/usr/local/lib/code-server-4.103.2/lib/vscode/extensions/ms-python.python-2025.12.0/python_files/lib/jedilsp/jedi/inference/compiled/subprocess/__init__.py", line 293, in run
    self._send(delete_id, None)
  File "/usr/local/lib/code-server-4.103.2/lib/vscode/extensions/ms-python.python-2025.12.0/python_files/lib/jedilsp/jedi/inference/compiled/subprocess/__init__.py", line 318, in _send
    is_exception, traceback, result = pickle_load(self._get_process().stdout)
  File "/usr/local/lib/code-server-4.103.2/lib/vscode/extensions/ms-python.python-2025.12.0/python_files/lib/jedilsp/jedi/_compatibility.py", line 25, in pickle_load
    return Unpickler(file).load()
_pickle.UnpicklingError: invalid load key, '+'.

2026-08-16 14:45:42.859 [info] [Error - 2:45:42 PM] Request textDocument/documentSymbol failed.
2026-08-16 14:45:42.867 [info]   Message: _pickle.UnpicklingError: invalid load key, '+'.
  Code: -32603 
[object Object]
2026-08-16 14:45:42.867 [info] ERROR:pygls.protocol.json_rpc:Exception occurred for message "115": _pickle.UnpicklingError: invalid load key, '+'.
NoneType: None

2026-08-16 14:45:42.868 [info] semantic_tokens_full file:///voc/work/W2_Practice_Assignment_Solution_Activity/pipeline_solution.py 
2026-08-16 14:45:42.868 [info] [Error - 2:45:42 PM] Request textDocument/semanticTokens/full failed.
2026-08-16 14:45:42.868 [info]   Message: _pickle.UnpicklingError: invalid load key, '+'.
  Code: -32603 
[object Object]
2026-08-16 14:45:43.075 [info] ERROR:pygls.protocol.json_rpc:Failed to handle request 116 textDocument/documentSymbol DocumentSymbolParams(text_document=TextDocumentIdentifier(uri='file:///voc/work/W2_Practice_Assignment_Solution_Activity/pipeline_solution.py'), work_done_token=None, partial_result_token=None)
Traceback (most recent call last):
  File "/usr/local/lib/code-server-4.103.2/lib/vscode/extensions/ms-python.python-2025.12.0/python_files/lib/jedilsp/pygls/protocol/json_rpc.py", line 266, in _handle_request
    self._execute_request(msg_id, handler, params)
  File "/usr/local/lib/code-server-4.103.2/lib/vscode/extensions/ms-python.python-2025.12.0/python_files/lib/jedilsp/pygls/protocol/json_rpc.py", line 188, in _execute_request
    self._send_response(msg_id, handler(params))
  File "/usr/local/lib/code-server-4.103.2/lib/vscode/extensions/ms-python.python-2025.12.0/python_files/lib/jedilsp/jedi_language_server/server.py", line 546, in document_symbol
    document_symbols = jedi_utils.lsp_document_symbols(names)
  File "/usr/local/lib/code-server-4.103.2/lib/vscode/extensions/ms-python.python-2025.12.0/python_files/lib/jedilsp/jedi_language_server/jedi_utils.py", line 225, in lsp_document_symbols
    symbol_range = _document_symbol_range(name)
  File "/usr/local/lib/code-server-4.103.2/lib/vscode/extensions/ms-python.python-2025.12.0/python_files/lib/jedilsp/jedi_language_server/jedi_utils.py", line 204, in _document_symbol_range
    end = name.get_definition_end_position()
  File "/usr/local/lib/code-server-4.103.2/lib/vscode/extensions/ms-python.python-2025.12.0/python_files/lib/jedilsp/jedi/api/classes.py", line 260, in get_definition_end_position
    if self.type in ("function", "class"):
  File "/usr/local/lib/code-server-4.103.2/lib/vscode/extensions/ms-python.python-2025.12.0/python_files/lib/jedilsp/jedi/api/classes.py", line 190, in type
    for value in self._name.infer():
  File "/usr/local/lib/code-server-4.103.2/lib/vscode/extensions/ms-python.python-2025.12.0/python_files/lib/jedilsp/jedi/inference/names.py", line 281, in infer
    return tree_name_to_values(
  File "/usr/local/lib/code-server-4.103.2/lib/vscode/extensions/ms-python.python-2025.12.0/python_files/lib/jedilsp/jedi/plugins/__init__.py", line 21, in wrapper
    return built_functions[public_name](*args, **kwargs)
  File "/usr/local/lib/code-server-4.103.2/lib/vscode/extensions/ms-python.python-2025.12.0/python_files/lib/jedilsp/jedi/plugins/stdlib.py", line 878, in wrapper
    return func(inference_state, context, tree_name)
  File "/usr/local/lib/code-server-4.103.2/lib/vscode/extensions/ms-python.python-2025.12.0/python_files/lib/jedilsp/jedi/plugins/django.py", line 177, in wrapper
    result = func(inference_state, context, tree_name)
  File "/usr/local/lib/code-server-4.103.2/lib/vscode/extensions/ms-python.python-2025.12.0/python_files/lib/jedilsp/jedi/inference/syntax_tree.py", line 771, in tree_name_to_values
    types = imports.infer_import(context, tree_name)
  File "/usr/local/lib/code-server-4.103.2/lib/vscode/extensions/ms-python.python-2025.12.0/python_files/lib/jedilsp/jedi/inference/cache.py", line 44, in wrapper
    rv = function(obj, *args, **kwargs)
  File "/usr/local/lib/code-server-4.103.2/lib/vscode/extensions/ms-python.python-2025.12.0/python_files/lib/jedilsp/jedi/inference/imports.py", line 53, in infer_import
    _prepare_infer_import(module_context, tree_name)
  File "/usr/local/lib/code-server-4.103.2/lib/vscode/extensions/ms-python.python-2025.12.0/python_files/lib/jedilsp/jedi/inference/imports.py", line 116, in _prepare_infer_import
    return from_import_name, tuple(import_path), import_node.level, importer.follow()
  File "/usr/local/lib/code-server-4.103.2/lib/vscode/extensions/ms-python.python-2025.12.0/python_files/lib/jedilsp/jedi/inference/imports.py", line 296, in follow
    return import_module_by_names(
  File "/usr/local/lib/code-server-4.103.2/lib/vscode/extensions/ms-python.python-2025.12.0/python_files/lib/jedilsp/jedi/inference/imports.py", line 376, in import_module_by_names
    value_set = ValueSet.from_sets([
  File "/usr/local/lib/code-server-4.103.2/lib/vscode/extensions/ms-python.python-2025.12.0/python_files/lib/jedilsp/jedi/inference/imports.py", line 377, in <listcomp>
    import_module(
  File "/usr/local/lib/code-server-4.103.2/lib/vscode/extensions/ms-python.python-2025.12.0/python_files/lib/jedilsp/jedi/plugins/__init__.py", line 21, in wrapper
    return built_functions[public_name](*args, **kwargs)
  File "/usr/local/lib/code-server-4.103.2/lib/vscode/extensions/ms-python.python-2025.12.0/python_files/lib/jedilsp/jedi/plugins/flask.py", line 20, in wrapper
    return callback(inference_state, import_names, module_context, *args, **kwargs)
  File "/usr/local/lib/code-server-4.103.2/lib/vscode/extensions/ms-python.python-2025.12.0/python_files/lib/jedilsp/jedi/inference/gradual/typeshed.py", line 115, in wrapper
    python_value_set = ValueSet.from_sets(
  File "/usr/local/lib/code-server-4.103.2/lib/vscode/extensions/ms-python.python-2025.12.0/python_files/lib/jedilsp/jedi/inference/base_value.py", line 430, in from_sets
    for set_ in sets:
  File "/usr/local/lib/code-server-4.103.2/lib/vscode/extensions/ms-python.python-2025.12.0/python_files/lib/jedilsp/jedi/inference/gradual/typeshed.py", line 116, in <genexpr>
    func(inference_state, import_names, p, sys_path,)
  File "/usr/local/lib/code-server-4.103.2/lib/vscode/extensions/ms-python.python-2025.12.0/python_files/lib/jedilsp/jedi/inference/imports.py", line 411, in import_module
    file_io_or_ns, is_pkg = inference_state.compiled_subprocess.get_module_info(
  File "/usr/local/lib/code-server-4.103.2/lib/vscode/extensions/ms-python.python-2025.12.0/python_files/lib/jedilsp/jedi/inference/compiled/subprocess/__init__.py", line 188, in wrapper
    result = self._compiled_subprocess.run(
  File "/usr/local/lib/code-server-4.103.2/lib/vscode/extensions/ms-python.python-2025.12.0/python_files/lib/jedilsp/jedi/inference/compiled/subprocess/__init__.py", line 293, in run
    self._send(delete_id, None)
  File "/usr/local/lib/code-server-4.103.2/lib/vscode/extensions/ms-python.python-2025.12.0/python_files/lib/jedilsp/jedi/inference/compiled/subprocess/__init__.py", line 318, in _send
    is_exception, traceback, result = pickle_load(self._get_process().stdout)
  File "/usr/local/lib/code-server-4.103.2/lib/vscode/extensions/ms-python.python-2025.12.0/python_files/lib/jedilsp/jedi/_compatibility.py", line 25, in pickle_load
    return Unpickler(file).load()
_pickle.UnpicklingError: invalid load key, '+'.

2026-08-16 14:45:43.076 [info] [Error - 2:45:43 PM] Request textDocument/documentSymbol failed.
2026-08-16 14:45:43.083 [info]   Message: _pickle.UnpicklingError: invalid load key, '+'.
  Code: -32603 
[object Object]
2026-08-16 14:45:43.119 [info] semantic_tokens_range file:///voc/work/W2_Practice_Assignment_Solution_Activity/pipeline_solution.py 39:0-108:0
2026-08-16 14:45:43.122 [info] ERROR:pygls.protocol.json_rpc:Exception occurred for message "117": _pickle.UnpicklingError: invalid load key, '+'.
NoneType: None

2026-08-16 14:45:43.126 [info] [Error - 2:45:43 PM] Request textDocument/semanticTokens/range failed.
2026-08-16 14:45:43.126 [info]   Message: _pickle.UnpicklingError: invalid load key, '+'.
  Code: -32603 
[object Object]
2026-08-16 14:45:45.663 [info] ERROR:pygls.protocol.json_rpc:Failed to handle request 123 textDocument/codeAction CodeActionParams(text_document=TextDocumentIdentifier(uri='file:///voc/work/W2_Practice_Assignment_Solution_Activity/pipeline_solution.py'), range=0:0-108:0, context=CodeActionContext(diagnostics=[], only=None, trigger_kind=<CodeActionTriggerKind.Automatic: 2>), work_done_token=None, partial_result_token=None)
Traceback (most recent call last):
  File "/usr/local/lib/code-server-4.103.2/lib/vscode/extensions/ms-python.python-2025.12.0/python_files/lib/jedilsp/pygls/protocol/json_rpc.py", line 266, in _handle_request
    self._execute_request(msg_id, handler, params)
  File "/usr/local/lib/code-server-4.103.2/lib/vscode/extensions/ms-python.python-2025.12.0/python_files/lib/jedilsp/pygls/protocol/json_rpc.py", line 188, in _execute_request
    self._send_response(msg_id, handler(params))
  File "/usr/local/lib/code-server-4.103.2/lib/vscode/extensions/ms-python.python-2025.12.0/python_files/lib/jedilsp/jedi_language_server/notebook_utils.py", line 373, in wrapped
    result = f(notebook_server, notebook_params)
  File "/usr/local/lib/code-server-4.103.2/lib/vscode/extensions/ms-python.python-2025.12.0/python_files/lib/jedilsp/jedi_language_server/server.py", line 717, in code_action
    extract_function_refactoring = jedi_script.extract_function(
  File "/usr/local/lib/code-server-4.103.2/lib/vscode/extensions/ms-python.python-2025.12.0/python_files/lib/jedilsp/jedi/api/helpers.py", line 487, in wrapper
    return func(self, line, column, *args, **kwargs)
  File "/usr/local/lib/code-server-4.103.2/lib/vscode/extensions/ms-python.python-2025.12.0/python_files/lib/jedilsp/jedi/api/__init__.py", line 675, in extract_function
    return extract_function(
  File "/usr/local/lib/code-server-4.103.2/lib/vscode/extensions/ms-python.python-2025.12.0/python_files/lib/jedilsp/jedi/api/refactoring/extract.py", line 216, in extract_function
    params, return_variables = list(_find_inputs_and_outputs(module_context, context, nodes))
  File "/usr/local/lib/code-server-4.103.2/lib/vscode/extensions/ms-python.python-2025.12.0/python_files/lib/jedilsp/jedi/api/refactoring/extract.py", line 332, in _find_inputs_and_outputs
    name_definitions = context.goto(name, name.start_pos)
  File "/usr/local/lib/code-server-4.103.2/lib/vscode/extensions/ms-python.python-2025.12.0/python_files/lib/jedilsp/jedi/inference/context.py", line 34, in goto
    names = finder.filter_name(filters, name_or_str)
  File "/usr/local/lib/code-server-4.103.2/lib/vscode/extensions/ms-python.python-2025.12.0/python_files/lib/jedilsp/jedi/inference/finder.py", line 35, in filter_name
    for filter in filters:
  File "/usr/local/lib/code-server-4.103.2/lib/vscode/extensions/ms-python.python-2025.12.0/python_files/lib/jedilsp/jedi/inference/context.py", line 496, in get_global_filters
    b = next(base_context.inference_state.builtins_module.get_filters(), None)
  File "/usr/local/lib/code-server-4.103.2/lib/vscode/extensions/ms-python.python-2025.12.0/python_files/lib/jedilsp/jedi/inference/cache.py", line 44, in wrapper
    rv = function(obj, *args, **kwargs)
  File "/usr/local/lib/code-server-4.103.2/lib/vscode/extensions/ms-python.python-2025.12.0/python_files/lib/jedilsp/jedi/inference/__init__.py", line 129, in builtins_module
    builtins_module, = self.import_module((module_name,), sys_path=[])
  File "/usr/local/lib/code-server-4.103.2/lib/vscode/extensions/ms-python.python-2025.12.0/python_files/lib/jedilsp/jedi/inference/__init__.py", line 112, in import_module
    return imports.import_module_by_names(
  File "/usr/local/lib/code-server-4.103.2/lib/vscode/extensions/ms-python.python-2025.12.0/python_files/lib/jedilsp/jedi/inference/imports.py", line 376, in import_module_by_names
    value_set = ValueSet.from_sets([
  File "/usr/local/lib/code-server-4.103.2/lib/vscode/extensions/ms-python.python-2025.12.0/python_files/lib/jedilsp/jedi/inference/imports.py", line 377, in <listcomp>
    import_module(
  File "/usr/local/lib/code-server-4.103.2/lib/vscode/extensions/ms-python.python-2025.12.0/python_files/lib/jedilsp/jedi/plugins/__init__.py", line 21, in wrapper
    return built_functions[public_name](*args, **kwargs)
  File "/usr/local/lib/code-server-4.103.2/lib/vscode/extensions/ms-python.python-2025.12.0/python_files/lib/jedilsp/jedi/plugins/flask.py", line 20, in wrapper
    return callback(inference_state, import_names, module_context, *args, **kwargs)
  File "/usr/local/lib/code-server-4.103.2/lib/vscode/extensions/ms-python.python-2025.12.0/python_files/lib/jedilsp/jedi/inference/gradual/typeshed.py", line 115, in wrapper
    python_value_set = ValueSet.from_sets(
  File "/usr/local/lib/code-server-4.103.2/lib/vscode/extensions/ms-python.python-2025.12.0/python_files/lib/jedilsp/jedi/inference/base_value.py", line 430, in from_sets
    for set_ in sets:
  File "/usr/local/lib/code-server-4.103.2/lib/vscode/extensions/ms-python.python-2025.12.0/python_files/lib/jedilsp/jedi/inference/gradual/typeshed.py", line 116, in <genexpr>
    func(inference_state, import_names, p, sys_path,)
  File "/usr/local/lib/code-server-4.103.2/lib/vscode/extensions/ms-python.python-2025.12.0/python_files/lib/jedilsp/jedi/inference/imports.py", line 411, in import_module
    file_io_or_ns, is_pkg = inference_state.compiled_subprocess.get_module_info(
  File "/usr/local/lib/code-server-4.103.2/lib/vscode/extensions/ms-python.python-2025.12.0/python_files/lib/jedilsp/jedi/inference/compiled/subprocess/__init__.py", line 188, in wrapper
    result = self._compiled_subprocess.run(
  File "/usr/local/lib/code-server-4.103.2/lib/vscode/extensions/ms-python.python-2025.12.0/python_files/lib/jedilsp/jedi/inference/compiled/subprocess/__init__.py", line 293, in run
    self._send(delete_id, None)
  File "/usr/local/lib/code-server-4.103.2/lib/vscode/extensions/ms-python.python-2025.12.0/python_files/lib/jedilsp/jedi/inference/compiled/subprocess/__init__.py", line 318, in _send
    is_exception, traceback, result = pickle_load(self._get_process().stdout)
  File "/usr/local/lib/code-server-4.103.2/lib/vscode/extensions/ms-python.python-2025.12.0/python_files/lib/jedilsp/jedi/_compatibility.py", line 25, in pickle_load
    return Unpickler(file).load()
_pickle.UnpicklingError: invalid load key, '+'.

2026-08-16 14:45:45.663 [info] [Error - 2:45:45 PM] Request textDocument/codeAction failed.
2026-08-16 14:45:45.669 [info]   Message: _pickle.UnpicklingError: invalid load key, '+'.
  Code: -32603 
[object Object]
